network,station,anomaly_start_time,anomaly_end_time,control_start_time,control_end_time,D_anomaly,Q_anomaly,D_threshold,Q_threshold,NOC
C7,PPMA,2025-07-16T10:20:00Z,2025-07-16T10:20:10Z,2025-07-16 10:20:00+00:00,2025-07-16 10:25:00+00:00,1.7743222923511466,4751021171150.095,24.3766,4262592844214.596,PPMA_d_2025-07-14
C7,PPMA,2025-07-16T10:22:10Z,2025-07-16T10:22:20Z,2025-07-16 10:20:00+00:00,2025-07-16 10:25:00+00:00,3.7109208139422347,1848433885015.2266,24.3766,4262592844214.596,PPMA_d_2025-07-14
C7,PPMA,2025-07-16T10:40:10Z,2025-07-16T10:40:20Z,2025-07-16 10:40:00+00:00,2025-07-16 10:45:00+00:00,1.7743222923511466,4751021171150.095,24.3766,4262592844214.596,PPMA_d_2025-07-14
C7,PPMA,2025-07-16T10:41:40Z,2025-07-16T10:41:50Z,2025-07-16 10:40:00+00:00,2025-07-16 10:45:00+00:00,3.7109208139422347,1848433885015.2266,24.3766,4262592844214.596,PPMA_d_2025-07-14
C7,PPMA,2025-07-16T10:42:20Z,2025-07-16T10:42:30Z,2025-07-16 10:40:00+00:00,2025-07-16 10:45:00+00:00,1.5834922627139094,1182881507186.3555,24.3766,4262592844214.596,PPMA_d_2025-07-14
C7,PPMA,2025-07-16T10:46:00Z,2025-07-16T10:46:10Z,2025-07-16 10:45:00+00:00,2025-07-16 10:50:00+00:00,1.7743222923511466,4751021171150.095,24.3766,4262592844214.596,PPMA_d_2025-07-14
C7,PPMA,2025-07-16T10:46:10Z,2025-07-16T10:46:20Z,2025-07-16 10:45:00+00:00,2025-07-16 10:50:00+00:00,3.7109208139422347,1848433885015.2266,24.3766,4262592844214.596,PPMA_d_2025-07-14
C7,PPMA,2025-07-16T10:46:20Z,2025-07-16T10:46:30Z,2025-07-16 10:45:00+00:00,2025-07-16 10:50:00+00:00,1.5834922627139094,1182881507186.3555,24.3766,4262592844214.596,PPMA_d_2025-07-14
C7,PPMA,2025-07-16T10:46:30Z,2025-07-16T10:46:40Z,2025-07-16 10:45:00+00:00,2025-07-16 10:50:00+00:00,3.3015663399165662,1544789852521.073,24.3766,4262592844214.596,PPMA_d_2025-07-14
C7,PPMA,2025-07-16T10:46:40Z,2025-07-16T10:46:50Z,2025-07-16 10:45:00+00:00,2025-07-16 10:50:00+00:00,2.4174114378895677,1766231331176.6714,24.3766,4262592844214.596,PPMA_d_2025-07-14
C7,PPMA,2025-07-16T10:47:00Z,2025-07-16T10:47:10Z,2025-07-16 10:45:00+00:00,2025-07-16 10:50:00+00:00,11.353823201117702,3758628550482.816,24.3766,4262592844214.596,PPMA_d_2025-07-14
C7,PPMA,2025-07-16T10:47:30Z,2025-07-16T10:47:40Z,2025-07-16 10:45:00+00:00,2025-07-16 10:50:00+00:00,1.4370508116983403,3203366585434.925,24.3766,4262592844214.596,PPMA_d_2025-07-14
C7,PPMA,2025-07-16T10:50:10Z,2025-07-16T10:50:20Z,2025-07-16 10:50:00+00:00,2025-07-16 10:55:00+00:00,1.7743222923511466,4751021171150.095,24.3766,4262592844214.596,PPMA_d_2025-07-14
C7,PPMA,2025-07-16T10:50:20Z,2025-07-16T10:50:30Z,2025-07-16 10:50:00+00:00,2025-07-16 10:55:00+00:00,3.7109208139422347,1848433885015.2266,24.3766,4262592844214.596,PPMA_d_2025-07-14
C7,PPMA,2025-07-16T10:50:50Z,2025-07-16T10:51:00Z,2025-07-16 10:50:00+00:00,2025-07-16 10:55:00+00:00,1.5834922627139094,1182881507186.3555,24.3766,4262592844214.596,PPMA_d_2025-07-14
C7,PPMA,2025-07-16T10:51:10Z,2025-07-16T10:51:20Z,2025-07-16 10:50:00+00:00,2025-07-16 10:55:00+00:00,3.3015663399165662,1544789852521.073,24.3766,4262592844214.596,PPMA_d_2025-07-14
C7,PPMA,2025-07-16T10:52:00Z,2025-07-16T10:52:10Z,2025-07-16 10:50:00+00:00,2025-07-16 10:55:00+00:00,2.4174114378895677,1766231331176.6714,24.3766,4262592844214.596,PPMA_d_2025-07-14
C7,PPMA,2025-07-16T10:52:10Z,2025-07-16T10:52:20Z,2025-07-16 10:50:00+00:00,2025-07-16 10:55:00+00:00,11.353823201117702,3758628550482.816,24.3766,4262592844214.596,PPMA_d_2025-07-14
C7,PPMA,2025-07-16T10:52:20Z,2025-07-16T10:52:30Z,2025-07-16 10:50:00+00:00,2025-07-16 10:55:00+00:00,1.4370508116983403,3203366585434.925,24.3766,4262592844214.596,PPMA_d_2025-07-14
C7,PPMA,2025-07-16T10:52:30Z,2025-07-16T10:52:40Z,2025-07-16 10:50:00+00:00,2025-07-16 10:55:00+00:00,6.158587950670227,2599897985215.863,24.3766,4262592844214.596,PPMA_d_2025-07-14
C7,PPMA,2025-07-16T10:55:10Z,2025-07-16T10:55:20Z,2025-07-16 10:55:00+00:00,2025-07-16 11:00:00+00:00,1.7743222923511466,4751021171150.095,24.3766,4262592844214.596,PPMA_d_2025-07-14
C7,PPMA,2025-07-16T10:55:20Z,2025-07-16T10:55:30Z,2025-07-16 10:55:00+00:00,2025-07-16 11:00:00+00:00,3.7109208139422347,1848433885015.2266,24.3766,4262592844214.596,PPMA_d_2025-07-14
C7,PPMA,2025-07-16T10:55:40Z,2025-07-16T10:55:50Z,2025-07-16 10:55:00+00:00,2025-07-16 11:00:00+00:00,1.5834922627139094,1182881507186.3555,24.3766,4262592844214.596,PPMA_d_2025-07-14
C7,PPMA,2025-07-16T10:55:50Z,2025-07-16T10:56:00Z,2025-07-16 10:55:00+00:00,2025-07-16 11:00:00+00:00,3.3015663399165662,1544789852521.073,24.3766,4262592844214.596,PPMA_d_2025-07-14
C7,PPMA,2025-07-16T10:56:00Z,2025-07-16T10:56:10Z,2025-07-16 10:55:00+00:00,2025-07-16 11:00:00+00:00,2.4174114378895677,1766231331176.6714,24.3766,4262592844214.596,PPMA_d_2025-07-14
C7,PPMA,2025-07-16T10:56:10Z,2025-07-16T10:56:20Z,2025-07-16 10:55:00+00:00,2025-07-16 11:00:00+00:00,11.353823201117702,3758628550482.816,24.3766,4262592844214.596,PPMA_d_2025-07-14
C7,PPMA,2025-07-16T10:56:30Z,2025-07-16T10:56:40Z,2025-07-16 10:55:00+00:00,2025-07-16 11:00:00+00:00,1.4370508116983403,3203366585434.925,24.3766,4262592844214.596,PPMA_d_2025-07-14
C7,PPMA,2025-07-16T10:56:40Z,2025-07-16T10:56:50Z,2025-07-16 10:55:00+00:00,2025-07-16 11:00:00+00:00,6.158587950670227,2599897985215.863,24.3766,4262592844214.596,PPMA_d_2025-07-14
C7,PPMA,2025-07-16T10:56:50Z,2025-07-16T10:57:00Z,2025-07-16 10:55:00+00:00,2025-07-16 11:00:00+00:00,2.174022398342621,1992296141469.5586,24.3766,4262592844214.596,PPMA_d_2025-07-14
C7,PPMA,2025-07-16T10:57:20Z,2025-07-16T10:57:30Z,2025-07-16 10:55:00+00:00,2025-07-16 11:00:00+00:00,2.4651945269490914,3114115999843.17,24.3766,4262592844214.596,PPMA_d_2025-07-14
C7,PPMA,2025-07-16T10:57:30Z,2025-07-16T10:57:40Z,2025-07-16 10:55:00+00:00,2025-07-16 11:00:00+00:00,2.6023388496040223,2593606633707.817,24.3766,4262592844214.596,PPMA_d_2025-07-14
C7,PPMA,2025-07-16T10:57:40Z,2025-07-16T10:57:50Z,2025-07-16 10:55:00+00:00,2025-07-16 11:00:00+00:00,1.535490635563247,2449868235534.3184,24.3766,4262592844214.596,PPMA_d_2025-07-14
C7,PPMA,2025-07-16T11:05:00Z,2025-07-16T11:05:10Z,2025-07-16 11:05:00+00:00,2025-07-16 11:10:00+00:00,1.7743222923511466,4751021171150.095,24.3766,4262592844214.596,PPMA_d_2025-07-14
C7,PPMA,2025-07-16T11:05:40Z,2025-07-16T11:05:50Z,2025-07-16 11:05:00+00:00,2025-07-16 11:10:00+00:00,3.7109208139422347,1848433885015.2266,24.3766,4262592844214.596,PPMA_d_2025-07-14
C7,PPMA,2025-07-16T11:05:50Z,2025-07-16T11:06:00Z,2025-07-16 11:05:00+00:00,2025-07-16 11:10:00+00:00,1.5834922627139094,1182881507186.3555,24.3766,4262592844214.596,PPMA_d_2025-07-14
C7,PPMA,2025-07-16T11:06:00Z,2025-07-16T11:06:10Z,2025-07-16 11:05:00+00:00,2025-07-16 11:10:00+00:00,3.3015663399165662,1544789852521.073,24.3766,4262592844214.596,PPMA_d_2025-07-14
C7,PPMA,2025-07-16T11:06:10Z,2025-07-16T11:06:20Z,2025-07-16 11:05:00+00:00,2025-07-16 11:10:00+00:00,2.4174114378895677,1766231331176.6714,24.3766,4262592844214.596,PPMA_d_2025-07-14
C7,PPMA,2025-07-16T11:06:20Z,2025-07-16T11:06:30Z,2025-07-16 11:05:00+00:00,2025-07-16 11:10:00+00:00,11.353823201117702,3758628550482.816,24.3766,4262592844214.596,PPMA_d_2025-07-14
C7,PPMA,2025-07-16T11:06:50Z,2025-07-16T11:07:00Z,2025-07-16 11:05:00+00:00,2025-07-16 11:10:00+00:00,1.4370508116983403,3203366585434.925,24.3766,4262592844214.596,PPMA_d_2025-07-14
C7,PPMA,2025-07-16T11:07:00Z,2025-07-16T11:07:10Z,2025-07-16 11:05:00+00:00,2025-07-16 11:10:00+00:00,6.158587950670227,2599897985215.863,24.3766,4262592844214.596,PPMA_d_2025-07-14
C7,PPMA,2025-07-16T11:10:40Z,2025-07-16T11:10:50Z,2025-07-16 11:10:00+00:00,2025-07-16 11:15:00+00:00,1.7743222923511466,4751021171150.095,24.3766,4262592844214.596,PPMA_d_2025-07-14
C7,PPMA,2025-07-16T11:15:10Z,2025-07-16T11:15:20Z,2025-07-16 11:15:00+00:00,2025-07-16 11:20:00+00:00,1.7743222923511466,4751021171150.095,24.3766,4262592844214.596,PPMA_d_2025-07-14
C7,PPMA,2025-07-16T11:15:20Z,2025-07-16T11:15:30Z,2025-07-16 11:15:00+00:00,2025-07-16 11:20:00+00:00,3.7109208139422347,1848433885015.2266,24.3766,4262592844214.596,PPMA_d_2025-07-14
C7,PPMA,2025-07-16T11:15:30Z,2025-07-16T11:15:40Z,2025-07-16 11:15:00+00:00,2025-07-16 11:20:00+00:00,1.5834922627139094,1182881507186.3555,24.3766,4262592844214.596,PPMA_d_2025-07-14
C7,PPMA,2025-07-16T11:15:40Z,2025-07-16T11:15:50Z,2025-07-16 11:15:00+00:00,2025-07-16 11:20:00+00:00,3.3015663399165662,1544789852521.073,24.3766,4262592844214.596,PPMA_d_2025-07-14
C7,PPMA,2025-07-16T11:15:50Z,2025-07-16T11:16:00Z,2025-07-16 11:15:00+00:00,2025-07-16 11:20:00+00:00,2.4174114378895677,1766231331176.6714,24.3766,4262592844214.596,PPMA_d_2025-07-14
C7,PPMA,2025-07-16T11:16:00Z,2025-07-16T11:16:10Z,2025-07-16 11:15:00+00:00,2025-07-16 11:20:00+00:00,11.353823201117702,3758628550482.816,24.3766,4262592844214.596,PPMA_d_2025-07-14
C7,PPMA,2025-07-16T11:16:40Z,2025-07-16T11:16:50Z,2025-07-16 11:15:00+00:00,2025-07-16 11:20:00+00:00,1.4370508116983403,3203366585434.925,24.3766,4262592844214.596,PPMA_d_2025-07-14
C7,PPMA,2025-07-16T11:16:50Z,2025-07-16T11:17:00Z,2025-07-16 11:15:00+00:00,2025-07-16 11:20:00+00:00,6.158587950670227,2599897985215.863,24.3766,4262592844214.596,PPMA_d_2025-07-14
C7,PPMA,2025-07-16T11:17:30Z,2025-07-16T11:17:40Z,2025-07-16 11:15:00+00:00,2025-07-16 11:20:00+00:00,2.174022398342621,1992296141469.5586,24.3766,4262592844214.596,PPMA_d_2025-07-14
C7,PPMA,2025-07-16T11:22:50Z,2025-07-16T11:23:00Z,2025-07-16 11:20:00+00:00,2025-07-16 11:25:00+00:00,1.7743222923511466,4751021171150.095,24.3766,4262592844214.596,PPMA_d_2025-07-14
C7,PPMA,2025-07-16T11:21:40Z,2025-07-16T11:21:50Z,2025-07-16 11:20:00+00:00,2025-07-16 11:25:00+00:00,3.7109208139422347,1848433885015.2266,24.3766,4262592844214.596,PPMA_d_2025-07-14
C7,PPMA,2025-07-16T11:21:00Z,2025-07-16T11:21:10Z,2025-07-16 11:20:00+00:00,2025-07-16 11:25:00+00:00,1.5834922627139094,1182881507186.3555,24.3766,4262592844214.596,PPMA_d_2025-07-14
C7,PPMA,2025-07-16T11:25:00Z,2025-07-16T11:25:10Z,2025-07-16 11:25:00+00:00,2025-07-16 11:30:00+00:00,1.7743222923511466,4751021171150.095,24.3766,4262592844214.596,PPMA_d_2025-07-14
C7,PPMA,2025-07-16T11:25:40Z,2025-07-16T11:25:50Z,2025-07-16 11:25:00+00:00,2025-07-16 11:30:00+00:00,3.7109208139422347,1848433885015.2266,24.3766,4262592844214.596,PPMA_d_2025-07-14
C7,PPMA,2025-07-16T11:26:10Z,2025-07-16T11:26:20Z,2025-07-16 11:25:00+00:00,2025-07-16 11:30:00+00:00,1.5834922627139094,1182881507186.3555,24.3766,4262592844214.596,PPMA_d_2025-07-14
C7,PPMA,2025-07-16T11:26:20Z,2025-07-16T11:26:30Z,2025-07-16 11:25:00+00:00,2025-07-16 11:30:00+00:00,3.3015663399165662,1544789852521.073,24.3766,4262592844214.596,PPMA_d_2025-07-14
C7,PPMA,2025-07-16T11:26:40Z,2025-07-16T11:26:50Z,2025-07-16 11:25:00+00:00,2025-07-16 11:30:00+00:00,2.4174114378895677,1766231331176.6714,24.3766,4262592844214.596,PPMA_d_2025-07-14
C7,PPMA,2025-07-16T11:30:20Z,2025-07-16T11:30:30Z,2025-07-16 11:30:00+00:00,2025-07-16 11:35:00+00:00,1.7743222923511466,4751021171150.095,24.3766,4262592844214.596,PPMA_d_2025-07-14
C7,PPMA,2025-07-16T11:30:50Z,2025-07-16T11:31:00Z,2025-07-16 11:30:00+00:00,2025-07-16 11:35:00+00:00,3.7109208139422347,1848433885015.2266,24.3766,4262592844214.596,PPMA_d_2025-07-14
C7,PPMA,2025-07-16T11:31:10Z,2025-07-16T11:31:20Z,2025-07-16 11:30:00+00:00,2025-07-16 11:35:00+00:00,1.5834922627139094,1182881507186.3555,24.3766,4262592844214.596,PPMA_d_2025-07-14
C7,PPMA,2025-07-16T11:31:20Z,2025-07-16T11:31:30Z,2025-07-16 11:30:00+00:00,2025-07-16 11:35:00+00:00,3.3015663399165662,1544789852521.073,24.3766,4262592844214.596,PPMA_d_2025-07-14
C7,PPMA,2025-07-16T11:31:50Z,2025-07-16T11:32:00Z,2025-07-16 11:30:00+00:00,2025-07-16 11:35:00+00:00,2.4174114378895677,1766231331176.6714,24.3766,4262592844214.596,PPMA_d_2025-07-14
C7,PPMA,2025-07-16T11:32:00Z,2025-07-16T11:32:10Z,2025-07-16 11:30:00+00:00,2025-07-16 11:35:00+00:00,11.353823201117702,3758628550482.816,24.3766,4262592844214.596,PPMA_d_2025-07-14
C7,PPMA,2025-07-16T11:32:40Z,2025-07-16T11:32:50Z,2025-07-16 11:30:00+00:00,2025-07-16 11:35:00+00:00,1.4370508116983403,3203366585434.925,24.3766,4262592844214.596,PPMA_d_2025-07-14
C7,PPMA,2025-07-16T11:32:50Z,2025-07-16T11:33:00Z,2025-07-16 11:30:00+00:00,2025-07-16 11:35:00+00:00,6.158587950670227,2599897985215.863,24.3766,4262592844214.596,PPMA_d_2025-07-14
C7,PPMA,2025-07-16T11:33:00Z,2025-07-16T11:33:10Z,2025-07-16 11:30:00+00:00,2025-07-16 11:35:00+00:00,2.174022398342621,1992296141469.5586,24.3766,4262592844214.596,PPMA_d_2025-07-14
C7,PPMA,2025-07-16T11:46:10Z,2025-07-16T11:46:20Z,2025-07-16 11:45:00+00:00,2025-07-16 11:50:00+00:00,1.7743222923511466,4751021171150.095,24.3766,4262592844214.596,PPMA_d_2025-07-14
C7,PPMA,2025-07-16T11:46:20Z,2025-07-16T11:46:30Z,2025-07-16 11:45:00+00:00,2025-07-16 11:50:00+00:00,3.7109208139422347,1848433885015.2266,24.3766,4262592844214.596,PPMA_d_2025-07-14
C7,PPMA,2025-07-16T11:46:30Z,2025-07-16T11:46:40Z,2025-07-16 11:45:00+00:00,2025-07-16 11:50:00+00:00,1.5834922627139094,1182881507186.3555,24.3766,4262592844214.596,PPMA_d_2025-07-14
C7,PPMA,2025-07-16T11:46:40Z,2025-07-16T11:46:50Z,2025-07-16 11:45:00+00:00,2025-07-16 11:50:00+00:00,3.3015663399165662,1544789852521.073,24.3766,4262592844214.596,PPMA_d_2025-07-14
C7,PPMA,2025-07-16T11:46:50Z,2025-07-16T11:47:00Z,2025-07-16 11:45:00+00:00,2025-07-16 11:50:00+00:00,2.4174114378895677,1766231331176.6714,24.3766,4262592844214.596,PPMA_d_2025-07-14
C7,PPMA,2025-07-16T11:47:00Z,2025-07-16T11:47:10Z,2025-07-16 11:45:00+00:00,2025-07-16 11:50:00+00:00,11.353823201117702,3758628550482.816,24.3766,4262592844214.596,PPMA_d_2025-07-14
C7,PPMA,2025-07-16T11:47:20Z,2025-07-16T11:47:30Z,2025-07-16 11:45:00+00:00,2025-07-16 11:50:00+00:00,1.4370508116983403,3203366585434.925,24.3766,4262592844214.596,PPMA_d_2025-07-14
C7,PPMA,2025-07-16T11:47:40Z,2025-07-16T11:47:50Z,2025-07-16 11:45:00+00:00,2025-07-16 11:50:00+00:00,6.158587950670227,2599897985215.863,24.3766,4262592844214.596,PPMA_d_2025-07-14
C7,PPMA,2025-07-16T11:48:00Z,2025-07-16T11:48:10Z,2025-07-16 11:45:00+00:00,2025-07-16 11:50:00+00:00,2.174022398342621,1992296141469.5586,24.3766,4262592844214.596,PPMA_d_2025-07-14
C7,PPMA,2025-07-16T11:50:50Z,2025-07-16T11:51:00Z,2025-07-16 11:50:00+00:00,2025-07-16 11:55:00+00:00,1.7743222923511466,4751021171150.095,24.3766,4262592844214.596,PPMA_d_2025-07-14
C7,PPMA,2025-07-16T11:51:00Z,2025-07-16T11:51:10Z,2025-07-16 11:50:00+00:00,2025-07-16 11:55:00+00:00,3.7109208139422347,1848433885015.2266,24.3766,4262592844214.596,PPMA_d_2025-07-14
C7,PPMA,2025-07-16T12:06:40Z,2025-07-16T12:06:50Z,2025-07-16 12:05:00+00:00,2025-07-16 12:10:00+00:00,1.7743222923511466,4751021171150.095,24.3766,4262592844214.596,PPMA_d_2025-07-14
C7,PPMA,2025-07-16T12:12:40Z,2025-07-16T12:12:50Z,2025-07-16 12:10:00+00:00,2025-07-16 12:15:00+00:00,1.7743222923511466,4751021171150.095,24.3766,4262592844214.596,PPMA_d_2025-07-14
C7,PPMA,2025-07-16T12:13:10Z,2025-07-16T12:13:20Z,2025-07-16 12:10:00+00:00,2025-07-16 12:15:00+00:00,3.7109208139422347,1848433885015.2266,24.3766,4262592844214.596,PPMA_d_2025-07-14
C7,PPMA,2025-07-16T12:10:40Z,2025-07-16T12:10:50Z,2025-07-16 12:10:00+00:00,2025-07-16 12:15:00+00:00,1.5834922627139094,1182881507186.3555,24.3766,4262592844214.596,PPMA_d_2025-07-14
C7,PPMA,2025-07-16T12:13:20Z,2025-07-16T12:13:30Z,2025-07-16 12:10:00+00:00,2025-07-16 12:15:00+00:00,3.3015663399165662,1544789852521.073,24.3766,4262592844214.596,PPMA_d_2025-07-14
C7,PPMA,2025-07-16T12:11:00Z,2025-07-16T12:11:10Z,2025-07-16 12:10:00+00:00,2025-07-16 12:15:00+00:00,2.4174114378895677,1766231331176.6714,24.3766,4262592844214.596,PPMA_d_2025-07-14
C7,PPMA,2025-07-16T12:13:30Z,2025-07-16T12:13:40Z,2025-07-16 12:10:00+00:00,2025-07-16 12:15:00+00:00,11.353823201117702,3758628550482.816,24.3766,4262592844214.596,PPMA_d_2025-07-14
C7,PPMA,2025-07-16T12:12:30Z,2025-07-16T12:12:40Z,2025-07-16 12:10:00+00:00,2025-07-16 12:15:00+00:00,1.4370508116983403,3203366585434.925,24.3766,4262592844214.596,PPMA_d_2025-07-14
C7,PPMA,2025-07-16T12:15:10Z,2025-07-16T12:15:20Z,2025-07-16 12:15:00+00:00,2025-07-16 12:20:00+00:00,1.7743222923511466,4751021171150.095,24.3766,4262592844214.596,PPMA_d_2025-07-14
C7,PPMA,2025-07-16T12:15:30Z,2025-07-16T12:15:40Z,2025-07-16 12:15:00+00:00,2025-07-16 12:20:00+00:00,3.7109208139422347,1848433885015.2266,24.3766,4262592844214.596,PPMA_d_2025-07-14
C7,PPMA,2025-07-16T12:15:40Z,2025-07-16T12:15:50Z,2025-07-16 12:15:00+00:00,2025-07-16 12:20:00+00:00,1.5834922627139094,1182881507186.3555,24.3766,4262592844214.596,PPMA_d_2025-07-14
C7,PPMA,2025-07-16T12:16:00Z,2025-07-16T12:16:10Z,2025-07-16 12:15:00+00:00,2025-07-16 12:20:00+00:00,3.3015663399165662,1544789852521.073,24.3766,4262592844214.596,PPMA_d_2025-07-14
C7,PPMA,2025-07-16T12:16:20Z,2025-07-16T12:16:30Z,2025-07-16 12:15:00+00:00,2025-07-16 12:20:00+00:00,2.4174114378895677,1766231331176.6714,24.3766,4262592844214.596,PPMA_d_2025-07-14
C7,PPMA,2025-07-16T12:16:30Z,2025-07-16T12:16:40Z,2025-07-16 12:15:00+00:00,2025-07-16 12:20:00+00:00,11.353823201117702,3758628550482.816,24.3766,4262592844214.596,PPMA_d_2025-07-14
C7,PPMA,2025-07-16T12:16:40Z,2025-07-16T12:16:50Z,2025-07-16 12:15:00+00:00,2025-07-16 12:20:00+00:00,1.4370508116983403,3203366585434.925,24.3766,4262592844214.596,PPMA_d_2025-07-14
C7,PPMA,2025-07-16T12:16:50Z,2025-07-16T12:17:00Z,2025-07-16 12:15:00+00:00,2025-07-16 12:20:00+00:00,6.158587950670227,2599897985215.863,24.3766,4262592844214.596,PPMA_d_2025-07-14
C7,PPMA,2025-07-16T12:17:10Z,2025-07-16T12:17:20Z,2025-07-16 12:15:00+00:00,2025-07-16 12:20:00+00:00,2.174022398342621,1992296141469.5586,24.3766,4262592844214.596,PPMA_d_2025-07-14
C7,PPMA,2025-07-16T12:17:20Z,2025-07-16T12:17:30Z,2025-07-16 12:15:00+00:00,2025-07-16 12:20:00+00:00,2.4651945269490914,3114115999843.17,24.3766,4262592844214.596,PPMA_d_2025-07-14
C7,PPMA,2025-07-16T12:17:40Z,2025-07-16T12:17:50Z,2025-07-16 12:15:00+00:00,2025-07-16 12:20:00+00:00,2.6023388496040223,2593606633707.817,24.3766,4262592844214.596,PPMA_d_2025-07-14
C7,PPMA,2025-07-16T12:17:50Z,2025-07-16T12:18:00Z,2025-07-16 12:15:00+00:00,2025-07-16 12:20:00+00:00,1.535490635563247,2449868235534.3184,24.3766,4262592844214.596,PPMA_d_2025-07-14
C7,PPMA,2025-07-16T12:18:00Z,2025-07-16T12:18:10Z,2025-07-16 12:15:00+00:00,2025-07-16 12:20:00+00:00,3.043494856897058,2186974831480.527,24.3766,4262592844214.596,PPMA_d_2025-07-14
C7,PPMA,2025-07-16T12:18:10Z,2025-07-16T12:18:20Z,2025-07-16 12:15:00+00:00,2025-07-16 12:20:00+00:00,12.169867177108898,4327496727027.7637,24.3766,4262592844214.596,PPMA_d_2025-07-14
C7,PPMA,2025-07-16T12:18:30Z,2025-07-16T12:18:40Z,2025-07-16 12:15:00+00:00,2025-07-16 12:20:00+00:00,4.49399662488864,3547292577193.2715,24.3766,4262592844214.596,PPMA_d_2025-07-14
C7,PPMA,2025-07-16T12:18:40Z,2025-07-16T12:18:50Z,2025-07-16 12:15:00+00:00,2025-07-16 12:20:00+00:00,1.6286213796555415,2249721025671.564,24.3766,4262592844214.596,PPMA_d_2025-07-14
C7,PPMA,2025-07-16T12:20:00Z,2025-07-16T12:20:10Z,2025-07-16 12:20:00+00:00,2025-07-16 12:25:00+00:00,1.7743222923511466,4751021171150.095,24.3766,4262592844214.596,PPMA_d_2025-07-14
C7,PPMA,2025-07-16T12:20:10Z,2025-07-16T12:20:20Z,2025-07-16 12:20:00+00:00,2025-07-16 12:25:00+00:00,3.7109208139422347,1848433885015.2266,24.3766,4262592844214.596,PPMA_d_2025-07-14
C7,PPMA,2025-07-16T12:20:20Z,2025-07-16T12:20:30Z,2025-07-16 12:20:00+00:00,2025-07-16 12:25:00+00:00,1.5834922627139094,1182881507186.3555,24.3766,4262592844214.596,PPMA_d_2025-07-14
C7,PPMA,2025-07-16T12:20:30Z,2025-07-16T12:20:40Z,2025-07-16 12:20:00+00:00,2025-07-16 12:25:00+00:00,3.3015663399165662,1544789852521.073,24.3766,4262592844214.596,PPMA_d_2025-07-14
C7,PPMA,2025-07-16T12:20:40Z,2025-07-16T12:20:50Z,2025-07-16 12:20:00+00:00,2025-07-16 12:25:00+00:00,2.4174114378895677,1766231331176.6714,24.3766,4262592844214.596,PPMA_d_2025-07-14
C7,PPMA,2025-07-16T12:20:50Z,2025-07-16T12:21:00Z,2025-07-16 12:20:00+00:00,2025-07-16 12:25:00+00:00,11.353823201117702,3758628550482.816,24.3766,4262592844214.596,PPMA_d_2025-07-14
C7,PPMA,2025-07-16T12:21:10Z,2025-07-16T12:21:20Z,2025-07-16 12:20:00+00:00,2025-07-16 12:25:00+00:00,1.4370508116983403,3203366585434.925,24.3766,4262592844214.596,PPMA_d_2025-07-14
C7,PPMA,2025-07-16T12:21:20Z,2025-07-16T12:21:30Z,2025-07-16 12:20:00+00:00,2025-07-16 12:25:00+00:00,6.158587950670227,2599897985215.863,24.3766,4262592844214.596,PPMA_d_2025-07-14
C7,PPMA,2025-07-16T12:21:40Z,2025-07-16T12:21:50Z,2025-07-16 12:20:00+00:00,2025-07-16 12:25:00+00:00,2.174022398342621,1992296141469.5586,24.3766,4262592844214.596,PPMA_d_2025-07-14
C7,PPMA,2025-07-16T12:21:50Z,2025-07-16T12:22:00Z,2025-07-16 12:20:00+00:00,2025-07-16 12:25:00+00:00,2.4651945269490914,3114115999843.17,24.3766,4262592844214.596,PPMA_d_2025-07-14
C7,PPMA,2025-07-16T12:22:00Z,2025-07-16T12:22:10Z,2025-07-16 12:20:00+00:00,2025-07-16 12:25:00+00:00,2.6023388496040223,2593606633707.817,24.3766,4262592844214.596,PPMA_d_2025-07-14
C7,PPMA,2025-07-16T12:22:10Z,2025-07-16T12:22:20Z,2025-07-16 12:20:00+00:00,2025-07-16 12:25:00+00:00,1.535490635563247,2449868235534.3184,24.3766,4262592844214.596,PPMA_d_2025-07-14
C7,PPMA,2025-07-16T12:22:20Z,2025-07-16T12:22:30Z,2025-07-16 12:20:00+00:00,2025-07-16 12:25:00+00:00,3.043494856897058,2186974831480.527,24.3766,4262592844214.596,PPMA_d_2025-07-14
C7,PPMA,2025-07-16T12:22:30Z,2025-07-16T12:22:40Z,2025-07-16 12:20:00+00:00,2025-07-16 12:25:00+00:00,12.169867177108898,4327496727027.7637,24.3766,4262592844214.596,PPMA_d_2025-07-14
C7,PPMA,2025-07-16T12:22:40Z,2025-07-16T12:22:50Z,2025-07-16 12:20:00+00:00,2025-07-16 12:25:00+00:00,4.49399662488864,3547292577193.2715,24.3766,4262592844214.596,PPMA_d_2025-07-14
C7,PPMA,2025-07-16T12:22:50Z,2025-07-16T12:23:00Z,2025-07-16 12:20:00+00:00,2025-07-16 12:25:00+00:00,1.6286213796555415,2249721025671.564,24.3766,4262592844214.596,PPMA_d_2025-07-14
C7,PPMA,2025-07-16T12:23:00Z,2025-07-16T12:23:10Z,2025-07-16 12:20:00+00:00,2025-07-16 12:25:00+00:00,0.49356001952933054,939370276448.635,24.3766,4262592844214.596,PPMA_d_2025-07-14
C7,PPMA,2025-07-16T12:23:10Z,2025-07-16T12:23:20Z,2025-07-16 12:20:00+00:00,2025-07-16 12:25:00+00:00,0.8122796216759274,389594897592.9749,24.3766,4262592844214.596,PPMA_d_2025-07-14
C7,PPMA,2025-07-16T12:26:40Z,2025-07-16T12:26:50Z,2025-07-16 12:25:00+00:00,2025-07-16 12:30:00+00:00,1.7743222923511466,4751021171150.095,24.3766,4262592844214.596,PPMA_d_2025-07-14
C7,PPMA,2025-07-16T12:28:20Z,2025-07-16T12:28:30Z,2025-07-16 12:25:00+00:00,2025-07-16 12:30:00+00:00,3.7109208139422347,1848433885015.2266,24.3766,4262592844214.596,PPMA_d_2025-07-14
C7,PPMA,2025-07-16T12:32:40Z,2025-07-16T12:32:50Z,2025-07-16 12:30:00+00:00,2025-07-16 12:35:00+00:00,1.7743222923511466,4751021171150.095,24.3766,4262592844214.596,PPMA_d_2025-07-14
C7,PPMA,2025-07-16T12:30:30Z,2025-07-16T12:30:40Z,2025-07-16 12:30:00+00:00,2025-07-16 12:35:00+00:00,3.7109208139422347,1848433885015.2266,24.3766,4262592844214.596,PPMA_d_2025-07-14
C7,PPMA,2025-07-16T12:30:50Z,2025-07-16T12:31:00Z,2025-07-16 12:30:00+00:00,2025-07-16 12:35:00+00:00,1.5834922627139094,1182881507186.3555,24.3766,4262592844214.596,PPMA_d_2025-07-14
C7,PPMA,2025-07-16T12:33:30Z,2025-07-16T12:33:40Z,2025-07-16 12:30:00+00:00,2025-07-16 12:35:00+00:00,3.3015663399165662,1544789852521.073,24.3766,4262592844214.596,PPMA_d_2025-07-14
C7,PPMA,2025-07-16T12:31:10Z,2025-07-16T12:31:20Z,2025-07-16 12:30:00+00:00,2025-07-16 12:35:00+00:00,2.4174114378895677,1766231331176.6714,24.3766,4262592844214.596,PPMA_d_2025-07-14
C7,PPMA,2025-07-16T12:31:20Z,2025-07-16T12:31:30Z,2025-07-16 12:30:00+00:00,2025-07-16 12:35:00+00:00,11.353823201117702,3758628550482.816,24.3766,4262592844214.596,PPMA_d_2025-07-14
C7,PPMA,2025-07-16T12:38:30Z,2025-07-16T12:38:40Z,2025-07-16 12:35:00+00:00,2025-07-16 12:40:00+00:00,1.7743222923511466,4751021171150.095,24.3766,4262592844214.596,PPMA_d_2025-07-14
C7,PPMA,2025-07-16T12:38:40Z,2025-07-16T12:38:50Z,2025-07-16 12:35:00+00:00,2025-07-16 12:40:00+00:00,3.7109208139422347,1848433885015.2266,24.3766,4262592844214.596,PPMA_d_2025-07-14
C7,PPMA,2025-07-16T12:42:30Z,2025-07-16T12:42:40Z,2025-07-16 12:40:00+00:00,2025-07-16 12:45:00+00:00,1.7743222923511466,4751021171150.095,24.3766,4262592844214.596,PPMA_d_2025-07-14
C7,PPMA,2025-07-16T12:50:50Z,2025-07-16T12:51:00Z,2025-07-16 12:50:00+00:00,2025-07-16 12:55:00+00:00,1.7743222923511466,4751021171150.095,24.3766,4262592844214.596,PPMA_d_2025-07-14
C7,PPMA,2025-07-16T13:08:10Z,2025-07-16T13:08:20Z,2025-07-16 13:05:00+00:00,2025-07-16 13:10:00+00:00,1.7743222923511466,4751021171150.095,24.3766,4262592844214.596,PPMA_d_2025-07-14
C7,PPMA,2025-07-16T13:08:40Z,2025-07-16T13:08:50Z,2025-07-16 13:05:00+00:00,2025-07-16 13:10:00+00:00,3.7109208139422347,1848433885015.2266,24.3766,4262592844214.596,PPMA_d_2025-07-14
C7,PPMA,2025-07-16T14:15:00Z,2025-07-16T14:15:10Z,2025-07-16 14:15:00+00:00,2025-07-16 14:20:00+00:00,1.7743222923511466,4751021171150.095,24.3766,4262592844214.596,PPMA_d_2025-07-14
C7,PPMA,2025-07-16T14:15:10Z,2025-07-16T14:15:20Z,2025-07-16 14:15:00+00:00,2025-07-16 14:20:00+00:00,3.7109208139422347,1848433885015.2266,24.3766,4262592844214.596,PPMA_d_2025-07-14
C7,PPMA,2025-07-16T14:40:00Z,2025-07-16T14:40:10Z,2025-07-16 14:40:00+00:00,2025-07-16 14:45:00+00:00,1.7743222923511466,4751021171150.095,24.3766,4262592844214.596,PPMA_d_2025-07-14
C7,PPMA,2025-07-16T14:44:50Z,2025-07-16T14:45:00Z,2025-07-16 14:40:00+00:00,2025-07-16 14:45:00+00:00,3.7109208139422347,1848433885015.2266,24.3766,4262592844214.596,PPMA_d_2025-07-14
C7,PPMA,2025-07-16T14:45:00Z,2025-07-16T14:45:10Z,2025-07-16 14:45:00+00:00,2025-07-16 14:50:00+00:00,1.7743222923511466,4751021171150.095,24.3766,4262592844214.596,PPMA_d_2025-07-14
C7,PPMA,2025-07-16T14:45:20Z,2025-07-16T14:45:30Z,2025-07-16 14:45:00+00:00,2025-07-16 14:50:00+00:00,3.7109208139422347,1848433885015.2266,24.3766,4262592844214.596,PPMA_d_2025-07-14
C7,PPMA,2025-07-16T14:45:30Z,2025-07-16T14:45:40Z,2025-07-16 14:45:00+00:00,2025-07-16 14:50:00+00:00,1.5834922627139094,1182881507186.3555,24.3766,4262592844214.596,PPMA_d_2025-07-14
C7,PPMA,2025-07-16T14:50:20Z,2025-07-16T14:50:30Z,2025-07-16 14:50:00+00:00,2025-07-16 14:55:00+00:00,1.7743222923511466,4751021171150.095,24.3766,4262592844214.596,PPMA_d_2025-07-14
C7,PPMA,2025-07-16T14:52:10Z,2025-07-16T14:52:20Z,2025-07-16 14:50:00+00:00,2025-07-16 14:55:00+00:00,3.7109208139422347,1848433885015.2266,24.3766,4262592844214.596,PPMA_d_2025-07-14
C7,PPMA,2025-07-16T14:52:20Z,2025-07-16T14:52:30Z,2025-07-16 14:50:00+00:00,2025-07-16 14:55:00+00:00,1.5834922627139094,1182881507186.3555,24.3766,4262592844214.596,PPMA_d_2025-07-14
C7,PPMA,2025-07-16T14:55:00Z,2025-07-16T14:55:10Z,2025-07-16 14:55:00+00:00,2025-07-16 15:00:00+00:00,1.7743222923511466,4751021171150.095,24.3766,4262592844214.596,PPMA_d_2025-07-14
C7,PPMA,2025-07-16T14:57:40Z,2025-07-16T14:57:50Z,2025-07-16 14:55:00+00:00,2025-07-16 15:00:00+00:00,3.7109208139422347,1848433885015.2266,24.3766,4262592844214.596,PPMA_d_2025-07-14
C7,PPMA,2025-07-16T14:58:00Z,2025-07-16T14:58:10Z,2025-07-16 14:55:00+00:00,2025-07-16 15:00:00+00:00,1.5834922627139094,1182881507186.3555,24.3766,4262592844214.596,PPMA_d_2025-07-14
C7,PPMA,2025-07-16T14:56:10Z,2025-07-16T14:56:20Z,2025-07-16 14:55:00+00:00,2025-07-16 15:00:00+00:00,3.3015663399165662,1544789852521.073,24.3766,4262592844214.596,PPMA_d_2025-07-14
C7,PPMA,2025-07-16T14:59:30Z,2025-07-16T14:59:40Z,2025-07-16 14:55:00+00:00,2025-07-16 15:00:00+00:00,2.4174114378895677,1766231331176.6714,24.3766,4262592844214.596,PPMA_d_2025-07-14
C7,PPMA,2025-07-16T15:00:10Z,2025-07-16T15:00:20Z,2025-07-16 15:00:00+00:00,2025-07-16 15:05:00+00:00,1.7743222923511466,4751021171150.095,24.3766,4262592844214.596,PPMA_d_2025-07-14
C7,PPMA,2025-07-16T15:00:50Z,2025-07-16T15:01:00Z,2025-07-16 15:00:00+00:00,2025-07-16 15:05:00+00:00,3.7109208139422347,1848433885015.2266,24.3766,4262592844214.596,PPMA_d_2025-07-14
C7,PPMA,2025-07-16T15:01:00Z,2025-07-16T15:01:10Z,2025-07-16 15:00:00+00:00,2025-07-16 15:05:00+00:00,1.5834922627139094,1182881507186.3555,24.3766,4262592844214.596,PPMA_d_2025-07-14
C7,PPMA,2025-07-16T15:01:10Z,2025-07-16T15:01:20Z,2025-07-16 15:00:00+00:00,2025-07-16 15:05:00+00:00,3.3015663399165662,1544789852521.073,24.3766,4262592844214.596,PPMA_d_2025-07-14
C7,PPMA,2025-07-16T15:02:50Z,2025-07-16T15:03:00Z,2025-07-16 15:00:00+00:00,2025-07-16 15:05:00+00:00,2.4174114378895677,1766231331176.6714,24.3766,4262592844214.596,PPMA_d_2025-07-14
C7,PPMA,2025-07-16T15:03:50Z,2025-07-16T15:04:00Z,2025-07-16 15:00:00+00:00,2025-07-16 15:05:00+00:00,11.353823201117702,3758628550482.816,24.3766,4262592844214.596,PPMA_d_2025-07-14
C7,PPMA,2025-07-16T15:04:00Z,2025-07-16T15:04:10Z,2025-07-16 15:00:00+00:00,2025-07-16 15:05:00+00:00,1.4370508116983403,3203366585434.925,24.3766,4262592844214.596,PPMA_d_2025-07-14
C7,PPMA,2025-07-16T15:04:10Z,2025-07-16T15:04:20Z,2025-07-16 15:00:00+00:00,2025-07-16 15:05:00+00:00,6.158587950670227,2599897985215.863,24.3766,4262592844214.596,PPMA_d_2025-07-14
C7,PPMA,2025-07-16T15:04:20Z,2025-07-16T15:04:30Z,2025-07-16 15:00:00+00:00,2025-07-16 15:05:00+00:00,2.174022398342621,1992296141469.5586,24.3766,4262592844214.596,PPMA_d_2025-07-14
C7,PPMA,2025-07-16T15:04:30Z,2025-07-16T15:04:40Z,2025-07-16 15:00:00+00:00,2025-07-16 15:05:00+00:00,2.4651945269490914,3114115999843.17,24.3766,4262592844214.596,PPMA_d_2025-07-14
C7,PPMA,2025-07-16T15:04:40Z,2025-07-16T15:04:50Z,2025-07-16 15:00:00+00:00,2025-07-16 15:05:00+00:00,2.6023388496040223,2593606633707.817,24.3766,4262592844214.596,PPMA_d_2025-07-14
C7,PPMA,2025-07-16T15:04:50Z,2025-07-16T15:05:00Z,2025-07-16 15:00:00+00:00,2025-07-16 15:05:00+00:00,1.535490635563247,2449868235534.3184,24.3766,4262592844214.596,PPMA_d_2025-07-14
C7,PPMA,2025-07-16T15:05:00Z,2025-07-16T15:05:10Z,2025-07-16 15:05:00+00:00,2025-07-16 15:10:00+00:00,1.7743222923511466,4751021171150.095,24.3766,4262592844214.596,PPMA_d_2025-07-14
C7,PPMA,2025-07-16T15:09:50Z,2025-07-16T15:10:00Z,2025-07-16 15:05:00+00:00,2025-07-16 15:10:00+00:00,3.7109208139422347,1848433885015.2266,24.3766,4262592844214.596,PPMA_d_2025-07-14
C7,PPMA,2025-07-16T15:09:20Z,2025-07-16T15:09:30Z,2025-07-16 15:05:00+00:00,2025-07-16 15:10:00+00:00,1.5834922627139094,1182881507186.3555,24.3766,4262592844214.596,PPMA_d_2025-07-14
C7,PPMA,2025-07-16T15:07:00Z,2025-07-16T15:07:10Z,2025-07-16 15:05:00+00:00,2025-07-16 15:10:00+00:00,3.3015663399165662,1544789852521.073,24.3766,4262592844214.596,PPMA_d_2025-07-14
C7,PPMA,2025-07-16T15:07:10Z,2025-07-16T15:07:20Z,2025-07-16 15:05:00+00:00,2025-07-16 15:10:00+00:00,2.4174114378895677,1766231331176.6714,24.3766,4262592844214.596,PPMA_d_2025-07-14
C7,PPMA,2025-07-16T15:07:20Z,2025-07-16T15:07:30Z,2025-07-16 15:05:00+00:00,2025-07-16 15:10:00+00:00,11.353823201117702,3758628550482.816,24.3766,4262592844214.596,PPMA_d_2025-07-14
C7,PPMA,2025-07-16T15:14:50Z,2025-07-16T15:15:00Z,2025-07-16 15:10:00+00:00,2025-07-16 15:15:00+00:00,1.7743222923511466,4751021171150.095,24.3766,4262592844214.596,PPMA_d_2025-07-14
C7,PPMA,2025-07-16T15:15:00Z,2025-07-16T15:15:10Z,2025-07-16 15:15:00+00:00,2025-07-16 15:20:00+00:00,1.7743222923511466,4751021171150.095,24.3766,4262592844214.596,PPMA_d_2025-07-14
C7,PPMA,2025-07-16T15:16:20Z,2025-07-16T15:16:30Z,2025-07-16 15:15:00+00:00,2025-07-16 15:20:00+00:00,3.7109208139422347,1848433885015.2266,24.3766,4262592844214.596,PPMA_d_2025-07-14
C7,PPMA,2025-07-16T15:17:00Z,2025-07-16T15:17:10Z,2025-07-16 15:15:00+00:00,2025-07-16 15:20:00+00:00,1.5834922627139094,1182881507186.3555,24.3766,4262592844214.596,PPMA_d_2025-07-14
C7,PPMA,2025-07-16T15:17:40Z,2025-07-16T15:17:50Z,2025-07-16 15:15:00+00:00,2025-07-16 15:20:00+00:00,3.3015663399165662,1544789852521.073,24.3766,4262592844214.596,PPMA_d_2025-07-14
C7,PPMA,2025-07-16T15:17:50Z,2025-07-16T15:18:00Z,2025-07-16 15:15:00+00:00,2025-07-16 15:20:00+00:00,2.4174114378895677,1766231331176.6714,24.3766,4262592844214.596,PPMA_d_2025-07-14
C7,PPMA,2025-07-16T15:18:00Z,2025-07-16T15:18:10Z,2025-07-16 15:15:00+00:00,2025-07-16 15:20:00+00:00,11.353823201117702,3758628550482.816,24.3766,4262592844214.596,PPMA_d_2025-07-14
C7,PPMA,2025-07-16T15:18:10Z,2025-07-16T15:18:20Z,2025-07-16 15:15:00+00:00,2025-07-16 15:20:00+00:00,1.4370508116983403,3203366585434.925,24.3766,4262592844214.596,PPMA_d_2025-07-14
C7,PPMA,2025-07-16T15:18:30Z,2025-07-16T15:18:40Z,2025-07-16 15:15:00+00:00,2025-07-16 15:20:00+00:00,6.158587950670227,2599897985215.863,24.3766,4262592844214.596,PPMA_d_2025-07-14
C7,PPMA,2025-07-16T15:20:00Z,2025-07-16T15:20:10Z,2025-07-16 15:20:00+00:00,2025-07-16 15:25:00+00:00,1.7743222923511466,4751021171150.095,24.3766,4262592844214.596,PPMA_d_2025-07-14
C7,PPMA,2025-07-16T15:20:10Z,2025-07-16T15:20:20Z,2025-07-16 15:20:00+00:00,2025-07-16 15:25:00+00:00,3.7109208139422347,1848433885015.2266,24.3766,4262592844214.596,PPMA_d_2025-07-14
C7,PPMA,2025-07-16T15:20:30Z,2025-07-16T15:20:40Z,2025-07-16 15:20:00+00:00,2025-07-16 15:25:00+00:00,1.5834922627139094,1182881507186.3555,24.3766,4262592844214.596,PPMA_d_2025-07-14
C7,PPMA,2025-07-16T15:23:20Z,2025-07-16T15:23:30Z,2025-07-16 15:20:00+00:00,2025-07-16 15:25:00+00:00,3.3015663399165662,1544789852521.073,24.3766,4262592844214.596,PPMA_d_2025-07-14
C7,PPMA,2025-07-16T15:23:50Z,2025-07-16T15:24:00Z,2025-07-16 15:20:00+00:00,2025-07-16 15:25:00+00:00,2.4174114378895677,1766231331176.6714,24.3766,4262592844214.596,PPMA_d_2025-07-14
C7,PPMA,2025-07-16T15:23:40Z,2025-07-16T15:23:50Z,2025-07-16 15:20:00+00:00,2025-07-16 15:25:00+00:00,11.353823201117702,3758628550482.816,24.3766,4262592844214.596,PPMA_d_2025-07-14
C7,PPMA,2025-07-16T15:21:10Z,2025-07-16T15:21:20Z,2025-07-16 15:20:00+00:00,2025-07-16 15:25:00+00:00,1.4370508116983403,3203366585434.925,24.3766,4262592844214.596,PPMA_d_2025-07-14
C7,PPMA,2025-07-16T15:26:30Z,2025-07-16T15:26:40Z,2025-07-16 15:25:00+00:00,2025-07-16 15:30:00+00:00,1.7743222923511466,4751021171150.095,24.3766,4262592844214.596,PPMA_d_2025-07-14
C7,PPMA,2025-07-16T15:26:50Z,2025-07-16T15:27:00Z,2025-07-16 15:25:00+00:00,2025-07-16 15:30:00+00:00,3.7109208139422347,1848433885015.2266,24.3766,4262592844214.596,PPMA_d_2025-07-14
C7,PPMA,2025-07-16T15:26:00Z,2025-07-16T15:26:10Z,2025-07-16 15:25:00+00:00,2025-07-16 15:30:00+00:00,1.5834922627139094,1182881507186.3555,24.3766,4262592844214.596,PPMA_d_2025-07-14
C7,PPMA,2025-07-16T15:33:00Z,2025-07-16T15:33:10Z,2025-07-16 15:30:00+00:00,2025-07-16 15:35:00+00:00,1.7743222923511466,4751021171150.095,24.3766,4262592844214.596,PPMA_d_2025-07-14
C7,PPMA,2025-07-16T15:31:50Z,2025-07-16T15:32:00Z,2025-07-16 15:30:00+00:00,2025-07-16 15:35:00+00:00,3.7109208139422347,1848433885015.2266,24.3766,4262592844214.596,PPMA_d_2025-07-14
C7,PPMA,2025-07-16T15:32:20Z,2025-07-16T15:32:30Z,2025-07-16 15:30:00+00:00,2025-07-16 15:35:00+00:00,1.5834922627139094,1182881507186.3555,24.3766,4262592844214.596,PPMA_d_2025-07-14
C7,PPMA,2025-07-16T15:35:30Z,2025-07-16T15:35:40Z,2025-07-16 15:35:00+00:00,2025-07-16 15:40:00+00:00,1.7743222923511466,4751021171150.095,24.3766,4262592844214.596,PPMA_d_2025-07-14
C7,PPMA,2025-07-16T15:35:50Z,2025-07-16T15:36:00Z,2025-07-16 15:35:00+00:00,2025-07-16 15:40:00+00:00,3.7109208139422347,1848433885015.2266,24.3766,4262592844214.596,PPMA_d_2025-07-14
C7,PPMA,2025-07-16T15:36:20Z,2025-07-16T15:36:30Z,2025-07-16 15:35:00+00:00,2025-07-16 15:40:00+00:00,1.5834922627139094,1182881507186.3555,24.3766,4262592844214.596,PPMA_d_2025-07-14
C7,PPMA,2025-07-16T15:37:30Z,2025-07-16T15:37:40Z,2025-07-16 15:35:00+00:00,2025-07-16 15:40:00+00:00,3.3015663399165662,1544789852521.073,24.3766,4262592844214.596,PPMA_d_2025-07-14
C7,PPMA,2025-07-16T15:38:10Z,2025-07-16T15:38:20Z,2025-07-16 15:35:00+00:00,2025-07-16 15:40:00+00:00,2.4174114378895677,1766231331176.6714,24.3766,4262592844214.596,PPMA_d_2025-07-14
C7,PPMA,2025-07-16T15:39:00Z,2025-07-16T15:39:10Z,2025-07-16 15:35:00+00:00,2025-07-16 15:40:00+00:00,11.353823201117702,3758628550482.816,24.3766,4262592844214.596,PPMA_d_2025-07-14
C7,PPMA,2025-07-16T15:39:10Z,2025-07-16T15:39:20Z,2025-07-16 15:35:00+00:00,2025-07-16 15:40:00+00:00,1.4370508116983403,3203366585434.925,24.3766,4262592844214.596,PPMA_d_2025-07-14
C7,PPMA,2025-07-16T15:39:20Z,2025-07-16T15:39:30Z,2025-07-16 15:35:00+00:00,2025-07-16 15:40:00+00:00,6.158587950670227,2599897985215.863,24.3766,4262592844214.596,PPMA_d_2025-07-14
C7,PPMA,2025-07-16T15:39:30Z,2025-07-16T15:39:40Z,2025-07-16 15:35:00+00:00,2025-07-16 15:40:00+00:00,2.174022398342621,1992296141469.5586,24.3766,4262592844214.596,PPMA_d_2025-07-14
C7,PPMA,2025-07-16T15:39:40Z,2025-07-16T15:39:50Z,2025-07-16 15:35:00+00:00,2025-07-16 15:40:00+00:00,2.4651945269490914,3114115999843.17,24.3766,4262592844214.596,PPMA_d_2025-07-14
C7,PPMA,2025-07-16T15:39:50Z,2025-07-16T15:40:00Z,2025-07-16 15:35:00+00:00,2025-07-16 15:40:00+00:00,2.6023388496040223,2593606633707.817,24.3766,4262592844214.596,PPMA_d_2025-07-14
C7,PPMA,2025-07-16T15:40:00Z,2025-07-16T15:40:10Z,2025-07-16 15:40:00+00:00,2025-07-16 15:45:00+00:00,1.7743222923511466,4751021171150.095,24.3766,4262592844214.596,PPMA_d_2025-07-14
C7,PPMA,2025-07-16T15:40:40Z,2025-07-16T15:40:50Z,2025-07-16 15:40:00+00:00,2025-07-16 15:45:00+00:00,3.7109208139422347,1848433885015.2266,24.3766,4262592844214.596,PPMA_d_2025-07-14
C7,PPMA,2025-07-16T15:40:50Z,2025-07-16T15:41:00Z,2025-07-16 15:40:00+00:00,2025-07-16 15:45:00+00:00,1.5834922627139094,1182881507186.3555,24.3766,4262592844214.596,PPMA_d_2025-07-14
C7,PPMA,2025-07-16T15:41:10Z,2025-07-16T15:41:20Z,2025-07-16 15:40:00+00:00,2025-07-16 15:45:00+00:00,3.3015663399165662,1544789852521.073,24.3766,4262592844214.596,PPMA_d_2025-07-14
C7,PPMA,2025-07-16T15:42:00Z,2025-07-16T15:42:10Z,2025-07-16 15:40:00+00:00,2025-07-16 15:45:00+00:00,2.4174114378895677,1766231331176.6714,24.3766,4262592844214.596,PPMA_d_2025-07-14
C7,PPMA,2025-07-16T15:42:10Z,2025-07-16T15:42:20Z,2025-07-16 15:40:00+00:00,2025-07-16 15:45:00+00:00,11.353823201117702,3758628550482.816,24.3766,4262592844214.596,PPMA_d_2025-07-14
C7,PPMA,2025-07-16T15:42:20Z,2025-07-16T15:42:30Z,2025-07-16 15:40:00+00:00,2025-07-16 15:45:00+00:00,1.4370508116983403,3203366585434.925,24.3766,4262592844214.596,PPMA_d_2025-07-14
C7,PPMA,2025-07-16T15:42:30Z,2025-07-16T15:42:40Z,2025-07-16 15:40:00+00:00,2025-07-16 15:45:00+00:00,6.158587950670227,2599897985215.863,24.3766,4262592844214.596,PPMA_d_2025-07-14
C7,PPMA,2025-07-16T15:43:10Z,2025-07-16T15:43:20Z,2025-07-16 15:40:00+00:00,2025-07-16 15:45:00+00:00,2.174022398342621,1992296141469.5586,24.3766,4262592844214.596,PPMA_d_2025-07-14
C7,PPMA,2025-07-16T15:43:50Z,2025-07-16T15:44:00Z,2025-07-16 15:40:00+00:00,2025-07-16 15:45:00+00:00,2.4651945269490914,3114115999843.17,24.3766,4262592844214.596,PPMA_d_2025-07-14
C7,PPMA,2025-07-16T15:44:10Z,2025-07-16T15:44:20Z,2025-07-16 15:40:00+00:00,2025-07-16 15:45:00+00:00,2.6023388496040223,2593606633707.817,24.3766,4262592844214.596,PPMA_d_2025-07-14
C7,PPMA,2025-07-16T15:44:20Z,2025-07-16T15:44:30Z,2025-07-16 15:40:00+00:00,2025-07-16 15:45:00+00:00,1.535490635563247,2449868235534.3184,24.3766,4262592844214.596,PPMA_d_2025-07-14
C7,PPMA,2025-07-16T15:44:50Z,2025-07-16T15:45:00Z,2025-07-16 15:40:00+00:00,2025-07-16 15:45:00+00:00,3.043494856897058,2186974831480.527,24.3766,4262592844214.596,PPMA_d_2025-07-14
C7,PSAB,2025-07-16T17:13:40Z,2025-07-16T17:13:50Z,2025-07-16 17:10:00+00:00,2025-07-16 17:15:00+00:00,0.2506802793218514,305605237340.1667,10.4134,3161462249603.716,PSAB_d_2025-07-14
C7,PSAB,2025-07-16T17:13:50Z,2025-07-16T17:14:00Z,2025-07-16 17:10:00+00:00,2025-07-16 17:15:00+00:00,4.720731534609113,267374840302.753,10.4134,3161462249603.716,PSAB_d_2025-07-14
C7,PSAB,2025-07-16T17:14:00Z,2025-07-16T17:14:10Z,2025-07-16 17:10:00+00:00,2025-07-16 17:15:00+00:00,5.045532287977673,275732225393.20447,10.4134,3161462249603.716,PSAB_d_2025-07-14
C7,PSAB,2025-07-16T17:14:10Z,2025-07-16T17:14:20Z,2025-07-16 17:10:00+00:00,2025-07-16 17:15:00+00:00,5.045532287977673,275732225393.20447,10.4134,3161462249603.716,PSAB_d_2025-07-14
C7,PPMA,2025-07-16T17:50:00Z,2025-07-16T17:50:10Z,2025-07-16 17:50:00+00:00,2025-07-16 17:55:00+00:00,1.7743222923511466,4751021171150.095,24.3766,4262592844214.596,PPMA_d_2025-07-14
C7,PPMA,2025-07-16T17:50:50Z,2025-07-16T17:51:00Z,2025-07-16 17:50:00+00:00,2025-07-16 17:55:00+00:00,3.7109208139422347,1848433885015.2266,24.3766,4262592844214.596,PPMA_d_2025-07-14
C7,PPMA,2025-07-16T17:51:10Z,2025-07-16T17:51:20Z,2025-07-16 17:50:00+00:00,2025-07-16 17:55:00+00:00,1.5834922627139094,1182881507186.3555,24.3766,4262592844214.596,PPMA_d_2025-07-14
C7,PPMA,2025-07-16T17:51:30Z,2025-07-16T17:51:40Z,2025-07-16 17:50:00+00:00,2025-07-16 17:55:00+00:00,3.3015663399165662,1544789852521.073,24.3766,4262592844214.596,PPMA_d_2025-07-14
C7,PPMA,2025-07-16T17:51:40Z,2025-07-16T17:51:50Z,2025-07-16 17:50:00+00:00,2025-07-16 17:55:00+00:00,2.4174114378895677,1766231331176.6714,24.3766,4262592844214.596,PPMA_d_2025-07-14
C7,PPMA,2025-07-16T17:51:50Z,2025-07-16T17:52:00Z,2025-07-16 17:50:00+00:00,2025-07-16 17:55:00+00:00,11.353823201117702,3758628550482.816,24.3766,4262592844214.596,PPMA_d_2025-07-14
C7,PPMA,2025-07-16T17:52:10Z,2025-07-16T17:52:20Z,2025-07-16 17:50:00+00:00,2025-07-16 17:55:00+00:00,1.4370508116983403,3203366585434.925,24.3766,4262592844214.596,PPMA_d_2025-07-14
C7,PPMA,2025-07-16T17:52:30Z,2025-07-16T17:52:40Z,2025-07-16 17:50:00+00:00,2025-07-16 17:55:00+00:00,6.158587950670227,2599897985215.863,24.3766,4262592844214.596,PPMA_d_2025-07-14
C7,PPMA,2025-07-16T17:52:40Z,2025-07-16T17:52:50Z,2025-07-16 17:50:00+00:00,2025-07-16 17:55:00+00:00,2.174022398342621,1992296141469.5586,24.3766,4262592844214.596,PPMA_d_2025-07-14
C7,PPMA,2025-07-16T17:53:00Z,2025-07-16T17:53:10Z,2025-07-16 17:50:00+00:00,2025-07-16 17:55:00+00:00,2.4651945269490914,3114115999843.17,24.3766,4262592844214.596,PPMA_d_2025-07-14
C7,PPMA,2025-07-16T17:53:20Z,2025-07-16T17:53:30Z,2025-07-16 17:50:00+00:00,2025-07-16 17:55:00+00:00,2.6023388496040223,2593606633707.817,24.3766,4262592844214.596,PPMA_d_2025-07-14
C7,PPMA,2025-07-16T17:53:40Z,2025-07-16T17:53:50Z,2025-07-16 17:50:00+00:00,2025-07-16 17:55:00+00:00,1.535490635563247,2449868235534.3184,24.3766,4262592844214.596,PPMA_d_2025-07-14
C7,PPMA,2025-07-16T17:53:50Z,2025-07-16T17:54:00Z,2025-07-16 17:50:00+00:00,2025-07-16 17:55:00+00:00,3.043494856897058,2186974831480.527,24.3766,4262592844214.596,PPMA_d_2025-07-14
C7,PPMA,2025-07-16T17:54:10Z,2025-07-16T17:54:20Z,2025-07-16 17:50:00+00:00,2025-07-16 17:55:00+00:00,12.169867177108898,4327496727027.7637,24.3766,4262592844214.596,PPMA_d_2025-07-14
C7,PPMA,2025-07-16T17:54:30Z,2025-07-16T17:54:40Z,2025-07-16 17:50:00+00:00,2025-07-16 17:55:00+00:00,4.49399662488864,3547292577193.2715,24.3766,4262592844214.596,PPMA_d_2025-07-14
C7,PPMA,2025-07-16T17:54:50Z,2025-07-16T17:55:00Z,2025-07-16 17:50:00+00:00,2025-07-16 17:55:00+00:00,1.6286213796555415,2249721025671.564,24.3766,4262592844214.596,PPMA_d_2025-07-14
C7,PPMA,2025-07-16T17:55:10Z,2025-07-16T17:55:20Z,2025-07-16 17:55:00+00:00,2025-07-16 18:00:00+00:00,1.7743222923511466,4751021171150.095,24.3766,4262592844214.596,PPMA_d_2025-07-14
C7,PPMA,2025-07-16T17:55:30Z,2025-07-16T17:55:40Z,2025-07-16 17:55:00+00:00,2025-07-16 18:00:00+00:00,3.7109208139422347,1848433885015.2266,24.3766,4262592844214.596,PPMA_d_2025-07-14
C7,PPMA,2025-07-16T17:55:40Z,2025-07-16T17:55:50Z,2025-07-16 17:55:00+00:00,2025-07-16 18:00:00+00:00,1.5834922627139094,1182881507186.3555,24.3766,4262592844214.596,PPMA_d_2025-07-14
C7,PPMA,2025-07-16T17:56:10Z,2025-07-16T17:56:20Z,2025-07-16 17:55:00+00:00,2025-07-16 18:00:00+00:00,3.3015663399165662,1544789852521.073,24.3766,4262592844214.596,PPMA_d_2025-07-14
C7,PPMA,2025-07-16T17:56:30Z,2025-07-16T17:56:40Z,2025-07-16 17:55:00+00:00,2025-07-16 18:00:00+00:00,2.4174114378895677,1766231331176.6714,24.3766,4262592844214.596,PPMA_d_2025-07-14
C7,PPMA,2025-07-16T17:56:40Z,2025-07-16T17:56:50Z,2025-07-16 17:55:00+00:00,2025-07-16 18:00:00+00:00,11.353823201117702,3758628550482.816,24.3766,4262592844214.596,PPMA_d_2025-07-14
C7,PPMA,2025-07-16T17:56:50Z,2025-07-16T17:57:00Z,2025-07-16 17:55:00+00:00,2025-07-16 18:00:00+00:00,1.4370508116983403,3203366585434.925,24.3766,4262592844214.596,PPMA_d_2025-07-14
C7,PPMA,2025-07-16T17:57:00Z,2025-07-16T17:57:10Z,2025-07-16 17:55:00+00:00,2025-07-16 18:00:00+00:00,6.158587950670227,2599897985215.863,24.3766,4262592844214.596,PPMA_d_2025-07-14
C7,PPMA,2025-07-16T17:57:20Z,2025-07-16T17:57:30Z,2025-07-16 17:55:00+00:00,2025-07-16 18:00:00+00:00,2.174022398342621,1992296141469.5586,24.3766,4262592844214.596,PPMA_d_2025-07-14
C7,PPMA,2025-07-16T17:57:40Z,2025-07-16T17:57:50Z,2025-07-16 17:55:00+00:00,2025-07-16 18:00:00+00:00,2.4651945269490914,3114115999843.17,24.3766,4262592844214.596,PPMA_d_2025-07-14
C7,PPMA,2025-07-16T17:57:50Z,2025-07-16T17:58:00Z,2025-07-16 17:55:00+00:00,2025-07-16 18:00:00+00:00,2.6023388496040223,2593606633707.817,24.3766,4262592844214.596,PPMA_d_2025-07-14
C7,PPMA,2025-07-16T17:58:10Z,2025-07-16T17:58:20Z,2025-07-16 17:55:00+00:00,2025-07-16 18:00:00+00:00,1.535490635563247,2449868235534.3184,24.3766,4262592844214.596,PPMA_d_2025-07-14
C7,PPMA,2025-07-16T17:58:20Z,2025-07-16T17:58:30Z,2025-07-16 17:55:00+00:00,2025-07-16 18:00:00+00:00,3.043494856897058,2186974831480.527,24.3766,4262592844214.596,PPMA_d_2025-07-14
C7,PPMA,2025-07-16T17:58:40Z,2025-07-16T17:58:50Z,2025-07-16 17:55:00+00:00,2025-07-16 18:00:00+00:00,12.169867177108898,4327496727027.7637,24.3766,4262592844214.596,PPMA_d_2025-07-14
C7,PPMA,2025-07-16T17:59:10Z,2025-07-16T17:59:20Z,2025-07-16 17:55:00+00:00,2025-07-16 18:00:00+00:00,4.49399662488864,3547292577193.2715,24.3766,4262592844214.596,PPMA_d_2025-07-14
C7,PPMA,2025-07-16T17:59:40Z,2025-07-16T17:59:50Z,2025-07-16 17:55:00+00:00,2025-07-16 18:00:00+00:00,1.6286213796555415,2249721025671.564,24.3766,4262592844214.596,PPMA_d_2025-07-14
C7,PPMA,2025-07-16T17:59:50Z,2025-07-16T18:00:00Z,2025-07-16 17:55:00+00:00,2025-07-16 18:00:00+00:00,0.49356001952933054,939370276448.635,24.3766,4262592844214.596,PPMA_d_2025-07-14
C7,PPMA,2025-07-16T18:00:00Z,2025-07-16T18:00:10Z,2025-07-16 18:00:00+00:00,2025-07-16 18:05:00+00:00,1.7743222923511466,4751021171150.095,24.3766,4262592844214.596,PPMA_d_2025-07-14
C7,PPMA,2025-07-16T18:00:10Z,2025-07-16T18:00:20Z,2025-07-16 18:00:00+00:00,2025-07-16 18:05:00+00:00,3.7109208139422347,1848433885015.2266,24.3766,4262592844214.596,PPMA_d_2025-07-14
C7,PPMA,2025-07-16T18:00:20Z,2025-07-16T18:00:30Z,2025-07-16 18:00:00+00:00,2025-07-16 18:05:00+00:00,1.5834922627139094,1182881507186.3555,24.3766,4262592844214.596,PPMA_d_2025-07-14
C7,PPMA,2025-07-16T20:50:50Z,2025-07-16T20:51:00Z,2025-07-16 20:50:00+00:00,2025-07-16 20:55:00+00:00,1.7743222923511466,4751021171150.095,24.3766,4262592844214.596,PPMA_d_2025-07-14
C7,PPMA,2025-07-16T20:51:00Z,2025-07-16T20:51:10Z,2025-07-16 20:50:00+00:00,2025-07-16 20:55:00+00:00,3.7109208139422347,1848433885015.2266,24.3766,4262592844214.596,PPMA_d_2025-07-14
C7,PPMA,2025-07-16T20:51:10Z,2025-07-16T20:51:20Z,2025-07-16 20:50:00+00:00,2025-07-16 20:55:00+00:00,1.5834922627139094,1182881507186.3555,24.3766,4262592844214.596,PPMA_d_2025-07-14
C7,PPMA,2025-07-16T20:51:20Z,2025-07-16T20:51:30Z,2025-07-16 20:50:00+00:00,2025-07-16 20:55:00+00:00,3.3015663399165662,1544789852521.073,24.3766,4262592844214.596,PPMA_d_2025-07-14
C7,PPMA,2025-07-16T20:51:40Z,2025-07-16T20:51:50Z,2025-07-16 20:50:00+00:00,2025-07-16 20:55:00+00:00,2.4174114378895677,1766231331176.6714,24.3766,4262592844214.596,PPMA_d_2025-07-14
C7,PPMA,2025-07-16T20:54:20Z,2025-07-16T20:54:30Z,2025-07-16 20:50:00+00:00,2025-07-16 20:55:00+00:00,11.353823201117702,3758628550482.816,24.3766,4262592844214.596,PPMA_d_2025-07-14
C7,PPMA,2025-07-16T20:54:30Z,2025-07-16T20:54:40Z,2025-07-16 20:50:00+00:00,2025-07-16 20:55:00+00:00,1.4370508116983403,3203366585434.925,24.3766,4262592844214.596,PPMA_d_2025-07-14
C7,PPMA,2025-07-16T20:54:40Z,2025-07-16T20:54:50Z,2025-07-16 20:50:00+00:00,2025-07-16 20:55:00+00:00,6.158587950670227,2599897985215.863,24.3766,4262592844214.596,PPMA_d_2025-07-14
C7,PPMA,2025-07-16T20:54:50Z,2025-07-16T20:55:00Z,2025-07-16 20:50:00+00:00,2025-07-16 20:55:00+00:00,2.174022398342621,1992296141469.5586,24.3766,4262592844214.596,PPMA_d_2025-07-14
C7,PSAB,2025-07-16T20:50:50Z,2025-07-16T20:51:00Z,2025-07-16 20:50:00+00:00,2025-07-16 20:55:00+00:00,0.2506802793218514,305605237340.1667,10.4134,3161462249603.716,PSAB_d_2025-07-14
C7,PSAB,2025-07-16T20:51:00Z,2025-07-16T20:51:10Z,2025-07-16 20:50:00+00:00,2025-07-16 20:55:00+00:00,4.720731534609113,267374840302.753,10.4134,3161462249603.716,PSAB_d_2025-07-14
C7,PSAB,2025-07-16T20:51:10Z,2025-07-16T20:51:20Z,2025-07-16 20:50:00+00:00,2025-07-16 20:55:00+00:00,5.045532287977673,275732225393.20447,10.4134,3161462249603.716,PSAB_d_2025-07-14
C7,PSAB,2025-07-16T20:51:20Z,2025-07-16T20:51:30Z,2025-07-16 20:50:00+00:00,2025-07-16 20:55:00+00:00,5.045532287977673,275732225393.20447,10.4134,3161462249603.716,PSAB_d_2025-07-14
C7,PSAB,2025-07-16T20:51:30Z,2025-07-16T20:51:40Z,2025-07-16 20:50:00+00:00,2025-07-16 20:55:00+00:00,5.045532287977673,275732225393.20447,10.4134,3161462249603.716,PSAB_d_2025-07-14
C7,PSAB,2025-07-16T20:51:40Z,2025-07-16T20:51:50Z,2025-07-16 20:50:00+00:00,2025-07-16 20:55:00+00:00,5.045532287977673,275732225393.20447,10.4134,3161462249603.716,PSAB_d_2025-07-14
C7,PSAB,2025-07-16T20:51:50Z,2025-07-16T20:52:00Z,2025-07-16 20:50:00+00:00,2025-07-16 20:55:00+00:00,5.045532287977673,275732225393.20447,10.4134,3161462249603.716,PSAB_d_2025-07-14
C7,PSAB,2025-07-16T20:52:00Z,2025-07-16T20:52:10Z,2025-07-16 20:50:00+00:00,2025-07-16 20:55:00+00:00,5.045532287977673,275732225393.20447,10.4134,3161462249603.716,PSAB_d_2025-07-14
C7,PSAB,2025-07-16T20:52:10Z,2025-07-16T20:52:20Z,2025-07-16 20:50:00+00:00,2025-07-16 20:55:00+00:00,5.045532287977673,275732225393.20447,10.4134,3161462249603.716,PSAB_d_2025-07-14
C7,PSAB,2025-07-16T20:52:20Z,2025-07-16T20:52:30Z,2025-07-16 20:50:00+00:00,2025-07-16 20:55:00+00:00,5.045532287977673,275732225393.20447,10.4134,3161462249603.716,PSAB_d_2025-07-14
C7,PSAB,2025-07-16T20:52:30Z,2025-07-16T20:52:40Z,2025-07-16 20:50:00+00:00,2025-07-16 20:55:00+00:00,5.045532287977673,275732225393.20447,10.4134,3161462249603.716,PSAB_d_2025-07-14
C7,PSAB,2025-07-16T20:53:00Z,2025-07-16T20:53:10Z,2025-07-16 20:50:00+00:00,2025-07-16 20:55:00+00:00,5.045532287977673,275732225393.20447,10.4134,3161462249603.716,PSAB_d_2025-07-14
C7,PSAB,2025-07-16T20:53:10Z,2025-07-16T20:53:20Z,2025-07-16 20:50:00+00:00,2025-07-16 20:55:00+00:00,5.045532287977673,275732225393.20447,10.4134,3161462249603.716,PSAB_d_2025-07-14
C7,PSAB,2025-07-16T20:53:20Z,2025-07-16T20:53:30Z,2025-07-16 20:50:00+00:00,2025-07-16 20:55:00+00:00,5.045532287977673,275732225393.20447,10.4134,3161462249603.716,PSAB_d_2025-07-14
C7,PSAB,2025-07-16T20:54:20Z,2025-07-16T20:54:30Z,2025-07-16 20:50:00+00:00,2025-07-16 20:55:00+00:00,5.045532287977673,275732225393.20447,10.4134,3161462249603.716,PSAB_d_2025-07-14
C7,PSAB,2025-07-16T20:54:30Z,2025-07-16T20:54:40Z,2025-07-16 20:50:00+00:00,2025-07-16 20:55:00+00:00,5.045532287977673,275732225393.20447,10.4134,3161462249603.716,PSAB_d_2025-07-14
C7,PSAB,2025-07-16T20:54:40Z,2025-07-16T20:54:50Z,2025-07-16 20:50:00+00:00,2025-07-16 20:55:00+00:00,5.045532287977673,275732225393.20447,10.4134,3161462249603.716,PSAB_d_2025-07-14
C7,PSAB,2025-07-16T20:54:50Z,2025-07-16T20:55:00Z,2025-07-16 20:50:00+00:00,2025-07-16 20:55:00+00:00,5.045532287977673,275732225393.20447,10.4134,3161462249603.716,PSAB_d_2025-07-14
C7,PSAB,2025-07-16T20:55:00Z,2025-07-16T20:55:10Z,2025-07-16 20:55:00+00:00,2025-07-16 21:00:00+00:00,0.2506802793218514,305605237340.1667,10.4134,3161462249603.716,PSAB_d_2025-07-14
C7,PSAB,2025-07-16T20:55:10Z,2025-07-16T20:55:20Z,2025-07-16 20:55:00+00:00,2025-07-16 21:00:00+00:00,4.720731534609113,267374840302.753,10.4134,3161462249603.716,PSAB_d_2025-07-14
C7,PSAB,2025-07-16T20:55:20Z,2025-07-16T20:55:30Z,2025-07-16 20:55:00+00:00,2025-07-16 21:00:00+00:00,5.045532287977673,275732225393.20447,10.4134,3161462249603.716,PSAB_d_2025-07-14
C7,PSAB,2025-07-16T20:55:30Z,2025-07-16T20:55:40Z,2025-07-16 20:55:00+00:00,2025-07-16 21:00:00+00:00,5.045532287977673,275732225393.20447,10.4134,3161462249603.716,PSAB_d_2025-07-14
C7,PSAB,2025-07-16T20:55:40Z,2025-07-16T20:55:50Z,2025-07-16 20:55:00+00:00,2025-07-16 21:00:00+00:00,5.045532287977673,275732225393.20447,10.4134,3161462249603.716,PSAB_d_2025-07-14
C7,PSAB,2025-07-16T20:55:50Z,2025-07-16T20:56:00Z,2025-07-16 20:55:00+00:00,2025-07-16 21:00:00+00:00,5.045532287977673,275732225393.20447,10.4134,3161462249603.716,PSAB_d_2025-07-14
C7,PSAB,2025-07-16T20:56:00Z,2025-07-16T20:56:10Z,2025-07-16 20:55:00+00:00,2025-07-16 21:00:00+00:00,5.045532287977673,275732225393.20447,10.4134,3161462249603.716,PSAB_d_2025-07-14
C7,PSAB,2025-07-16T20:56:10Z,2025-07-16T20:56:20Z,2025-07-16 20:55:00+00:00,2025-07-16 21:00:00+00:00,5.045532287977673,275732225393.20447,10.4134,3161462249603.716,PSAB_d_2025-07-14
C7,PSAB,2025-07-16T20:56:30Z,2025-07-16T20:56:40Z,2025-07-16 20:55:00+00:00,2025-07-16 21:00:00+00:00,5.045532287977673,275732225393.20447,10.4134,3161462249603.716,PSAB_d_2025-07-14
C7,PSAB,2025-07-16T20:56:40Z,2025-07-16T20:56:50Z,2025-07-16 20:55:00+00:00,2025-07-16 21:00:00+00:00,5.045532287977673,275732225393.20447,10.4134,3161462249603.716,PSAB_d_2025-07-14
C7,PSAB,2025-07-16T20:56:50Z,2025-07-16T20:57:00Z,2025-07-16 20:55:00+00:00,2025-07-16 21:00:00+00:00,5.045532287977673,275732225393.20447,10.4134,3161462249603.716,PSAB_d_2025-07-14
C7,PSAB,2025-07-16T20:57:00Z,2025-07-16T20:57:10Z,2025-07-16 20:55:00+00:00,2025-07-16 21:00:00+00:00,5.045532287977673,275732225393.20447,10.4134,3161462249603.716,PSAB_d_2025-07-14
C7,PSAB,2025-07-16T20:57:10Z,2025-07-16T20:57:20Z,2025-07-16 20:55:00+00:00,2025-07-16 21:00:00+00:00,5.045532287977673,275732225393.20447,10.4134,3161462249603.716,PSAB_d_2025-07-14
C7,PSAB,2025-07-16T20:57:20Z,2025-07-16T20:57:30Z,2025-07-16 20:55:00+00:00,2025-07-16 21:00:00+00:00,5.045532287977673,275732225393.20447,10.4134,3161462249603.716,PSAB_d_2025-07-14
C7,PSAB,2025-07-16T20:57:30Z,2025-07-16T20:57:40Z,2025-07-16 20:55:00+00:00,2025-07-16 21:00:00+00:00,5.045532287977673,275732225393.20447,10.4134,3161462249603.716,PSAB_d_2025-07-14
C7,PSAB,2025-07-16T20:57:40Z,2025-07-16T20:57:50Z,2025-07-16 20:55:00+00:00,2025-07-16 21:00:00+00:00,5.045532287977673,275732225393.20447,10.4134,3161462249603.716,PSAB_d_2025-07-14
C7,PSAB,2025-07-16T20:57:50Z,2025-07-16T20:58:00Z,2025-07-16 20:55:00+00:00,2025-07-16 21:00:00+00:00,5.045532287977673,275732225393.20447,10.4134,3161462249603.716,PSAB_d_2025-07-14
C7,PSAB,2025-07-16T20:58:00Z,2025-07-16T20:58:10Z,2025-07-16 20:55:00+00:00,2025-07-16 21:00:00+00:00,5.045532287977673,275732225393.20447,10.4134,3161462249603.716,PSAB_d_2025-07-14
C7,PSAB,2025-07-16T20:58:20Z,2025-07-16T20:58:30Z,2025-07-16 20:55:00+00:00,2025-07-16 21:00:00+00:00,5.045532287977673,275732225393.20447,10.4134,3161462249603.716,PSAB_d_2025-07-14
C7,PSAB,2025-07-16T20:58:30Z,2025-07-16T20:58:40Z,2025-07-16 20:55:00+00:00,2025-07-16 21:00:00+00:00,5.045532287977673,275732225393.20447,10.4134,3161462249603.716,PSAB_d_2025-07-14
C7,PSAB,2025-07-16T20:59:00Z,2025-07-16T20:59:10Z,2025-07-16 20:55:00+00:00,2025-07-16 21:00:00+00:00,5.045532287977673,275732225393.20447,10.4134,3161462249603.716,PSAB_d_2025-07-14
C7,PSAB,2025-07-16T20:59:10Z,2025-07-16T20:59:20Z,2025-07-16 20:55:00+00:00,2025-07-16 21:00:00+00:00,5.045532287977673,275732225393.20447,10.4134,3161462249603.716,PSAB_d_2025-07-14
C7,PPMA,2025-07-16T20:57:40Z,2025-07-16T20:57:50Z,2025-07-16 20:55:00+00:00,2025-07-16 21:00:00+00:00,1.7743222923511466,4751021171150.095,24.3766,4262592844214.596,PPMA_d_2025-07-14
C7,PPMA,2025-07-16T20:55:20Z,2025-07-16T20:55:30Z,2025-07-16 20:55:00+00:00,2025-07-16 21:00:00+00:00,3.7109208139422347,1848433885015.2266,24.3766,4262592844214.596,PPMA_d_2025-07-14
C7,PPMA,2025-07-16T20:55:30Z,2025-07-16T20:55:40Z,2025-07-16 20:55:00+00:00,2025-07-16 21:00:00+00:00,1.5834922627139094,1182881507186.3555,24.3766,4262592844214.596,PPMA_d_2025-07-14
C7,PPMA,2025-07-16T20:55:40Z,2025-07-16T20:55:50Z,2025-07-16 20:55:00+00:00,2025-07-16 21:00:00+00:00,3.3015663399165662,1544789852521.073,24.3766,4262592844214.596,PPMA_d_2025-07-14
C7,PSAB,2025-07-16T21:00:10Z,2025-07-16T21:00:20Z,2025-07-16 21:00:00+00:00,2025-07-16 21:05:00+00:00,0.2506802793218514,305605237340.1667,10.4134,3161462249603.716,PSAB_d_2025-07-14
C7,PSAB,2025-07-16T21:00:20Z,2025-07-16T21:00:30Z,2025-07-16 21:00:00+00:00,2025-07-16 21:05:00+00:00,4.720731534609113,267374840302.753,10.4134,3161462249603.716,PSAB_d_2025-07-14
C7,PSAB,2025-07-16T21:00:30Z,2025-07-16T21:00:40Z,2025-07-16 21:00:00+00:00,2025-07-16 21:05:00+00:00,5.045532287977673,275732225393.20447,10.4134,3161462249603.716,PSAB_d_2025-07-14
C7,PSAB,2025-07-16T21:00:40Z,2025-07-16T21:00:50Z,2025-07-16 21:00:00+00:00,2025-07-16 21:05:00+00:00,5.045532287977673,275732225393.20447,10.4134,3161462249603.716,PSAB_d_2025-07-14
C7,PSAB,2025-07-16T21:01:20Z,2025-07-16T21:01:30Z,2025-07-16 21:00:00+00:00,2025-07-16 21:05:00+00:00,5.045532287977673,275732225393.20447,10.4134,3161462249603.716,PSAB_d_2025-07-14
C7,PSAB,2025-07-16T21:01:30Z,2025-07-16T21:01:40Z,2025-07-16 21:00:00+00:00,2025-07-16 21:05:00+00:00,5.045532287977673,275732225393.20447,10.4134,3161462249603.716,PSAB_d_2025-07-14
C7,PSAB,2025-07-16T21:01:40Z,2025-07-16T21:01:50Z,2025-07-16 21:00:00+00:00,2025-07-16 21:05:00+00:00,5.045532287977673,275732225393.20447,10.4134,3161462249603.716,PSAB_d_2025-07-14
C7,PSAB,2025-07-16T21:01:50Z,2025-07-16T21:02:00Z,2025-07-16 21:00:00+00:00,2025-07-16 21:05:00+00:00,5.045532287977673,275732225393.20447,10.4134,3161462249603.716,PSAB_d_2025-07-14
C7,PSAB,2025-07-16T21:02:00Z,2025-07-16T21:02:10Z,2025-07-16 21:00:00+00:00,2025-07-16 21:05:00+00:00,5.045532287977673,275732225393.20447,10.4134,3161462249603.716,PSAB_d_2025-07-14
C7,PSAB,2025-07-16T21:02:10Z,2025-07-16T21:02:20Z,2025-07-16 21:00:00+00:00,2025-07-16 21:05:00+00:00,5.045532287977673,275732225393.20447,10.4134,3161462249603.716,PSAB_d_2025-07-14
C7,PSAB,2025-07-16T21:02:20Z,2025-07-16T21:02:30Z,2025-07-16 21:00:00+00:00,2025-07-16 21:05:00+00:00,5.045532287977673,275732225393.20447,10.4134,3161462249603.716,PSAB_d_2025-07-14
C7,PSAB,2025-07-16T21:02:30Z,2025-07-16T21:02:40Z,2025-07-16 21:00:00+00:00,2025-07-16 21:05:00+00:00,5.045532287977673,275732225393.20447,10.4134,3161462249603.716,PSAB_d_2025-07-14
C7,PSAB,2025-07-16T21:02:40Z,2025-07-16T21:02:50Z,2025-07-16 21:00:00+00:00,2025-07-16 21:05:00+00:00,5.045532287977673,275732225393.20447,10.4134,3161462249603.716,PSAB_d_2025-07-14
C7,PSAB,2025-07-16T21:02:50Z,2025-07-16T21:03:00Z,2025-07-16 21:00:00+00:00,2025-07-16 21:05:00+00:00,5.045532287977673,275732225393.20447,10.4134,3161462249603.716,PSAB_d_2025-07-14
C7,PSAB,2025-07-16T21:03:00Z,2025-07-16T21:03:10Z,2025-07-16 21:00:00+00:00,2025-07-16 21:05:00+00:00,5.045532287977673,275732225393.20447,10.4134,3161462249603.716,PSAB_d_2025-07-14
C7,PSAB,2025-07-16T21:03:10Z,2025-07-16T21:03:20Z,2025-07-16 21:00:00+00:00,2025-07-16 21:05:00+00:00,5.045532287977673,275732225393.20447,10.4134,3161462249603.716,PSAB_d_2025-07-14
C7,PSAB,2025-07-16T21:03:20Z,2025-07-16T21:03:30Z,2025-07-16 21:00:00+00:00,2025-07-16 21:05:00+00:00,5.045532287977673,275732225393.20447,10.4134,3161462249603.716,PSAB_d_2025-07-14
C7,PSAB,2025-07-16T21:03:30Z,2025-07-16T21:03:40Z,2025-07-16 21:00:00+00:00,2025-07-16 21:05:00+00:00,5.045532287977673,275732225393.20447,10.4134,3161462249603.716,PSAB_d_2025-07-14
C7,PSAB,2025-07-16T21:03:40Z,2025-07-16T21:03:50Z,2025-07-16 21:00:00+00:00,2025-07-16 21:05:00+00:00,5.045532287977673,275732225393.20447,10.4134,3161462249603.716,PSAB_d_2025-07-14
C7,PSAB,2025-07-16T21:03:50Z,2025-07-16T21:04:00Z,2025-07-16 21:00:00+00:00,2025-07-16 21:05:00+00:00,5.045532287977673,275732225393.20447,10.4134,3161462249603.716,PSAB_d_2025-07-14
C7,PSAB,2025-07-16T21:04:00Z,2025-07-16T21:04:10Z,2025-07-16 21:00:00+00:00,2025-07-16 21:05:00+00:00,5.045532287977673,275732225393.20447,10.4134,3161462249603.716,PSAB_d_2025-07-14
C7,PSAB,2025-07-16T21:04:10Z,2025-07-16T21:04:20Z,2025-07-16 21:00:00+00:00,2025-07-16 21:05:00+00:00,5.045532287977673,275732225393.20447,10.4134,3161462249603.716,PSAB_d_2025-07-14
C7,PSAB,2025-07-16T21:04:20Z,2025-07-16T21:04:30Z,2025-07-16 21:00:00+00:00,2025-07-16 21:05:00+00:00,5.045532287977673,275732225393.20447,10.4134,3161462249603.716,PSAB_d_2025-07-14
C7,PSAB,2025-07-16T21:04:30Z,2025-07-16T21:04:40Z,2025-07-16 21:00:00+00:00,2025-07-16 21:05:00+00:00,5.045532287977673,275732225393.20447,10.4134,3161462249603.716,PSAB_d_2025-07-14
C7,PSAB,2025-07-16T21:04:40Z,2025-07-16T21:04:50Z,2025-07-16 21:00:00+00:00,2025-07-16 21:05:00+00:00,5.045532287977673,275732225393.20447,10.4134,3161462249603.716,PSAB_d_2025-07-14
C7,PSAB,2025-07-16T21:04:50Z,2025-07-16T21:05:00Z,2025-07-16 21:00:00+00:00,2025-07-16 21:05:00+00:00,5.045532287977673,275732225393.20447,10.4134,3161462249603.716,PSAB_d_2025-07-14
C7,PPMA,2025-07-16T21:01:20Z,2025-07-16T21:01:30Z,2025-07-16 21:00:00+00:00,2025-07-16 21:05:00+00:00,1.7743222923511466,4751021171150.095,24.3766,4262592844214.596,PPMA_d_2025-07-14
C7,PPMA,2025-07-16T21:01:30Z,2025-07-16T21:01:40Z,2025-07-16 21:00:00+00:00,2025-07-16 21:05:00+00:00,3.7109208139422347,1848433885015.2266,24.3766,4262592844214.596,PPMA_d_2025-07-14
C7,PPMA,2025-07-16T21:01:40Z,2025-07-16T21:01:50Z,2025-07-16 21:00:00+00:00,2025-07-16 21:05:00+00:00,1.5834922627139094,1182881507186.3555,24.3766,4262592844214.596,PPMA_d_2025-07-14
C7,PPMA,2025-07-16T21:01:50Z,2025-07-16T21:02:00Z,2025-07-16 21:00:00+00:00,2025-07-16 21:05:00+00:00,3.3015663399165662,1544789852521.073,24.3766,4262592844214.596,PPMA_d_2025-07-14
C7,PPMA,2025-07-16T21:02:00Z,2025-07-16T21:02:10Z,2025-07-16 21:00:00+00:00,2025-07-16 21:05:00+00:00,2.4174114378895677,1766231331176.6714,24.3766,4262592844214.596,PPMA_d_2025-07-14
C7,PPMA,2025-07-16T21:02:10Z,2025-07-16T21:02:20Z,2025-07-16 21:00:00+00:00,2025-07-16 21:05:00+00:00,11.353823201117702,3758628550482.816,24.3766,4262592844214.596,PPMA_d_2025-07-14
C7,PPMA,2025-07-16T21:02:20Z,2025-07-16T21:02:30Z,2025-07-16 21:00:00+00:00,2025-07-16 21:05:00+00:00,1.4370508116983403,3203366585434.925,24.3766,4262592844214.596,PPMA_d_2025-07-14
C7,PPMA,2025-07-16T21:02:30Z,2025-07-16T21:02:40Z,2025-07-16 21:00:00+00:00,2025-07-16 21:05:00+00:00,6.158587950670227,2599897985215.863,24.3766,4262592844214.596,PPMA_d_2025-07-14
C7,PPMA,2025-07-16T21:02:40Z,2025-07-16T21:02:50Z,2025-07-16 21:00:00+00:00,2025-07-16 21:05:00+00:00,2.174022398342621,1992296141469.5586,24.3766,4262592844214.596,PPMA_d_2025-07-14
C7,PPMA,2025-07-16T21:02:50Z,2025-07-16T21:03:00Z,2025-07-16 21:00:00+00:00,2025-07-16 21:05:00+00:00,2.4651945269490914,3114115999843.17,24.3766,4262592844214.596,PPMA_d_2025-07-14
C7,PPMA,2025-07-16T21:03:00Z,2025-07-16T21:03:10Z,2025-07-16 21:00:00+00:00,2025-07-16 21:05:00+00:00,2.6023388496040223,2593606633707.817,24.3766,4262592844214.596,PPMA_d_2025-07-14
C7,PPMA,2025-07-16T21:03:10Z,2025-07-16T21:03:20Z,2025-07-16 21:00:00+00:00,2025-07-16 21:05:00+00:00,1.535490635563247,2449868235534.3184,24.3766,4262592844214.596,PPMA_d_2025-07-14
C7,PPMA,2025-07-16T21:03:20Z,2025-07-16T21:03:30Z,2025-07-16 21:00:00+00:00,2025-07-16 21:05:00+00:00,3.043494856897058,2186974831480.527,24.3766,4262592844214.596,PPMA_d_2025-07-14
C7,PPMA,2025-07-16T21:03:30Z,2025-07-16T21:03:40Z,2025-07-16 21:00:00+00:00,2025-07-16 21:05:00+00:00,12.169867177108898,4327496727027.7637,24.3766,4262592844214.596,PPMA_d_2025-07-14
C7,PPMA,2025-07-16T21:03:40Z,2025-07-16T21:03:50Z,2025-07-16 21:00:00+00:00,2025-07-16 21:05:00+00:00,4.49399662488864,3547292577193.2715,24.3766,4262592844214.596,PPMA_d_2025-07-14
C7,PPMA,2025-07-16T21:03:50Z,2025-07-16T21:04:00Z,2025-07-16 21:00:00+00:00,2025-07-16 21:05:00+00:00,1.6286213796555415,2249721025671.564,24.3766,4262592844214.596,PPMA_d_2025-07-14
C7,PPMA,2025-07-16T21:04:00Z,2025-07-16T21:04:10Z,2025-07-16 21:00:00+00:00,2025-07-16 21:05:00+00:00,0.49356001952933054,939370276448.635,24.3766,4262592844214.596,PPMA_d_2025-07-14
C7,PPMA,2025-07-16T21:04:10Z,2025-07-16T21:04:20Z,2025-07-16 21:00:00+00:00,2025-07-16 21:05:00+00:00,0.8122796216759274,389594897592.9749,24.3766,4262592844214.596,PPMA_d_2025-07-14
C7,PPMA,2025-07-16T21:04:20Z,2025-07-16T21:04:30Z,2025-07-16 21:00:00+00:00,2025-07-16 21:05:00+00:00,0.8122796216759274,389594897592.9749,24.3766,4262592844214.596,PPMA_d_2025-07-14
C7,PPMA,2025-07-16T21:04:30Z,2025-07-16T21:04:40Z,2025-07-16 21:00:00+00:00,2025-07-16 21:05:00+00:00,0.8122796216759274,389594897592.9749,24.3766,4262592844214.596,PPMA_d_2025-07-14
C7,PPMA,2025-07-16T21:04:40Z,2025-07-16T21:04:50Z,2025-07-16 21:00:00+00:00,2025-07-16 21:05:00+00:00,0.8122796216759274,389594897592.9749,24.3766,4262592844214.596,PPMA_d_2025-07-14
C7,PPMA,2025-07-16T21:04:50Z,2025-07-16T21:05:00Z,2025-07-16 21:00:00+00:00,2025-07-16 21:05:00+00:00,0.8122796216759274,389594897592.9749,24.3766,4262592844214.596,PPMA_d_2025-07-14
C7,PSAB,2025-07-16T21:05:00Z,2025-07-16T21:05:10Z,2025-07-16 21:05:00+00:00,2025-07-16 21:10:00+00:00,0.2506802793218514,305605237340.1667,10.4134,3161462249603.716,PSAB_d_2025-07-14
C7,PSAB,2025-07-16T21:05:10Z,2025-07-16T21:05:20Z,2025-07-16 21:05:00+00:00,2025-07-16 21:10:00+00:00,4.720731534609113,267374840302.753,10.4134,3161462249603.716,PSAB_d_2025-07-14
C7,PSAB,2025-07-16T21:05:20Z,2025-07-16T21:05:30Z,2025-07-16 21:05:00+00:00,2025-07-16 21:10:00+00:00,5.045532287977673,275732225393.20447,10.4134,3161462249603.716,PSAB_d_2025-07-14
C7,PSAB,2025-07-16T21:05:30Z,2025-07-16T21:05:40Z,2025-07-16 21:05:00+00:00,2025-07-16 21:10:00+00:00,5.045532287977673,275732225393.20447,10.4134,3161462249603.716,PSAB_d_2025-07-14
C7,PSAB,2025-07-16T21:05:40Z,2025-07-16T21:05:50Z,2025-07-16 21:05:00+00:00,2025-07-16 21:10:00+00:00,5.045532287977673,275732225393.20447,10.4134,3161462249603.716,PSAB_d_2025-07-14
C7,PSAB,2025-07-16T21:05:50Z,2025-07-16T21:06:00Z,2025-07-16 21:05:00+00:00,2025-07-16 21:10:00+00:00,5.045532287977673,275732225393.20447,10.4134,3161462249603.716,PSAB_d_2025-07-14
C7,PSAB,2025-07-16T21:06:00Z,2025-07-16T21:06:10Z,2025-07-16 21:05:00+00:00,2025-07-16 21:10:00+00:00,5.045532287977673,275732225393.20447,10.4134,3161462249603.716,PSAB_d_2025-07-14
C7,PSAB,2025-07-16T21:06:10Z,2025-07-16T21:06:20Z,2025-07-16 21:05:00+00:00,2025-07-16 21:10:00+00:00,5.045532287977673,275732225393.20447,10.4134,3161462249603.716,PSAB_d_2025-07-14
C7,PSAB,2025-07-16T21:06:20Z,2025-07-16T21:06:30Z,2025-07-16 21:05:00+00:00,2025-07-16 21:10:00+00:00,5.045532287977673,275732225393.20447,10.4134,3161462249603.716,PSAB_d_2025-07-14
C7,PSAB,2025-07-16T21:06:30Z,2025-07-16T21:06:40Z,2025-07-16 21:05:00+00:00,2025-07-16 21:10:00+00:00,5.045532287977673,275732225393.20447,10.4134,3161462249603.716,PSAB_d_2025-07-14
C7,PSAB,2025-07-16T21:06:40Z,2025-07-16T21:06:50Z,2025-07-16 21:05:00+00:00,2025-07-16 21:10:00+00:00,5.045532287977673,275732225393.20447,10.4134,3161462249603.716,PSAB_d_2025-07-14
C7,PSAB,2025-07-16T21:06:50Z,2025-07-16T21:07:00Z,2025-07-16 21:05:00+00:00,2025-07-16 21:10:00+00:00,5.045532287977673,275732225393.20447,10.4134,3161462249603.716,PSAB_d_2025-07-14
C7,PSAB,2025-07-16T21:07:00Z,2025-07-16T21:07:10Z,2025-07-16 21:05:00+00:00,2025-07-16 21:10:00+00:00,5.045532287977673,275732225393.20447,10.4134,3161462249603.716,PSAB_d_2025-07-14
C7,PSAB,2025-07-16T21:07:10Z,2025-07-16T21:07:20Z,2025-07-16 21:05:00+00:00,2025-07-16 21:10:00+00:00,5.045532287977673,275732225393.20447,10.4134,3161462249603.716,PSAB_d_2025-07-14
C7,PSAB,2025-07-16T21:07:20Z,2025-07-16T21:07:30Z,2025-07-16 21:05:00+00:00,2025-07-16 21:10:00+00:00,5.045532287977673,275732225393.20447,10.4134,3161462249603.716,PSAB_d_2025-07-14
C7,PSAB,2025-07-16T21:07:30Z,2025-07-16T21:07:40Z,2025-07-16 21:05:00+00:00,2025-07-16 21:10:00+00:00,5.045532287977673,275732225393.20447,10.4134,3161462249603.716,PSAB_d_2025-07-14
C7,PSAB,2025-07-16T21:07:40Z,2025-07-16T21:07:50Z,2025-07-16 21:05:00+00:00,2025-07-16 21:10:00+00:00,5.045532287977673,275732225393.20447,10.4134,3161462249603.716,PSAB_d_2025-07-14
C7,PSAB,2025-07-16T21:07:50Z,2025-07-16T21:08:00Z,2025-07-16 21:05:00+00:00,2025-07-16 21:10:00+00:00,5.045532287977673,275732225393.20447,10.4134,3161462249603.716,PSAB_d_2025-07-14
C7,PSAB,2025-07-16T21:08:00Z,2025-07-16T21:08:10Z,2025-07-16 21:05:00+00:00,2025-07-16 21:10:00+00:00,5.045532287977673,275732225393.20447,10.4134,3161462249603.716,PSAB_d_2025-07-14
C7,PSAB,2025-07-16T21:08:10Z,2025-07-16T21:08:20Z,2025-07-16 21:05:00+00:00,2025-07-16 21:10:00+00:00,5.045532287977673,275732225393.20447,10.4134,3161462249603.716,PSAB_d_2025-07-14
C7,PSAB,2025-07-16T21:08:20Z,2025-07-16T21:08:30Z,2025-07-16 21:05:00+00:00,2025-07-16 21:10:00+00:00,5.045532287977673,275732225393.20447,10.4134,3161462249603.716,PSAB_d_2025-07-14
C7,PSAB,2025-07-16T21:08:30Z,2025-07-16T21:08:40Z,2025-07-16 21:05:00+00:00,2025-07-16 21:10:00+00:00,5.045532287977673,275732225393.20447,10.4134,3161462249603.716,PSAB_d_2025-07-14
C7,PSAB,2025-07-16T21:08:40Z,2025-07-16T21:08:50Z,2025-07-16 21:05:00+00:00,2025-07-16 21:10:00+00:00,5.045532287977673,275732225393.20447,10.4134,3161462249603.716,PSAB_d_2025-07-14
C7,PSAB,2025-07-16T21:08:50Z,2025-07-16T21:09:00Z,2025-07-16 21:05:00+00:00,2025-07-16 21:10:00+00:00,5.045532287977673,275732225393.20447,10.4134,3161462249603.716,PSAB_d_2025-07-14
C7,PSAB,2025-07-16T21:09:00Z,2025-07-16T21:09:10Z,2025-07-16 21:05:00+00:00,2025-07-16 21:10:00+00:00,5.045532287977673,275732225393.20447,10.4134,3161462249603.716,PSAB_d_2025-07-14
C7,PSAB,2025-07-16T21:09:10Z,2025-07-16T21:09:20Z,2025-07-16 21:05:00+00:00,2025-07-16 21:10:00+00:00,5.045532287977673,275732225393.20447,10.4134,3161462249603.716,PSAB_d_2025-07-14
C7,PSAB,2025-07-16T21:09:20Z,2025-07-16T21:09:30Z,2025-07-16 21:05:00+00:00,2025-07-16 21:10:00+00:00,5.045532287977673,275732225393.20447,10.4134,3161462249603.716,PSAB_d_2025-07-14
C7,PSAB,2025-07-16T21:09:30Z,2025-07-16T21:09:40Z,2025-07-16 21:05:00+00:00,2025-07-16 21:10:00+00:00,5.045532287977673,275732225393.20447,10.4134,3161462249603.716,PSAB_d_2025-07-14
C7,PSAB,2025-07-16T21:09:40Z,2025-07-16T21:09:50Z,2025-07-16 21:05:00+00:00,2025-07-16 21:10:00+00:00,5.045532287977673,275732225393.20447,10.4134,3161462249603.716,PSAB_d_2025-07-14
C7,PSAB,2025-07-16T21:09:50Z,2025-07-16T21:10:00Z,2025-07-16 21:05:00+00:00,2025-07-16 21:10:00+00:00,5.045532287977673,275732225393.20447,10.4134,3161462249603.716,PSAB_d_2025-07-14
C7,PPMA,2025-07-16T21:05:00Z,2025-07-16T21:05:10Z,2025-07-16 21:05:00+00:00,2025-07-16 21:10:00+00:00,1.7743222923511466,4751021171150.095,24.3766,4262592844214.596,PPMA_d_2025-07-14
C7,PPMA,2025-07-16T21:05:10Z,2025-07-16T21:05:20Z,2025-07-16 21:05:00+00:00,2025-07-16 21:10:00+00:00,3.7109208139422347,1848433885015.2266,24.3766,4262592844214.596,PPMA_d_2025-07-14
C7,PPMA,2025-07-16T21:05:20Z,2025-07-16T21:05:30Z,2025-07-16 21:05:00+00:00,2025-07-16 21:10:00+00:00,1.5834922627139094,1182881507186.3555,24.3766,4262592844214.596,PPMA_d_2025-07-14
C7,PPMA,2025-07-16T21:05:30Z,2025-07-16T21:05:40Z,2025-07-16 21:05:00+00:00,2025-07-16 21:10:00+00:00,3.3015663399165662,1544789852521.073,24.3766,4262592844214.596,PPMA_d_2025-07-14
C7,PPMA,2025-07-16T21:05:40Z,2025-07-16T21:05:50Z,2025-07-16 21:05:00+00:00,2025-07-16 21:10:00+00:00,2.4174114378895677,1766231331176.6714,24.3766,4262592844214.596,PPMA_d_2025-07-14
C7,PPMA,2025-07-16T21:05:50Z,2025-07-16T21:06:00Z,2025-07-16 21:05:00+00:00,2025-07-16 21:10:00+00:00,11.353823201117702,3758628550482.816,24.3766,4262592844214.596,PPMA_d_2025-07-14
C7,PPMA,2025-07-16T21:06:00Z,2025-07-16T21:06:10Z,2025-07-16 21:05:00+00:00,2025-07-16 21:10:00+00:00,1.4370508116983403,3203366585434.925,24.3766,4262592844214.596,PPMA_d_2025-07-14
C7,PPMA,2025-07-16T21:06:10Z,2025-07-16T21:06:20Z,2025-07-16 21:05:00+00:00,2025-07-16 21:10:00+00:00,6.158587950670227,2599897985215.863,24.3766,4262592844214.596,PPMA_d_2025-07-14
C7,PPMA,2025-07-16T21:06:20Z,2025-07-16T21:06:30Z,2025-07-16 21:05:00+00:00,2025-07-16 21:10:00+00:00,2.174022398342621,1992296141469.5586,24.3766,4262592844214.596,PPMA_d_2025-07-14
C7,PPMA,2025-07-16T21:06:30Z,2025-07-16T21:06:40Z,2025-07-16 21:05:00+00:00,2025-07-16 21:10:00+00:00,2.4651945269490914,3114115999843.17,24.3766,4262592844214.596,PPMA_d_2025-07-14
C7,PPMA,2025-07-16T21:06:40Z,2025-07-16T21:06:50Z,2025-07-16 21:05:00+00:00,2025-07-16 21:10:00+00:00,2.6023388496040223,2593606633707.817,24.3766,4262592844214.596,PPMA_d_2025-07-14
C7,PPMA,2025-07-16T21:06:50Z,2025-07-16T21:07:00Z,2025-07-16 21:05:00+00:00,2025-07-16 21:10:00+00:00,1.535490635563247,2449868235534.3184,24.3766,4262592844214.596,PPMA_d_2025-07-14
C7,PPMA,2025-07-16T21:07:10Z,2025-07-16T21:07:20Z,2025-07-16 21:05:00+00:00,2025-07-16 21:10:00+00:00,3.043494856897058,2186974831480.527,24.3766,4262592844214.596,PPMA_d_2025-07-14
C7,PPMA,2025-07-16T21:07:20Z,2025-07-16T21:07:30Z,2025-07-16 21:05:00+00:00,2025-07-16 21:10:00+00:00,12.169867177108898,4327496727027.7637,24.3766,4262592844214.596,PPMA_d_2025-07-14
C7,PPMA,2025-07-16T21:07:30Z,2025-07-16T21:07:40Z,2025-07-16 21:05:00+00:00,2025-07-16 21:10:00+00:00,4.49399662488864,3547292577193.2715,24.3766,4262592844214.596,PPMA_d_2025-07-14
C7,PPMA,2025-07-16T21:07:40Z,2025-07-16T21:07:50Z,2025-07-16 21:05:00+00:00,2025-07-16 21:10:00+00:00,1.6286213796555415,2249721025671.564,24.3766,4262592844214.596,PPMA_d_2025-07-14
C7,PPMA,2025-07-16T21:07:50Z,2025-07-16T21:08:00Z,2025-07-16 21:05:00+00:00,2025-07-16 21:10:00+00:00,0.49356001952933054,939370276448.635,24.3766,4262592844214.596,PPMA_d_2025-07-14
C7,PPMA,2025-07-16T21:08:00Z,2025-07-16T21:08:10Z,2025-07-16 21:05:00+00:00,2025-07-16 21:10:00+00:00,0.8122796216759274,389594897592.9749,24.3766,4262592844214.596,PPMA_d_2025-07-14
C7,PPMA,2025-07-16T21:08:10Z,2025-07-16T21:08:20Z,2025-07-16 21:05:00+00:00,2025-07-16 21:10:00+00:00,0.8122796216759274,389594897592.9749,24.3766,4262592844214.596,PPMA_d_2025-07-14
C7,PPMA,2025-07-16T21:08:20Z,2025-07-16T21:08:30Z,2025-07-16 21:05:00+00:00,2025-07-16 21:10:00+00:00,0.8122796216759274,389594897592.9749,24.3766,4262592844214.596,PPMA_d_2025-07-14
C7,PPMA,2025-07-16T21:08:30Z,2025-07-16T21:08:40Z,2025-07-16 21:05:00+00:00,2025-07-16 21:10:00+00:00,0.8122796216759274,389594897592.9749,24.3766,4262592844214.596,PPMA_d_2025-07-14
C7,PPMA,2025-07-16T21:08:40Z,2025-07-16T21:08:50Z,2025-07-16 21:05:00+00:00,2025-07-16 21:10:00+00:00,0.8122796216759274,389594897592.9749,24.3766,4262592844214.596,PPMA_d_2025-07-14
C7,PPMA,2025-07-16T21:08:50Z,2025-07-16T21:09:00Z,2025-07-16 21:05:00+00:00,2025-07-16 21:10:00+00:00,0.8122796216759274,389594897592.9749,24.3766,4262592844214.596,PPMA_d_2025-07-14
C7,PPMA,2025-07-16T21:09:00Z,2025-07-16T21:09:10Z,2025-07-16 21:05:00+00:00,2025-07-16 21:10:00+00:00,0.8122796216759274,389594897592.9749,24.3766,4262592844214.596,PPMA_d_2025-07-14
C7,PPMA,2025-07-16T21:09:10Z,2025-07-16T21:09:20Z,2025-07-16 21:05:00+00:00,2025-07-16 21:10:00+00:00,0.8122796216759274,389594897592.9749,24.3766,4262592844214.596,PPMA_d_2025-07-14
C7,PPMA,2025-07-16T21:09:20Z,2025-07-16T21:09:30Z,2025-07-16 21:05:00+00:00,2025-07-16 21:10:00+00:00,0.8122796216759274,389594897592.9749,24.3766,4262592844214.596,PPMA_d_2025-07-14
C7,PPMA,2025-07-16T21:09:40Z,2025-07-16T21:09:50Z,2025-07-16 21:05:00+00:00,2025-07-16 21:10:00+00:00,0.8122796216759274,389594897592.9749,24.3766,4262592844214.596,PPMA_d_2025-07-14
C7,PPMA,2025-07-16T21:09:50Z,2025-07-16T21:10:00Z,2025-07-16 21:05:00+00:00,2025-07-16 21:10:00+00:00,0.8122796216759274,389594897592.9749,24.3766,4262592844214.596,PPMA_d_2025-07-14
C7,PPMA,2025-07-16T21:10:10Z,2025-07-16T21:10:20Z,2025-07-16 21:10:00+00:00,2025-07-16 21:15:00+00:00,1.7743222923511466,4751021171150.095,24.3766,4262592844214.596,PPMA_d_2025-07-14
C7,PPMA,2025-07-16T21:10:30Z,2025-07-16T21:10:40Z,2025-07-16 21:10:00+00:00,2025-07-16 21:15:00+00:00,3.7109208139422347,1848433885015.2266,24.3766,4262592844214.596,PPMA_d_2025-07-14
C7,PPMA,2025-07-16T21:10:40Z,2025-07-16T21:10:50Z,2025-07-16 21:10:00+00:00,2025-07-16 21:15:00+00:00,1.5834922627139094,1182881507186.3555,24.3766,4262592844214.596,PPMA_d_2025-07-14
C7,PPMA,2025-07-16T21:10:50Z,2025-07-16T21:11:00Z,2025-07-16 21:10:00+00:00,2025-07-16 21:15:00+00:00,3.3015663399165662,1544789852521.073,24.3766,4262592844214.596,PPMA_d_2025-07-14
C7,PPMA,2025-07-16T21:11:00Z,2025-07-16T21:11:10Z,2025-07-16 21:10:00+00:00,2025-07-16 21:15:00+00:00,2.4174114378895677,1766231331176.6714,24.3766,4262592844214.596,PPMA_d_2025-07-14
C7,PPMA,2025-07-16T21:11:10Z,2025-07-16T21:11:20Z,2025-07-16 21:10:00+00:00,2025-07-16 21:15:00+00:00,11.353823201117702,3758628550482.816,24.3766,4262592844214.596,PPMA_d_2025-07-14
C7,PPMA,2025-07-16T21:11:20Z,2025-07-16T21:11:30Z,2025-07-16 21:10:00+00:00,2025-07-16 21:15:00+00:00,1.4370508116983403,3203366585434.925,24.3766,4262592844214.596,PPMA_d_2025-07-14
C7,PPMA,2025-07-16T21:11:30Z,2025-07-16T21:11:40Z,2025-07-16 21:10:00+00:00,2025-07-16 21:15:00+00:00,6.158587950670227,2599897985215.863,24.3766,4262592844214.596,PPMA_d_2025-07-14
C7,PPMA,2025-07-16T21:11:40Z,2025-07-16T21:11:50Z,2025-07-16 21:10:00+00:00,2025-07-16 21:15:00+00:00,2.174022398342621,1992296141469.5586,24.3766,4262592844214.596,PPMA_d_2025-07-14
C7,PPMA,2025-07-16T21:11:50Z,2025-07-16T21:12:00Z,2025-07-16 21:10:00+00:00,2025-07-16 21:15:00+00:00,2.4651945269490914,3114115999843.17,24.3766,4262592844214.596,PPMA_d_2025-07-14
C7,PPMA,2025-07-16T21:12:10Z,2025-07-16T21:12:20Z,2025-07-16 21:10:00+00:00,2025-07-16 21:15:00+00:00,2.6023388496040223,2593606633707.817,24.3766,4262592844214.596,PPMA_d_2025-07-14
C7,PPMA,2025-07-16T21:12:20Z,2025-07-16T21:12:30Z,2025-07-16 21:10:00+00:00,2025-07-16 21:15:00+00:00,1.535490635563247,2449868235534.3184,24.3766,4262592844214.596,PPMA_d_2025-07-14
C7,PPMA,2025-07-16T21:12:40Z,2025-07-16T21:12:50Z,2025-07-16 21:10:00+00:00,2025-07-16 21:15:00+00:00,3.043494856897058,2186974831480.527,24.3766,4262592844214.596,PPMA_d_2025-07-14
C7,PPMA,2025-07-16T21:12:50Z,2025-07-16T21:13:00Z,2025-07-16 21:10:00+00:00,2025-07-16 21:15:00+00:00,12.169867177108898,4327496727027.7637,24.3766,4262592844214.596,PPMA_d_2025-07-14
C7,PPMA,2025-07-16T21:13:00Z,2025-07-16T21:13:10Z,2025-07-16 21:10:00+00:00,2025-07-16 21:15:00+00:00,4.49399662488864,3547292577193.2715,24.3766,4262592844214.596,PPMA_d_2025-07-14
C7,PPMA,2025-07-16T21:13:10Z,2025-07-16T21:13:20Z,2025-07-16 21:10:00+00:00,2025-07-16 21:15:00+00:00,1.6286213796555415,2249721025671.564,24.3766,4262592844214.596,PPMA_d_2025-07-14
C7,PPMA,2025-07-16T21:13:20Z,2025-07-16T21:13:30Z,2025-07-16 21:10:00+00:00,2025-07-16 21:15:00+00:00,0.49356001952933054,939370276448.635,24.3766,4262592844214.596,PPMA_d_2025-07-14
C7,PPMA,2025-07-16T21:13:40Z,2025-07-16T21:13:50Z,2025-07-16 21:10:00+00:00,2025-07-16 21:15:00+00:00,0.8122796216759274,389594897592.9749,24.3766,4262592844214.596,PPMA_d_2025-07-14
C7,PPMA,2025-07-16T21:13:50Z,2025-07-16T21:14:00Z,2025-07-16 21:10:00+00:00,2025-07-16 21:15:00+00:00,0.8122796216759274,389594897592.9749,24.3766,4262592844214.596,PPMA_d_2025-07-14
C7,PPMA,2025-07-16T21:14:10Z,2025-07-16T21:14:20Z,2025-07-16 21:10:00+00:00,2025-07-16 21:15:00+00:00,0.8122796216759274,389594897592.9749,24.3766,4262592844214.596,PPMA_d_2025-07-14
C7,PPMA,2025-07-16T21:14:20Z,2025-07-16T21:14:30Z,2025-07-16 21:10:00+00:00,2025-07-16 21:15:00+00:00,0.8122796216759274,389594897592.9749,24.3766,4262592844214.596,PPMA_d_2025-07-14
C7,PPMA,2025-07-16T21:14:30Z,2025-07-16T21:14:40Z,2025-07-16 21:10:00+00:00,2025-07-16 21:15:00+00:00,0.8122796216759274,389594897592.9749,24.3766,4262592844214.596,PPMA_d_2025-07-14
C7,PPMA,2025-07-16T21:14:40Z,2025-07-16T21:14:50Z,2025-07-16 21:10:00+00:00,2025-07-16 21:15:00+00:00,0.8122796216759274,389594897592.9749,24.3766,4262592844214.596,PPMA_d_2025-07-14
C7,PPMA,2025-07-16T21:14:50Z,2025-07-16T21:15:00Z,2025-07-16 21:10:00+00:00,2025-07-16 21:15:00+00:00,0.8122796216759274,389594897592.9749,24.3766,4262592844214.596,PPMA_d_2025-07-14
C7,PSAB,2025-07-16T21:10:10Z,2025-07-16T21:10:20Z,2025-07-16 21:10:00+00:00,2025-07-16 21:15:00+00:00,0.2506802793218514,305605237340.1667,10.4134,3161462249603.716,PSAB_d_2025-07-14
C7,PSAB,2025-07-16T21:10:20Z,2025-07-16T21:10:30Z,2025-07-16 21:10:00+00:00,2025-07-16 21:15:00+00:00,4.720731534609113,267374840302.753,10.4134,3161462249603.716,PSAB_d_2025-07-14
C7,PSAB,2025-07-16T21:10:30Z,2025-07-16T21:10:40Z,2025-07-16 21:10:00+00:00,2025-07-16 21:15:00+00:00,5.045532287977673,275732225393.20447,10.4134,3161462249603.716,PSAB_d_2025-07-14
C7,PSAB,2025-07-16T21:10:40Z,2025-07-16T21:10:50Z,2025-07-16 21:10:00+00:00,2025-07-16 21:15:00+00:00,5.045532287977673,275732225393.20447,10.4134,3161462249603.716,PSAB_d_2025-07-14
C7,PSAB,2025-07-16T21:10:50Z,2025-07-16T21:11:00Z,2025-07-16 21:10:00+00:00,2025-07-16 21:15:00+00:00,5.045532287977673,275732225393.20447,10.4134,3161462249603.716,PSAB_d_2025-07-14
C7,PSAB,2025-07-16T21:11:00Z,2025-07-16T21:11:10Z,2025-07-16 21:10:00+00:00,2025-07-16 21:15:00+00:00,5.045532287977673,275732225393.20447,10.4134,3161462249603.716,PSAB_d_2025-07-14
C7,PSAB,2025-07-16T21:11:10Z,2025-07-16T21:11:20Z,2025-07-16 21:10:00+00:00,2025-07-16 21:15:00+00:00,5.045532287977673,275732225393.20447,10.4134,3161462249603.716,PSAB_d_2025-07-14
C7,PSAB,2025-07-16T21:11:20Z,2025-07-16T21:11:30Z,2025-07-16 21:10:00+00:00,2025-07-16 21:15:00+00:00,5.045532287977673,275732225393.20447,10.4134,3161462249603.716,PSAB_d_2025-07-14
C7,PSAB,2025-07-16T21:11:30Z,2025-07-16T21:11:40Z,2025-07-16 21:10:00+00:00,2025-07-16 21:15:00+00:00,5.045532287977673,275732225393.20447,10.4134,3161462249603.716,PSAB_d_2025-07-14
C7,PSAB,2025-07-16T21:11:40Z,2025-07-16T21:11:50Z,2025-07-16 21:10:00+00:00,2025-07-16 21:15:00+00:00,5.045532287977673,275732225393.20447,10.4134,3161462249603.716,PSAB_d_2025-07-14
C7,PSAB,2025-07-16T21:11:50Z,2025-07-16T21:12:00Z,2025-07-16 21:10:00+00:00,2025-07-16 21:15:00+00:00,5.045532287977673,275732225393.20447,10.4134,3161462249603.716,PSAB_d_2025-07-14
C7,PSAB,2025-07-16T21:12:00Z,2025-07-16T21:12:10Z,2025-07-16 21:10:00+00:00,2025-07-16 21:15:00+00:00,5.045532287977673,275732225393.20447,10.4134,3161462249603.716,PSAB_d_2025-07-14
C7,PSAB,2025-07-16T21:12:10Z,2025-07-16T21:12:20Z,2025-07-16 21:10:00+00:00,2025-07-16 21:15:00+00:00,5.045532287977673,275732225393.20447,10.4134,3161462249603.716,PSAB_d_2025-07-14
C7,PSAB,2025-07-16T21:12:20Z,2025-07-16T21:12:30Z,2025-07-16 21:10:00+00:00,2025-07-16 21:15:00+00:00,5.045532287977673,275732225393.20447,10.4134,3161462249603.716,PSAB_d_2025-07-14
C7,PSAB,2025-07-16T21:12:30Z,2025-07-16T21:12:40Z,2025-07-16 21:10:00+00:00,2025-07-16 21:15:00+00:00,5.045532287977673,275732225393.20447,10.4134,3161462249603.716,PSAB_d_2025-07-14
C7,PSAB,2025-07-16T21:12:40Z,2025-07-16T21:12:50Z,2025-07-16 21:10:00+00:00,2025-07-16 21:15:00+00:00,5.045532287977673,275732225393.20447,10.4134,3161462249603.716,PSAB_d_2025-07-14
C7,PSAB,2025-07-16T21:12:50Z,2025-07-16T21:13:00Z,2025-07-16 21:10:00+00:00,2025-07-16 21:15:00+00:00,5.045532287977673,275732225393.20447,10.4134,3161462249603.716,PSAB_d_2025-07-14
C7,PSAB,2025-07-16T21:13:00Z,2025-07-16T21:13:10Z,2025-07-16 21:10:00+00:00,2025-07-16 21:15:00+00:00,5.045532287977673,275732225393.20447,10.4134,3161462249603.716,PSAB_d_2025-07-14
C7,PSAB,2025-07-16T21:13:10Z,2025-07-16T21:13:20Z,2025-07-16 21:10:00+00:00,2025-07-16 21:15:00+00:00,5.045532287977673,275732225393.20447,10.4134,3161462249603.716,PSAB_d_2025-07-14
C7,PSAB,2025-07-16T21:13:20Z,2025-07-16T21:13:30Z,2025-07-16 21:10:00+00:00,2025-07-16 21:15:00+00:00,5.045532287977673,275732225393.20447,10.4134,3161462249603.716,PSAB_d_2025-07-14
C7,PSAB,2025-07-16T21:13:30Z,2025-07-16T21:13:40Z,2025-07-16 21:10:00+00:00,2025-07-16 21:15:00+00:00,5.045532287977673,275732225393.20447,10.4134,3161462249603.716,PSAB_d_2025-07-14
C7,PSAB,2025-07-16T21:13:40Z,2025-07-16T21:13:50Z,2025-07-16 21:10:00+00:00,2025-07-16 21:15:00+00:00,5.045532287977673,275732225393.20447,10.4134,3161462249603.716,PSAB_d_2025-07-14
C7,PSAB,2025-07-16T21:13:50Z,2025-07-16T21:14:00Z,2025-07-16 21:10:00+00:00,2025-07-16 21:15:00+00:00,5.045532287977673,275732225393.20447,10.4134,3161462249603.716,PSAB_d_2025-07-14
C7,PSAB,2025-07-16T21:14:10Z,2025-07-16T21:14:20Z,2025-07-16 21:10:00+00:00,2025-07-16 21:15:00+00:00,5.045532287977673,275732225393.20447,10.4134,3161462249603.716,PSAB_d_2025-07-14
C7,PSAB,2025-07-16T21:14:20Z,2025-07-16T21:14:30Z,2025-07-16 21:10:00+00:00,2025-07-16 21:15:00+00:00,5.045532287977673,275732225393.20447,10.4134,3161462249603.716,PSAB_d_2025-07-14
C7,PSAB,2025-07-16T21:14:30Z,2025-07-16T21:14:40Z,2025-07-16 21:10:00+00:00,2025-07-16 21:15:00+00:00,5.045532287977673,275732225393.20447,10.4134,3161462249603.716,PSAB_d_2025-07-14
C7,PSAB,2025-07-16T21:14:40Z,2025-07-16T21:14:50Z,2025-07-16 21:10:00+00:00,2025-07-16 21:15:00+00:00,5.045532287977673,275732225393.20447,10.4134,3161462249603.716,PSAB_d_2025-07-14
C7,PSAB,2025-07-16T21:14:50Z,2025-07-16T21:15:00Z,2025-07-16 21:10:00+00:00,2025-07-16 21:15:00+00:00,5.045532287977673,275732225393.20447,10.4134,3161462249603.716,PSAB_d_2025-07-14
C7,PPMA,2025-07-16T21:15:10Z,2025-07-16T21:15:20Z,2025-07-16 21:15:00+00:00,2025-07-16 21:20:00+00:00,1.7743222923511466,4751021171150.095,24.3766,4262592844214.596,PPMA_d_2025-07-14
C7,PPMA,2025-07-16T21:15:20Z,2025-07-16T21:15:30Z,2025-07-16 21:15:00+00:00,2025-07-16 21:20:00+00:00,3.7109208139422347,1848433885015.2266,24.3766,4262592844214.596,PPMA_d_2025-07-14
C7,PPMA,2025-07-16T21:15:30Z,2025-07-16T21:15:40Z,2025-07-16 21:15:00+00:00,2025-07-16 21:20:00+00:00,1.5834922627139094,1182881507186.3555,24.3766,4262592844214.596,PPMA_d_2025-07-14
C7,PPMA,2025-07-16T21:15:40Z,2025-07-16T21:15:50Z,2025-07-16 21:15:00+00:00,2025-07-16 21:20:00+00:00,3.3015663399165662,1544789852521.073,24.3766,4262592844214.596,PPMA_d_2025-07-14
C7,PPMA,2025-07-16T21:15:50Z,2025-07-16T21:16:00Z,2025-07-16 21:15:00+00:00,2025-07-16 21:20:00+00:00,2.4174114378895677,1766231331176.6714,24.3766,4262592844214.596,PPMA_d_2025-07-14
C7,PPMA,2025-07-16T21:16:00Z,2025-07-16T21:16:10Z,2025-07-16 21:15:00+00:00,2025-07-16 21:20:00+00:00,11.353823201117702,3758628550482.816,24.3766,4262592844214.596,PPMA_d_2025-07-14
C7,PPMA,2025-07-16T21:16:10Z,2025-07-16T21:16:20Z,2025-07-16 21:15:00+00:00,2025-07-16 21:20:00+00:00,1.4370508116983403,3203366585434.925,24.3766,4262592844214.596,PPMA_d_2025-07-14
C7,PPMA,2025-07-16T21:16:20Z,2025-07-16T21:16:30Z,2025-07-16 21:15:00+00:00,2025-07-16 21:20:00+00:00,6.158587950670227,2599897985215.863,24.3766,4262592844214.596,PPMA_d_2025-07-14
C7,PPMA,2025-07-16T21:16:30Z,2025-07-16T21:16:40Z,2025-07-16 21:15:00+00:00,2025-07-16 21:20:00+00:00,2.174022398342621,1992296141469.5586,24.3766,4262592844214.596,PPMA_d_2025-07-14
C7,PPMA,2025-07-16T21:16:50Z,2025-07-16T21:17:00Z,2025-07-16 21:15:00+00:00,2025-07-16 21:20:00+00:00,2.4651945269490914,3114115999843.17,24.3766,4262592844214.596,PPMA_d_2025-07-14
C7,PPMA,2025-07-16T21:17:00Z,2025-07-16T21:17:10Z,2025-07-16 21:15:00+00:00,2025-07-16 21:20:00+00:00,2.6023388496040223,2593606633707.817,24.3766,4262592844214.596,PPMA_d_2025-07-14
C7,PPMA,2025-07-16T21:17:10Z,2025-07-16T21:17:20Z,2025-07-16 21:15:00+00:00,2025-07-16 21:20:00+00:00,1.535490635563247,2449868235534.3184,24.3766,4262592844214.596,PPMA_d_2025-07-14
C7,PPMA,2025-07-16T21:17:30Z,2025-07-16T21:17:40Z,2025-07-16 21:15:00+00:00,2025-07-16 21:20:00+00:00,3.043494856897058,2186974831480.527,24.3766,4262592844214.596,PPMA_d_2025-07-14
C7,PPMA,2025-07-16T21:17:40Z,2025-07-16T21:17:50Z,2025-07-16 21:15:00+00:00,2025-07-16 21:20:00+00:00,12.169867177108898,4327496727027.7637,24.3766,4262592844214.596,PPMA_d_2025-07-14
C7,PPMA,2025-07-16T21:17:50Z,2025-07-16T21:18:00Z,2025-07-16 21:15:00+00:00,2025-07-16 21:20:00+00:00,4.49399662488864,3547292577193.2715,24.3766,4262592844214.596,PPMA_d_2025-07-14
C7,PPMA,2025-07-16T21:18:00Z,2025-07-16T21:18:10Z,2025-07-16 21:15:00+00:00,2025-07-16 21:20:00+00:00,1.6286213796555415,2249721025671.564,24.3766,4262592844214.596,PPMA_d_2025-07-14
C7,PPMA,2025-07-16T21:18:10Z,2025-07-16T21:18:20Z,2025-07-16 21:15:00+00:00,2025-07-16 21:20:00+00:00,0.49356001952933054,939370276448.635,24.3766,4262592844214.596,PPMA_d_2025-07-14
C7,PPMA,2025-07-16T21:18:20Z,2025-07-16T21:18:30Z,2025-07-16 21:15:00+00:00,2025-07-16 21:20:00+00:00,0.8122796216759274,389594897592.9749,24.3766,4262592844214.596,PPMA_d_2025-07-14
C7,PPMA,2025-07-16T21:18:30Z,2025-07-16T21:18:40Z,2025-07-16 21:15:00+00:00,2025-07-16 21:20:00+00:00,0.8122796216759274,389594897592.9749,24.3766,4262592844214.596,PPMA_d_2025-07-14
C7,PPMA,2025-07-16T21:18:50Z,2025-07-16T21:19:00Z,2025-07-16 21:15:00+00:00,2025-07-16 21:20:00+00:00,0.8122796216759274,389594897592.9749,24.3766,4262592844214.596,PPMA_d_2025-07-14
C7,PPMA,2025-07-16T21:19:10Z,2025-07-16T21:19:20Z,2025-07-16 21:15:00+00:00,2025-07-16 21:20:00+00:00,0.8122796216759274,389594897592.9749,24.3766,4262592844214.596,PPMA_d_2025-07-14
C7,PPMA,2025-07-16T21:19:20Z,2025-07-16T21:19:30Z,2025-07-16 21:15:00+00:00,2025-07-16 21:20:00+00:00,0.8122796216759274,389594897592.9749,24.3766,4262592844214.596,PPMA_d_2025-07-14
C7,PPMA,2025-07-16T21:19:40Z,2025-07-16T21:19:50Z,2025-07-16 21:15:00+00:00,2025-07-16 21:20:00+00:00,0.8122796216759274,389594897592.9749,24.3766,4262592844214.596,PPMA_d_2025-07-14
C7,PPMA,2025-07-16T21:19:50Z,2025-07-16T21:20:00Z,2025-07-16 21:15:00+00:00,2025-07-16 21:20:00+00:00,0.8122796216759274,389594897592.9749,24.3766,4262592844214.596,PPMA_d_2025-07-14
C7,PSAB,2025-07-16T21:15:00Z,2025-07-16T21:15:10Z,2025-07-16 21:15:00+00:00,2025-07-16 21:20:00+00:00,0.2506802793218514,305605237340.1667,10.4134,3161462249603.716,PSAB_d_2025-07-14
C7,PSAB,2025-07-16T21:15:10Z,2025-07-16T21:15:20Z,2025-07-16 21:15:00+00:00,2025-07-16 21:20:00+00:00,4.720731534609113,267374840302.753,10.4134,3161462249603.716,PSAB_d_2025-07-14
C7,PSAB,2025-07-16T21:15:20Z,2025-07-16T21:15:30Z,2025-07-16 21:15:00+00:00,2025-07-16 21:20:00+00:00,5.045532287977673,275732225393.20447,10.4134,3161462249603.716,PSAB_d_2025-07-14
C7,PSAB,2025-07-16T21:15:30Z,2025-07-16T21:15:40Z,2025-07-16 21:15:00+00:00,2025-07-16 21:20:00+00:00,5.045532287977673,275732225393.20447,10.4134,3161462249603.716,PSAB_d_2025-07-14
C7,PSAB,2025-07-16T21:15:40Z,2025-07-16T21:15:50Z,2025-07-16 21:15:00+00:00,2025-07-16 21:20:00+00:00,5.045532287977673,275732225393.20447,10.4134,3161462249603.716,PSAB_d_2025-07-14
C7,PSAB,2025-07-16T21:15:50Z,2025-07-16T21:16:00Z,2025-07-16 21:15:00+00:00,2025-07-16 21:20:00+00:00,5.045532287977673,275732225393.20447,10.4134,3161462249603.716,PSAB_d_2025-07-14
C7,PSAB,2025-07-16T21:16:00Z,2025-07-16T21:16:10Z,2025-07-16 21:15:00+00:00,2025-07-16 21:20:00+00:00,5.045532287977673,275732225393.20447,10.4134,3161462249603.716,PSAB_d_2025-07-14
C7,PSAB,2025-07-16T21:16:10Z,2025-07-16T21:16:20Z,2025-07-16 21:15:00+00:00,2025-07-16 21:20:00+00:00,5.045532287977673,275732225393.20447,10.4134,3161462249603.716,PSAB_d_2025-07-14
C7,PSAB,2025-07-16T21:16:20Z,2025-07-16T21:16:30Z,2025-07-16 21:15:00+00:00,2025-07-16 21:20:00+00:00,5.045532287977673,275732225393.20447,10.4134,3161462249603.716,PSAB_d_2025-07-14
C7,PSAB,2025-07-16T21:16:30Z,2025-07-16T21:16:40Z,2025-07-16 21:15:00+00:00,2025-07-16 21:20:00+00:00,5.045532287977673,275732225393.20447,10.4134,3161462249603.716,PSAB_d_2025-07-14
C7,PSAB,2025-07-16T21:16:50Z,2025-07-16T21:17:00Z,2025-07-16 21:15:00+00:00,2025-07-16 21:20:00+00:00,5.045532287977673,275732225393.20447,10.4134,3161462249603.716,PSAB_d_2025-07-14
C7,PSAB,2025-07-16T21:17:00Z,2025-07-16T21:17:10Z,2025-07-16 21:15:00+00:00,2025-07-16 21:20:00+00:00,5.045532287977673,275732225393.20447,10.4134,3161462249603.716,PSAB_d_2025-07-14
C7,PSAB,2025-07-16T21:17:10Z,2025-07-16T21:17:20Z,2025-07-16 21:15:00+00:00,2025-07-16 21:20:00+00:00,5.045532287977673,275732225393.20447,10.4134,3161462249603.716,PSAB_d_2025-07-14
C7,PSAB,2025-07-16T21:17:20Z,2025-07-16T21:17:30Z,2025-07-16 21:15:00+00:00,2025-07-16 21:20:00+00:00,5.045532287977673,275732225393.20447,10.4134,3161462249603.716,PSAB_d_2025-07-14
C7,PSAB,2025-07-16T21:17:30Z,2025-07-16T21:17:40Z,2025-07-16 21:15:00+00:00,2025-07-16 21:20:00+00:00,5.045532287977673,275732225393.20447,10.4134,3161462249603.716,PSAB_d_2025-07-14
C7,PSAB,2025-07-16T21:17:40Z,2025-07-16T21:17:50Z,2025-07-16 21:15:00+00:00,2025-07-16 21:20:00+00:00,5.045532287977673,275732225393.20447,10.4134,3161462249603.716,PSAB_d_2025-07-14
C7,PSAB,2025-07-16T21:17:50Z,2025-07-16T21:18:00Z,2025-07-16 21:15:00+00:00,2025-07-16 21:20:00+00:00,5.045532287977673,275732225393.20447,10.4134,3161462249603.716,PSAB_d_2025-07-14
C7,PSAB,2025-07-16T21:18:00Z,2025-07-16T21:18:10Z,2025-07-16 21:15:00+00:00,2025-07-16 21:20:00+00:00,5.045532287977673,275732225393.20447,10.4134,3161462249603.716,PSAB_d_2025-07-14
C7,PSAB,2025-07-16T21:18:10Z,2025-07-16T21:18:20Z,2025-07-16 21:15:00+00:00,2025-07-16 21:20:00+00:00,5.045532287977673,275732225393.20447,10.4134,3161462249603.716,PSAB_d_2025-07-14
C7,PSAB,2025-07-16T21:18:20Z,2025-07-16T21:18:30Z,2025-07-16 21:15:00+00:00,2025-07-16 21:20:00+00:00,5.045532287977673,275732225393.20447,10.4134,3161462249603.716,PSAB_d_2025-07-14
C7,PSAB,2025-07-16T21:18:30Z,2025-07-16T21:18:40Z,2025-07-16 21:15:00+00:00,2025-07-16 21:20:00+00:00,5.045532287977673,275732225393.20447,10.4134,3161462249603.716,PSAB_d_2025-07-14
C7,PSAB,2025-07-16T21:18:40Z,2025-07-16T21:18:50Z,2025-07-16 21:15:00+00:00,2025-07-16 21:20:00+00:00,5.045532287977673,275732225393.20447,10.4134,3161462249603.716,PSAB_d_2025-07-14
C7,PSAB,2025-07-16T21:18:50Z,2025-07-16T21:19:00Z,2025-07-16 21:15:00+00:00,2025-07-16 21:20:00+00:00,5.045532287977673,275732225393.20447,10.4134,3161462249603.716,PSAB_d_2025-07-14
C7,PSAB,2025-07-16T21:19:00Z,2025-07-16T21:19:10Z,2025-07-16 21:15:00+00:00,2025-07-16 21:20:00+00:00,5.045532287977673,275732225393.20447,10.4134,3161462249603.716,PSAB_d_2025-07-14
C7,PSAB,2025-07-16T21:19:10Z,2025-07-16T21:19:20Z,2025-07-16 21:15:00+00:00,2025-07-16 21:20:00+00:00,5.045532287977673,275732225393.20447,10.4134,3161462249603.716,PSAB_d_2025-07-14
C7,PSAB,2025-07-16T21:19:20Z,2025-07-16T21:19:30Z,2025-07-16 21:15:00+00:00,2025-07-16 21:20:00+00:00,5.045532287977673,275732225393.20447,10.4134,3161462249603.716,PSAB_d_2025-07-14
C7,PSAB,2025-07-16T21:19:30Z,2025-07-16T21:19:40Z,2025-07-16 21:15:00+00:00,2025-07-16 21:20:00+00:00,5.045532287977673,275732225393.20447,10.4134,3161462249603.716,PSAB_d_2025-07-14
C7,PSAB,2025-07-16T21:19:40Z,2025-07-16T21:19:50Z,2025-07-16 21:15:00+00:00,2025-07-16 21:20:00+00:00,5.045532287977673,275732225393.20447,10.4134,3161462249603.716,PSAB_d_2025-07-14
C7,PSAB,2025-07-16T21:19:50Z,2025-07-16T21:20:00Z,2025-07-16 21:15:00+00:00,2025-07-16 21:20:00+00:00,5.045532287977673,275732225393.20447,10.4134,3161462249603.716,PSAB_d_2025-07-14
C7,PPMA,2025-07-16T21:20:00Z,2025-07-16T21:20:10Z,2025-07-16 21:20:00+00:00,2025-07-16 21:25:00+00:00,1.7743222923511466,4751021171150.095,24.3766,4262592844214.596,PPMA_d_2025-07-14
C7,PPMA,2025-07-16T21:20:10Z,2025-07-16T21:20:20Z,2025-07-16 21:20:00+00:00,2025-07-16 21:25:00+00:00,3.7109208139422347,1848433885015.2266,24.3766,4262592844214.596,PPMA_d_2025-07-14
C7,PPMA,2025-07-16T21:20:20Z,2025-07-16T21:20:30Z,2025-07-16 21:20:00+00:00,2025-07-16 21:25:00+00:00,1.5834922627139094,1182881507186.3555,24.3766,4262592844214.596,PPMA_d_2025-07-14
C7,PPMA,2025-07-16T21:20:30Z,2025-07-16T21:20:40Z,2025-07-16 21:20:00+00:00,2025-07-16 21:25:00+00:00,3.3015663399165662,1544789852521.073,24.3766,4262592844214.596,PPMA_d_2025-07-14
C7,PPMA,2025-07-16T21:20:40Z,2025-07-16T21:20:50Z,2025-07-16 21:20:00+00:00,2025-07-16 21:25:00+00:00,2.4174114378895677,1766231331176.6714,24.3766,4262592844214.596,PPMA_d_2025-07-14
C7,PPMA,2025-07-16T21:20:50Z,2025-07-16T21:21:00Z,2025-07-16 21:20:00+00:00,2025-07-16 21:25:00+00:00,11.353823201117702,3758628550482.816,24.3766,4262592844214.596,PPMA_d_2025-07-14
C7,PPMA,2025-07-16T21:21:00Z,2025-07-16T21:21:10Z,2025-07-16 21:20:00+00:00,2025-07-16 21:25:00+00:00,1.4370508116983403,3203366585434.925,24.3766,4262592844214.596,PPMA_d_2025-07-14
C7,PPMA,2025-07-16T21:21:10Z,2025-07-16T21:21:20Z,2025-07-16 21:20:00+00:00,2025-07-16 21:25:00+00:00,6.158587950670227,2599897985215.863,24.3766,4262592844214.596,PPMA_d_2025-07-14
C7,PPMA,2025-07-16T21:21:20Z,2025-07-16T21:21:30Z,2025-07-16 21:20:00+00:00,2025-07-16 21:25:00+00:00,2.174022398342621,1992296141469.5586,24.3766,4262592844214.596,PPMA_d_2025-07-14
C7,PPMA,2025-07-16T21:21:30Z,2025-07-16T21:21:40Z,2025-07-16 21:20:00+00:00,2025-07-16 21:25:00+00:00,2.4651945269490914,3114115999843.17,24.3766,4262592844214.596,PPMA_d_2025-07-14
C7,PPMA,2025-07-16T21:21:40Z,2025-07-16T21:21:50Z,2025-07-16 21:20:00+00:00,2025-07-16 21:25:00+00:00,2.6023388496040223,2593606633707.817,24.3766,4262592844214.596,PPMA_d_2025-07-14
C7,PPMA,2025-07-16T21:21:50Z,2025-07-16T21:22:00Z,2025-07-16 21:20:00+00:00,2025-07-16 21:25:00+00:00,1.535490635563247,2449868235534.3184,24.3766,4262592844214.596,PPMA_d_2025-07-14
C7,PPMA,2025-07-16T21:22:00Z,2025-07-16T21:22:10Z,2025-07-16 21:20:00+00:00,2025-07-16 21:25:00+00:00,3.043494856897058,2186974831480.527,24.3766,4262592844214.596,PPMA_d_2025-07-14
C7,PPMA,2025-07-16T21:22:10Z,2025-07-16T21:22:20Z,2025-07-16 21:20:00+00:00,2025-07-16 21:25:00+00:00,12.169867177108898,4327496727027.7637,24.3766,4262592844214.596,PPMA_d_2025-07-14
C7,PPMA,2025-07-16T21:22:20Z,2025-07-16T21:22:30Z,2025-07-16 21:20:00+00:00,2025-07-16 21:25:00+00:00,4.49399662488864,3547292577193.2715,24.3766,4262592844214.596,PPMA_d_2025-07-14
C7,PPMA,2025-07-16T21:22:30Z,2025-07-16T21:22:40Z,2025-07-16 21:20:00+00:00,2025-07-16 21:25:00+00:00,1.6286213796555415,2249721025671.564,24.3766,4262592844214.596,PPMA_d_2025-07-14
C7,PPMA,2025-07-16T21:22:40Z,2025-07-16T21:22:50Z,2025-07-16 21:20:00+00:00,2025-07-16 21:25:00+00:00,0.49356001952933054,939370276448.635,24.3766,4262592844214.596,PPMA_d_2025-07-14
C7,PPMA,2025-07-16T21:23:00Z,2025-07-16T21:23:10Z,2025-07-16 21:20:00+00:00,2025-07-16 21:25:00+00:00,0.8122796216759274,389594897592.9749,24.3766,4262592844214.596,PPMA_d_2025-07-14
C7,PPMA,2025-07-16T21:23:10Z,2025-07-16T21:23:20Z,2025-07-16 21:20:00+00:00,2025-07-16 21:25:00+00:00,0.8122796216759274,389594897592.9749,24.3766,4262592844214.596,PPMA_d_2025-07-14
C7,PPMA,2025-07-16T21:23:30Z,2025-07-16T21:23:40Z,2025-07-16 21:20:00+00:00,2025-07-16 21:25:00+00:00,0.8122796216759274,389594897592.9749,24.3766,4262592844214.596,PPMA_d_2025-07-14
C7,PPMA,2025-07-16T21:23:40Z,2025-07-16T21:23:50Z,2025-07-16 21:20:00+00:00,2025-07-16 21:25:00+00:00,0.8122796216759274,389594897592.9749,24.3766,4262592844214.596,PPMA_d_2025-07-14
C7,PPMA,2025-07-16T21:23:50Z,2025-07-16T21:24:00Z,2025-07-16 21:20:00+00:00,2025-07-16 21:25:00+00:00,0.8122796216759274,389594897592.9749,24.3766,4262592844214.596,PPMA_d_2025-07-14
C7,PPMA,2025-07-16T21:24:00Z,2025-07-16T21:24:10Z,2025-07-16 21:20:00+00:00,2025-07-16 21:25:00+00:00,0.8122796216759274,389594897592.9749,24.3766,4262592844214.596,PPMA_d_2025-07-14
C7,PPMA,2025-07-16T21:24:10Z,2025-07-16T21:24:20Z,2025-07-16 21:20:00+00:00,2025-07-16 21:25:00+00:00,0.8122796216759274,389594897592.9749,24.3766,4262592844214.596,PPMA_d_2025-07-14
C7,PPMA,2025-07-16T21:24:20Z,2025-07-16T21:24:30Z,2025-07-16 21:20:00+00:00,2025-07-16 21:25:00+00:00,0.8122796216759274,389594897592.9749,24.3766,4262592844214.596,PPMA_d_2025-07-14
C7,PPMA,2025-07-16T21:24:30Z,2025-07-16T21:24:40Z,2025-07-16 21:20:00+00:00,2025-07-16 21:25:00+00:00,0.8122796216759274,389594897592.9749,24.3766,4262592844214.596,PPMA_d_2025-07-14
C7,PPMA,2025-07-16T21:24:40Z,2025-07-16T21:24:50Z,2025-07-16 21:20:00+00:00,2025-07-16 21:25:00+00:00,0.8122796216759274,389594897592.9749,24.3766,4262592844214.596,PPMA_d_2025-07-14
C7,PPMA,2025-07-16T21:24:50Z,2025-07-16T21:25:00Z,2025-07-16 21:20:00+00:00,2025-07-16 21:25:00+00:00,0.8122796216759274,389594897592.9749,24.3766,4262592844214.596,PPMA_d_2025-07-14
C7,PSAB,2025-07-16T21:20:00Z,2025-07-16T21:20:10Z,2025-07-16 21:20:00+00:00,2025-07-16 21:25:00+00:00,0.2506802793218514,305605237340.1667,10.4134,3161462249603.716,PSAB_d_2025-07-14
C7,PSAB,2025-07-16T21:20:10Z,2025-07-16T21:20:20Z,2025-07-16 21:20:00+00:00,2025-07-16 21:25:00+00:00,4.720731534609113,267374840302.753,10.4134,3161462249603.716,PSAB_d_2025-07-14
C7,PSAB,2025-07-16T21:20:20Z,2025-07-16T21:20:30Z,2025-07-16 21:20:00+00:00,2025-07-16 21:25:00+00:00,5.045532287977673,275732225393.20447,10.4134,3161462249603.716,PSAB_d_2025-07-14
C7,PSAB,2025-07-16T21:20:30Z,2025-07-16T21:20:40Z,2025-07-16 21:20:00+00:00,2025-07-16 21:25:00+00:00,5.045532287977673,275732225393.20447,10.4134,3161462249603.716,PSAB_d_2025-07-14
C7,PSAB,2025-07-16T21:20:40Z,2025-07-16T21:20:50Z,2025-07-16 21:20:00+00:00,2025-07-16 21:25:00+00:00,5.045532287977673,275732225393.20447,10.4134,3161462249603.716,PSAB_d_2025-07-14
C7,PSAB,2025-07-16T21:20:50Z,2025-07-16T21:21:00Z,2025-07-16 21:20:00+00:00,2025-07-16 21:25:00+00:00,5.045532287977673,275732225393.20447,10.4134,3161462249603.716,PSAB_d_2025-07-14
C7,PSAB,2025-07-16T21:21:00Z,2025-07-16T21:21:10Z,2025-07-16 21:20:00+00:00,2025-07-16 21:25:00+00:00,5.045532287977673,275732225393.20447,10.4134,3161462249603.716,PSAB_d_2025-07-14
C7,PSAB,2025-07-16T21:21:10Z,2025-07-16T21:21:20Z,2025-07-16 21:20:00+00:00,2025-07-16 21:25:00+00:00,5.045532287977673,275732225393.20447,10.4134,3161462249603.716,PSAB_d_2025-07-14
C7,PSAB,2025-07-16T21:21:20Z,2025-07-16T21:21:30Z,2025-07-16 21:20:00+00:00,2025-07-16 21:25:00+00:00,5.045532287977673,275732225393.20447,10.4134,3161462249603.716,PSAB_d_2025-07-14
C7,PSAB,2025-07-16T21:21:30Z,2025-07-16T21:21:40Z,2025-07-16 21:20:00+00:00,2025-07-16 21:25:00+00:00,5.045532287977673,275732225393.20447,10.4134,3161462249603.716,PSAB_d_2025-07-14
C7,PSAB,2025-07-16T21:21:40Z,2025-07-16T21:21:50Z,2025-07-16 21:20:00+00:00,2025-07-16 21:25:00+00:00,5.045532287977673,275732225393.20447,10.4134,3161462249603.716,PSAB_d_2025-07-14
C7,PSAB,2025-07-16T21:21:50Z,2025-07-16T21:22:00Z,2025-07-16 21:20:00+00:00,2025-07-16 21:25:00+00:00,5.045532287977673,275732225393.20447,10.4134,3161462249603.716,PSAB_d_2025-07-14
C7,PSAB,2025-07-16T21:22:00Z,2025-07-16T21:22:10Z,2025-07-16 21:20:00+00:00,2025-07-16 21:25:00+00:00,5.045532287977673,275732225393.20447,10.4134,3161462249603.716,PSAB_d_2025-07-14
C7,PSAB,2025-07-16T21:22:10Z,2025-07-16T21:22:20Z,2025-07-16 21:20:00+00:00,2025-07-16 21:25:00+00:00,5.045532287977673,275732225393.20447,10.4134,3161462249603.716,PSAB_d_2025-07-14
C7,PSAB,2025-07-16T21:22:20Z,2025-07-16T21:22:30Z,2025-07-16 21:20:00+00:00,2025-07-16 21:25:00+00:00,5.045532287977673,275732225393.20447,10.4134,3161462249603.716,PSAB_d_2025-07-14
C7,PSAB,2025-07-16T21:22:30Z,2025-07-16T21:22:40Z,2025-07-16 21:20:00+00:00,2025-07-16 21:25:00+00:00,5.045532287977673,275732225393.20447,10.4134,3161462249603.716,PSAB_d_2025-07-14
C7,PSAB,2025-07-16T21:22:40Z,2025-07-16T21:22:50Z,2025-07-16 21:20:00+00:00,2025-07-16 21:25:00+00:00,5.045532287977673,275732225393.20447,10.4134,3161462249603.716,PSAB_d_2025-07-14
C7,PSAB,2025-07-16T21:22:50Z,2025-07-16T21:23:00Z,2025-07-16 21:20:00+00:00,2025-07-16 21:25:00+00:00,5.045532287977673,275732225393.20447,10.4134,3161462249603.716,PSAB_d_2025-07-14
C7,PSAB,2025-07-16T21:23:00Z,2025-07-16T21:23:10Z,2025-07-16 21:20:00+00:00,2025-07-16 21:25:00+00:00,5.045532287977673,275732225393.20447,10.4134,3161462249603.716,PSAB_d_2025-07-14
C7,PSAB,2025-07-16T21:23:10Z,2025-07-16T21:23:20Z,2025-07-16 21:20:00+00:00,2025-07-16 21:25:00+00:00,5.045532287977673,275732225393.20447,10.4134,3161462249603.716,PSAB_d_2025-07-14
C7,PSAB,2025-07-16T21:23:20Z,2025-07-16T21:23:30Z,2025-07-16 21:20:00+00:00,2025-07-16 21:25:00+00:00,5.045532287977673,275732225393.20447,10.4134,3161462249603.716,PSAB_d_2025-07-14
C7,PSAB,2025-07-16T21:23:30Z,2025-07-16T21:23:40Z,2025-07-16 21:20:00+00:00,2025-07-16 21:25:00+00:00,5.045532287977673,275732225393.20447,10.4134,3161462249603.716,PSAB_d_2025-07-14
C7,PSAB,2025-07-16T21:23:40Z,2025-07-16T21:23:50Z,2025-07-16 21:20:00+00:00,2025-07-16 21:25:00+00:00,5.045532287977673,275732225393.20447,10.4134,3161462249603.716,PSAB_d_2025-07-14
C7,PSAB,2025-07-16T21:23:50Z,2025-07-16T21:24:00Z,2025-07-16 21:20:00+00:00,2025-07-16 21:25:00+00:00,5.045532287977673,275732225393.20447,10.4134,3161462249603.716,PSAB_d_2025-07-14
C7,PSAB,2025-07-16T21:24:00Z,2025-07-16T21:24:10Z,2025-07-16 21:20:00+00:00,2025-07-16 21:25:00+00:00,5.045532287977673,275732225393.20447,10.4134,3161462249603.716,PSAB_d_2025-07-14
C7,PSAB,2025-07-16T21:24:10Z,2025-07-16T21:24:20Z,2025-07-16 21:20:00+00:00,2025-07-16 21:25:00+00:00,5.045532287977673,275732225393.20447,10.4134,3161462249603.716,PSAB_d_2025-07-14
C7,PSAB,2025-07-16T21:24:20Z,2025-07-16T21:24:30Z,2025-07-16 21:20:00+00:00,2025-07-16 21:25:00+00:00,5.045532287977673,275732225393.20447,10.4134,3161462249603.716,PSAB_d_2025-07-14
C7,PSAB,2025-07-16T21:24:30Z,2025-07-16T21:24:40Z,2025-07-16 21:20:00+00:00,2025-07-16 21:25:00+00:00,5.045532287977673,275732225393.20447,10.4134,3161462249603.716,PSAB_d_2025-07-14
C7,PSAB,2025-07-16T21:24:40Z,2025-07-16T21:24:50Z,2025-07-16 21:20:00+00:00,2025-07-16 21:25:00+00:00,5.045532287977673,275732225393.20447,10.4134,3161462249603.716,PSAB_d_2025-07-14
C7,PSAB,2025-07-16T21:24:50Z,2025-07-16T21:25:00Z,2025-07-16 21:20:00+00:00,2025-07-16 21:25:00+00:00,5.045532287977673,275732225393.20447,10.4134,3161462249603.716,PSAB_d_2025-07-14
C7,PPMA,2025-07-16T21:25:00Z,2025-07-16T21:25:10Z,2025-07-16 21:25:00+00:00,2025-07-16 21:30:00+00:00,1.7743222923511466,4751021171150.095,24.3766,4262592844214.596,PPMA_d_2025-07-14
C7,PPMA,2025-07-16T21:25:10Z,2025-07-16T21:25:20Z,2025-07-16 21:25:00+00:00,2025-07-16 21:30:00+00:00,3.7109208139422347,1848433885015.2266,24.3766,4262592844214.596,PPMA_d_2025-07-14
C7,PPMA,2025-07-16T21:25:20Z,2025-07-16T21:25:30Z,2025-07-16 21:25:00+00:00,2025-07-16 21:30:00+00:00,1.5834922627139094,1182881507186.3555,24.3766,4262592844214.596,PPMA_d_2025-07-14
C7,PPMA,2025-07-16T21:25:30Z,2025-07-16T21:25:40Z,2025-07-16 21:25:00+00:00,2025-07-16 21:30:00+00:00,3.3015663399165662,1544789852521.073,24.3766,4262592844214.596,PPMA_d_2025-07-14
C7,PPMA,2025-07-16T21:25:40Z,2025-07-16T21:25:50Z,2025-07-16 21:25:00+00:00,2025-07-16 21:30:00+00:00,2.4174114378895677,1766231331176.6714,24.3766,4262592844214.596,PPMA_d_2025-07-14
C7,PPMA,2025-07-16T21:25:50Z,2025-07-16T21:26:00Z,2025-07-16 21:25:00+00:00,2025-07-16 21:30:00+00:00,11.353823201117702,3758628550482.816,24.3766,4262592844214.596,PPMA_d_2025-07-14
C7,PPMA,2025-07-16T21:26:00Z,2025-07-16T21:26:10Z,2025-07-16 21:25:00+00:00,2025-07-16 21:30:00+00:00,1.4370508116983403,3203366585434.925,24.3766,4262592844214.596,PPMA_d_2025-07-14
C7,PPMA,2025-07-16T21:26:10Z,2025-07-16T21:26:20Z,2025-07-16 21:25:00+00:00,2025-07-16 21:30:00+00:00,6.158587950670227,2599897985215.863,24.3766,4262592844214.596,PPMA_d_2025-07-14
C7,PPMA,2025-07-16T21:26:20Z,2025-07-16T21:26:30Z,2025-07-16 21:25:00+00:00,2025-07-16 21:30:00+00:00,2.174022398342621,1992296141469.5586,24.3766,4262592844214.596,PPMA_d_2025-07-14
C7,PPMA,2025-07-16T21:26:30Z,2025-07-16T21:26:40Z,2025-07-16 21:25:00+00:00,2025-07-16 21:30:00+00:00,2.4651945269490914,3114115999843.17,24.3766,4262592844214.596,PPMA_d_2025-07-14
C7,PPMA,2025-07-16T21:26:40Z,2025-07-16T21:26:50Z,2025-07-16 21:25:00+00:00,2025-07-16 21:30:00+00:00,2.6023388496040223,2593606633707.817,24.3766,4262592844214.596,PPMA_d_2025-07-14
C7,PPMA,2025-07-16T21:26:50Z,2025-07-16T21:27:00Z,2025-07-16 21:25:00+00:00,2025-07-16 21:30:00+00:00,1.535490635563247,2449868235534.3184,24.3766,4262592844214.596,PPMA_d_2025-07-14
C7,PPMA,2025-07-16T21:27:00Z,2025-07-16T21:27:10Z,2025-07-16 21:25:00+00:00,2025-07-16 21:30:00+00:00,3.043494856897058,2186974831480.527,24.3766,4262592844214.596,PPMA_d_2025-07-14
C7,PPMA,2025-07-16T21:27:10Z,2025-07-16T21:27:20Z,2025-07-16 21:25:00+00:00,2025-07-16 21:30:00+00:00,12.169867177108898,4327496727027.7637,24.3766,4262592844214.596,PPMA_d_2025-07-14
C7,PPMA,2025-07-16T21:27:20Z,2025-07-16T21:27:30Z,2025-07-16 21:25:00+00:00,2025-07-16 21:30:00+00:00,4.49399662488864,3547292577193.2715,24.3766,4262592844214.596,PPMA_d_2025-07-14
C7,PPMA,2025-07-16T21:27:30Z,2025-07-16T21:27:40Z,2025-07-16 21:25:00+00:00,2025-07-16 21:30:00+00:00,1.6286213796555415,2249721025671.564,24.3766,4262592844214.596,PPMA_d_2025-07-14
C7,PPMA,2025-07-16T21:27:40Z,2025-07-16T21:27:50Z,2025-07-16 21:25:00+00:00,2025-07-16 21:30:00+00:00,0.49356001952933054,939370276448.635,24.3766,4262592844214.596,PPMA_d_2025-07-14
C7,PPMA,2025-07-16T21:27:50Z,2025-07-16T21:28:00Z,2025-07-16 21:25:00+00:00,2025-07-16 21:30:00+00:00,0.8122796216759274,389594897592.9749,24.3766,4262592844214.596,PPMA_d_2025-07-14
C7,PPMA,2025-07-16T21:28:00Z,2025-07-16T21:28:10Z,2025-07-16 21:25:00+00:00,2025-07-16 21:30:00+00:00,0.8122796216759274,389594897592.9749,24.3766,4262592844214.596,PPMA_d_2025-07-14
C7,PPMA,2025-07-16T21:28:10Z,2025-07-16T21:28:20Z,2025-07-16 21:25:00+00:00,2025-07-16 21:30:00+00:00,0.8122796216759274,389594897592.9749,24.3766,4262592844214.596,PPMA_d_2025-07-14
C7,PPMA,2025-07-16T21:28:20Z,2025-07-16T21:28:30Z,2025-07-16 21:25:00+00:00,2025-07-16 21:30:00+00:00,0.8122796216759274,389594897592.9749,24.3766,4262592844214.596,PPMA_d_2025-07-14
C7,PPMA,2025-07-16T21:28:30Z,2025-07-16T21:28:40Z,2025-07-16 21:25:00+00:00,2025-07-16 21:30:00+00:00,0.8122796216759274,389594897592.9749,24.3766,4262592844214.596,PPMA_d_2025-07-14
C7,PPMA,2025-07-16T21:28:40Z,2025-07-16T21:28:50Z,2025-07-16 21:25:00+00:00,2025-07-16 21:30:00+00:00,0.8122796216759274,389594897592.9749,24.3766,4262592844214.596,PPMA_d_2025-07-14
C7,PPMA,2025-07-16T21:28:50Z,2025-07-16T21:29:00Z,2025-07-16 21:25:00+00:00,2025-07-16 21:30:00+00:00,0.8122796216759274,389594897592.9749,24.3766,4262592844214.596,PPMA_d_2025-07-14
C7,PPMA,2025-07-16T21:29:00Z,2025-07-16T21:29:10Z,2025-07-16 21:25:00+00:00,2025-07-16 21:30:00+00:00,0.8122796216759274,389594897592.9749,24.3766,4262592844214.596,PPMA_d_2025-07-14
C7,PPMA,2025-07-16T21:29:10Z,2025-07-16T21:29:20Z,2025-07-16 21:25:00+00:00,2025-07-16 21:30:00+00:00,0.8122796216759274,389594897592.9749,24.3766,4262592844214.596,PPMA_d_2025-07-14
C7,PPMA,2025-07-16T21:29:20Z,2025-07-16T21:29:30Z,2025-07-16 21:25:00+00:00,2025-07-16 21:30:00+00:00,0.8122796216759274,389594897592.9749,24.3766,4262592844214.596,PPMA_d_2025-07-14
C7,PPMA,2025-07-16T21:29:30Z,2025-07-16T21:29:40Z,2025-07-16 21:25:00+00:00,2025-07-16 21:30:00+00:00,0.8122796216759274,389594897592.9749,24.3766,4262592844214.596,PPMA_d_2025-07-14
C7,PPMA,2025-07-16T21:29:40Z,2025-07-16T21:29:50Z,2025-07-16 21:25:00+00:00,2025-07-16 21:30:00+00:00,0.8122796216759274,389594897592.9749,24.3766,4262592844214.596,PPMA_d_2025-07-14
C7,PPMA,2025-07-16T21:29:50Z,2025-07-16T21:30:00Z,2025-07-16 21:25:00+00:00,2025-07-16 21:30:00+00:00,0.8122796216759274,389594897592.9749,24.3766,4262592844214.596,PPMA_d_2025-07-14
C7,PSAB,2025-07-16T21:25:00Z,2025-07-16T21:25:10Z,2025-07-16 21:25:00+00:00,2025-07-16 21:30:00+00:00,0.2506802793218514,305605237340.1667,10.4134,3161462249603.716,PSAB_d_2025-07-14
C7,PSAB,2025-07-16T21:25:10Z,2025-07-16T21:25:20Z,2025-07-16 21:25:00+00:00,2025-07-16 21:30:00+00:00,4.720731534609113,267374840302.753,10.4134,3161462249603.716,PSAB_d_2025-07-14
C7,PSAB,2025-07-16T21:25:20Z,2025-07-16T21:25:30Z,2025-07-16 21:25:00+00:00,2025-07-16 21:30:00+00:00,5.045532287977673,275732225393.20447,10.4134,3161462249603.716,PSAB_d_2025-07-14
C7,PSAB,2025-07-16T21:25:30Z,2025-07-16T21:25:40Z,2025-07-16 21:25:00+00:00,2025-07-16 21:30:00+00:00,5.045532287977673,275732225393.20447,10.4134,3161462249603.716,PSAB_d_2025-07-14
C7,PSAB,2025-07-16T21:25:40Z,2025-07-16T21:25:50Z,2025-07-16 21:25:00+00:00,2025-07-16 21:30:00+00:00,5.045532287977673,275732225393.20447,10.4134,3161462249603.716,PSAB_d_2025-07-14
C7,PSAB,2025-07-16T21:25:50Z,2025-07-16T21:26:00Z,2025-07-16 21:25:00+00:00,2025-07-16 21:30:00+00:00,5.045532287977673,275732225393.20447,10.4134,3161462249603.716,PSAB_d_2025-07-14
C7,PSAB,2025-07-16T21:26:00Z,2025-07-16T21:26:10Z,2025-07-16 21:25:00+00:00,2025-07-16 21:30:00+00:00,5.045532287977673,275732225393.20447,10.4134,3161462249603.716,PSAB_d_2025-07-14
C7,PSAB,2025-07-16T21:26:10Z,2025-07-16T21:26:20Z,2025-07-16 21:25:00+00:00,2025-07-16 21:30:00+00:00,5.045532287977673,275732225393.20447,10.4134,3161462249603.716,PSAB_d_2025-07-14
C7,PSAB,2025-07-16T21:26:20Z,2025-07-16T21:26:30Z,2025-07-16 21:25:00+00:00,2025-07-16 21:30:00+00:00,5.045532287977673,275732225393.20447,10.4134,3161462249603.716,PSAB_d_2025-07-14
C7,PSAB,2025-07-16T21:26:30Z,2025-07-16T21:26:40Z,2025-07-16 21:25:00+00:00,2025-07-16 21:30:00+00:00,5.045532287977673,275732225393.20447,10.4134,3161462249603.716,PSAB_d_2025-07-14
C7,PSAB,2025-07-16T21:26:40Z,2025-07-16T21:26:50Z,2025-07-16 21:25:00+00:00,2025-07-16 21:30:00+00:00,5.045532287977673,275732225393.20447,10.4134,3161462249603.716,PSAB_d_2025-07-14
C7,PSAB,2025-07-16T21:26:50Z,2025-07-16T21:27:00Z,2025-07-16 21:25:00+00:00,2025-07-16 21:30:00+00:00,5.045532287977673,275732225393.20447,10.4134,3161462249603.716,PSAB_d_2025-07-14
C7,PSAB,2025-07-16T21:27:00Z,2025-07-16T21:27:10Z,2025-07-16 21:25:00+00:00,2025-07-16 21:30:00+00:00,5.045532287977673,275732225393.20447,10.4134,3161462249603.716,PSAB_d_2025-07-14
C7,PSAB,2025-07-16T21:27:10Z,2025-07-16T21:27:20Z,2025-07-16 21:25:00+00:00,2025-07-16 21:30:00+00:00,5.045532287977673,275732225393.20447,10.4134,3161462249603.716,PSAB_d_2025-07-14
C7,PSAB,2025-07-16T21:27:20Z,2025-07-16T21:27:30Z,2025-07-16 21:25:00+00:00,2025-07-16 21:30:00+00:00,5.045532287977673,275732225393.20447,10.4134,3161462249603.716,PSAB_d_2025-07-14
C7,PSAB,2025-07-16T21:27:30Z,2025-07-16T21:27:40Z,2025-07-16 21:25:00+00:00,2025-07-16 21:30:00+00:00,5.045532287977673,275732225393.20447,10.4134,3161462249603.716,PSAB_d_2025-07-14
C7,PSAB,2025-07-16T21:27:40Z,2025-07-16T21:27:50Z,2025-07-16 21:25:00+00:00,2025-07-16 21:30:00+00:00,5.045532287977673,275732225393.20447,10.4134,3161462249603.716,PSAB_d_2025-07-14
C7,PSAB,2025-07-16T21:27:50Z,2025-07-16T21:28:00Z,2025-07-16 21:25:00+00:00,2025-07-16 21:30:00+00:00,5.045532287977673,275732225393.20447,10.4134,3161462249603.716,PSAB_d_2025-07-14
C7,PSAB,2025-07-16T21:28:00Z,2025-07-16T21:28:10Z,2025-07-16 21:25:00+00:00,2025-07-16 21:30:00+00:00,5.045532287977673,275732225393.20447,10.4134,3161462249603.716,PSAB_d_2025-07-14
C7,PSAB,2025-07-16T21:28:10Z,2025-07-16T21:28:20Z,2025-07-16 21:25:00+00:00,2025-07-16 21:30:00+00:00,5.045532287977673,275732225393.20447,10.4134,3161462249603.716,PSAB_d_2025-07-14
C7,PSAB,2025-07-16T21:28:20Z,2025-07-16T21:28:30Z,2025-07-16 21:25:00+00:00,2025-07-16 21:30:00+00:00,5.045532287977673,275732225393.20447,10.4134,3161462249603.716,PSAB_d_2025-07-14
C7,PSAB,2025-07-16T21:28:30Z,2025-07-16T21:28:40Z,2025-07-16 21:25:00+00:00,2025-07-16 21:30:00+00:00,5.045532287977673,275732225393.20447,10.4134,3161462249603.716,PSAB_d_2025-07-14
C7,PSAB,2025-07-16T21:28:40Z,2025-07-16T21:28:50Z,2025-07-16 21:25:00+00:00,2025-07-16 21:30:00+00:00,5.045532287977673,275732225393.20447,10.4134,3161462249603.716,PSAB_d_2025-07-14
C7,PSAB,2025-07-16T21:28:50Z,2025-07-16T21:29:00Z,2025-07-16 21:25:00+00:00,2025-07-16 21:30:00+00:00,5.045532287977673,275732225393.20447,10.4134,3161462249603.716,PSAB_d_2025-07-14
C7,PSAB,2025-07-16T21:29:00Z,2025-07-16T21:29:10Z,2025-07-16 21:25:00+00:00,2025-07-16 21:30:00+00:00,5.045532287977673,275732225393.20447,10.4134,3161462249603.716,PSAB_d_2025-07-14
C7,PSAB,2025-07-16T21:29:10Z,2025-07-16T21:29:20Z,2025-07-16 21:25:00+00:00,2025-07-16 21:30:00+00:00,5.045532287977673,275732225393.20447,10.4134,3161462249603.716,PSAB_d_2025-07-14
C7,PSAB,2025-07-16T21:29:20Z,2025-07-16T21:29:30Z,2025-07-16 21:25:00+00:00,2025-07-16 21:30:00+00:00,5.045532287977673,275732225393.20447,10.4134,3161462249603.716,PSAB_d_2025-07-14
C7,PSAB,2025-07-16T21:29:30Z,2025-07-16T21:29:40Z,2025-07-16 21:25:00+00:00,2025-07-16 21:30:00+00:00,5.045532287977673,275732225393.20447,10.4134,3161462249603.716,PSAB_d_2025-07-14
C7,PSAB,2025-07-16T21:29:40Z,2025-07-16T21:29:50Z,2025-07-16 21:25:00+00:00,2025-07-16 21:30:00+00:00,5.045532287977673,275732225393.20447,10.4134,3161462249603.716,PSAB_d_2025-07-14
C7,PSAB,2025-07-16T21:29:50Z,2025-07-16T21:30:00Z,2025-07-16 21:25:00+00:00,2025-07-16 21:30:00+00:00,5.045532287977673,275732225393.20447,10.4134,3161462249603.716,PSAB_d_2025-07-14
C7,PSAB,2025-07-16T21:30:00Z,2025-07-16T21:30:10Z,2025-07-16 21:30:00+00:00,2025-07-16 21:35:00+00:00,0.2506802793218514,305605237340.1667,10.4134,3161462249603.716,PSAB_d_2025-07-14
C7,PSAB,2025-07-16T21:30:10Z,2025-07-16T21:30:20Z,2025-07-16 21:30:00+00:00,2025-07-16 21:35:00+00:00,4.720731534609113,267374840302.753,10.4134,3161462249603.716,PSAB_d_2025-07-14
C7,PSAB,2025-07-16T21:30:20Z,2025-07-16T21:30:30Z,2025-07-16 21:30:00+00:00,2025-07-16 21:35:00+00:00,5.045532287977673,275732225393.20447,10.4134,3161462249603.716,PSAB_d_2025-07-14
C7,PSAB,2025-07-16T21:30:30Z,2025-07-16T21:30:40Z,2025-07-16 21:30:00+00:00,2025-07-16 21:35:00+00:00,5.045532287977673,275732225393.20447,10.4134,3161462249603.716,PSAB_d_2025-07-14
C7,PSAB,2025-07-16T21:30:40Z,2025-07-16T21:30:50Z,2025-07-16 21:30:00+00:00,2025-07-16 21:35:00+00:00,5.045532287977673,275732225393.20447,10.4134,3161462249603.716,PSAB_d_2025-07-14
C7,PSAB,2025-07-16T21:30:50Z,2025-07-16T21:31:00Z,2025-07-16 21:30:00+00:00,2025-07-16 21:35:00+00:00,5.045532287977673,275732225393.20447,10.4134,3161462249603.716,PSAB_d_2025-07-14
C7,PSAB,2025-07-16T21:31:00Z,2025-07-16T21:31:10Z,2025-07-16 21:30:00+00:00,2025-07-16 21:35:00+00:00,5.045532287977673,275732225393.20447,10.4134,3161462249603.716,PSAB_d_2025-07-14
C7,PSAB,2025-07-16T21:31:10Z,2025-07-16T21:31:20Z,2025-07-16 21:30:00+00:00,2025-07-16 21:35:00+00:00,5.045532287977673,275732225393.20447,10.4134,3161462249603.716,PSAB_d_2025-07-14
C7,PSAB,2025-07-16T21:31:20Z,2025-07-16T21:31:30Z,2025-07-16 21:30:00+00:00,2025-07-16 21:35:00+00:00,5.045532287977673,275732225393.20447,10.4134,3161462249603.716,PSAB_d_2025-07-14
C7,PSAB,2025-07-16T21:31:30Z,2025-07-16T21:31:40Z,2025-07-16 21:30:00+00:00,2025-07-16 21:35:00+00:00,5.045532287977673,275732225393.20447,10.4134,3161462249603.716,PSAB_d_2025-07-14
C7,PSAB,2025-07-16T21:31:40Z,2025-07-16T21:31:50Z,2025-07-16 21:30:00+00:00,2025-07-16 21:35:00+00:00,5.045532287977673,275732225393.20447,10.4134,3161462249603.716,PSAB_d_2025-07-14
C7,PSAB,2025-07-16T21:31:50Z,2025-07-16T21:32:00Z,2025-07-16 21:30:00+00:00,2025-07-16 21:35:00+00:00,5.045532287977673,275732225393.20447,10.4134,3161462249603.716,PSAB_d_2025-07-14
C7,PSAB,2025-07-16T21:32:00Z,2025-07-16T21:32:10Z,2025-07-16 21:30:00+00:00,2025-07-16 21:35:00+00:00,5.045532287977673,275732225393.20447,10.4134,3161462249603.716,PSAB_d_2025-07-14
C7,PSAB,2025-07-16T21:32:10Z,2025-07-16T21:32:20Z,2025-07-16 21:30:00+00:00,2025-07-16 21:35:00+00:00,5.045532287977673,275732225393.20447,10.4134,3161462249603.716,PSAB_d_2025-07-14
C7,PSAB,2025-07-16T21:32:20Z,2025-07-16T21:32:30Z,2025-07-16 21:30:00+00:00,2025-07-16 21:35:00+00:00,5.045532287977673,275732225393.20447,10.4134,3161462249603.716,PSAB_d_2025-07-14
C7,PSAB,2025-07-16T21:32:30Z,2025-07-16T21:32:40Z,2025-07-16 21:30:00+00:00,2025-07-16 21:35:00+00:00,5.045532287977673,275732225393.20447,10.4134,3161462249603.716,PSAB_d_2025-07-14
C7,PSAB,2025-07-16T21:32:40Z,2025-07-16T21:32:50Z,2025-07-16 21:30:00+00:00,2025-07-16 21:35:00+00:00,5.045532287977673,275732225393.20447,10.4134,3161462249603.716,PSAB_d_2025-07-14
C7,PSAB,2025-07-16T21:32:50Z,2025-07-16T21:33:00Z,2025-07-16 21:30:00+00:00,2025-07-16 21:35:00+00:00,5.045532287977673,275732225393.20447,10.4134,3161462249603.716,PSAB_d_2025-07-14
C7,PSAB,2025-07-16T21:33:00Z,2025-07-16T21:33:10Z,2025-07-16 21:30:00+00:00,2025-07-16 21:35:00+00:00,5.045532287977673,275732225393.20447,10.4134,3161462249603.716,PSAB_d_2025-07-14
C7,PSAB,2025-07-16T21:33:10Z,2025-07-16T21:33:20Z,2025-07-16 21:30:00+00:00,2025-07-16 21:35:00+00:00,5.045532287977673,275732225393.20447,10.4134,3161462249603.716,PSAB_d_2025-07-14
C7,PSAB,2025-07-16T21:33:20Z,2025-07-16T21:33:30Z,2025-07-16 21:30:00+00:00,2025-07-16 21:35:00+00:00,5.045532287977673,275732225393.20447,10.4134,3161462249603.716,PSAB_d_2025-07-14
C7,PSAB,2025-07-16T21:33:30Z,2025-07-16T21:33:40Z,2025-07-16 21:30:00+00:00,2025-07-16 21:35:00+00:00,5.045532287977673,275732225393.20447,10.4134,3161462249603.716,PSAB_d_2025-07-14
C7,PSAB,2025-07-16T21:33:40Z,2025-07-16T21:33:50Z,2025-07-16 21:30:00+00:00,2025-07-16 21:35:00+00:00,5.045532287977673,275732225393.20447,10.4134,3161462249603.716,PSAB_d_2025-07-14
C7,PSAB,2025-07-16T21:33:50Z,2025-07-16T21:34:00Z,2025-07-16 21:30:00+00:00,2025-07-16 21:35:00+00:00,5.045532287977673,275732225393.20447,10.4134,3161462249603.716,PSAB_d_2025-07-14
C7,PSAB,2025-07-16T21:34:00Z,2025-07-16T21:34:10Z,2025-07-16 21:30:00+00:00,2025-07-16 21:35:00+00:00,5.045532287977673,275732225393.20447,10.4134,3161462249603.716,PSAB_d_2025-07-14
C7,PSAB,2025-07-16T21:34:10Z,2025-07-16T21:34:20Z,2025-07-16 21:30:00+00:00,2025-07-16 21:35:00+00:00,5.045532287977673,275732225393.20447,10.4134,3161462249603.716,PSAB_d_2025-07-14
C7,PSAB,2025-07-16T21:34:20Z,2025-07-16T21:34:30Z,2025-07-16 21:30:00+00:00,2025-07-16 21:35:00+00:00,5.045532287977673,275732225393.20447,10.4134,3161462249603.716,PSAB_d_2025-07-14
C7,PSAB,2025-07-16T21:34:30Z,2025-07-16T21:34:40Z,2025-07-16 21:30:00+00:00,2025-07-16 21:35:00+00:00,5.045532287977673,275732225393.20447,10.4134,3161462249603.716,PSAB_d_2025-07-14
C7,PSAB,2025-07-16T21:34:40Z,2025-07-16T21:34:50Z,2025-07-16 21:30:00+00:00,2025-07-16 21:35:00+00:00,5.045532287977673,275732225393.20447,10.4134,3161462249603.716,PSAB_d_2025-07-14
C7,PSAB,2025-07-16T21:34:50Z,2025-07-16T21:35:00Z,2025-07-16 21:30:00+00:00,2025-07-16 21:35:00+00:00,5.045532287977673,275732225393.20447,10.4134,3161462249603.716,PSAB_d_2025-07-14
C7,PPMA,2025-07-16T21:30:00Z,2025-07-16T21:30:10Z,2025-07-16 21:30:00+00:00,2025-07-16 21:35:00+00:00,1.7743222923511466,4751021171150.095,24.3766,4262592844214.596,PPMA_d_2025-07-14
C7,PPMA,2025-07-16T21:30:10Z,2025-07-16T21:30:20Z,2025-07-16 21:30:00+00:00,2025-07-16 21:35:00+00:00,3.7109208139422347,1848433885015.2266,24.3766,4262592844214.596,PPMA_d_2025-07-14
C7,PPMA,2025-07-16T21:30:20Z,2025-07-16T21:30:30Z,2025-07-16 21:30:00+00:00,2025-07-16 21:35:00+00:00,1.5834922627139094,1182881507186.3555,24.3766,4262592844214.596,PPMA_d_2025-07-14
C7,PPMA,2025-07-16T21:30:30Z,2025-07-16T21:30:40Z,2025-07-16 21:30:00+00:00,2025-07-16 21:35:00+00:00,3.3015663399165662,1544789852521.073,24.3766,4262592844214.596,PPMA_d_2025-07-14
C7,PPMA,2025-07-16T21:30:40Z,2025-07-16T21:30:50Z,2025-07-16 21:30:00+00:00,2025-07-16 21:35:00+00:00,2.4174114378895677,1766231331176.6714,24.3766,4262592844214.596,PPMA_d_2025-07-14
C7,PPMA,2025-07-16T21:30:50Z,2025-07-16T21:31:00Z,2025-07-16 21:30:00+00:00,2025-07-16 21:35:00+00:00,11.353823201117702,3758628550482.816,24.3766,4262592844214.596,PPMA_d_2025-07-14
C7,PPMA,2025-07-16T21:31:00Z,2025-07-16T21:31:10Z,2025-07-16 21:30:00+00:00,2025-07-16 21:35:00+00:00,1.4370508116983403,3203366585434.925,24.3766,4262592844214.596,PPMA_d_2025-07-14
C7,PPMA,2025-07-16T21:31:10Z,2025-07-16T21:31:20Z,2025-07-16 21:30:00+00:00,2025-07-16 21:35:00+00:00,6.158587950670227,2599897985215.863,24.3766,4262592844214.596,PPMA_d_2025-07-14
C7,PPMA,2025-07-16T21:31:20Z,2025-07-16T21:31:30Z,2025-07-16 21:30:00+00:00,2025-07-16 21:35:00+00:00,2.174022398342621,1992296141469.5586,24.3766,4262592844214.596,PPMA_d_2025-07-14
C7,PPMA,2025-07-16T21:31:30Z,2025-07-16T21:31:40Z,2025-07-16 21:30:00+00:00,2025-07-16 21:35:00+00:00,2.4651945269490914,3114115999843.17,24.3766,4262592844214.596,PPMA_d_2025-07-14
C7,PPMA,2025-07-16T21:31:40Z,2025-07-16T21:31:50Z,2025-07-16 21:30:00+00:00,2025-07-16 21:35:00+00:00,2.6023388496040223,2593606633707.817,24.3766,4262592844214.596,PPMA_d_2025-07-14
C7,PPMA,2025-07-16T21:31:50Z,2025-07-16T21:32:00Z,2025-07-16 21:30:00+00:00,2025-07-16 21:35:00+00:00,1.535490635563247,2449868235534.3184,24.3766,4262592844214.596,PPMA_d_2025-07-14
C7,PPMA,2025-07-16T21:32:00Z,2025-07-16T21:32:10Z,2025-07-16 21:30:00+00:00,2025-07-16 21:35:00+00:00,3.043494856897058,2186974831480.527,24.3766,4262592844214.596,PPMA_d_2025-07-14
C7,PPMA,2025-07-16T21:32:10Z,2025-07-16T21:32:20Z,2025-07-16 21:30:00+00:00,2025-07-16 21:35:00+00:00,12.169867177108898,4327496727027.7637,24.3766,4262592844214.596,PPMA_d_2025-07-14
C7,PPMA,2025-07-16T21:32:20Z,2025-07-16T21:32:30Z,2025-07-16 21:30:00+00:00,2025-07-16 21:35:00+00:00,4.49399662488864,3547292577193.2715,24.3766,4262592844214.596,PPMA_d_2025-07-14
C7,PPMA,2025-07-16T21:32:30Z,2025-07-16T21:32:40Z,2025-07-16 21:30:00+00:00,2025-07-16 21:35:00+00:00,1.6286213796555415,2249721025671.564,24.3766,4262592844214.596,PPMA_d_2025-07-14
C7,PPMA,2025-07-16T21:32:40Z,2025-07-16T21:32:50Z,2025-07-16 21:30:00+00:00,2025-07-16 21:35:00+00:00,0.49356001952933054,939370276448.635,24.3766,4262592844214.596,PPMA_d_2025-07-14
C7,PPMA,2025-07-16T21:32:50Z,2025-07-16T21:33:00Z,2025-07-16 21:30:00+00:00,2025-07-16 21:35:00+00:00,0.8122796216759274,389594897592.9749,24.3766,4262592844214.596,PPMA_d_2025-07-14
C7,PPMA,2025-07-16T21:33:00Z,2025-07-16T21:33:10Z,2025-07-16 21:30:00+00:00,2025-07-16 21:35:00+00:00,0.8122796216759274,389594897592.9749,24.3766,4262592844214.596,PPMA_d_2025-07-14
C7,PPMA,2025-07-16T21:33:10Z,2025-07-16T21:33:20Z,2025-07-16 21:30:00+00:00,2025-07-16 21:35:00+00:00,0.8122796216759274,389594897592.9749,24.3766,4262592844214.596,PPMA_d_2025-07-14
C7,PPMA,2025-07-16T21:33:20Z,2025-07-16T21:33:30Z,2025-07-16 21:30:00+00:00,2025-07-16 21:35:00+00:00,0.8122796216759274,389594897592.9749,24.3766,4262592844214.596,PPMA_d_2025-07-14
C7,PPMA,2025-07-16T21:33:30Z,2025-07-16T21:33:40Z,2025-07-16 21:30:00+00:00,2025-07-16 21:35:00+00:00,0.8122796216759274,389594897592.9749,24.3766,4262592844214.596,PPMA_d_2025-07-14
C7,PPMA,2025-07-16T21:33:40Z,2025-07-16T21:33:50Z,2025-07-16 21:30:00+00:00,2025-07-16 21:35:00+00:00,0.8122796216759274,389594897592.9749,24.3766,4262592844214.596,PPMA_d_2025-07-14
C7,PPMA,2025-07-16T21:33:50Z,2025-07-16T21:34:00Z,2025-07-16 21:30:00+00:00,2025-07-16 21:35:00+00:00,0.8122796216759274,389594897592.9749,24.3766,4262592844214.596,PPMA_d_2025-07-14
C7,PPMA,2025-07-16T21:34:00Z,2025-07-16T21:34:10Z,2025-07-16 21:30:00+00:00,2025-07-16 21:35:00+00:00,0.8122796216759274,389594897592.9749,24.3766,4262592844214.596,PPMA_d_2025-07-14
C7,PPMA,2025-07-16T21:34:10Z,2025-07-16T21:34:20Z,2025-07-16 21:30:00+00:00,2025-07-16 21:35:00+00:00,0.8122796216759274,389594897592.9749,24.3766,4262592844214.596,PPMA_d_2025-07-14
C7,PPMA,2025-07-16T21:34:20Z,2025-07-16T21:34:30Z,2025-07-16 21:30:00+00:00,2025-07-16 21:35:00+00:00,0.8122796216759274,389594897592.9749,24.3766,4262592844214.596,PPMA_d_2025-07-14
C7,PPMA,2025-07-16T21:34:30Z,2025-07-16T21:34:40Z,2025-07-16 21:30:00+00:00,2025-07-16 21:35:00+00:00,0.8122796216759274,389594897592.9749,24.3766,4262592844214.596,PPMA_d_2025-07-14
C7,PPMA,2025-07-16T21:34:40Z,2025-07-16T21:34:50Z,2025-07-16 21:30:00+00:00,2025-07-16 21:35:00+00:00,0.8122796216759274,389594897592.9749,24.3766,4262592844214.596,PPMA_d_2025-07-14
C7,PPMA,2025-07-16T21:34:50Z,2025-07-16T21:35:00Z,2025-07-16 21:30:00+00:00,2025-07-16 21:35:00+00:00,0.8122796216759274,389594897592.9749,24.3766,4262592844214.596,PPMA_d_2025-07-14
C7,PPMA,2025-07-16T21:35:00Z,2025-07-16T21:35:10Z,2025-07-16 21:35:00+00:00,2025-07-16 21:40:00+00:00,1.7743222923511466,4751021171150.095,24.3766,4262592844214.596,PPMA_d_2025-07-14
C7,PPMA,2025-07-16T21:35:10Z,2025-07-16T21:35:20Z,2025-07-16 21:35:00+00:00,2025-07-16 21:40:00+00:00,3.7109208139422347,1848433885015.2266,24.3766,4262592844214.596,PPMA_d_2025-07-14
C7,PPMA,2025-07-16T21:35:20Z,2025-07-16T21:35:30Z,2025-07-16 21:35:00+00:00,2025-07-16 21:40:00+00:00,1.5834922627139094,1182881507186.3555,24.3766,4262592844214.596,PPMA_d_2025-07-14
C7,PPMA,2025-07-16T21:35:30Z,2025-07-16T21:35:40Z,2025-07-16 21:35:00+00:00,2025-07-16 21:40:00+00:00,3.3015663399165662,1544789852521.073,24.3766,4262592844214.596,PPMA_d_2025-07-14
C7,PPMA,2025-07-16T21:35:40Z,2025-07-16T21:35:50Z,2025-07-16 21:35:00+00:00,2025-07-16 21:40:00+00:00,2.4174114378895677,1766231331176.6714,24.3766,4262592844214.596,PPMA_d_2025-07-14
C7,PPMA,2025-07-16T21:35:50Z,2025-07-16T21:36:00Z,2025-07-16 21:35:00+00:00,2025-07-16 21:40:00+00:00,11.353823201117702,3758628550482.816,24.3766,4262592844214.596,PPMA_d_2025-07-14
C7,PPMA,2025-07-16T21:36:00Z,2025-07-16T21:36:10Z,2025-07-16 21:35:00+00:00,2025-07-16 21:40:00+00:00,1.4370508116983403,3203366585434.925,24.3766,4262592844214.596,PPMA_d_2025-07-14
C7,PPMA,2025-07-16T21:36:10Z,2025-07-16T21:36:20Z,2025-07-16 21:35:00+00:00,2025-07-16 21:40:00+00:00,6.158587950670227,2599897985215.863,24.3766,4262592844214.596,PPMA_d_2025-07-14
C7,PPMA,2025-07-16T21:36:20Z,2025-07-16T21:36:30Z,2025-07-16 21:35:00+00:00,2025-07-16 21:40:00+00:00,2.174022398342621,1992296141469.5586,24.3766,4262592844214.596,PPMA_d_2025-07-14
C7,PPMA,2025-07-16T21:36:30Z,2025-07-16T21:36:40Z,2025-07-16 21:35:00+00:00,2025-07-16 21:40:00+00:00,2.4651945269490914,3114115999843.17,24.3766,4262592844214.596,PPMA_d_2025-07-14
C7,PPMA,2025-07-16T21:36:40Z,2025-07-16T21:36:50Z,2025-07-16 21:35:00+00:00,2025-07-16 21:40:00+00:00,2.6023388496040223,2593606633707.817,24.3766,4262592844214.596,PPMA_d_2025-07-14
C7,PPMA,2025-07-16T21:36:50Z,2025-07-16T21:37:00Z,2025-07-16 21:35:00+00:00,2025-07-16 21:40:00+00:00,1.535490635563247,2449868235534.3184,24.3766,4262592844214.596,PPMA_d_2025-07-14
C7,PPMA,2025-07-16T21:37:00Z,2025-07-16T21:37:10Z,2025-07-16 21:35:00+00:00,2025-07-16 21:40:00+00:00,3.043494856897058,2186974831480.527,24.3766,4262592844214.596,PPMA_d_2025-07-14
C7,PPMA,2025-07-16T21:37:10Z,2025-07-16T21:37:20Z,2025-07-16 21:35:00+00:00,2025-07-16 21:40:00+00:00,12.169867177108898,4327496727027.7637,24.3766,4262592844214.596,PPMA_d_2025-07-14
C7,PPMA,2025-07-16T21:37:20Z,2025-07-16T21:37:30Z,2025-07-16 21:35:00+00:00,2025-07-16 21:40:00+00:00,4.49399662488864,3547292577193.2715,24.3766,4262592844214.596,PPMA_d_2025-07-14
C7,PPMA,2025-07-16T21:37:30Z,2025-07-16T21:37:40Z,2025-07-16 21:35:00+00:00,2025-07-16 21:40:00+00:00,1.6286213796555415,2249721025671.564,24.3766,4262592844214.596,PPMA_d_2025-07-14
C7,PPMA,2025-07-16T21:37:40Z,2025-07-16T21:37:50Z,2025-07-16 21:35:00+00:00,2025-07-16 21:40:00+00:00,0.49356001952933054,939370276448.635,24.3766,4262592844214.596,PPMA_d_2025-07-14
C7,PPMA,2025-07-16T21:37:50Z,2025-07-16T21:38:00Z,2025-07-16 21:35:00+00:00,2025-07-16 21:40:00+00:00,0.8122796216759274,389594897592.9749,24.3766,4262592844214.596,PPMA_d_2025-07-14
C7,PPMA,2025-07-16T21:38:00Z,2025-07-16T21:38:10Z,2025-07-16 21:35:00+00:00,2025-07-16 21:40:00+00:00,0.8122796216759274,389594897592.9749,24.3766,4262592844214.596,PPMA_d_2025-07-14
C7,PPMA,2025-07-16T21:38:10Z,2025-07-16T21:38:20Z,2025-07-16 21:35:00+00:00,2025-07-16 21:40:00+00:00,0.8122796216759274,389594897592.9749,24.3766,4262592844214.596,PPMA_d_2025-07-14
C7,PPMA,2025-07-16T21:38:20Z,2025-07-16T21:38:30Z,2025-07-16 21:35:00+00:00,2025-07-16 21:40:00+00:00,0.8122796216759274,389594897592.9749,24.3766,4262592844214.596,PPMA_d_2025-07-14
C7,PPMA,2025-07-16T21:38:30Z,2025-07-16T21:38:40Z,2025-07-16 21:35:00+00:00,2025-07-16 21:40:00+00:00,0.8122796216759274,389594897592.9749,24.3766,4262592844214.596,PPMA_d_2025-07-14
C7,PPMA,2025-07-16T21:38:40Z,2025-07-16T21:38:50Z,2025-07-16 21:35:00+00:00,2025-07-16 21:40:00+00:00,0.8122796216759274,389594897592.9749,24.3766,4262592844214.596,PPMA_d_2025-07-14
C7,PPMA,2025-07-16T21:38:50Z,2025-07-16T21:39:00Z,2025-07-16 21:35:00+00:00,2025-07-16 21:40:00+00:00,0.8122796216759274,389594897592.9749,24.3766,4262592844214.596,PPMA_d_2025-07-14
C7,PPMA,2025-07-16T21:39:00Z,2025-07-16T21:39:10Z,2025-07-16 21:35:00+00:00,2025-07-16 21:40:00+00:00,0.8122796216759274,389594897592.9749,24.3766,4262592844214.596,PPMA_d_2025-07-14
C7,PPMA,2025-07-16T21:39:10Z,2025-07-16T21:39:20Z,2025-07-16 21:35:00+00:00,2025-07-16 21:40:00+00:00,0.8122796216759274,389594897592.9749,24.3766,4262592844214.596,PPMA_d_2025-07-14
C7,PPMA,2025-07-16T21:39:20Z,2025-07-16T21:39:30Z,2025-07-16 21:35:00+00:00,2025-07-16 21:40:00+00:00,0.8122796216759274,389594897592.9749,24.3766,4262592844214.596,PPMA_d_2025-07-14
C7,PPMA,2025-07-16T21:39:30Z,2025-07-16T21:39:40Z,2025-07-16 21:35:00+00:00,2025-07-16 21:40:00+00:00,0.8122796216759274,389594897592.9749,24.3766,4262592844214.596,PPMA_d_2025-07-14
C7,PPMA,2025-07-16T21:39:40Z,2025-07-16T21:39:50Z,2025-07-16 21:35:00+00:00,2025-07-16 21:40:00+00:00,0.8122796216759274,389594897592.9749,24.3766,4262592844214.596,PPMA_d_2025-07-14
C7,PPMA,2025-07-16T21:39:50Z,2025-07-16T21:40:00Z,2025-07-16 21:35:00+00:00,2025-07-16 21:40:00+00:00,0.8122796216759274,389594897592.9749,24.3766,4262592844214.596,PPMA_d_2025-07-14
C7,PSAB,2025-07-16T21:35:00Z,2025-07-16T21:35:10Z,2025-07-16 21:35:00+00:00,2025-07-16 21:40:00+00:00,0.2506802793218514,305605237340.1667,10.4134,3161462249603.716,PSAB_d_2025-07-14
C7,PSAB,2025-07-16T21:35:10Z,2025-07-16T21:35:20Z,2025-07-16 21:35:00+00:00,2025-07-16 21:40:00+00:00,4.720731534609113,267374840302.753,10.4134,3161462249603.716,PSAB_d_2025-07-14
C7,PSAB,2025-07-16T21:35:20Z,2025-07-16T21:35:30Z,2025-07-16 21:35:00+00:00,2025-07-16 21:40:00+00:00,5.045532287977673,275732225393.20447,10.4134,3161462249603.716,PSAB_d_2025-07-14
C7,PSAB,2025-07-16T21:35:30Z,2025-07-16T21:35:40Z,2025-07-16 21:35:00+00:00,2025-07-16 21:40:00+00:00,5.045532287977673,275732225393.20447,10.4134,3161462249603.716,PSAB_d_2025-07-14
C7,PSAB,2025-07-16T21:35:40Z,2025-07-16T21:35:50Z,2025-07-16 21:35:00+00:00,2025-07-16 21:40:00+00:00,5.045532287977673,275732225393.20447,10.4134,3161462249603.716,PSAB_d_2025-07-14
C7,PSAB,2025-07-16T21:35:50Z,2025-07-16T21:36:00Z,2025-07-16 21:35:00+00:00,2025-07-16 21:40:00+00:00,5.045532287977673,275732225393.20447,10.4134,3161462249603.716,PSAB_d_2025-07-14
C7,PSAB,2025-07-16T21:36:00Z,2025-07-16T21:36:10Z,2025-07-16 21:35:00+00:00,2025-07-16 21:40:00+00:00,5.045532287977673,275732225393.20447,10.4134,3161462249603.716,PSAB_d_2025-07-14
C7,PSAB,2025-07-16T21:36:10Z,2025-07-16T21:36:20Z,2025-07-16 21:35:00+00:00,2025-07-16 21:40:00+00:00,5.045532287977673,275732225393.20447,10.4134,3161462249603.716,PSAB_d_2025-07-14
C7,PSAB,2025-07-16T21:36:20Z,2025-07-16T21:36:30Z,2025-07-16 21:35:00+00:00,2025-07-16 21:40:00+00:00,5.045532287977673,275732225393.20447,10.4134,3161462249603.716,PSAB_d_2025-07-14
C7,PSAB,2025-07-16T21:36:30Z,2025-07-16T21:36:40Z,2025-07-16 21:35:00+00:00,2025-07-16 21:40:00+00:00,5.045532287977673,275732225393.20447,10.4134,3161462249603.716,PSAB_d_2025-07-14
C7,PSAB,2025-07-16T21:36:40Z,2025-07-16T21:36:50Z,2025-07-16 21:35:00+00:00,2025-07-16 21:40:00+00:00,5.045532287977673,275732225393.20447,10.4134,3161462249603.716,PSAB_d_2025-07-14
C7,PSAB,2025-07-16T21:36:50Z,2025-07-16T21:37:00Z,2025-07-16 21:35:00+00:00,2025-07-16 21:40:00+00:00,5.045532287977673,275732225393.20447,10.4134,3161462249603.716,PSAB_d_2025-07-14
C7,PSAB,2025-07-16T21:37:00Z,2025-07-16T21:37:10Z,2025-07-16 21:35:00+00:00,2025-07-16 21:40:00+00:00,5.045532287977673,275732225393.20447,10.4134,3161462249603.716,PSAB_d_2025-07-14
C7,PSAB,2025-07-16T21:37:10Z,2025-07-16T21:37:20Z,2025-07-16 21:35:00+00:00,2025-07-16 21:40:00+00:00,5.045532287977673,275732225393.20447,10.4134,3161462249603.716,PSAB_d_2025-07-14
C7,PSAB,2025-07-16T21:37:20Z,2025-07-16T21:37:30Z,2025-07-16 21:35:00+00:00,2025-07-16 21:40:00+00:00,5.045532287977673,275732225393.20447,10.4134,3161462249603.716,PSAB_d_2025-07-14
C7,PSAB,2025-07-16T21:37:30Z,2025-07-16T21:37:40Z,2025-07-16 21:35:00+00:00,2025-07-16 21:40:00+00:00,5.045532287977673,275732225393.20447,10.4134,3161462249603.716,PSAB_d_2025-07-14
C7,PSAB,2025-07-16T21:37:40Z,2025-07-16T21:37:50Z,2025-07-16 21:35:00+00:00,2025-07-16 21:40:00+00:00,5.045532287977673,275732225393.20447,10.4134,3161462249603.716,PSAB_d_2025-07-14
C7,PSAB,2025-07-16T21:37:50Z,2025-07-16T21:38:00Z,2025-07-16 21:35:00+00:00,2025-07-16 21:40:00+00:00,5.045532287977673,275732225393.20447,10.4134,3161462249603.716,PSAB_d_2025-07-14
C7,PSAB,2025-07-16T21:38:00Z,2025-07-16T21:38:10Z,2025-07-16 21:35:00+00:00,2025-07-16 21:40:00+00:00,5.045532287977673,275732225393.20447,10.4134,3161462249603.716,PSAB_d_2025-07-14
C7,PSAB,2025-07-16T21:38:10Z,2025-07-16T21:38:20Z,2025-07-16 21:35:00+00:00,2025-07-16 21:40:00+00:00,5.045532287977673,275732225393.20447,10.4134,3161462249603.716,PSAB_d_2025-07-14
C7,PSAB,2025-07-16T21:38:20Z,2025-07-16T21:38:30Z,2025-07-16 21:35:00+00:00,2025-07-16 21:40:00+00:00,5.045532287977673,275732225393.20447,10.4134,3161462249603.716,PSAB_d_2025-07-14
C7,PSAB,2025-07-16T21:38:30Z,2025-07-16T21:38:40Z,2025-07-16 21:35:00+00:00,2025-07-16 21:40:00+00:00,5.045532287977673,275732225393.20447,10.4134,3161462249603.716,PSAB_d_2025-07-14
C7,PSAB,2025-07-16T21:38:40Z,2025-07-16T21:38:50Z,2025-07-16 21:35:00+00:00,2025-07-16 21:40:00+00:00,5.045532287977673,275732225393.20447,10.4134,3161462249603.716,PSAB_d_2025-07-14
C7,PSAB,2025-07-16T21:38:50Z,2025-07-16T21:39:00Z,2025-07-16 21:35:00+00:00,2025-07-16 21:40:00+00:00,5.045532287977673,275732225393.20447,10.4134,3161462249603.716,PSAB_d_2025-07-14
C7,PSAB,2025-07-16T21:39:00Z,2025-07-16T21:39:10Z,2025-07-16 21:35:00+00:00,2025-07-16 21:40:00+00:00,5.045532287977673,275732225393.20447,10.4134,3161462249603.716,PSAB_d_2025-07-14
C7,PSAB,2025-07-16T21:39:10Z,2025-07-16T21:39:20Z,2025-07-16 21:35:00+00:00,2025-07-16 21:40:00+00:00,5.045532287977673,275732225393.20447,10.4134,3161462249603.716,PSAB_d_2025-07-14
C7,PSAB,2025-07-16T21:39:20Z,2025-07-16T21:39:30Z,2025-07-16 21:35:00+00:00,2025-07-16 21:40:00+00:00,5.045532287977673,275732225393.20447,10.4134,3161462249603.716,PSAB_d_2025-07-14
C7,PSAB,2025-07-16T21:39:30Z,2025-07-16T21:39:40Z,2025-07-16 21:35:00+00:00,2025-07-16 21:40:00+00:00,5.045532287977673,275732225393.20447,10.4134,3161462249603.716,PSAB_d_2025-07-14
C7,PSAB,2025-07-16T21:39:40Z,2025-07-16T21:39:50Z,2025-07-16 21:35:00+00:00,2025-07-16 21:40:00+00:00,5.045532287977673,275732225393.20447,10.4134,3161462249603.716,PSAB_d_2025-07-14
C7,PSAB,2025-07-16T21:39:50Z,2025-07-16T21:40:00Z,2025-07-16 21:35:00+00:00,2025-07-16 21:40:00+00:00,5.045532287977673,275732225393.20447,10.4134,3161462249603.716,PSAB_d_2025-07-14
C7,PSAB,2025-07-16T21:40:00Z,2025-07-16T21:40:10Z,2025-07-16 21:40:00+00:00,2025-07-16 21:45:00+00:00,0.2506802793218514,305605237340.1667,10.4134,3161462249603.716,PSAB_d_2025-07-14
C7,PSAB,2025-07-16T21:40:10Z,2025-07-16T21:40:20Z,2025-07-16 21:40:00+00:00,2025-07-16 21:45:00+00:00,4.720731534609113,267374840302.753,10.4134,3161462249603.716,PSAB_d_2025-07-14
C7,PSAB,2025-07-16T21:40:20Z,2025-07-16T21:40:30Z,2025-07-16 21:40:00+00:00,2025-07-16 21:45:00+00:00,5.045532287977673,275732225393.20447,10.4134,3161462249603.716,PSAB_d_2025-07-14
C7,PSAB,2025-07-16T21:40:30Z,2025-07-16T21:40:40Z,2025-07-16 21:40:00+00:00,2025-07-16 21:45:00+00:00,5.045532287977673,275732225393.20447,10.4134,3161462249603.716,PSAB_d_2025-07-14
C7,PSAB,2025-07-16T21:40:40Z,2025-07-16T21:40:50Z,2025-07-16 21:40:00+00:00,2025-07-16 21:45:00+00:00,5.045532287977673,275732225393.20447,10.4134,3161462249603.716,PSAB_d_2025-07-14
C7,PSAB,2025-07-16T21:40:50Z,2025-07-16T21:41:00Z,2025-07-16 21:40:00+00:00,2025-07-16 21:45:00+00:00,5.045532287977673,275732225393.20447,10.4134,3161462249603.716,PSAB_d_2025-07-14
C7,PSAB,2025-07-16T21:41:00Z,2025-07-16T21:41:10Z,2025-07-16 21:40:00+00:00,2025-07-16 21:45:00+00:00,5.045532287977673,275732225393.20447,10.4134,3161462249603.716,PSAB_d_2025-07-14
C7,PSAB,2025-07-16T21:41:10Z,2025-07-16T21:41:20Z,2025-07-16 21:40:00+00:00,2025-07-16 21:45:00+00:00,5.045532287977673,275732225393.20447,10.4134,3161462249603.716,PSAB_d_2025-07-14
C7,PSAB,2025-07-16T21:41:20Z,2025-07-16T21:41:30Z,2025-07-16 21:40:00+00:00,2025-07-16 21:45:00+00:00,5.045532287977673,275732225393.20447,10.4134,3161462249603.716,PSAB_d_2025-07-14
C7,PSAB,2025-07-16T21:41:30Z,2025-07-16T21:41:40Z,2025-07-16 21:40:00+00:00,2025-07-16 21:45:00+00:00,5.045532287977673,275732225393.20447,10.4134,3161462249603.716,PSAB_d_2025-07-14
C7,PSAB,2025-07-16T21:41:40Z,2025-07-16T21:41:50Z,2025-07-16 21:40:00+00:00,2025-07-16 21:45:00+00:00,5.045532287977673,275732225393.20447,10.4134,3161462249603.716,PSAB_d_2025-07-14
C7,PSAB,2025-07-16T21:41:50Z,2025-07-16T21:42:00Z,2025-07-16 21:40:00+00:00,2025-07-16 21:45:00+00:00,5.045532287977673,275732225393.20447,10.4134,3161462249603.716,PSAB_d_2025-07-14
C7,PSAB,2025-07-16T21:42:00Z,2025-07-16T21:42:10Z,2025-07-16 21:40:00+00:00,2025-07-16 21:45:00+00:00,5.045532287977673,275732225393.20447,10.4134,3161462249603.716,PSAB_d_2025-07-14
C7,PSAB,2025-07-16T21:42:10Z,2025-07-16T21:42:20Z,2025-07-16 21:40:00+00:00,2025-07-16 21:45:00+00:00,5.045532287977673,275732225393.20447,10.4134,3161462249603.716,PSAB_d_2025-07-14
C7,PSAB,2025-07-16T21:42:20Z,2025-07-16T21:42:30Z,2025-07-16 21:40:00+00:00,2025-07-16 21:45:00+00:00,5.045532287977673,275732225393.20447,10.4134,3161462249603.716,PSAB_d_2025-07-14
C7,PSAB,2025-07-16T21:42:30Z,2025-07-16T21:42:40Z,2025-07-16 21:40:00+00:00,2025-07-16 21:45:00+00:00,5.045532287977673,275732225393.20447,10.4134,3161462249603.716,PSAB_d_2025-07-14
C7,PSAB,2025-07-16T21:42:40Z,2025-07-16T21:42:50Z,2025-07-16 21:40:00+00:00,2025-07-16 21:45:00+00:00,5.045532287977673,275732225393.20447,10.4134,3161462249603.716,PSAB_d_2025-07-14
C7,PSAB,2025-07-16T21:42:50Z,2025-07-16T21:43:00Z,2025-07-16 21:40:00+00:00,2025-07-16 21:45:00+00:00,5.045532287977673,275732225393.20447,10.4134,3161462249603.716,PSAB_d_2025-07-14
C7,PSAB,2025-07-16T21:43:00Z,2025-07-16T21:43:10Z,2025-07-16 21:40:00+00:00,2025-07-16 21:45:00+00:00,5.045532287977673,275732225393.20447,10.4134,3161462249603.716,PSAB_d_2025-07-14
C7,PSAB,2025-07-16T21:43:10Z,2025-07-16T21:43:20Z,2025-07-16 21:40:00+00:00,2025-07-16 21:45:00+00:00,5.045532287977673,275732225393.20447,10.4134,3161462249603.716,PSAB_d_2025-07-14
C7,PSAB,2025-07-16T21:43:20Z,2025-07-16T21:43:30Z,2025-07-16 21:40:00+00:00,2025-07-16 21:45:00+00:00,5.045532287977673,275732225393.20447,10.4134,3161462249603.716,PSAB_d_2025-07-14
C7,PSAB,2025-07-16T21:43:30Z,2025-07-16T21:43:40Z,2025-07-16 21:40:00+00:00,2025-07-16 21:45:00+00:00,5.045532287977673,275732225393.20447,10.4134,3161462249603.716,PSAB_d_2025-07-14
C7,PSAB,2025-07-16T21:43:40Z,2025-07-16T21:43:50Z,2025-07-16 21:40:00+00:00,2025-07-16 21:45:00+00:00,5.045532287977673,275732225393.20447,10.4134,3161462249603.716,PSAB_d_2025-07-14
C7,PSAB,2025-07-16T21:43:50Z,2025-07-16T21:44:00Z,2025-07-16 21:40:00+00:00,2025-07-16 21:45:00+00:00,5.045532287977673,275732225393.20447,10.4134,3161462249603.716,PSAB_d_2025-07-14
C7,PSAB,2025-07-16T21:44:00Z,2025-07-16T21:44:10Z,2025-07-16 21:40:00+00:00,2025-07-16 21:45:00+00:00,5.045532287977673,275732225393.20447,10.4134,3161462249603.716,PSAB_d_2025-07-14
C7,PSAB,2025-07-16T21:44:10Z,2025-07-16T21:44:20Z,2025-07-16 21:40:00+00:00,2025-07-16 21:45:00+00:00,5.045532287977673,275732225393.20447,10.4134,3161462249603.716,PSAB_d_2025-07-14
C7,PSAB,2025-07-16T21:44:20Z,2025-07-16T21:44:30Z,2025-07-16 21:40:00+00:00,2025-07-16 21:45:00+00:00,5.045532287977673,275732225393.20447,10.4134,3161462249603.716,PSAB_d_2025-07-14
C7,PSAB,2025-07-16T21:44:30Z,2025-07-16T21:44:40Z,2025-07-16 21:40:00+00:00,2025-07-16 21:45:00+00:00,5.045532287977673,275732225393.20447,10.4134,3161462249603.716,PSAB_d_2025-07-14
C7,PSAB,2025-07-16T21:44:40Z,2025-07-16T21:44:50Z,2025-07-16 21:40:00+00:00,2025-07-16 21:45:00+00:00,5.045532287977673,275732225393.20447,10.4134,3161462249603.716,PSAB_d_2025-07-14
C7,PSAB,2025-07-16T21:44:50Z,2025-07-16T21:45:00Z,2025-07-16 21:40:00+00:00,2025-07-16 21:45:00+00:00,5.045532287977673,275732225393.20447,10.4134,3161462249603.716,PSAB_d_2025-07-14
C7,PPMA,2025-07-16T21:40:00Z,2025-07-16T21:40:10Z,2025-07-16 21:40:00+00:00,2025-07-16 21:45:00+00:00,1.7743222923511466,4751021171150.095,24.3766,4262592844214.596,PPMA_d_2025-07-14
C7,PPMA,2025-07-16T21:40:10Z,2025-07-16T21:40:20Z,2025-07-16 21:40:00+00:00,2025-07-16 21:45:00+00:00,3.7109208139422347,1848433885015.2266,24.3766,4262592844214.596,PPMA_d_2025-07-14
C7,PPMA,2025-07-16T21:40:20Z,2025-07-16T21:40:30Z,2025-07-16 21:40:00+00:00,2025-07-16 21:45:00+00:00,1.5834922627139094,1182881507186.3555,24.3766,4262592844214.596,PPMA_d_2025-07-14
C7,PPMA,2025-07-16T21:40:30Z,2025-07-16T21:40:40Z,2025-07-16 21:40:00+00:00,2025-07-16 21:45:00+00:00,3.3015663399165662,1544789852521.073,24.3766,4262592844214.596,PPMA_d_2025-07-14
C7,PPMA,2025-07-16T21:40:40Z,2025-07-16T21:40:50Z,2025-07-16 21:40:00+00:00,2025-07-16 21:45:00+00:00,2.4174114378895677,1766231331176.6714,24.3766,4262592844214.596,PPMA_d_2025-07-14
C7,PPMA,2025-07-16T21:40:50Z,2025-07-16T21:41:00Z,2025-07-16 21:40:00+00:00,2025-07-16 21:45:00+00:00,11.353823201117702,3758628550482.816,24.3766,4262592844214.596,PPMA_d_2025-07-14
C7,PPMA,2025-07-16T21:41:00Z,2025-07-16T21:41:10Z,2025-07-16 21:40:00+00:00,2025-07-16 21:45:00+00:00,1.4370508116983403,3203366585434.925,24.3766,4262592844214.596,PPMA_d_2025-07-14
C7,PPMA,2025-07-16T21:41:10Z,2025-07-16T21:41:20Z,2025-07-16 21:40:00+00:00,2025-07-16 21:45:00+00:00,6.158587950670227,2599897985215.863,24.3766,4262592844214.596,PPMA_d_2025-07-14
C7,PPMA,2025-07-16T21:41:20Z,2025-07-16T21:41:30Z,2025-07-16 21:40:00+00:00,2025-07-16 21:45:00+00:00,2.174022398342621,1992296141469.5586,24.3766,4262592844214.596,PPMA_d_2025-07-14
C7,PPMA,2025-07-16T21:41:30Z,2025-07-16T21:41:40Z,2025-07-16 21:40:00+00:00,2025-07-16 21:45:00+00:00,2.4651945269490914,3114115999843.17,24.3766,4262592844214.596,PPMA_d_2025-07-14
C7,PPMA,2025-07-16T21:41:40Z,2025-07-16T21:41:50Z,2025-07-16 21:40:00+00:00,2025-07-16 21:45:00+00:00,2.6023388496040223,2593606633707.817,24.3766,4262592844214.596,PPMA_d_2025-07-14
C7,PPMA,2025-07-16T21:41:50Z,2025-07-16T21:42:00Z,2025-07-16 21:40:00+00:00,2025-07-16 21:45:00+00:00,1.535490635563247,2449868235534.3184,24.3766,4262592844214.596,PPMA_d_2025-07-14
C7,PPMA,2025-07-16T21:42:40Z,2025-07-16T21:42:50Z,2025-07-16 21:40:00+00:00,2025-07-16 21:45:00+00:00,3.043494856897058,2186974831480.527,24.3766,4262592844214.596,PPMA_d_2025-07-14
C7,PPMA,2025-07-16T21:42:50Z,2025-07-16T21:43:00Z,2025-07-16 21:40:00+00:00,2025-07-16 21:45:00+00:00,12.169867177108898,4327496727027.7637,24.3766,4262592844214.596,PPMA_d_2025-07-14
C7,PPMA,2025-07-16T21:43:00Z,2025-07-16T21:43:10Z,2025-07-16 21:40:00+00:00,2025-07-16 21:45:00+00:00,4.49399662488864,3547292577193.2715,24.3766,4262592844214.596,PPMA_d_2025-07-14
C7,PPMA,2025-07-16T21:43:10Z,2025-07-16T21:43:20Z,2025-07-16 21:40:00+00:00,2025-07-16 21:45:00+00:00,1.6286213796555415,2249721025671.564,24.3766,4262592844214.596,PPMA_d_2025-07-14
C7,PPMA,2025-07-16T21:43:20Z,2025-07-16T21:43:30Z,2025-07-16 21:40:00+00:00,2025-07-16 21:45:00+00:00,0.49356001952933054,939370276448.635,24.3766,4262592844214.596,PPMA_d_2025-07-14
C7,PPMA,2025-07-16T21:43:30Z,2025-07-16T21:43:40Z,2025-07-16 21:40:00+00:00,2025-07-16 21:45:00+00:00,0.8122796216759274,389594897592.9749,24.3766,4262592844214.596,PPMA_d_2025-07-14
C7,PPMA,2025-07-16T21:43:40Z,2025-07-16T21:43:50Z,2025-07-16 21:40:00+00:00,2025-07-16 21:45:00+00:00,0.8122796216759274,389594897592.9749,24.3766,4262592844214.596,PPMA_d_2025-07-14
C7,PPMA,2025-07-16T21:43:50Z,2025-07-16T21:44:00Z,2025-07-16 21:40:00+00:00,2025-07-16 21:45:00+00:00,0.8122796216759274,389594897592.9749,24.3766,4262592844214.596,PPMA_d_2025-07-14
C7,PPMA,2025-07-16T21:44:30Z,2025-07-16T21:44:40Z,2025-07-16 21:40:00+00:00,2025-07-16 21:45:00+00:00,0.8122796216759274,389594897592.9749,24.3766,4262592844214.596,PPMA_d_2025-07-14
C7,PPMA,2025-07-16T21:44:40Z,2025-07-16T21:44:50Z,2025-07-16 21:40:00+00:00,2025-07-16 21:45:00+00:00,0.8122796216759274,389594897592.9749,24.3766,4262592844214.596,PPMA_d_2025-07-14
C7,PPMA,2025-07-16T21:44:50Z,2025-07-16T21:45:00Z,2025-07-16 21:40:00+00:00,2025-07-16 21:45:00+00:00,0.8122796216759274,389594897592.9749,24.3766,4262592844214.596,PPMA_d_2025-07-14
C7,PPMA,2025-07-16T21:45:00Z,2025-07-16T21:45:10Z,2025-07-16 21:45:00+00:00,2025-07-16 21:50:00+00:00,1.7743222923511466,4751021171150.095,24.3766,4262592844214.596,PPMA_d_2025-07-14
C7,PPMA,2025-07-16T21:45:10Z,2025-07-16T21:45:20Z,2025-07-16 21:45:00+00:00,2025-07-16 21:50:00+00:00,3.7109208139422347,1848433885015.2266,24.3766,4262592844214.596,PPMA_d_2025-07-14
C7,PPMA,2025-07-16T21:45:20Z,2025-07-16T21:45:30Z,2025-07-16 21:45:00+00:00,2025-07-16 21:50:00+00:00,1.5834922627139094,1182881507186.3555,24.3766,4262592844214.596,PPMA_d_2025-07-14
C7,PPMA,2025-07-16T21:45:30Z,2025-07-16T21:45:40Z,2025-07-16 21:45:00+00:00,2025-07-16 21:50:00+00:00,3.3015663399165662,1544789852521.073,24.3766,4262592844214.596,PPMA_d_2025-07-14
C7,PPMA,2025-07-16T21:45:40Z,2025-07-16T21:45:50Z,2025-07-16 21:45:00+00:00,2025-07-16 21:50:00+00:00,2.4174114378895677,1766231331176.6714,24.3766,4262592844214.596,PPMA_d_2025-07-14
C7,PPMA,2025-07-16T21:45:50Z,2025-07-16T21:46:00Z,2025-07-16 21:45:00+00:00,2025-07-16 21:50:00+00:00,11.353823201117702,3758628550482.816,24.3766,4262592844214.596,PPMA_d_2025-07-14
C7,PPMA,2025-07-16T21:46:00Z,2025-07-16T21:46:10Z,2025-07-16 21:45:00+00:00,2025-07-16 21:50:00+00:00,1.4370508116983403,3203366585434.925,24.3766,4262592844214.596,PPMA_d_2025-07-14
C7,PPMA,2025-07-16T21:46:10Z,2025-07-16T21:46:20Z,2025-07-16 21:45:00+00:00,2025-07-16 21:50:00+00:00,6.158587950670227,2599897985215.863,24.3766,4262592844214.596,PPMA_d_2025-07-14
C7,PPMA,2025-07-16T21:46:20Z,2025-07-16T21:46:30Z,2025-07-16 21:45:00+00:00,2025-07-16 21:50:00+00:00,2.174022398342621,1992296141469.5586,24.3766,4262592844214.596,PPMA_d_2025-07-14
C7,PPMA,2025-07-16T21:46:40Z,2025-07-16T21:46:50Z,2025-07-16 21:45:00+00:00,2025-07-16 21:50:00+00:00,2.4651945269490914,3114115999843.17,24.3766,4262592844214.596,PPMA_d_2025-07-14
C7,PPMA,2025-07-16T21:46:50Z,2025-07-16T21:47:00Z,2025-07-16 21:45:00+00:00,2025-07-16 21:50:00+00:00,2.6023388496040223,2593606633707.817,24.3766,4262592844214.596,PPMA_d_2025-07-14
C7,PPMA,2025-07-16T21:47:00Z,2025-07-16T21:47:10Z,2025-07-16 21:45:00+00:00,2025-07-16 21:50:00+00:00,1.535490635563247,2449868235534.3184,24.3766,4262592844214.596,PPMA_d_2025-07-14
C7,PPMA,2025-07-16T21:47:10Z,2025-07-16T21:47:20Z,2025-07-16 21:45:00+00:00,2025-07-16 21:50:00+00:00,3.043494856897058,2186974831480.527,24.3766,4262592844214.596,PPMA_d_2025-07-14
C7,PPMA,2025-07-16T21:47:20Z,2025-07-16T21:47:30Z,2025-07-16 21:45:00+00:00,2025-07-16 21:50:00+00:00,12.169867177108898,4327496727027.7637,24.3766,4262592844214.596,PPMA_d_2025-07-14
C7,PPMA,2025-07-16T21:47:30Z,2025-07-16T21:47:40Z,2025-07-16 21:45:00+00:00,2025-07-16 21:50:00+00:00,4.49399662488864,3547292577193.2715,24.3766,4262592844214.596,PPMA_d_2025-07-14
C7,PPMA,2025-07-16T21:47:40Z,2025-07-16T21:47:50Z,2025-07-16 21:45:00+00:00,2025-07-16 21:50:00+00:00,1.6286213796555415,2249721025671.564,24.3766,4262592844214.596,PPMA_d_2025-07-14
C7,PPMA,2025-07-16T21:47:50Z,2025-07-16T21:48:00Z,2025-07-16 21:45:00+00:00,2025-07-16 21:50:00+00:00,0.49356001952933054,939370276448.635,24.3766,4262592844214.596,PPMA_d_2025-07-14
C7,PPMA,2025-07-16T21:48:00Z,2025-07-16T21:48:10Z,2025-07-16 21:45:00+00:00,2025-07-16 21:50:00+00:00,0.8122796216759274,389594897592.9749,24.3766,4262592844214.596,PPMA_d_2025-07-14
C7,PPMA,2025-07-16T21:48:10Z,2025-07-16T21:48:20Z,2025-07-16 21:45:00+00:00,2025-07-16 21:50:00+00:00,0.8122796216759274,389594897592.9749,24.3766,4262592844214.596,PPMA_d_2025-07-14
C7,PPMA,2025-07-16T21:48:20Z,2025-07-16T21:48:30Z,2025-07-16 21:45:00+00:00,2025-07-16 21:50:00+00:00,0.8122796216759274,389594897592.9749,24.3766,4262592844214.596,PPMA_d_2025-07-14
C7,PPMA,2025-07-16T21:48:30Z,2025-07-16T21:48:40Z,2025-07-16 21:45:00+00:00,2025-07-16 21:50:00+00:00,0.8122796216759274,389594897592.9749,24.3766,4262592844214.596,PPMA_d_2025-07-14
C7,PPMA,2025-07-16T21:48:40Z,2025-07-16T21:48:50Z,2025-07-16 21:45:00+00:00,2025-07-16 21:50:00+00:00,0.8122796216759274,389594897592.9749,24.3766,4262592844214.596,PPMA_d_2025-07-14
C7,PPMA,2025-07-16T21:48:50Z,2025-07-16T21:49:00Z,2025-07-16 21:45:00+00:00,2025-07-16 21:50:00+00:00,0.8122796216759274,389594897592.9749,24.3766,4262592844214.596,PPMA_d_2025-07-14
C7,PPMA,2025-07-16T21:49:00Z,2025-07-16T21:49:10Z,2025-07-16 21:45:00+00:00,2025-07-16 21:50:00+00:00,0.8122796216759274,389594897592.9749,24.3766,4262592844214.596,PPMA_d_2025-07-14
C7,PPMA,2025-07-16T21:49:10Z,2025-07-16T21:49:20Z,2025-07-16 21:45:00+00:00,2025-07-16 21:50:00+00:00,0.8122796216759274,389594897592.9749,24.3766,4262592844214.596,PPMA_d_2025-07-14
C7,PPMA,2025-07-16T21:49:20Z,2025-07-16T21:49:30Z,2025-07-16 21:45:00+00:00,2025-07-16 21:50:00+00:00,0.8122796216759274,389594897592.9749,24.3766,4262592844214.596,PPMA_d_2025-07-14
C7,PPMA,2025-07-16T21:49:30Z,2025-07-16T21:49:40Z,2025-07-16 21:45:00+00:00,2025-07-16 21:50:00+00:00,0.8122796216759274,389594897592.9749,24.3766,4262592844214.596,PPMA_d_2025-07-14
C7,PPMA,2025-07-16T21:49:40Z,2025-07-16T21:49:50Z,2025-07-16 21:45:00+00:00,2025-07-16 21:50:00+00:00,0.8122796216759274,389594897592.9749,24.3766,4262592844214.596,PPMA_d_2025-07-14
C7,PPMA,2025-07-16T21:49:50Z,2025-07-16T21:50:00Z,2025-07-16 21:45:00+00:00,2025-07-16 21:50:00+00:00,0.8122796216759274,389594897592.9749,24.3766,4262592844214.596,PPMA_d_2025-07-14
C7,PSAB,2025-07-16T21:45:00Z,2025-07-16T21:45:10Z,2025-07-16 21:45:00+00:00,2025-07-16 21:50:00+00:00,0.2506802793218514,305605237340.1667,10.4134,3161462249603.716,PSAB_d_2025-07-14
C7,PSAB,2025-07-16T21:45:10Z,2025-07-16T21:45:20Z,2025-07-16 21:45:00+00:00,2025-07-16 21:50:00+00:00,4.720731534609113,267374840302.753,10.4134,3161462249603.716,PSAB_d_2025-07-14
C7,PSAB,2025-07-16T21:45:20Z,2025-07-16T21:45:30Z,2025-07-16 21:45:00+00:00,2025-07-16 21:50:00+00:00,5.045532287977673,275732225393.20447,10.4134,3161462249603.716,PSAB_d_2025-07-14
C7,PSAB,2025-07-16T21:45:30Z,2025-07-16T21:45:40Z,2025-07-16 21:45:00+00:00,2025-07-16 21:50:00+00:00,5.045532287977673,275732225393.20447,10.4134,3161462249603.716,PSAB_d_2025-07-14
C7,PSAB,2025-07-16T21:45:40Z,2025-07-16T21:45:50Z,2025-07-16 21:45:00+00:00,2025-07-16 21:50:00+00:00,5.045532287977673,275732225393.20447,10.4134,3161462249603.716,PSAB_d_2025-07-14
C7,PSAB,2025-07-16T21:45:50Z,2025-07-16T21:46:00Z,2025-07-16 21:45:00+00:00,2025-07-16 21:50:00+00:00,5.045532287977673,275732225393.20447,10.4134,3161462249603.716,PSAB_d_2025-07-14
C7,PSAB,2025-07-16T21:46:00Z,2025-07-16T21:46:10Z,2025-07-16 21:45:00+00:00,2025-07-16 21:50:00+00:00,5.045532287977673,275732225393.20447,10.4134,3161462249603.716,PSAB_d_2025-07-14
C7,PSAB,2025-07-16T21:46:10Z,2025-07-16T21:46:20Z,2025-07-16 21:45:00+00:00,2025-07-16 21:50:00+00:00,5.045532287977673,275732225393.20447,10.4134,3161462249603.716,PSAB_d_2025-07-14
C7,PSAB,2025-07-16T21:46:20Z,2025-07-16T21:46:30Z,2025-07-16 21:45:00+00:00,2025-07-16 21:50:00+00:00,5.045532287977673,275732225393.20447,10.4134,3161462249603.716,PSAB_d_2025-07-14
C7,PSAB,2025-07-16T21:46:30Z,2025-07-16T21:46:40Z,2025-07-16 21:45:00+00:00,2025-07-16 21:50:00+00:00,5.045532287977673,275732225393.20447,10.4134,3161462249603.716,PSAB_d_2025-07-14
C7,PSAB,2025-07-16T21:46:40Z,2025-07-16T21:46:50Z,2025-07-16 21:45:00+00:00,2025-07-16 21:50:00+00:00,5.045532287977673,275732225393.20447,10.4134,3161462249603.716,PSAB_d_2025-07-14
C7,PSAB,2025-07-16T21:46:50Z,2025-07-16T21:47:00Z,2025-07-16 21:45:00+00:00,2025-07-16 21:50:00+00:00,5.045532287977673,275732225393.20447,10.4134,3161462249603.716,PSAB_d_2025-07-14
C7,PSAB,2025-07-16T21:47:00Z,2025-07-16T21:47:10Z,2025-07-16 21:45:00+00:00,2025-07-16 21:50:00+00:00,5.045532287977673,275732225393.20447,10.4134,3161462249603.716,PSAB_d_2025-07-14
C7,PSAB,2025-07-16T21:47:10Z,2025-07-16T21:47:20Z,2025-07-16 21:45:00+00:00,2025-07-16 21:50:00+00:00,5.045532287977673,275732225393.20447,10.4134,3161462249603.716,PSAB_d_2025-07-14
C7,PSAB,2025-07-16T21:47:20Z,2025-07-16T21:47:30Z,2025-07-16 21:45:00+00:00,2025-07-16 21:50:00+00:00,5.045532287977673,275732225393.20447,10.4134,3161462249603.716,PSAB_d_2025-07-14
C7,PSAB,2025-07-16T21:47:30Z,2025-07-16T21:47:40Z,2025-07-16 21:45:00+00:00,2025-07-16 21:50:00+00:00,5.045532287977673,275732225393.20447,10.4134,3161462249603.716,PSAB_d_2025-07-14
C7,PSAB,2025-07-16T21:47:40Z,2025-07-16T21:47:50Z,2025-07-16 21:45:00+00:00,2025-07-16 21:50:00+00:00,5.045532287977673,275732225393.20447,10.4134,3161462249603.716,PSAB_d_2025-07-14
C7,PSAB,2025-07-16T21:47:50Z,2025-07-16T21:48:00Z,2025-07-16 21:45:00+00:00,2025-07-16 21:50:00+00:00,5.045532287977673,275732225393.20447,10.4134,3161462249603.716,PSAB_d_2025-07-14
C7,PSAB,2025-07-16T21:48:00Z,2025-07-16T21:48:10Z,2025-07-16 21:45:00+00:00,2025-07-16 21:50:00+00:00,5.045532287977673,275732225393.20447,10.4134,3161462249603.716,PSAB_d_2025-07-14
C7,PSAB,2025-07-16T21:48:10Z,2025-07-16T21:48:20Z,2025-07-16 21:45:00+00:00,2025-07-16 21:50:00+00:00,5.045532287977673,275732225393.20447,10.4134,3161462249603.716,PSAB_d_2025-07-14
C7,PSAB,2025-07-16T21:48:20Z,2025-07-16T21:48:30Z,2025-07-16 21:45:00+00:00,2025-07-16 21:50:00+00:00,5.045532287977673,275732225393.20447,10.4134,3161462249603.716,PSAB_d_2025-07-14
C7,PSAB,2025-07-16T21:48:30Z,2025-07-16T21:48:40Z,2025-07-16 21:45:00+00:00,2025-07-16 21:50:00+00:00,5.045532287977673,275732225393.20447,10.4134,3161462249603.716,PSAB_d_2025-07-14
C7,PSAB,2025-07-16T21:48:40Z,2025-07-16T21:48:50Z,2025-07-16 21:45:00+00:00,2025-07-16 21:50:00+00:00,5.045532287977673,275732225393.20447,10.4134,3161462249603.716,PSAB_d_2025-07-14
C7,PSAB,2025-07-16T21:48:50Z,2025-07-16T21:49:00Z,2025-07-16 21:45:00+00:00,2025-07-16 21:50:00+00:00,5.045532287977673,275732225393.20447,10.4134,3161462249603.716,PSAB_d_2025-07-14
C7,PSAB,2025-07-16T21:49:00Z,2025-07-16T21:49:10Z,2025-07-16 21:45:00+00:00,2025-07-16 21:50:00+00:00,5.045532287977673,275732225393.20447,10.4134,3161462249603.716,PSAB_d_2025-07-14
C7,PSAB,2025-07-16T21:49:10Z,2025-07-16T21:49:20Z,2025-07-16 21:45:00+00:00,2025-07-16 21:50:00+00:00,5.045532287977673,275732225393.20447,10.4134,3161462249603.716,PSAB_d_2025-07-14
C7,PSAB,2025-07-16T21:49:20Z,2025-07-16T21:49:30Z,2025-07-16 21:45:00+00:00,2025-07-16 21:50:00+00:00,5.045532287977673,275732225393.20447,10.4134,3161462249603.716,PSAB_d_2025-07-14
C7,PSAB,2025-07-16T21:49:30Z,2025-07-16T21:49:40Z,2025-07-16 21:45:00+00:00,2025-07-16 21:50:00+00:00,5.045532287977673,275732225393.20447,10.4134,3161462249603.716,PSAB_d_2025-07-14
C7,PSAB,2025-07-16T21:49:40Z,2025-07-16T21:49:50Z,2025-07-16 21:45:00+00:00,2025-07-16 21:50:00+00:00,5.045532287977673,275732225393.20447,10.4134,3161462249603.716,PSAB_d_2025-07-14
C7,PSAB,2025-07-16T21:49:50Z,2025-07-16T21:50:00Z,2025-07-16 21:45:00+00:00,2025-07-16 21:50:00+00:00,5.045532287977673,275732225393.20447,10.4134,3161462249603.716,PSAB_d_2025-07-14
C7,PPMA,2025-07-16T21:50:00Z,2025-07-16T21:50:10Z,2025-07-16 21:50:00+00:00,2025-07-16 21:55:00+00:00,1.7743222923511466,4751021171150.095,24.3766,4262592844214.596,PPMA_d_2025-07-14
C7,PPMA,2025-07-16T21:50:10Z,2025-07-16T21:50:20Z,2025-07-16 21:50:00+00:00,2025-07-16 21:55:00+00:00,3.7109208139422347,1848433885015.2266,24.3766,4262592844214.596,PPMA_d_2025-07-14
C7,PPMA,2025-07-16T21:50:20Z,2025-07-16T21:50:30Z,2025-07-16 21:50:00+00:00,2025-07-16 21:55:00+00:00,1.5834922627139094,1182881507186.3555,24.3766,4262592844214.596,PPMA_d_2025-07-14
C7,PPMA,2025-07-16T21:50:30Z,2025-07-16T21:50:40Z,2025-07-16 21:50:00+00:00,2025-07-16 21:55:00+00:00,3.3015663399165662,1544789852521.073,24.3766,4262592844214.596,PPMA_d_2025-07-14
C7,PPMA,2025-07-16T21:50:40Z,2025-07-16T21:50:50Z,2025-07-16 21:50:00+00:00,2025-07-16 21:55:00+00:00,2.4174114378895677,1766231331176.6714,24.3766,4262592844214.596,PPMA_d_2025-07-14
C7,PPMA,2025-07-16T21:50:50Z,2025-07-16T21:51:00Z,2025-07-16 21:50:00+00:00,2025-07-16 21:55:00+00:00,11.353823201117702,3758628550482.816,24.3766,4262592844214.596,PPMA_d_2025-07-14
C7,PPMA,2025-07-16T21:51:00Z,2025-07-16T21:51:10Z,2025-07-16 21:50:00+00:00,2025-07-16 21:55:00+00:00,1.4370508116983403,3203366585434.925,24.3766,4262592844214.596,PPMA_d_2025-07-14
C7,PPMA,2025-07-16T21:51:10Z,2025-07-16T21:51:20Z,2025-07-16 21:50:00+00:00,2025-07-16 21:55:00+00:00,6.158587950670227,2599897985215.863,24.3766,4262592844214.596,PPMA_d_2025-07-14
C7,PPMA,2025-07-16T21:51:20Z,2025-07-16T21:51:30Z,2025-07-16 21:50:00+00:00,2025-07-16 21:55:00+00:00,2.174022398342621,1992296141469.5586,24.3766,4262592844214.596,PPMA_d_2025-07-14
C7,PPMA,2025-07-16T21:51:30Z,2025-07-16T21:51:40Z,2025-07-16 21:50:00+00:00,2025-07-16 21:55:00+00:00,2.4651945269490914,3114115999843.17,24.3766,4262592844214.596,PPMA_d_2025-07-14
C7,PPMA,2025-07-16T21:52:10Z,2025-07-16T21:52:20Z,2025-07-16 21:50:00+00:00,2025-07-16 21:55:00+00:00,2.6023388496040223,2593606633707.817,24.3766,4262592844214.596,PPMA_d_2025-07-14
C7,PPMA,2025-07-16T21:52:20Z,2025-07-16T21:52:30Z,2025-07-16 21:50:00+00:00,2025-07-16 21:55:00+00:00,1.535490635563247,2449868235534.3184,24.3766,4262592844214.596,PPMA_d_2025-07-14
C7,PPMA,2025-07-16T21:52:30Z,2025-07-16T21:52:40Z,2025-07-16 21:50:00+00:00,2025-07-16 21:55:00+00:00,3.043494856897058,2186974831480.527,24.3766,4262592844214.596,PPMA_d_2025-07-14
C7,PPMA,2025-07-16T21:52:40Z,2025-07-16T21:52:50Z,2025-07-16 21:50:00+00:00,2025-07-16 21:55:00+00:00,12.169867177108898,4327496727027.7637,24.3766,4262592844214.596,PPMA_d_2025-07-14
C7,PSAB,2025-07-16T21:50:00Z,2025-07-16T21:50:10Z,2025-07-16 21:50:00+00:00,2025-07-16 21:55:00+00:00,0.2506802793218514,305605237340.1667,10.4134,3161462249603.716,PSAB_d_2025-07-14
C7,PSAB,2025-07-16T21:50:10Z,2025-07-16T21:50:20Z,2025-07-16 21:50:00+00:00,2025-07-16 21:55:00+00:00,4.720731534609113,267374840302.753,10.4134,3161462249603.716,PSAB_d_2025-07-14
C7,PSAB,2025-07-16T21:50:20Z,2025-07-16T21:50:30Z,2025-07-16 21:50:00+00:00,2025-07-16 21:55:00+00:00,5.045532287977673,275732225393.20447,10.4134,3161462249603.716,PSAB_d_2025-07-14
C7,PSAB,2025-07-16T21:50:30Z,2025-07-16T21:50:40Z,2025-07-16 21:50:00+00:00,2025-07-16 21:55:00+00:00,5.045532287977673,275732225393.20447,10.4134,3161462249603.716,PSAB_d_2025-07-14
C7,PSAB,2025-07-16T21:50:40Z,2025-07-16T21:50:50Z,2025-07-16 21:50:00+00:00,2025-07-16 21:55:00+00:00,5.045532287977673,275732225393.20447,10.4134,3161462249603.716,PSAB_d_2025-07-14
C7,PSAB,2025-07-16T21:50:50Z,2025-07-16T21:51:00Z,2025-07-16 21:50:00+00:00,2025-07-16 21:55:00+00:00,5.045532287977673,275732225393.20447,10.4134,3161462249603.716,PSAB_d_2025-07-14
C7,PSAB,2025-07-16T21:51:00Z,2025-07-16T21:51:10Z,2025-07-16 21:50:00+00:00,2025-07-16 21:55:00+00:00,5.045532287977673,275732225393.20447,10.4134,3161462249603.716,PSAB_d_2025-07-14
C7,PSAB,2025-07-16T21:51:10Z,2025-07-16T21:51:20Z,2025-07-16 21:50:00+00:00,2025-07-16 21:55:00+00:00,5.045532287977673,275732225393.20447,10.4134,3161462249603.716,PSAB_d_2025-07-14
C7,PSAB,2025-07-16T21:51:20Z,2025-07-16T21:51:30Z,2025-07-16 21:50:00+00:00,2025-07-16 21:55:00+00:00,5.045532287977673,275732225393.20447,10.4134,3161462249603.716,PSAB_d_2025-07-14
C7,PSAB,2025-07-16T21:51:30Z,2025-07-16T21:51:40Z,2025-07-16 21:50:00+00:00,2025-07-16 21:55:00+00:00,5.045532287977673,275732225393.20447,10.4134,3161462249603.716,PSAB_d_2025-07-14
C7,PSAB,2025-07-16T21:51:40Z,2025-07-16T21:51:50Z,2025-07-16 21:50:00+00:00,2025-07-16 21:55:00+00:00,5.045532287977673,275732225393.20447,10.4134,3161462249603.716,PSAB_d_2025-07-14
C7,PSAB,2025-07-16T21:51:50Z,2025-07-16T21:52:00Z,2025-07-16 21:50:00+00:00,2025-07-16 21:55:00+00:00,5.045532287977673,275732225393.20447,10.4134,3161462249603.716,PSAB_d_2025-07-14
C7,PSAB,2025-07-16T21:52:10Z,2025-07-16T21:52:20Z,2025-07-16 21:50:00+00:00,2025-07-16 21:55:00+00:00,5.045532287977673,275732225393.20447,10.4134,3161462249603.716,PSAB_d_2025-07-14
C7,PSAB,2025-07-16T21:52:20Z,2025-07-16T21:52:30Z,2025-07-16 21:50:00+00:00,2025-07-16 21:55:00+00:00,5.045532287977673,275732225393.20447,10.4134,3161462249603.716,PSAB_d_2025-07-14
C7,PSAB,2025-07-16T21:52:30Z,2025-07-16T21:52:40Z,2025-07-16 21:50:00+00:00,2025-07-16 21:55:00+00:00,5.045532287977673,275732225393.20447,10.4134,3161462249603.716,PSAB_d_2025-07-14
C7,PSAB,2025-07-16T21:52:40Z,2025-07-16T21:52:50Z,2025-07-16 21:50:00+00:00,2025-07-16 21:55:00+00:00,5.045532287977673,275732225393.20447,10.4134,3161462249603.716,PSAB_d_2025-07-14
C7,PSAB,2025-07-16T21:52:50Z,2025-07-16T21:53:00Z,2025-07-16 21:50:00+00:00,2025-07-16 21:55:00+00:00,5.045532287977673,275732225393.20447,10.4134,3161462249603.716,PSAB_d_2025-07-14
C7,PSAB,2025-07-16T21:53:00Z,2025-07-16T21:53:10Z,2025-07-16 21:50:00+00:00,2025-07-16 21:55:00+00:00,5.045532287977673,275732225393.20447,10.4134,3161462249603.716,PSAB_d_2025-07-14
C7,PSAB,2025-07-16T21:53:10Z,2025-07-16T21:53:20Z,2025-07-16 21:50:00+00:00,2025-07-16 21:55:00+00:00,5.045532287977673,275732225393.20447,10.4134,3161462249603.716,PSAB_d_2025-07-14
C7,PSAB,2025-07-16T21:53:20Z,2025-07-16T21:53:30Z,2025-07-16 21:50:00+00:00,2025-07-16 21:55:00+00:00,5.045532287977673,275732225393.20447,10.4134,3161462249603.716,PSAB_d_2025-07-14
C7,PSAB,2025-07-16T21:53:30Z,2025-07-16T21:53:40Z,2025-07-16 21:50:00+00:00,2025-07-16 21:55:00+00:00,5.045532287977673,275732225393.20447,10.4134,3161462249603.716,PSAB_d_2025-07-14
C7,PSAB,2025-07-16T21:53:40Z,2025-07-16T21:53:50Z,2025-07-16 21:50:00+00:00,2025-07-16 21:55:00+00:00,5.045532287977673,275732225393.20447,10.4134,3161462249603.716,PSAB_d_2025-07-14
C7,PSAB,2025-07-16T21:53:50Z,2025-07-16T21:54:00Z,2025-07-16 21:50:00+00:00,2025-07-16 21:55:00+00:00,5.045532287977673,275732225393.20447,10.4134,3161462249603.716,PSAB_d_2025-07-14
C7,PSAB,2025-07-16T21:54:10Z,2025-07-16T21:54:20Z,2025-07-16 21:50:00+00:00,2025-07-16 21:55:00+00:00,5.045532287977673,275732225393.20447,10.4134,3161462249603.716,PSAB_d_2025-07-14
C7,PSAB,2025-07-16T21:54:30Z,2025-07-16T21:54:40Z,2025-07-16 21:50:00+00:00,2025-07-16 21:55:00+00:00,5.045532287977673,275732225393.20447,10.4134,3161462249603.716,PSAB_d_2025-07-14
C7,PSAB,2025-07-16T21:54:40Z,2025-07-16T21:54:50Z,2025-07-16 21:50:00+00:00,2025-07-16 21:55:00+00:00,5.045532287977673,275732225393.20447,10.4134,3161462249603.716,PSAB_d_2025-07-14
C7,PSAB,2025-07-16T21:54:50Z,2025-07-16T21:55:00Z,2025-07-16 21:50:00+00:00,2025-07-16 21:55:00+00:00,5.045532287977673,275732225393.20447,10.4134,3161462249603.716,PSAB_d_2025-07-14
C7,PSAB,2025-07-16T21:55:00Z,2025-07-16T21:55:10Z,2025-07-16 21:55:00+00:00,2025-07-16 22:00:00+00:00,0.2506802793218514,305605237340.1667,10.4134,3161462249603.716,PSAB_d_2025-07-14
C7,PSAB,2025-07-16T21:55:10Z,2025-07-16T21:55:20Z,2025-07-16 21:55:00+00:00,2025-07-16 22:00:00+00:00,4.720731534609113,267374840302.753,10.4134,3161462249603.716,PSAB_d_2025-07-14
C7,PSAB,2025-07-16T21:55:20Z,2025-07-16T21:55:30Z,2025-07-16 21:55:00+00:00,2025-07-16 22:00:00+00:00,5.045532287977673,275732225393.20447,10.4134,3161462249603.716,PSAB_d_2025-07-14
C7,PSAB,2025-07-16T21:55:30Z,2025-07-16T21:55:40Z,2025-07-16 21:55:00+00:00,2025-07-16 22:00:00+00:00,5.045532287977673,275732225393.20447,10.4134,3161462249603.716,PSAB_d_2025-07-14
C7,PSAB,2025-07-16T21:55:40Z,2025-07-16T21:55:50Z,2025-07-16 21:55:00+00:00,2025-07-16 22:00:00+00:00,5.045532287977673,275732225393.20447,10.4134,3161462249603.716,PSAB_d_2025-07-14
C7,PSAB,2025-07-16T21:55:50Z,2025-07-16T21:56:00Z,2025-07-16 21:55:00+00:00,2025-07-16 22:00:00+00:00,5.045532287977673,275732225393.20447,10.4134,3161462249603.716,PSAB_d_2025-07-14
C7,PSAB,2025-07-16T21:56:00Z,2025-07-16T21:56:10Z,2025-07-16 21:55:00+00:00,2025-07-16 22:00:00+00:00,5.045532287977673,275732225393.20447,10.4134,3161462249603.716,PSAB_d_2025-07-14
C7,PSAB,2025-07-16T21:56:10Z,2025-07-16T21:56:20Z,2025-07-16 21:55:00+00:00,2025-07-16 22:00:00+00:00,5.045532287977673,275732225393.20447,10.4134,3161462249603.716,PSAB_d_2025-07-14
C7,PSAB,2025-07-16T21:56:20Z,2025-07-16T21:56:30Z,2025-07-16 21:55:00+00:00,2025-07-16 22:00:00+00:00,5.045532287977673,275732225393.20447,10.4134,3161462249603.716,PSAB_d_2025-07-14
C7,PSAB,2025-07-16T21:56:30Z,2025-07-16T21:56:40Z,2025-07-16 21:55:00+00:00,2025-07-16 22:00:00+00:00,5.045532287977673,275732225393.20447,10.4134,3161462249603.716,PSAB_d_2025-07-14
C7,PSAB,2025-07-16T21:56:40Z,2025-07-16T21:56:50Z,2025-07-16 21:55:00+00:00,2025-07-16 22:00:00+00:00,5.045532287977673,275732225393.20447,10.4134,3161462249603.716,PSAB_d_2025-07-14
C7,PSAB,2025-07-16T21:56:50Z,2025-07-16T21:57:00Z,2025-07-16 21:55:00+00:00,2025-07-16 22:00:00+00:00,5.045532287977673,275732225393.20447,10.4134,3161462249603.716,PSAB_d_2025-07-14
C7,PSAB,2025-07-16T21:57:00Z,2025-07-16T21:57:10Z,2025-07-16 21:55:00+00:00,2025-07-16 22:00:00+00:00,5.045532287977673,275732225393.20447,10.4134,3161462249603.716,PSAB_d_2025-07-14
C7,PSAB,2025-07-16T21:57:10Z,2025-07-16T21:57:20Z,2025-07-16 21:55:00+00:00,2025-07-16 22:00:00+00:00,5.045532287977673,275732225393.20447,10.4134,3161462249603.716,PSAB_d_2025-07-14
C7,PSAB,2025-07-16T21:57:20Z,2025-07-16T21:57:30Z,2025-07-16 21:55:00+00:00,2025-07-16 22:00:00+00:00,5.045532287977673,275732225393.20447,10.4134,3161462249603.716,PSAB_d_2025-07-14
C7,PSAB,2025-07-16T21:57:30Z,2025-07-16T21:57:40Z,2025-07-16 21:55:00+00:00,2025-07-16 22:00:00+00:00,5.045532287977673,275732225393.20447,10.4134,3161462249603.716,PSAB_d_2025-07-14
C7,PSAB,2025-07-16T21:57:40Z,2025-07-16T21:57:50Z,2025-07-16 21:55:00+00:00,2025-07-16 22:00:00+00:00,5.045532287977673,275732225393.20447,10.4134,3161462249603.716,PSAB_d_2025-07-14
C7,PSAB,2025-07-16T21:58:00Z,2025-07-16T21:58:10Z,2025-07-16 21:55:00+00:00,2025-07-16 22:00:00+00:00,5.045532287977673,275732225393.20447,10.4134,3161462249603.716,PSAB_d_2025-07-14
C7,PSAB,2025-07-16T21:58:10Z,2025-07-16T21:58:20Z,2025-07-16 21:55:00+00:00,2025-07-16 22:00:00+00:00,5.045532287977673,275732225393.20447,10.4134,3161462249603.716,PSAB_d_2025-07-14
C7,PSAB,2025-07-16T21:58:20Z,2025-07-16T21:58:30Z,2025-07-16 21:55:00+00:00,2025-07-16 22:00:00+00:00,5.045532287977673,275732225393.20447,10.4134,3161462249603.716,PSAB_d_2025-07-14
C7,PSAB,2025-07-16T21:58:30Z,2025-07-16T21:58:40Z,2025-07-16 21:55:00+00:00,2025-07-16 22:00:00+00:00,5.045532287977673,275732225393.20447,10.4134,3161462249603.716,PSAB_d_2025-07-14
C7,PSAB,2025-07-16T21:58:40Z,2025-07-16T21:58:50Z,2025-07-16 21:55:00+00:00,2025-07-16 22:00:00+00:00,5.045532287977673,275732225393.20447,10.4134,3161462249603.716,PSAB_d_2025-07-14
C7,PSAB,2025-07-16T21:58:50Z,2025-07-16T21:59:00Z,2025-07-16 21:55:00+00:00,2025-07-16 22:00:00+00:00,5.045532287977673,275732225393.20447,10.4134,3161462249603.716,PSAB_d_2025-07-14
C7,PSAB,2025-07-16T21:59:00Z,2025-07-16T21:59:10Z,2025-07-16 21:55:00+00:00,2025-07-16 22:00:00+00:00,5.045532287977673,275732225393.20447,10.4134,3161462249603.716,PSAB_d_2025-07-14
C7,PSAB,2025-07-16T21:59:10Z,2025-07-16T21:59:20Z,2025-07-16 21:55:00+00:00,2025-07-16 22:00:00+00:00,5.045532287977673,275732225393.20447,10.4134,3161462249603.716,PSAB_d_2025-07-14
C7,PSAB,2025-07-16T21:59:20Z,2025-07-16T21:59:30Z,2025-07-16 21:55:00+00:00,2025-07-16 22:00:00+00:00,5.045532287977673,275732225393.20447,10.4134,3161462249603.716,PSAB_d_2025-07-14
C7,PSAB,2025-07-16T21:59:30Z,2025-07-16T21:59:40Z,2025-07-16 21:55:00+00:00,2025-07-16 22:00:00+00:00,5.045532287977673,275732225393.20447,10.4134,3161462249603.716,PSAB_d_2025-07-14
C7,PSAB,2025-07-16T21:59:40Z,2025-07-16T21:59:50Z,2025-07-16 21:55:00+00:00,2025-07-16 22:00:00+00:00,5.045532287977673,275732225393.20447,10.4134,3161462249603.716,PSAB_d_2025-07-14
C7,PSAB,2025-07-16T21:59:50Z,2025-07-16T22:00:00Z,2025-07-16 21:55:00+00:00,2025-07-16 22:00:00+00:00,5.045532287977673,275732225393.20447,10.4134,3161462249603.716,PSAB_d_2025-07-14
C7,PPMA,2025-07-16T21:55:00Z,2025-07-16T21:55:10Z,2025-07-16 21:55:00+00:00,2025-07-16 22:00:00+00:00,1.7743222923511466,4751021171150.095,24.3766,4262592844214.596,PPMA_d_2025-07-14
C7,PPMA,2025-07-16T21:55:10Z,2025-07-16T21:55:20Z,2025-07-16 21:55:00+00:00,2025-07-16 22:00:00+00:00,3.7109208139422347,1848433885015.2266,24.3766,4262592844214.596,PPMA_d_2025-07-14
C7,PPMA,2025-07-16T21:55:20Z,2025-07-16T21:55:30Z,2025-07-16 21:55:00+00:00,2025-07-16 22:00:00+00:00,1.5834922627139094,1182881507186.3555,24.3766,4262592844214.596,PPMA_d_2025-07-14
C7,PPMA,2025-07-16T21:55:30Z,2025-07-16T21:55:40Z,2025-07-16 21:55:00+00:00,2025-07-16 22:00:00+00:00,3.3015663399165662,1544789852521.073,24.3766,4262592844214.596,PPMA_d_2025-07-14
C7,PPMA,2025-07-16T21:55:40Z,2025-07-16T21:55:50Z,2025-07-16 21:55:00+00:00,2025-07-16 22:00:00+00:00,2.4174114378895677,1766231331176.6714,24.3766,4262592844214.596,PPMA_d_2025-07-14
C7,PPMA,2025-07-16T21:55:50Z,2025-07-16T21:56:00Z,2025-07-16 21:55:00+00:00,2025-07-16 22:00:00+00:00,11.353823201117702,3758628550482.816,24.3766,4262592844214.596,PPMA_d_2025-07-14
C7,PPMA,2025-07-16T21:56:00Z,2025-07-16T21:56:10Z,2025-07-16 21:55:00+00:00,2025-07-16 22:00:00+00:00,1.4370508116983403,3203366585434.925,24.3766,4262592844214.596,PPMA_d_2025-07-14
C7,PPMA,2025-07-16T21:56:10Z,2025-07-16T21:56:20Z,2025-07-16 21:55:00+00:00,2025-07-16 22:00:00+00:00,6.158587950670227,2599897985215.863,24.3766,4262592844214.596,PPMA_d_2025-07-14
C7,PPMA,2025-07-16T21:56:20Z,2025-07-16T21:56:30Z,2025-07-16 21:55:00+00:00,2025-07-16 22:00:00+00:00,2.174022398342621,1992296141469.5586,24.3766,4262592844214.596,PPMA_d_2025-07-14
C7,PPMA,2025-07-16T21:56:30Z,2025-07-16T21:56:40Z,2025-07-16 21:55:00+00:00,2025-07-16 22:00:00+00:00,2.4651945269490914,3114115999843.17,24.3766,4262592844214.596,PPMA_d_2025-07-14
C7,PPMA,2025-07-16T21:56:40Z,2025-07-16T21:56:50Z,2025-07-16 21:55:00+00:00,2025-07-16 22:00:00+00:00,2.6023388496040223,2593606633707.817,24.3766,4262592844214.596,PPMA_d_2025-07-14
C7,PPMA,2025-07-16T21:57:00Z,2025-07-16T21:57:10Z,2025-07-16 21:55:00+00:00,2025-07-16 22:00:00+00:00,1.535490635563247,2449868235534.3184,24.3766,4262592844214.596,PPMA_d_2025-07-14
C7,PPMA,2025-07-16T21:57:10Z,2025-07-16T21:57:20Z,2025-07-16 21:55:00+00:00,2025-07-16 22:00:00+00:00,3.043494856897058,2186974831480.527,24.3766,4262592844214.596,PPMA_d_2025-07-14
C7,PPMA,2025-07-16T21:58:00Z,2025-07-16T21:58:10Z,2025-07-16 21:55:00+00:00,2025-07-16 22:00:00+00:00,12.169867177108898,4327496727027.7637,24.3766,4262592844214.596,PPMA_d_2025-07-14
C7,PPMA,2025-07-16T21:58:10Z,2025-07-16T21:58:20Z,2025-07-16 21:55:00+00:00,2025-07-16 22:00:00+00:00,4.49399662488864,3547292577193.2715,24.3766,4262592844214.596,PPMA_d_2025-07-14
C7,PPMA,2025-07-16T21:58:20Z,2025-07-16T21:58:30Z,2025-07-16 21:55:00+00:00,2025-07-16 22:00:00+00:00,1.6286213796555415,2249721025671.564,24.3766,4262592844214.596,PPMA_d_2025-07-14
C7,PPMA,2025-07-16T21:58:30Z,2025-07-16T21:58:40Z,2025-07-16 21:55:00+00:00,2025-07-16 22:00:00+00:00,0.49356001952933054,939370276448.635,24.3766,4262592844214.596,PPMA_d_2025-07-14
C7,PPMA,2025-07-16T21:58:40Z,2025-07-16T21:58:50Z,2025-07-16 21:55:00+00:00,2025-07-16 22:00:00+00:00,0.8122796216759274,389594897592.9749,24.3766,4262592844214.596,PPMA_d_2025-07-14
C7,PPMA,2025-07-16T21:58:50Z,2025-07-16T21:59:00Z,2025-07-16 21:55:00+00:00,2025-07-16 22:00:00+00:00,0.8122796216759274,389594897592.9749,24.3766,4262592844214.596,PPMA_d_2025-07-14
C7,PPMA,2025-07-16T21:59:30Z,2025-07-16T21:59:40Z,2025-07-16 21:55:00+00:00,2025-07-16 22:00:00+00:00,0.8122796216759274,389594897592.9749,24.3766,4262592844214.596,PPMA_d_2025-07-14
C7,PPMA,2025-07-16T21:59:40Z,2025-07-16T21:59:50Z,2025-07-16 21:55:00+00:00,2025-07-16 22:00:00+00:00,0.8122796216759274,389594897592.9749,24.3766,4262592844214.596,PPMA_d_2025-07-14
C7,PPMA,2025-07-16T21:59:50Z,2025-07-16T22:00:00Z,2025-07-16 21:55:00+00:00,2025-07-16 22:00:00+00:00,0.8122796216759274,389594897592.9749,24.3766,4262592844214.596,PPMA_d_2025-07-14
C7,PSAB,2025-07-16T22:00:00Z,2025-07-16T22:00:10Z,2025-07-16 22:00:00+00:00,2025-07-16 22:05:00+00:00,0.2506802793218514,305605237340.1667,10.4134,3161462249603.716,PSAB_d_2025-07-14
C7,PSAB,2025-07-16T22:00:10Z,2025-07-16T22:00:20Z,2025-07-16 22:00:00+00:00,2025-07-16 22:05:00+00:00,4.720731534609113,267374840302.753,10.4134,3161462249603.716,PSAB_d_2025-07-14
C7,PSAB,2025-07-16T22:00:20Z,2025-07-16T22:00:30Z,2025-07-16 22:00:00+00:00,2025-07-16 22:05:00+00:00,5.045532287977673,275732225393.20447,10.4134,3161462249603.716,PSAB_d_2025-07-14
C7,PSAB,2025-07-16T22:00:30Z,2025-07-16T22:00:40Z,2025-07-16 22:00:00+00:00,2025-07-16 22:05:00+00:00,5.045532287977673,275732225393.20447,10.4134,3161462249603.716,PSAB_d_2025-07-14
C7,PSAB,2025-07-16T22:00:40Z,2025-07-16T22:00:50Z,2025-07-16 22:00:00+00:00,2025-07-16 22:05:00+00:00,5.045532287977673,275732225393.20447,10.4134,3161462249603.716,PSAB_d_2025-07-14
C7,PSAB,2025-07-16T22:00:50Z,2025-07-16T22:01:00Z,2025-07-16 22:00:00+00:00,2025-07-16 22:05:00+00:00,5.045532287977673,275732225393.20447,10.4134,3161462249603.716,PSAB_d_2025-07-14
C7,PSAB,2025-07-16T22:01:00Z,2025-07-16T22:01:10Z,2025-07-16 22:00:00+00:00,2025-07-16 22:05:00+00:00,5.045532287977673,275732225393.20447,10.4134,3161462249603.716,PSAB_d_2025-07-14
C7,PSAB,2025-07-16T22:01:10Z,2025-07-16T22:01:20Z,2025-07-16 22:00:00+00:00,2025-07-16 22:05:00+00:00,5.045532287977673,275732225393.20447,10.4134,3161462249603.716,PSAB_d_2025-07-14
C7,PSAB,2025-07-16T22:01:20Z,2025-07-16T22:01:30Z,2025-07-16 22:00:00+00:00,2025-07-16 22:05:00+00:00,5.045532287977673,275732225393.20447,10.4134,3161462249603.716,PSAB_d_2025-07-14
C7,PSAB,2025-07-16T22:01:30Z,2025-07-16T22:01:40Z,2025-07-16 22:00:00+00:00,2025-07-16 22:05:00+00:00,5.045532287977673,275732225393.20447,10.4134,3161462249603.716,PSAB_d_2025-07-14
C7,PSAB,2025-07-16T22:01:40Z,2025-07-16T22:01:50Z,2025-07-16 22:00:00+00:00,2025-07-16 22:05:00+00:00,5.045532287977673,275732225393.20447,10.4134,3161462249603.716,PSAB_d_2025-07-14
C7,PSAB,2025-07-16T22:01:50Z,2025-07-16T22:02:00Z,2025-07-16 22:00:00+00:00,2025-07-16 22:05:00+00:00,5.045532287977673,275732225393.20447,10.4134,3161462249603.716,PSAB_d_2025-07-14
C7,PSAB,2025-07-16T22:02:00Z,2025-07-16T22:02:10Z,2025-07-16 22:00:00+00:00,2025-07-16 22:05:00+00:00,5.045532287977673,275732225393.20447,10.4134,3161462249603.716,PSAB_d_2025-07-14
C7,PSAB,2025-07-16T22:02:10Z,2025-07-16T22:02:20Z,2025-07-16 22:00:00+00:00,2025-07-16 22:05:00+00:00,5.045532287977673,275732225393.20447,10.4134,3161462249603.716,PSAB_d_2025-07-14
C7,PSAB,2025-07-16T22:02:20Z,2025-07-16T22:02:30Z,2025-07-16 22:00:00+00:00,2025-07-16 22:05:00+00:00,5.045532287977673,275732225393.20447,10.4134,3161462249603.716,PSAB_d_2025-07-14
C7,PSAB,2025-07-16T22:02:30Z,2025-07-16T22:02:40Z,2025-07-16 22:00:00+00:00,2025-07-16 22:05:00+00:00,5.045532287977673,275732225393.20447,10.4134,3161462249603.716,PSAB_d_2025-07-14
C7,PSAB,2025-07-16T22:02:40Z,2025-07-16T22:02:50Z,2025-07-16 22:00:00+00:00,2025-07-16 22:05:00+00:00,5.045532287977673,275732225393.20447,10.4134,3161462249603.716,PSAB_d_2025-07-14
C7,PSAB,2025-07-16T22:02:50Z,2025-07-16T22:03:00Z,2025-07-16 22:00:00+00:00,2025-07-16 22:05:00+00:00,5.045532287977673,275732225393.20447,10.4134,3161462249603.716,PSAB_d_2025-07-14
C7,PSAB,2025-07-16T22:03:20Z,2025-07-16T22:03:30Z,2025-07-16 22:00:00+00:00,2025-07-16 22:05:00+00:00,5.045532287977673,275732225393.20447,10.4134,3161462249603.716,PSAB_d_2025-07-14
C7,PSAB,2025-07-16T22:03:30Z,2025-07-16T22:03:40Z,2025-07-16 22:00:00+00:00,2025-07-16 22:05:00+00:00,5.045532287977673,275732225393.20447,10.4134,3161462249603.716,PSAB_d_2025-07-14
C7,PSAB,2025-07-16T22:03:40Z,2025-07-16T22:03:50Z,2025-07-16 22:00:00+00:00,2025-07-16 22:05:00+00:00,5.045532287977673,275732225393.20447,10.4134,3161462249603.716,PSAB_d_2025-07-14
C7,PSAB,2025-07-16T22:03:50Z,2025-07-16T22:04:00Z,2025-07-16 22:00:00+00:00,2025-07-16 22:05:00+00:00,5.045532287977673,275732225393.20447,10.4134,3161462249603.716,PSAB_d_2025-07-14
C7,PSAB,2025-07-16T22:04:00Z,2025-07-16T22:04:10Z,2025-07-16 22:00:00+00:00,2025-07-16 22:05:00+00:00,5.045532287977673,275732225393.20447,10.4134,3161462249603.716,PSAB_d_2025-07-14
C7,PSAB,2025-07-16T22:04:10Z,2025-07-16T22:04:20Z,2025-07-16 22:00:00+00:00,2025-07-16 22:05:00+00:00,5.045532287977673,275732225393.20447,10.4134,3161462249603.716,PSAB_d_2025-07-14
C7,PSAB,2025-07-16T22:04:50Z,2025-07-16T22:05:00Z,2025-07-16 22:00:00+00:00,2025-07-16 22:05:00+00:00,5.045532287977673,275732225393.20447,10.4134,3161462249603.716,PSAB_d_2025-07-14
C7,PPMA,2025-07-16T22:00:10Z,2025-07-16T22:00:20Z,2025-07-16 22:00:00+00:00,2025-07-16 22:05:00+00:00,1.7743222923511466,4751021171150.095,24.3766,4262592844214.596,PPMA_d_2025-07-14
C7,PPMA,2025-07-16T22:00:20Z,2025-07-16T22:00:30Z,2025-07-16 22:00:00+00:00,2025-07-16 22:05:00+00:00,3.7109208139422347,1848433885015.2266,24.3766,4262592844214.596,PPMA_d_2025-07-14
C7,PPMA,2025-07-16T22:00:30Z,2025-07-16T22:00:40Z,2025-07-16 22:00:00+00:00,2025-07-16 22:05:00+00:00,1.5834922627139094,1182881507186.3555,24.3766,4262592844214.596,PPMA_d_2025-07-14
C7,PPMA,2025-07-16T22:00:40Z,2025-07-16T22:00:50Z,2025-07-16 22:00:00+00:00,2025-07-16 22:05:00+00:00,3.3015663399165662,1544789852521.073,24.3766,4262592844214.596,PPMA_d_2025-07-14
C7,PPMA,2025-07-16T22:01:00Z,2025-07-16T22:01:10Z,2025-07-16 22:00:00+00:00,2025-07-16 22:05:00+00:00,2.4174114378895677,1766231331176.6714,24.3766,4262592844214.596,PPMA_d_2025-07-14
C7,PPMA,2025-07-16T22:01:10Z,2025-07-16T22:01:20Z,2025-07-16 22:00:00+00:00,2025-07-16 22:05:00+00:00,11.353823201117702,3758628550482.816,24.3766,4262592844214.596,PPMA_d_2025-07-14
C7,PPMA,2025-07-16T22:02:10Z,2025-07-16T22:02:20Z,2025-07-16 22:00:00+00:00,2025-07-16 22:05:00+00:00,1.4370508116983403,3203366585434.925,24.3766,4262592844214.596,PPMA_d_2025-07-14
C7,PPMA,2025-07-16T22:02:20Z,2025-07-16T22:02:30Z,2025-07-16 22:00:00+00:00,2025-07-16 22:05:00+00:00,6.158587950670227,2599897985215.863,24.3766,4262592844214.596,PPMA_d_2025-07-14
C7,PPMA,2025-07-16T22:06:00Z,2025-07-16T22:06:10Z,2025-07-16 22:05:00+00:00,2025-07-16 22:10:00+00:00,1.7743222923511466,4751021171150.095,24.3766,4262592844214.596,PPMA_d_2025-07-14
C7,PPMA,2025-07-16T22:06:10Z,2025-07-16T22:06:20Z,2025-07-16 22:05:00+00:00,2025-07-16 22:10:00+00:00,3.7109208139422347,1848433885015.2266,24.3766,4262592844214.596,PPMA_d_2025-07-14
C7,PSAB,2025-07-16T22:05:00Z,2025-07-16T22:05:10Z,2025-07-16 22:05:00+00:00,2025-07-16 22:10:00+00:00,0.2506802793218514,305605237340.1667,10.4134,3161462249603.716,PSAB_d_2025-07-14
C7,PSAB,2025-07-16T22:05:10Z,2025-07-16T22:05:20Z,2025-07-16 22:05:00+00:00,2025-07-16 22:10:00+00:00,4.720731534609113,267374840302.753,10.4134,3161462249603.716,PSAB_d_2025-07-14
C7,PSAB,2025-07-16T22:05:40Z,2025-07-16T22:05:50Z,2025-07-16 22:05:00+00:00,2025-07-16 22:10:00+00:00,5.045532287977673,275732225393.20447,10.4134,3161462249603.716,PSAB_d_2025-07-14
C7,PSAB,2025-07-16T22:05:50Z,2025-07-16T22:06:00Z,2025-07-16 22:05:00+00:00,2025-07-16 22:10:00+00:00,5.045532287977673,275732225393.20447,10.4134,3161462249603.716,PSAB_d_2025-07-14
C7,PSAB,2025-07-16T22:06:00Z,2025-07-16T22:06:10Z,2025-07-16 22:05:00+00:00,2025-07-16 22:10:00+00:00,5.045532287977673,275732225393.20447,10.4134,3161462249603.716,PSAB_d_2025-07-14
C7,PSAB,2025-07-16T22:06:10Z,2025-07-16T22:06:20Z,2025-07-16 22:05:00+00:00,2025-07-16 22:10:00+00:00,5.045532287977673,275732225393.20447,10.4134,3161462249603.716,PSAB_d_2025-07-14
C7,PSAB,2025-07-16T22:06:20Z,2025-07-16T22:06:30Z,2025-07-16 22:05:00+00:00,2025-07-16 22:10:00+00:00,5.045532287977673,275732225393.20447,10.4134,3161462249603.716,PSAB_d_2025-07-14
C7,PSAB,2025-07-16T22:06:30Z,2025-07-16T22:06:40Z,2025-07-16 22:05:00+00:00,2025-07-16 22:10:00+00:00,5.045532287977673,275732225393.20447,10.4134,3161462249603.716,PSAB_d_2025-07-14
C7,PSAB,2025-07-16T22:06:40Z,2025-07-16T22:06:50Z,2025-07-16 22:05:00+00:00,2025-07-16 22:10:00+00:00,5.045532287977673,275732225393.20447,10.4134,3161462249603.716,PSAB_d_2025-07-14
C7,PSAB,2025-07-16T22:06:50Z,2025-07-16T22:07:00Z,2025-07-16 22:05:00+00:00,2025-07-16 22:10:00+00:00,5.045532287977673,275732225393.20447,10.4134,3161462249603.716,PSAB_d_2025-07-14
C7,PSAB,2025-07-16T22:07:20Z,2025-07-16T22:07:30Z,2025-07-16 22:05:00+00:00,2025-07-16 22:10:00+00:00,5.045532287977673,275732225393.20447,10.4134,3161462249603.716,PSAB_d_2025-07-14
C7,PSAB,2025-07-16T22:07:30Z,2025-07-16T22:07:40Z,2025-07-16 22:05:00+00:00,2025-07-16 22:10:00+00:00,5.045532287977673,275732225393.20447,10.4134,3161462249603.716,PSAB_d_2025-07-14
C7,PSAB,2025-07-16T22:07:50Z,2025-07-16T22:08:00Z,2025-07-16 22:05:00+00:00,2025-07-16 22:10:00+00:00,5.045532287977673,275732225393.20447,10.4134,3161462249603.716,PSAB_d_2025-07-14
C7,PSAB,2025-07-16T22:08:00Z,2025-07-16T22:08:10Z,2025-07-16 22:05:00+00:00,2025-07-16 22:10:00+00:00,5.045532287977673,275732225393.20447,10.4134,3161462249603.716,PSAB_d_2025-07-14
C7,PSAB,2025-07-16T22:08:20Z,2025-07-16T22:08:30Z,2025-07-16 22:05:00+00:00,2025-07-16 22:10:00+00:00,5.045532287977673,275732225393.20447,10.4134,3161462249603.716,PSAB_d_2025-07-14
C7,PSAB,2025-07-16T22:08:30Z,2025-07-16T22:08:40Z,2025-07-16 22:05:00+00:00,2025-07-16 22:10:00+00:00,5.045532287977673,275732225393.20447,10.4134,3161462249603.716,PSAB_d_2025-07-14
C7,PSAB,2025-07-16T22:08:40Z,2025-07-16T22:08:50Z,2025-07-16 22:05:00+00:00,2025-07-16 22:10:00+00:00,5.045532287977673,275732225393.20447,10.4134,3161462249603.716,PSAB_d_2025-07-14
C7,PSAB,2025-07-16T22:08:50Z,2025-07-16T22:09:00Z,2025-07-16 22:05:00+00:00,2025-07-16 22:10:00+00:00,5.045532287977673,275732225393.20447,10.4134,3161462249603.716,PSAB_d_2025-07-14
C7,PSAB,2025-07-16T22:09:00Z,2025-07-16T22:09:10Z,2025-07-16 22:05:00+00:00,2025-07-16 22:10:00+00:00,5.045532287977673,275732225393.20447,10.4134,3161462249603.716,PSAB_d_2025-07-14
C7,PSAB,2025-07-16T22:09:30Z,2025-07-16T22:09:40Z,2025-07-16 22:05:00+00:00,2025-07-16 22:10:00+00:00,5.045532287977673,275732225393.20447,10.4134,3161462249603.716,PSAB_d_2025-07-14
C7,PSAB,2025-07-16T22:10:10Z,2025-07-16T22:10:20Z,2025-07-16 22:10:00+00:00,2025-07-16 22:15:00+00:00,0.2506802793218514,305605237340.1667,10.4134,3161462249603.716,PSAB_d_2025-07-14
C7,PSAB,2025-07-16T22:10:20Z,2025-07-16T22:10:30Z,2025-07-16 22:10:00+00:00,2025-07-16 22:15:00+00:00,4.720731534609113,267374840302.753,10.4134,3161462249603.716,PSAB_d_2025-07-14
C7,PSAB,2025-07-16T22:10:30Z,2025-07-16T22:10:40Z,2025-07-16 22:10:00+00:00,2025-07-16 22:15:00+00:00,5.045532287977673,275732225393.20447,10.4134,3161462249603.716,PSAB_d_2025-07-14
C7,PSAB,2025-07-16T22:10:40Z,2025-07-16T22:10:50Z,2025-07-16 22:10:00+00:00,2025-07-16 22:15:00+00:00,5.045532287977673,275732225393.20447,10.4134,3161462249603.716,PSAB_d_2025-07-14
C7,PSAB,2025-07-16T22:10:50Z,2025-07-16T22:11:00Z,2025-07-16 22:10:00+00:00,2025-07-16 22:15:00+00:00,5.045532287977673,275732225393.20447,10.4134,3161462249603.716,PSAB_d_2025-07-14
C7,PSAB,2025-07-16T22:11:00Z,2025-07-16T22:11:10Z,2025-07-16 22:10:00+00:00,2025-07-16 22:15:00+00:00,5.045532287977673,275732225393.20447,10.4134,3161462249603.716,PSAB_d_2025-07-14
C7,PSAB,2025-07-16T22:11:10Z,2025-07-16T22:11:20Z,2025-07-16 22:10:00+00:00,2025-07-16 22:15:00+00:00,5.045532287977673,275732225393.20447,10.4134,3161462249603.716,PSAB_d_2025-07-14
C7,PSAB,2025-07-16T22:12:30Z,2025-07-16T22:12:40Z,2025-07-16 22:10:00+00:00,2025-07-16 22:15:00+00:00,5.045532287977673,275732225393.20447,10.4134,3161462249603.716,PSAB_d_2025-07-14
C7,PSAB,2025-07-16T22:12:40Z,2025-07-16T22:12:50Z,2025-07-16 22:10:00+00:00,2025-07-16 22:15:00+00:00,5.045532287977673,275732225393.20447,10.4134,3161462249603.716,PSAB_d_2025-07-14
C7,PSAB,2025-07-16T22:13:00Z,2025-07-16T22:13:10Z,2025-07-16 22:10:00+00:00,2025-07-16 22:15:00+00:00,5.045532287977673,275732225393.20447,10.4134,3161462249603.716,PSAB_d_2025-07-14
C7,PSAB,2025-07-16T22:13:10Z,2025-07-16T22:13:20Z,2025-07-16 22:10:00+00:00,2025-07-16 22:15:00+00:00,5.045532287977673,275732225393.20447,10.4134,3161462249603.716,PSAB_d_2025-07-14
C7,PSAB,2025-07-16T22:13:20Z,2025-07-16T22:13:30Z,2025-07-16 22:10:00+00:00,2025-07-16 22:15:00+00:00,5.045532287977673,275732225393.20447,10.4134,3161462249603.716,PSAB_d_2025-07-14
C7,PSAB,2025-07-16T22:14:10Z,2025-07-16T22:14:20Z,2025-07-16 22:10:00+00:00,2025-07-16 22:15:00+00:00,5.045532287977673,275732225393.20447,10.4134,3161462249603.716,PSAB_d_2025-07-14
C7,PSAB,2025-07-16T22:14:20Z,2025-07-16T22:14:30Z,2025-07-16 22:10:00+00:00,2025-07-16 22:15:00+00:00,5.045532287977673,275732225393.20447,10.4134,3161462249603.716,PSAB_d_2025-07-14
C7,PSAB,2025-07-16T22:14:30Z,2025-07-16T22:14:40Z,2025-07-16 22:10:00+00:00,2025-07-16 22:15:00+00:00,5.045532287977673,275732225393.20447,10.4134,3161462249603.716,PSAB_d_2025-07-14
C7,PSAB,2025-07-16T22:15:10Z,2025-07-16T22:15:20Z,2025-07-16 22:15:00+00:00,2025-07-16 22:20:00+00:00,0.2506802793218514,305605237340.1667,10.4134,3161462249603.716,PSAB_d_2025-07-14
C7,PSAB,2025-07-16T22:15:20Z,2025-07-16T22:15:30Z,2025-07-16 22:15:00+00:00,2025-07-16 22:20:00+00:00,4.720731534609113,267374840302.753,10.4134,3161462249603.716,PSAB_d_2025-07-14
C7,PSAB,2025-07-16T22:15:30Z,2025-07-16T22:15:40Z,2025-07-16 22:15:00+00:00,2025-07-16 22:20:00+00:00,5.045532287977673,275732225393.20447,10.4134,3161462249603.716,PSAB_d_2025-07-14
C7,PSAB,2025-07-16T22:15:40Z,2025-07-16T22:15:50Z,2025-07-16 22:15:00+00:00,2025-07-16 22:20:00+00:00,5.045532287977673,275732225393.20447,10.4134,3161462249603.716,PSAB_d_2025-07-14
C7,PSAB,2025-07-16T22:15:50Z,2025-07-16T22:16:00Z,2025-07-16 22:15:00+00:00,2025-07-16 22:20:00+00:00,5.045532287977673,275732225393.20447,10.4134,3161462249603.716,PSAB_d_2025-07-14
C7,PSAB,2025-07-16T22:16:20Z,2025-07-16T22:16:30Z,2025-07-16 22:15:00+00:00,2025-07-16 22:20:00+00:00,5.045532287977673,275732225393.20447,10.4134,3161462249603.716,PSAB_d_2025-07-14
C7,PSAB,2025-07-16T22:16:30Z,2025-07-16T22:16:40Z,2025-07-16 22:15:00+00:00,2025-07-16 22:20:00+00:00,5.045532287977673,275732225393.20447,10.4134,3161462249603.716,PSAB_d_2025-07-14
C7,PSAB,2025-07-16T22:16:40Z,2025-07-16T22:16:50Z,2025-07-16 22:15:00+00:00,2025-07-16 22:20:00+00:00,5.045532287977673,275732225393.20447,10.4134,3161462249603.716,PSAB_d_2025-07-14
C7,PSAB,2025-07-16T22:18:10Z,2025-07-16T22:18:20Z,2025-07-16 22:15:00+00:00,2025-07-16 22:20:00+00:00,5.045532287977673,275732225393.20447,10.4134,3161462249603.716,PSAB_d_2025-07-14
C7,PSAB,2025-07-16T22:18:20Z,2025-07-16T22:18:30Z,2025-07-16 22:15:00+00:00,2025-07-16 22:20:00+00:00,5.045532287977673,275732225393.20447,10.4134,3161462249603.716,PSAB_d_2025-07-14
C7,PSAB,2025-07-16T22:18:30Z,2025-07-16T22:18:40Z,2025-07-16 22:15:00+00:00,2025-07-16 22:20:00+00:00,5.045532287977673,275732225393.20447,10.4134,3161462249603.716,PSAB_d_2025-07-14
C7,PSAB,2025-07-16T22:18:40Z,2025-07-16T22:18:50Z,2025-07-16 22:15:00+00:00,2025-07-16 22:20:00+00:00,5.045532287977673,275732225393.20447,10.4134,3161462249603.716,PSAB_d_2025-07-14
C7,PSAB,2025-07-16T22:19:50Z,2025-07-16T22:20:00Z,2025-07-16 22:15:00+00:00,2025-07-16 22:20:00+00:00,5.045532287977673,275732225393.20447,10.4134,3161462249603.716,PSAB_d_2025-07-14
C7,PSAB,2025-07-16T22:20:50Z,2025-07-16T22:21:00Z,2025-07-16 22:20:00+00:00,2025-07-16 22:25:00+00:00,0.2506802793218514,305605237340.1667,10.4134,3161462249603.716,PSAB_d_2025-07-14
C7,PSAB,2025-07-16T22:21:20Z,2025-07-16T22:21:30Z,2025-07-16 22:20:00+00:00,2025-07-16 22:25:00+00:00,4.720731534609113,267374840302.753,10.4134,3161462249603.716,PSAB_d_2025-07-14
C7,PSAB,2025-07-16T22:22:40Z,2025-07-16T22:22:50Z,2025-07-16 22:20:00+00:00,2025-07-16 22:25:00+00:00,5.045532287977673,275732225393.20447,10.4134,3161462249603.716,PSAB_d_2025-07-14
C7,PSAB,2025-07-16T22:22:50Z,2025-07-16T22:23:00Z,2025-07-16 22:20:00+00:00,2025-07-16 22:25:00+00:00,5.045532287977673,275732225393.20447,10.4134,3161462249603.716,PSAB_d_2025-07-14
C7,PSAB,2025-07-16T22:24:00Z,2025-07-16T22:24:10Z,2025-07-16 22:20:00+00:00,2025-07-16 22:25:00+00:00,5.045532287977673,275732225393.20447,10.4134,3161462249603.716,PSAB_d_2025-07-14
C7,PSAB,2025-07-16T22:24:10Z,2025-07-16T22:24:20Z,2025-07-16 22:20:00+00:00,2025-07-16 22:25:00+00:00,5.045532287977673,275732225393.20447,10.4134,3161462249603.716,PSAB_d_2025-07-14
C7,PSAB,2025-07-16T22:24:20Z,2025-07-16T22:24:30Z,2025-07-16 22:20:00+00:00,2025-07-16 22:25:00+00:00,5.045532287977673,275732225393.20447,10.4134,3161462249603.716,PSAB_d_2025-07-14
C7,PSAB,2025-07-16T22:24:30Z,2025-07-16T22:24:40Z,2025-07-16 22:20:00+00:00,2025-07-16 22:25:00+00:00,5.045532287977673,275732225393.20447,10.4134,3161462249603.716,PSAB_d_2025-07-14
C7,PSAB,2025-07-16T22:25:10Z,2025-07-16T22:25:20Z,2025-07-16 22:25:00+00:00,2025-07-16 22:30:00+00:00,0.2506802793218514,305605237340.1667,10.4134,3161462249603.716,PSAB_d_2025-07-14
C7,PSAB,2025-07-16T22:25:50Z,2025-07-16T22:26:00Z,2025-07-16 22:25:00+00:00,2025-07-16 22:30:00+00:00,4.720731534609113,267374840302.753,10.4134,3161462249603.716,PSAB_d_2025-07-14
C7,PSAB,2025-07-16T22:26:10Z,2025-07-16T22:26:20Z,2025-07-16 22:25:00+00:00,2025-07-16 22:30:00+00:00,5.045532287977673,275732225393.20447,10.4134,3161462249603.716,PSAB_d_2025-07-14
C7,PSAB,2025-07-16T22:28:00Z,2025-07-16T22:28:10Z,2025-07-16 22:25:00+00:00,2025-07-16 22:30:00+00:00,5.045532287977673,275732225393.20447,10.4134,3161462249603.716,PSAB_d_2025-07-14
C7,PSAB,2025-07-16T22:28:20Z,2025-07-16T22:28:30Z,2025-07-16 22:25:00+00:00,2025-07-16 22:30:00+00:00,5.045532287977673,275732225393.20447,10.4134,3161462249603.716,PSAB_d_2025-07-14
C7,PSAB,2025-07-16T22:28:30Z,2025-07-16T22:28:40Z,2025-07-16 22:25:00+00:00,2025-07-16 22:30:00+00:00,5.045532287977673,275732225393.20447,10.4134,3161462249603.716,PSAB_d_2025-07-14
C7,PSAB,2025-07-16T22:28:40Z,2025-07-16T22:28:50Z,2025-07-16 22:25:00+00:00,2025-07-16 22:30:00+00:00,5.045532287977673,275732225393.20447,10.4134,3161462249603.716,PSAB_d_2025-07-14
C7,PSAB,2025-07-16T22:29:30Z,2025-07-16T22:29:40Z,2025-07-16 22:25:00+00:00,2025-07-16 22:30:00+00:00,5.045532287977673,275732225393.20447,10.4134,3161462249603.716,PSAB_d_2025-07-14
C7,PSAB,2025-07-16T22:29:40Z,2025-07-16T22:29:50Z,2025-07-16 22:25:00+00:00,2025-07-16 22:30:00+00:00,5.045532287977673,275732225393.20447,10.4134,3161462249603.716,PSAB_d_2025-07-14
C7,PSAB,2025-07-16T22:30:10Z,2025-07-16T22:30:20Z,2025-07-16 22:30:00+00:00,2025-07-16 22:35:00+00:00,0.2506802793218514,305605237340.1667,10.4134,3161462249603.716,PSAB_d_2025-07-14
C7,PSAB,2025-07-16T22:30:20Z,2025-07-16T22:30:30Z,2025-07-16 22:30:00+00:00,2025-07-16 22:35:00+00:00,4.720731534609113,267374840302.753,10.4134,3161462249603.716,PSAB_d_2025-07-14
C7,PSAB,2025-07-16T22:30:30Z,2025-07-16T22:30:40Z,2025-07-16 22:30:00+00:00,2025-07-16 22:35:00+00:00,5.045532287977673,275732225393.20447,10.4134,3161462249603.716,PSAB_d_2025-07-14
C7,PSAB,2025-07-16T22:31:20Z,2025-07-16T22:31:30Z,2025-07-16 22:30:00+00:00,2025-07-16 22:35:00+00:00,5.045532287977673,275732225393.20447,10.4134,3161462249603.716,PSAB_d_2025-07-14
C7,PSAB,2025-07-16T22:31:30Z,2025-07-16T22:31:40Z,2025-07-16 22:30:00+00:00,2025-07-16 22:35:00+00:00,5.045532287977673,275732225393.20447,10.4134,3161462249603.716,PSAB_d_2025-07-14
C7,PSAB,2025-07-16T22:31:40Z,2025-07-16T22:31:50Z,2025-07-16 22:30:00+00:00,2025-07-16 22:35:00+00:00,5.045532287977673,275732225393.20447,10.4134,3161462249603.716,PSAB_d_2025-07-14
C7,PPMA,2025-07-16T22:30:20Z,2025-07-16T22:30:30Z,2025-07-16 22:30:00+00:00,2025-07-16 22:35:00+00:00,1.7743222923511466,4751021171150.095,24.3766,4262592844214.596,PPMA_d_2025-07-14
C7,PSAB,2025-07-16T22:53:20Z,2025-07-16T22:53:30Z,2025-07-16 22:50:00+00:00,2025-07-16 22:55:00+00:00,0.2506802793218514,305605237340.1667,10.4134,3161462249603.716,PSAB_d_2025-07-14
C7,PSAB,2025-07-16T22:53:30Z,2025-07-16T22:53:40Z,2025-07-16 22:50:00+00:00,2025-07-16 22:55:00+00:00,4.720731534609113,267374840302.753,10.4134,3161462249603.716,PSAB_d_2025-07-14
C7,PSAB,2025-07-16T22:59:40Z,2025-07-16T22:59:50Z,2025-07-16 22:55:00+00:00,2025-07-16 23:00:00+00:00,0.2506802793218514,305605237340.1667,10.4134,3161462249603.716,PSAB_d_2025-07-14
C7,PSAB,2025-07-16T22:59:50Z,2025-07-16T23:00:00Z,2025-07-16 22:55:00+00:00,2025-07-16 23:00:00+00:00,4.720731534609113,267374840302.753,10.4134,3161462249603.716,PSAB_d_2025-07-14
C7,PSAB,2025-07-16T23:00:00Z,2025-07-16T23:00:10Z,2025-07-16 23:00:00+00:00,2025-07-16 23:05:00+00:00,0.2506802793218514,305605237340.1667,10.4134,3161462249603.716,PSAB_d_2025-07-14
C7,PSAB,2025-07-16T23:00:10Z,2025-07-16T23:00:20Z,2025-07-16 23:00:00+00:00,2025-07-16 23:05:00+00:00,4.720731534609113,267374840302.753,10.4134,3161462249603.716,PSAB_d_2025-07-14
C7,PSAB,2025-07-16T23:00:20Z,2025-07-16T23:00:30Z,2025-07-16 23:00:00+00:00,2025-07-16 23:05:00+00:00,5.045532287977673,275732225393.20447,10.4134,3161462249603.716,PSAB_d_2025-07-14
C7,PSAB,2025-07-16T23:01:00Z,2025-07-16T23:01:10Z,2025-07-16 23:00:00+00:00,2025-07-16 23:05:00+00:00,5.045532287977673,275732225393.20447,10.4134,3161462249603.716,PSAB_d_2025-07-14
C7,PSAB,2025-07-16T23:01:10Z,2025-07-16T23:01:20Z,2025-07-16 23:00:00+00:00,2025-07-16 23:05:00+00:00,5.045532287977673,275732225393.20447,10.4134,3161462249603.716,PSAB_d_2025-07-14
C7,PSAB,2025-07-16T23:01:20Z,2025-07-16T23:01:30Z,2025-07-16 23:00:00+00:00,2025-07-16 23:05:00+00:00,5.045532287977673,275732225393.20447,10.4134,3161462249603.716,PSAB_d_2025-07-14
C7,PSAB,2025-07-16T23:01:30Z,2025-07-16T23:01:40Z,2025-07-16 23:00:00+00:00,2025-07-16 23:05:00+00:00,5.045532287977673,275732225393.20447,10.4134,3161462249603.716,PSAB_d_2025-07-14
C7,PSAB,2025-07-16T23:01:40Z,2025-07-16T23:01:50Z,2025-07-16 23:00:00+00:00,2025-07-16 23:05:00+00:00,5.045532287977673,275732225393.20447,10.4134,3161462249603.716,PSAB_d_2025-07-14
C7,PSAB,2025-07-16T23:01:50Z,2025-07-16T23:02:00Z,2025-07-16 23:00:00+00:00,2025-07-16 23:05:00+00:00,5.045532287977673,275732225393.20447,10.4134,3161462249603.716,PSAB_d_2025-07-14
C7,PSAB,2025-07-16T23:02:00Z,2025-07-16T23:02:10Z,2025-07-16 23:00:00+00:00,2025-07-16 23:05:00+00:00,5.045532287977673,275732225393.20447,10.4134,3161462249603.716,PSAB_d_2025-07-14
C7,PSAB,2025-07-16T23:04:00Z,2025-07-16T23:04:10Z,2025-07-16 23:00:00+00:00,2025-07-16 23:05:00+00:00,5.045532287977673,275732225393.20447,10.4134,3161462249603.716,PSAB_d_2025-07-14
C7,PSAB,2025-07-16T23:04:10Z,2025-07-16T23:04:20Z,2025-07-16 23:00:00+00:00,2025-07-16 23:05:00+00:00,5.045532287977673,275732225393.20447,10.4134,3161462249603.716,PSAB_d_2025-07-14
C7,PSAB,2025-07-16T23:04:20Z,2025-07-16T23:04:30Z,2025-07-16 23:00:00+00:00,2025-07-16 23:05:00+00:00,5.045532287977673,275732225393.20447,10.4134,3161462249603.716,PSAB_d_2025-07-14
C7,PSAB,2025-07-16T23:04:30Z,2025-07-16T23:04:40Z,2025-07-16 23:00:00+00:00,2025-07-16 23:05:00+00:00,5.045532287977673,275732225393.20447,10.4134,3161462249603.716,PSAB_d_2025-07-14
C7,PSAB,2025-07-16T23:06:30Z,2025-07-16T23:06:40Z,2025-07-16 23:05:00+00:00,2025-07-16 23:10:00+00:00,0.2506802793218514,305605237340.1667,10.4134,3161462249603.716,PSAB_d_2025-07-14
C7,PSAB,2025-07-17T05:49:50Z,2025-07-17T05:50:00Z,2025-07-17 05:45:00+00:00,2025-07-17 05:50:00+00:00,0.2506802793218514,305605237340.1667,10.4134,3161462249603.716,PSAB_d_2025-07-14
C7,PSAB,2025-07-17T05:50:00Z,2025-07-17T05:50:10Z,2025-07-17 05:50:00+00:00,2025-07-17 05:55:00+00:00,0.2506802793218514,305605237340.1667,10.4134,3161462249603.716,PSAB_d_2025-07-14
C7,PSAB,2025-07-17T05:50:10Z,2025-07-17T05:50:20Z,2025-07-17 05:50:00+00:00,2025-07-17 05:55:00+00:00,4.720731534609113,267374840302.753,10.4134,3161462249603.716,PSAB_d_2025-07-14
C7,PSAB,2025-07-17T05:50:20Z,2025-07-17T05:50:30Z,2025-07-17 05:50:00+00:00,2025-07-17 05:55:00+00:00,5.045532287977673,275732225393.20447,10.4134,3161462249603.716,PSAB_d_2025-07-14
C7,PSAB,2025-07-17T05:50:30Z,2025-07-17T05:50:40Z,2025-07-17 05:50:00+00:00,2025-07-17 05:55:00+00:00,5.045532287977673,275732225393.20447,10.4134,3161462249603.716,PSAB_d_2025-07-14
C7,PSAB,2025-07-17T05:50:40Z,2025-07-17T05:50:50Z,2025-07-17 05:50:00+00:00,2025-07-17 05:55:00+00:00,5.045532287977673,275732225393.20447,10.4134,3161462249603.716,PSAB_d_2025-07-14
C7,PSAB,2025-07-17T05:50:50Z,2025-07-17T05:51:00Z,2025-07-17 05:50:00+00:00,2025-07-17 05:55:00+00:00,5.045532287977673,275732225393.20447,10.4134,3161462249603.716,PSAB_d_2025-07-14
C7,PPMA,2025-07-17T07:07:40Z,2025-07-17T07:07:50Z,2025-07-17 07:05:00+00:00,2025-07-17 07:10:00+00:00,1.7743222923511466,4751021171150.095,24.3766,4262592844214.596,PPMA_d_2025-07-14
C7,PPMA,2025-07-17T07:08:20Z,2025-07-17T07:08:30Z,2025-07-17 07:05:00+00:00,2025-07-17 07:10:00+00:00,3.7109208139422347,1848433885015.2266,24.3766,4262592844214.596,PPMA_d_2025-07-14
C7,PPMA,2025-07-17T07:08:40Z,2025-07-17T07:08:50Z,2025-07-17 07:05:00+00:00,2025-07-17 07:10:00+00:00,1.5834922627139094,1182881507186.3555,24.3766,4262592844214.596,PPMA_d_2025-07-14
C7,PPMA,2025-07-17T07:21:30Z,2025-07-17T07:21:40Z,2025-07-17 07:20:00+00:00,2025-07-17 07:25:00+00:00,1.7743222923511466,4751021171150.095,24.3766,4262592844214.596,PPMA_d_2025-07-14
C7,PPMA,2025-07-17T08:19:20Z,2025-07-17T08:19:30Z,2025-07-17 08:15:00+00:00,2025-07-17 08:20:00+00:00,1.7743222923511466,4751021171150.095,24.3766,4262592844214.596,PPMA_d_2025-07-14
C7,PPMA,2025-07-17T08:19:50Z,2025-07-17T08:20:00Z,2025-07-17 08:15:00+00:00,2025-07-17 08:20:00+00:00,3.7109208139422347,1848433885015.2266,24.3766,4262592844214.596,PPMA_d_2025-07-14
C7,PPMA,2025-07-17T08:18:40Z,2025-07-17T08:18:50Z,2025-07-17 08:15:00+00:00,2025-07-17 08:20:00+00:00,1.5834922627139094,1182881507186.3555,24.3766,4262592844214.596,PPMA_d_2025-07-14
C7,PPMA,2025-07-17T08:20:20Z,2025-07-17T08:20:30Z,2025-07-17 08:20:00+00:00,2025-07-17 08:25:00+00:00,1.7743222923511466,4751021171150.095,24.3766,4262592844214.596,PPMA_d_2025-07-14
C7,PPMA,2025-07-17T08:20:40Z,2025-07-17T08:20:50Z,2025-07-17 08:20:00+00:00,2025-07-17 08:25:00+00:00,3.7109208139422347,1848433885015.2266,24.3766,4262592844214.596,PPMA_d_2025-07-14
C7,PPMA,2025-07-17T08:20:50Z,2025-07-17T08:21:00Z,2025-07-17 08:20:00+00:00,2025-07-17 08:25:00+00:00,1.5834922627139094,1182881507186.3555,24.3766,4262592844214.596,PPMA_d_2025-07-14
C7,PPMA,2025-07-17T08:21:10Z,2025-07-17T08:21:20Z,2025-07-17 08:20:00+00:00,2025-07-17 08:25:00+00:00,3.3015663399165662,1544789852521.073,24.3766,4262592844214.596,PPMA_d_2025-07-14
C7,PPMA,2025-07-17T08:21:50Z,2025-07-17T08:22:00Z,2025-07-17 08:20:00+00:00,2025-07-17 08:25:00+00:00,2.4174114378895677,1766231331176.6714,24.3766,4262592844214.596,PPMA_d_2025-07-14
C7,PPMA,2025-07-17T08:22:00Z,2025-07-17T08:22:10Z,2025-07-17 08:20:00+00:00,2025-07-17 08:25:00+00:00,11.353823201117702,3758628550482.816,24.3766,4262592844214.596,PPMA_d_2025-07-14
C7,PPMA,2025-07-17T08:22:20Z,2025-07-17T08:22:30Z,2025-07-17 08:20:00+00:00,2025-07-17 08:25:00+00:00,1.4370508116983403,3203366585434.925,24.3766,4262592844214.596,PPMA_d_2025-07-14
C7,PPMA,2025-07-17T08:22:40Z,2025-07-17T08:22:50Z,2025-07-17 08:20:00+00:00,2025-07-17 08:25:00+00:00,6.158587950670227,2599897985215.863,24.3766,4262592844214.596,PPMA_d_2025-07-14
C7,PPMA,2025-07-17T08:23:30Z,2025-07-17T08:23:40Z,2025-07-17 08:20:00+00:00,2025-07-17 08:25:00+00:00,2.174022398342621,1992296141469.5586,24.3766,4262592844214.596,PPMA_d_2025-07-14
C7,PPMA,2025-07-17T08:23:50Z,2025-07-17T08:24:00Z,2025-07-17 08:20:00+00:00,2025-07-17 08:25:00+00:00,2.4651945269490914,3114115999843.17,24.3766,4262592844214.596,PPMA_d_2025-07-14
C7,PPMA,2025-07-17T08:24:00Z,2025-07-17T08:24:10Z,2025-07-17 08:20:00+00:00,2025-07-17 08:25:00+00:00,2.6023388496040223,2593606633707.817,24.3766,4262592844214.596,PPMA_d_2025-07-14
C7,PPMA,2025-07-17T08:25:10Z,2025-07-17T08:25:20Z,2025-07-17 08:25:00+00:00,2025-07-17 08:30:00+00:00,1.7743222923511466,4751021171150.095,24.3766,4262592844214.596,PPMA_d_2025-07-14
C7,PPMA,2025-07-17T08:25:20Z,2025-07-17T08:25:30Z,2025-07-17 08:25:00+00:00,2025-07-17 08:30:00+00:00,3.7109208139422347,1848433885015.2266,24.3766,4262592844214.596,PPMA_d_2025-07-14
C7,PPMA,2025-07-17T08:25:30Z,2025-07-17T08:25:40Z,2025-07-17 08:25:00+00:00,2025-07-17 08:30:00+00:00,1.5834922627139094,1182881507186.3555,24.3766,4262592844214.596,PPMA_d_2025-07-14
C7,PPMA,2025-07-17T08:25:50Z,2025-07-17T08:26:00Z,2025-07-17 08:25:00+00:00,2025-07-17 08:30:00+00:00,3.3015663399165662,1544789852521.073,24.3766,4262592844214.596,PPMA_d_2025-07-14
C7,PPMA,2025-07-17T08:26:10Z,2025-07-17T08:26:20Z,2025-07-17 08:25:00+00:00,2025-07-17 08:30:00+00:00,2.4174114378895677,1766231331176.6714,24.3766,4262592844214.596,PPMA_d_2025-07-14
C7,PPMA,2025-07-17T08:26:20Z,2025-07-17T08:26:30Z,2025-07-17 08:25:00+00:00,2025-07-17 08:30:00+00:00,11.353823201117702,3758628550482.816,24.3766,4262592844214.596,PPMA_d_2025-07-14
C7,PPMA,2025-07-17T08:26:30Z,2025-07-17T08:26:40Z,2025-07-17 08:25:00+00:00,2025-07-17 08:30:00+00:00,1.4370508116983403,3203366585434.925,24.3766,4262592844214.596,PPMA_d_2025-07-14
C7,PPMA,2025-07-17T08:27:20Z,2025-07-17T08:27:30Z,2025-07-17 08:25:00+00:00,2025-07-17 08:30:00+00:00,6.158587950670227,2599897985215.863,24.3766,4262592844214.596,PPMA_d_2025-07-14
C7,PPMA,2025-07-17T08:27:30Z,2025-07-17T08:27:40Z,2025-07-17 08:25:00+00:00,2025-07-17 08:30:00+00:00,2.174022398342621,1992296141469.5586,24.3766,4262592844214.596,PPMA_d_2025-07-14
C7,PPMA,2025-07-17T08:29:00Z,2025-07-17T08:29:10Z,2025-07-17 08:25:00+00:00,2025-07-17 08:30:00+00:00,2.4651945269490914,3114115999843.17,24.3766,4262592844214.596,PPMA_d_2025-07-14
C7,PPMA,2025-07-17T08:29:20Z,2025-07-17T08:29:30Z,2025-07-17 08:25:00+00:00,2025-07-17 08:30:00+00:00,2.6023388496040223,2593606633707.817,24.3766,4262592844214.596,PPMA_d_2025-07-14
C7,PPMA,2025-07-17T08:30:40Z,2025-07-17T08:30:50Z,2025-07-17 08:30:00+00:00,2025-07-17 08:35:00+00:00,1.7743222923511466,4751021171150.095,24.3766,4262592844214.596,PPMA_d_2025-07-14
C7,PPMA,2025-07-17T08:31:20Z,2025-07-17T08:31:30Z,2025-07-17 08:30:00+00:00,2025-07-17 08:35:00+00:00,3.7109208139422347,1848433885015.2266,24.3766,4262592844214.596,PPMA_d_2025-07-14
C7,PPMA,2025-07-17T08:31:30Z,2025-07-17T08:31:40Z,2025-07-17 08:30:00+00:00,2025-07-17 08:35:00+00:00,1.5834922627139094,1182881507186.3555,24.3766,4262592844214.596,PPMA_d_2025-07-14
C7,PPMA,2025-07-17T08:34:30Z,2025-07-17T08:34:40Z,2025-07-17 08:30:00+00:00,2025-07-17 08:35:00+00:00,3.3015663399165662,1544789852521.073,24.3766,4262592844214.596,PPMA_d_2025-07-14
C7,PPMA,2025-07-17T08:32:10Z,2025-07-17T08:32:20Z,2025-07-17 08:30:00+00:00,2025-07-17 08:35:00+00:00,2.4174114378895677,1766231331176.6714,24.3766,4262592844214.596,PPMA_d_2025-07-14
C7,PPMA,2025-07-17T08:32:30Z,2025-07-17T08:32:40Z,2025-07-17 08:30:00+00:00,2025-07-17 08:35:00+00:00,11.353823201117702,3758628550482.816,24.3766,4262592844214.596,PPMA_d_2025-07-14
C7,PPMA,2025-07-17T08:35:10Z,2025-07-17T08:35:20Z,2025-07-17 08:35:00+00:00,2025-07-17 08:40:00+00:00,1.7743222923511466,4751021171150.095,24.3766,4262592844214.596,PPMA_d_2025-07-14
C7,PPMA,2025-07-17T08:35:20Z,2025-07-17T08:35:30Z,2025-07-17 08:35:00+00:00,2025-07-17 08:40:00+00:00,3.7109208139422347,1848433885015.2266,24.3766,4262592844214.596,PPMA_d_2025-07-14
C7,PPMA,2025-07-17T08:38:20Z,2025-07-17T08:38:30Z,2025-07-17 08:35:00+00:00,2025-07-17 08:40:00+00:00,1.5834922627139094,1182881507186.3555,24.3766,4262592844214.596,PPMA_d_2025-07-14
C7,PPMA,2025-07-17T08:35:50Z,2025-07-17T08:36:00Z,2025-07-17 08:35:00+00:00,2025-07-17 08:40:00+00:00,3.3015663399165662,1544789852521.073,24.3766,4262592844214.596,PPMA_d_2025-07-14
C7,PPMA,2025-07-17T08:36:20Z,2025-07-17T08:36:30Z,2025-07-17 08:35:00+00:00,2025-07-17 08:40:00+00:00,2.4174114378895677,1766231331176.6714,24.3766,4262592844214.596,PPMA_d_2025-07-14
C7,PPMA,2025-07-17T08:40:10Z,2025-07-17T08:40:20Z,2025-07-17 08:40:00+00:00,2025-07-17 08:45:00+00:00,1.7743222923511466,4751021171150.095,24.3766,4262592844214.596,PPMA_d_2025-07-14
C7,PPMA,2025-07-17T08:40:20Z,2025-07-17T08:40:30Z,2025-07-17 08:40:00+00:00,2025-07-17 08:45:00+00:00,3.7109208139422347,1848433885015.2266,24.3766,4262592844214.596,PPMA_d_2025-07-14
C7,PPMA,2025-07-17T08:40:40Z,2025-07-17T08:40:50Z,2025-07-17 08:40:00+00:00,2025-07-17 08:45:00+00:00,1.5834922627139094,1182881507186.3555,24.3766,4262592844214.596,PPMA_d_2025-07-14
C7,PPMA,2025-07-17T08:41:50Z,2025-07-17T08:42:00Z,2025-07-17 08:40:00+00:00,2025-07-17 08:45:00+00:00,3.3015663399165662,1544789852521.073,24.3766,4262592844214.596,PPMA_d_2025-07-14
C7,PPMA,2025-07-17T08:42:00Z,2025-07-17T08:42:10Z,2025-07-17 08:40:00+00:00,2025-07-17 08:45:00+00:00,2.4174114378895677,1766231331176.6714,24.3766,4262592844214.596,PPMA_d_2025-07-14
C7,PPMA,2025-07-17T08:43:50Z,2025-07-17T08:44:00Z,2025-07-17 08:40:00+00:00,2025-07-17 08:45:00+00:00,11.353823201117702,3758628550482.816,24.3766,4262592844214.596,PPMA_d_2025-07-14
C7,PPMA,2025-07-17T08:44:20Z,2025-07-17T08:44:30Z,2025-07-17 08:40:00+00:00,2025-07-17 08:45:00+00:00,1.4370508116983403,3203366585434.925,24.3766,4262592844214.596,PPMA_d_2025-07-14
C7,PPMA,2025-07-17T08:44:40Z,2025-07-17T08:44:50Z,2025-07-17 08:40:00+00:00,2025-07-17 08:45:00+00:00,6.158587950670227,2599897985215.863,24.3766,4262592844214.596,PPMA_d_2025-07-14
C7,PSAB,2025-07-17T09:21:10Z,2025-07-17T09:21:20Z,2025-07-17 09:20:00+00:00,2025-07-17 09:25:00+00:00,0.2506802793218514,305605237340.1667,10.4134,3161462249603.716,PSAB_d_2025-07-14
C7,PSAB,2025-07-17T09:21:20Z,2025-07-17T09:21:30Z,2025-07-17 09:20:00+00:00,2025-07-17 09:25:00+00:00,4.720731534609113,267374840302.753,10.4134,3161462249603.716,PSAB_d_2025-07-14
C7,PSAB,2025-07-17T09:21:30Z,2025-07-17T09:21:40Z,2025-07-17 09:20:00+00:00,2025-07-17 09:25:00+00:00,5.045532287977673,275732225393.20447,10.4134,3161462249603.716,PSAB_d_2025-07-14
C7,PSAB,2025-07-17T09:21:40Z,2025-07-17T09:21:50Z,2025-07-17 09:20:00+00:00,2025-07-17 09:25:00+00:00,5.045532287977673,275732225393.20447,10.4134,3161462249603.716,PSAB_d_2025-07-14
C7,PSAB,2025-07-17T09:21:50Z,2025-07-17T09:22:00Z,2025-07-17 09:20:00+00:00,2025-07-17 09:25:00+00:00,5.045532287977673,275732225393.20447,10.4134,3161462249603.716,PSAB_d_2025-07-14
C7,PSAB,2025-07-17T09:22:00Z,2025-07-17T09:22:10Z,2025-07-17 09:20:00+00:00,2025-07-17 09:25:00+00:00,5.045532287977673,275732225393.20447,10.4134,3161462249603.716,PSAB_d_2025-07-14
C7,PSAB,2025-07-17T09:22:10Z,2025-07-17T09:22:20Z,2025-07-17 09:20:00+00:00,2025-07-17 09:25:00+00:00,5.045532287977673,275732225393.20447,10.4134,3161462249603.716,PSAB_d_2025-07-14
C7,PSAB,2025-07-17T09:22:20Z,2025-07-17T09:22:30Z,2025-07-17 09:20:00+00:00,2025-07-17 09:25:00+00:00,5.045532287977673,275732225393.20447,10.4134,3161462249603.716,PSAB_d_2025-07-14
C7,PSAB,2025-07-17T09:23:30Z,2025-07-17T09:23:40Z,2025-07-17 09:20:00+00:00,2025-07-17 09:25:00+00:00,5.045532287977673,275732225393.20447,10.4134,3161462249603.716,PSAB_d_2025-07-14
C7,PPMA,2025-07-17T10:09:20Z,2025-07-17T10:09:30Z,2025-07-17 10:05:00+00:00,2025-07-17 10:10:00+00:00,1.7743222923511466,4751021171150.095,24.3766,4262592844214.596,PPMA_d_2025-07-14
C7,PPMA,2025-07-17T10:09:30Z,2025-07-17T10:09:40Z,2025-07-17 10:05:00+00:00,2025-07-17 10:10:00+00:00,3.7109208139422347,1848433885015.2266,24.3766,4262592844214.596,PPMA_d_2025-07-14
C7,PPMA,2025-07-17T10:08:20Z,2025-07-17T10:08:30Z,2025-07-17 10:05:00+00:00,2025-07-17 10:10:00+00:00,1.5834922627139094,1182881507186.3555,24.3766,4262592844214.596,PPMA_d_2025-07-14
C7,PPMA,2025-07-17T10:06:10Z,2025-07-17T10:06:20Z,2025-07-17 10:05:00+00:00,2025-07-17 10:10:00+00:00,3.3015663399165662,1544789852521.073,24.3766,4262592844214.596,PPMA_d_2025-07-14
C7,PPMA,2025-07-17T10:12:50Z,2025-07-17T10:13:00Z,2025-07-17 10:10:00+00:00,2025-07-17 10:15:00+00:00,1.7743222923511466,4751021171150.095,24.3766,4262592844214.596,PPMA_d_2025-07-14
C7,PPMA,2025-07-17T10:10:50Z,2025-07-17T10:11:00Z,2025-07-17 10:10:00+00:00,2025-07-17 10:15:00+00:00,3.7109208139422347,1848433885015.2266,24.3766,4262592844214.596,PPMA_d_2025-07-14
C7,PPMA,2025-07-17T10:15:10Z,2025-07-17T10:15:20Z,2025-07-17 10:15:00+00:00,2025-07-17 10:20:00+00:00,1.7743222923511466,4751021171150.095,24.3766,4262592844214.596,PPMA_d_2025-07-14
C7,PPMA,2025-07-17T10:15:20Z,2025-07-17T10:15:30Z,2025-07-17 10:15:00+00:00,2025-07-17 10:20:00+00:00,3.7109208139422347,1848433885015.2266,24.3766,4262592844214.596,PPMA_d_2025-07-14
C7,PPMA,2025-07-17T18:28:10Z,2025-07-17T18:28:20Z,2025-07-17 18:25:00+00:00,2025-07-17 18:30:00+00:00,1.7743222923511466,4751021171150.095,24.3766,4262592844214.596,PPMA_d_2025-07-14
C7,PPMA,2025-07-17T18:28:30Z,2025-07-17T18:28:40Z,2025-07-17 18:25:00+00:00,2025-07-17 18:30:00+00:00,3.7109208139422347,1848433885015.2266,24.3766,4262592844214.596,PPMA_d_2025-07-14
C7,PPMA,2025-07-17T18:29:00Z,2025-07-17T18:29:10Z,2025-07-17 18:25:00+00:00,2025-07-17 18:30:00+00:00,1.5834922627139094,1182881507186.3555,24.3766,4262592844214.596,PPMA_d_2025-07-14
C7,PPMA,2025-07-17T18:29:10Z,2025-07-17T18:29:20Z,2025-07-17 18:25:00+00:00,2025-07-17 18:30:00+00:00,3.3015663399165662,1544789852521.073,24.3766,4262592844214.596,PPMA_d_2025-07-14
C7,PPMA,2025-07-17T18:29:30Z,2025-07-17T18:29:40Z,2025-07-17 18:25:00+00:00,2025-07-17 18:30:00+00:00,2.4174114378895677,1766231331176.6714,24.3766,4262592844214.596,PPMA_d_2025-07-14
C7,PPMA,2025-07-17T18:29:40Z,2025-07-17T18:29:50Z,2025-07-17 18:25:00+00:00,2025-07-17 18:30:00+00:00,11.353823201117702,3758628550482.816,24.3766,4262592844214.596,PPMA_d_2025-07-14
C7,PPMA,2025-07-17T18:30:00Z,2025-07-17T18:30:10Z,2025-07-17 18:30:00+00:00,2025-07-17 18:35:00+00:00,1.7743222923511466,4751021171150.095,24.3766,4262592844214.596,PPMA_d_2025-07-14
C7,PPMA,2025-07-17T18:30:20Z,2025-07-17T18:30:30Z,2025-07-17 18:30:00+00:00,2025-07-17 18:35:00+00:00,3.7109208139422347,1848433885015.2266,24.3766,4262592844214.596,PPMA_d_2025-07-14
C7,PPMA,2025-07-17T18:30:40Z,2025-07-17T18:30:50Z,2025-07-17 18:30:00+00:00,2025-07-17 18:35:00+00:00,1.5834922627139094,1182881507186.3555,24.3766,4262592844214.596,PPMA_d_2025-07-14
C7,PPMA,2025-07-17T18:31:00Z,2025-07-17T18:31:10Z,2025-07-17 18:30:00+00:00,2025-07-17 18:35:00+00:00,3.3015663399165662,1544789852521.073,24.3766,4262592844214.596,PPMA_d_2025-07-14
C7,PPMA,2025-07-17T18:31:10Z,2025-07-17T18:31:20Z,2025-07-17 18:30:00+00:00,2025-07-17 18:35:00+00:00,2.4174114378895677,1766231331176.6714,24.3766,4262592844214.596,PPMA_d_2025-07-14
C7,PPMA,2025-07-17T18:31:30Z,2025-07-17T18:31:40Z,2025-07-17 18:30:00+00:00,2025-07-17 18:35:00+00:00,11.353823201117702,3758628550482.816,24.3766,4262592844214.596,PPMA_d_2025-07-14
C7,PPMA,2025-07-17T18:31:50Z,2025-07-17T18:32:00Z,2025-07-17 18:30:00+00:00,2025-07-17 18:35:00+00:00,1.4370508116983403,3203366585434.925,24.3766,4262592844214.596,PPMA_d_2025-07-14
C7,PPMA,2025-07-17T18:32:00Z,2025-07-17T18:32:10Z,2025-07-17 18:30:00+00:00,2025-07-17 18:35:00+00:00,6.158587950670227,2599897985215.863,24.3766,4262592844214.596,PPMA_d_2025-07-14
C7,PPMA,2025-07-17T18:32:10Z,2025-07-17T18:32:20Z,2025-07-17 18:30:00+00:00,2025-07-17 18:35:00+00:00,2.174022398342621,1992296141469.5586,24.3766,4262592844214.596,PPMA_d_2025-07-14
C7,PPMA,2025-07-17T18:32:50Z,2025-07-17T18:33:00Z,2025-07-17 18:30:00+00:00,2025-07-17 18:35:00+00:00,2.4651945269490914,3114115999843.17,24.3766,4262592844214.596,PPMA_d_2025-07-14
C7,PPMA,2025-07-17T18:33:20Z,2025-07-17T18:33:30Z,2025-07-17 18:30:00+00:00,2025-07-17 18:35:00+00:00,2.6023388496040223,2593606633707.817,24.3766,4262592844214.596,PPMA_d_2025-07-14
C7,PPMA,2025-07-17T18:33:40Z,2025-07-17T18:33:50Z,2025-07-17 18:30:00+00:00,2025-07-17 18:35:00+00:00,1.535490635563247,2449868235534.3184,24.3766,4262592844214.596,PPMA_d_2025-07-14
C7,PPMA,2025-07-17T18:34:20Z,2025-07-17T18:34:30Z,2025-07-17 18:30:00+00:00,2025-07-17 18:35:00+00:00,3.043494856897058,2186974831480.527,24.3766,4262592844214.596,PPMA_d_2025-07-14
C7,PPMA,2025-07-17T18:34:30Z,2025-07-17T18:34:40Z,2025-07-17 18:30:00+00:00,2025-07-17 18:35:00+00:00,12.169867177108898,4327496727027.7637,24.3766,4262592844214.596,PPMA_d_2025-07-14
C7,PPMA,2025-07-17T18:34:50Z,2025-07-17T18:35:00Z,2025-07-17 18:30:00+00:00,2025-07-17 18:35:00+00:00,4.49399662488864,3547292577193.2715,24.3766,4262592844214.596,PPMA_d_2025-07-14
C7,PPMA,2025-07-17T18:35:10Z,2025-07-17T18:35:20Z,2025-07-17 18:35:00+00:00,2025-07-17 18:40:00+00:00,1.7743222923511466,4751021171150.095,24.3766,4262592844214.596,PPMA_d_2025-07-14
C7,PPMA,2025-07-17T18:35:20Z,2025-07-17T18:35:30Z,2025-07-17 18:35:00+00:00,2025-07-17 18:40:00+00:00,3.7109208139422347,1848433885015.2266,24.3766,4262592844214.596,PPMA_d_2025-07-14
C7,PPMA,2025-07-17T18:35:40Z,2025-07-17T18:35:50Z,2025-07-17 18:35:00+00:00,2025-07-17 18:40:00+00:00,1.5834922627139094,1182881507186.3555,24.3766,4262592844214.596,PPMA_d_2025-07-14
C7,PPMA,2025-07-17T18:36:00Z,2025-07-17T18:36:10Z,2025-07-17 18:35:00+00:00,2025-07-17 18:40:00+00:00,3.3015663399165662,1544789852521.073,24.3766,4262592844214.596,PPMA_d_2025-07-14
C7,PPMA,2025-07-17T18:36:10Z,2025-07-17T18:36:20Z,2025-07-17 18:35:00+00:00,2025-07-17 18:40:00+00:00,2.4174114378895677,1766231331176.6714,24.3766,4262592844214.596,PPMA_d_2025-07-14
C7,PPMA,2025-07-17T18:36:30Z,2025-07-17T18:36:40Z,2025-07-17 18:35:00+00:00,2025-07-17 18:40:00+00:00,11.353823201117702,3758628550482.816,24.3766,4262592844214.596,PPMA_d_2025-07-14
C7,PPMA,2025-07-17T18:36:50Z,2025-07-17T18:37:00Z,2025-07-17 18:35:00+00:00,2025-07-17 18:40:00+00:00,1.4370508116983403,3203366585434.925,24.3766,4262592844214.596,PPMA_d_2025-07-14
C7,PPMA,2025-07-17T18:37:00Z,2025-07-17T18:37:10Z,2025-07-17 18:35:00+00:00,2025-07-17 18:40:00+00:00,6.158587950670227,2599897985215.863,24.3766,4262592844214.596,PPMA_d_2025-07-14
C7,PPMA,2025-07-17T18:37:50Z,2025-07-17T18:38:00Z,2025-07-17 18:35:00+00:00,2025-07-17 18:40:00+00:00,2.174022398342621,1992296141469.5586,24.3766,4262592844214.596,PPMA_d_2025-07-14
C7,PPMA,2025-07-17T18:38:00Z,2025-07-17T18:38:10Z,2025-07-17 18:35:00+00:00,2025-07-17 18:40:00+00:00,2.4651945269490914,3114115999843.17,24.3766,4262592844214.596,PPMA_d_2025-07-14
C7,PPMA,2025-07-17T18:38:20Z,2025-07-17T18:38:30Z,2025-07-17 18:35:00+00:00,2025-07-17 18:40:00+00:00,2.6023388496040223,2593606633707.817,24.3766,4262592844214.596,PPMA_d_2025-07-14
C7,PPMA,2025-07-17T18:38:30Z,2025-07-17T18:38:40Z,2025-07-17 18:35:00+00:00,2025-07-17 18:40:00+00:00,1.535490635563247,2449868235534.3184,24.3766,4262592844214.596,PPMA_d_2025-07-14
C7,PPMA,2025-07-17T18:38:50Z,2025-07-17T18:39:00Z,2025-07-17 18:35:00+00:00,2025-07-17 18:40:00+00:00,3.043494856897058,2186974831480.527,24.3766,4262592844214.596,PPMA_d_2025-07-14
C7,PPMA,2025-07-17T18:39:00Z,2025-07-17T18:39:10Z,2025-07-17 18:35:00+00:00,2025-07-17 18:40:00+00:00,12.169867177108898,4327496727027.7637,24.3766,4262592844214.596,PPMA_d_2025-07-14
C7,PPMA,2025-07-17T18:39:20Z,2025-07-17T18:39:30Z,2025-07-17 18:35:00+00:00,2025-07-17 18:40:00+00:00,4.49399662488864,3547292577193.2715,24.3766,4262592844214.596,PPMA_d_2025-07-14
C7,PPMA,2025-07-17T18:39:50Z,2025-07-17T18:40:00Z,2025-07-17 18:35:00+00:00,2025-07-17 18:40:00+00:00,1.6286213796555415,2249721025671.564,24.3766,4262592844214.596,PPMA_d_2025-07-14
C7,PPMA,2025-07-17T18:40:00Z,2025-07-17T18:40:10Z,2025-07-17 18:40:00+00:00,2025-07-17 18:45:00+00:00,1.7743222923511466,4751021171150.095,24.3766,4262592844214.596,PPMA_d_2025-07-14
C7,PPMA,2025-07-17T18:40:10Z,2025-07-17T18:40:20Z,2025-07-17 18:40:00+00:00,2025-07-17 18:45:00+00:00,3.7109208139422347,1848433885015.2266,24.3766,4262592844214.596,PPMA_d_2025-07-14
C7,PPMA,2025-07-17T18:40:20Z,2025-07-17T18:40:30Z,2025-07-17 18:40:00+00:00,2025-07-17 18:45:00+00:00,1.5834922627139094,1182881507186.3555,24.3766,4262592844214.596,PPMA_d_2025-07-14
C7,PPMA,2025-07-17T18:40:30Z,2025-07-17T18:40:40Z,2025-07-17 18:40:00+00:00,2025-07-17 18:45:00+00:00,3.3015663399165662,1544789852521.073,24.3766,4262592844214.596,PPMA_d_2025-07-14
C7,PPMA,2025-07-18T09:05:10Z,2025-07-18T09:05:20Z,2025-07-18 09:05:00+00:00,2025-07-18 09:10:00+00:00,1.7743222923511466,4751021171150.095,24.3766,4262592844214.596,PPMA_d_2025-07-14
C7,PPMA,2025-07-18T10:16:10Z,2025-07-18T10:16:20Z,2025-07-18 10:15:00+00:00,2025-07-18 10:20:00+00:00,1.7743222923511466,4751021171150.095,24.3766,4262592844214.596,PPMA_d_2025-07-14
C7,PPMA,2025-07-18T10:16:20Z,2025-07-18T10:16:30Z,2025-07-18 10:15:00+00:00,2025-07-18 10:20:00+00:00,3.7109208139422347,1848433885015.2266,24.3766,4262592844214.596,PPMA_d_2025-07-14
C7,PPMA,2025-07-18T10:16:30Z,2025-07-18T10:16:40Z,2025-07-18 10:15:00+00:00,2025-07-18 10:20:00+00:00,1.5834922627139094,1182881507186.3555,24.3766,4262592844214.596,PPMA_d_2025-07-14
C7,PPMA,2025-07-18T10:16:40Z,2025-07-18T10:16:50Z,2025-07-18 10:15:00+00:00,2025-07-18 10:20:00+00:00,3.3015663399165662,1544789852521.073,24.3766,4262592844214.596,PPMA_d_2025-07-14
C7,PPMA,2025-07-18T10:16:50Z,2025-07-18T10:17:00Z,2025-07-18 10:15:00+00:00,2025-07-18 10:20:00+00:00,2.4174114378895677,1766231331176.6714,24.3766,4262592844214.596,PPMA_d_2025-07-14
C7,PPMA,2025-07-18T10:17:00Z,2025-07-18T10:17:10Z,2025-07-18 10:15:00+00:00,2025-07-18 10:20:00+00:00,11.353823201117702,3758628550482.816,24.3766,4262592844214.596,PPMA_d_2025-07-14
C7,PPMA,2025-07-18T10:17:10Z,2025-07-18T10:17:20Z,2025-07-18 10:15:00+00:00,2025-07-18 10:20:00+00:00,1.4370508116983403,3203366585434.925,24.3766,4262592844214.596,PPMA_d_2025-07-14
C7,PPMA,2025-07-18T10:17:20Z,2025-07-18T10:17:30Z,2025-07-18 10:15:00+00:00,2025-07-18 10:20:00+00:00,6.158587950670227,2599897985215.863,24.3766,4262592844214.596,PPMA_d_2025-07-14
C7,PPMA,2025-07-18T10:17:30Z,2025-07-18T10:17:40Z,2025-07-18 10:15:00+00:00,2025-07-18 10:20:00+00:00,2.174022398342621,1992296141469.5586,24.3766,4262592844214.596,PPMA_d_2025-07-14
C7,PPMA,2025-07-18T10:17:40Z,2025-07-18T10:17:50Z,2025-07-18 10:15:00+00:00,2025-07-18 10:20:00+00:00,2.4651945269490914,3114115999843.17,24.3766,4262592844214.596,PPMA_d_2025-07-14
C7,PPMA,2025-07-18T10:21:20Z,2025-07-18T10:21:30Z,2025-07-18 10:20:00+00:00,2025-07-18 10:25:00+00:00,1.7743222923511466,4751021171150.095,24.3766,4262592844214.596,PPMA_d_2025-07-14
C7,PPMA,2025-07-18T10:21:30Z,2025-07-18T10:21:40Z,2025-07-18 10:20:00+00:00,2025-07-18 10:25:00+00:00,3.7109208139422347,1848433885015.2266,24.3766,4262592844214.596,PPMA_d_2025-07-14
C7,PPMA,2025-07-18T10:21:40Z,2025-07-18T10:21:50Z,2025-07-18 10:20:00+00:00,2025-07-18 10:25:00+00:00,1.5834922627139094,1182881507186.3555,24.3766,4262592844214.596,PPMA_d_2025-07-14
C7,PPMA,2025-07-18T10:21:50Z,2025-07-18T10:22:00Z,2025-07-18 10:20:00+00:00,2025-07-18 10:25:00+00:00,3.3015663399165662,1544789852521.073,24.3766,4262592844214.596,PPMA_d_2025-07-14
C7,PPMA,2025-07-18T10:22:00Z,2025-07-18T10:22:10Z,2025-07-18 10:20:00+00:00,2025-07-18 10:25:00+00:00,2.4174114378895677,1766231331176.6714,24.3766,4262592844214.596,PPMA_d_2025-07-14
C7,PPMA,2025-07-18T10:22:30Z,2025-07-18T10:22:40Z,2025-07-18 10:20:00+00:00,2025-07-18 10:25:00+00:00,11.353823201117702,3758628550482.816,24.3766,4262592844214.596,PPMA_d_2025-07-14
C7,PPMA,2025-07-18T10:22:40Z,2025-07-18T10:22:50Z,2025-07-18 10:20:00+00:00,2025-07-18 10:25:00+00:00,1.4370508116983403,3203366585434.925,24.3766,4262592844214.596,PPMA_d_2025-07-14
C7,PPMA,2025-07-18T10:22:50Z,2025-07-18T10:23:00Z,2025-07-18 10:20:00+00:00,2025-07-18 10:25:00+00:00,6.158587950670227,2599897985215.863,24.3766,4262592844214.596,PPMA_d_2025-07-14
C7,PPMA,2025-07-18T10:23:00Z,2025-07-18T10:23:10Z,2025-07-18 10:20:00+00:00,2025-07-18 10:25:00+00:00,2.174022398342621,1992296141469.5586,24.3766,4262592844214.596,PPMA_d_2025-07-14
C7,PPMA,2025-07-18T10:23:10Z,2025-07-18T10:23:20Z,2025-07-18 10:20:00+00:00,2025-07-18 10:25:00+00:00,2.4651945269490914,3114115999843.17,24.3766,4262592844214.596,PPMA_d_2025-07-14
C7,PPMA,2025-07-18T10:23:20Z,2025-07-18T10:23:30Z,2025-07-18 10:20:00+00:00,2025-07-18 10:25:00+00:00,2.6023388496040223,2593606633707.817,24.3766,4262592844214.596,PPMA_d_2025-07-14
C7,PPMA,2025-07-18T10:23:30Z,2025-07-18T10:23:40Z,2025-07-18 10:20:00+00:00,2025-07-18 10:25:00+00:00,1.535490635563247,2449868235534.3184,24.3766,4262592844214.596,PPMA_d_2025-07-14
C7,PPMA,2025-07-18T10:23:40Z,2025-07-18T10:23:50Z,2025-07-18 10:20:00+00:00,2025-07-18 10:25:00+00:00,3.043494856897058,2186974831480.527,24.3766,4262592844214.596,PPMA_d_2025-07-14
C7,PPMA,2025-07-18T10:24:00Z,2025-07-18T10:24:10Z,2025-07-18 10:20:00+00:00,2025-07-18 10:25:00+00:00,12.169867177108898,4327496727027.7637,24.3766,4262592844214.596,PPMA_d_2025-07-14
C7,PPMA,2025-07-18T10:24:10Z,2025-07-18T10:24:20Z,2025-07-18 10:20:00+00:00,2025-07-18 10:25:00+00:00,4.49399662488864,3547292577193.2715,24.3766,4262592844214.596,PPMA_d_2025-07-14
C7,PPMA,2025-07-18T10:24:20Z,2025-07-18T10:24:30Z,2025-07-18 10:20:00+00:00,2025-07-18 10:25:00+00:00,1.6286213796555415,2249721025671.564,24.3766,4262592844214.596,PPMA_d_2025-07-14
C7,PPMA,2025-07-18T10:24:30Z,2025-07-18T10:24:40Z,2025-07-18 10:20:00+00:00,2025-07-18 10:25:00+00:00,0.49356001952933054,939370276448.635,24.3766,4262592844214.596,PPMA_d_2025-07-14
C7,PPMA,2025-07-18T10:24:40Z,2025-07-18T10:24:50Z,2025-07-18 10:20:00+00:00,2025-07-18 10:25:00+00:00,0.8122796216759274,389594897592.9749,24.3766,4262592844214.596,PPMA_d_2025-07-14
C7,PPMA,2025-07-18T10:24:50Z,2025-07-18T10:25:00Z,2025-07-18 10:20:00+00:00,2025-07-18 10:25:00+00:00,0.8122796216759274,389594897592.9749,24.3766,4262592844214.596,PPMA_d_2025-07-14
C7,PPMA,2025-07-18T10:25:00Z,2025-07-18T10:25:10Z,2025-07-18 10:25:00+00:00,2025-07-18 10:30:00+00:00,1.7743222923511466,4751021171150.095,24.3766,4262592844214.596,PPMA_d_2025-07-14
C7,PPMA,2025-07-18T10:25:20Z,2025-07-18T10:25:30Z,2025-07-18 10:25:00+00:00,2025-07-18 10:30:00+00:00,3.7109208139422347,1848433885015.2266,24.3766,4262592844214.596,PPMA_d_2025-07-14
C7,PPMA,2025-07-18T10:25:30Z,2025-07-18T10:25:40Z,2025-07-18 10:25:00+00:00,2025-07-18 10:30:00+00:00,1.5834922627139094,1182881507186.3555,24.3766,4262592844214.596,PPMA_d_2025-07-14
C7,PPMA,2025-07-18T10:25:40Z,2025-07-18T10:25:50Z,2025-07-18 10:25:00+00:00,2025-07-18 10:30:00+00:00,3.3015663399165662,1544789852521.073,24.3766,4262592844214.596,PPMA_d_2025-07-14
C7,PPMA,2025-07-18T10:25:50Z,2025-07-18T10:26:00Z,2025-07-18 10:25:00+00:00,2025-07-18 10:30:00+00:00,2.4174114378895677,1766231331176.6714,24.3766,4262592844214.596,PPMA_d_2025-07-14
C7,PPMA,2025-07-18T10:26:10Z,2025-07-18T10:26:20Z,2025-07-18 10:25:00+00:00,2025-07-18 10:30:00+00:00,11.353823201117702,3758628550482.816,24.3766,4262592844214.596,PPMA_d_2025-07-14
C7,PPMA,2025-07-18T10:26:20Z,2025-07-18T10:26:30Z,2025-07-18 10:25:00+00:00,2025-07-18 10:30:00+00:00,1.4370508116983403,3203366585434.925,24.3766,4262592844214.596,PPMA_d_2025-07-14
C7,PPMA,2025-07-18T10:26:30Z,2025-07-18T10:26:40Z,2025-07-18 10:25:00+00:00,2025-07-18 10:30:00+00:00,6.158587950670227,2599897985215.863,24.3766,4262592844214.596,PPMA_d_2025-07-14
C7,PPMA,2025-07-18T10:26:40Z,2025-07-18T10:26:50Z,2025-07-18 10:25:00+00:00,2025-07-18 10:30:00+00:00,2.174022398342621,1992296141469.5586,24.3766,4262592844214.596,PPMA_d_2025-07-14
C7,PPMA,2025-07-18T10:26:50Z,2025-07-18T10:27:00Z,2025-07-18 10:25:00+00:00,2025-07-18 10:30:00+00:00,2.4651945269490914,3114115999843.17,24.3766,4262592844214.596,PPMA_d_2025-07-14
C7,PPMA,2025-07-18T11:22:20Z,2025-07-18T11:22:30Z,2025-07-18 11:20:00+00:00,2025-07-18 11:25:00+00:00,1.7743222923511466,4751021171150.095,24.3766,4262592844214.596,PPMA_d_2025-07-14
C7,PPMA,2025-07-18T12:05:10Z,2025-07-18T12:05:20Z,2025-07-18 12:05:00+00:00,2025-07-18 12:10:00+00:00,1.7743222923511466,4751021171150.095,24.3766,4262592844214.596,PPMA_d_2025-07-14
C7,PPMA,2025-07-18T12:06:40Z,2025-07-18T12:06:50Z,2025-07-18 12:05:00+00:00,2025-07-18 12:10:00+00:00,3.7109208139422347,1848433885015.2266,24.3766,4262592844214.596,PPMA_d_2025-07-14
C7,PPMA,2025-07-18T12:07:20Z,2025-07-18T12:07:30Z,2025-07-18 12:05:00+00:00,2025-07-18 12:10:00+00:00,1.5834922627139094,1182881507186.3555,24.3766,4262592844214.596,PPMA_d_2025-07-14
C7,PPMA,2025-07-18T12:16:20Z,2025-07-18T12:16:30Z,2025-07-18 12:15:00+00:00,2025-07-18 12:20:00+00:00,1.7743222923511466,4751021171150.095,24.3766,4262592844214.596,PPMA_d_2025-07-14
C7,PPMA,2025-07-18T12:21:50Z,2025-07-18T12:22:00Z,2025-07-18 12:20:00+00:00,2025-07-18 12:25:00+00:00,1.7743222923511466,4751021171150.095,24.3766,4262592844214.596,PPMA_d_2025-07-14
C7,PPMA,2025-07-18T12:22:00Z,2025-07-18T12:22:10Z,2025-07-18 12:20:00+00:00,2025-07-18 12:25:00+00:00,3.7109208139422347,1848433885015.2266,24.3766,4262592844214.596,PPMA_d_2025-07-14
C7,PPMA,2025-07-18T12:22:10Z,2025-07-18T12:22:20Z,2025-07-18 12:20:00+00:00,2025-07-18 12:25:00+00:00,1.5834922627139094,1182881507186.3555,24.3766,4262592844214.596,PPMA_d_2025-07-14
C7,PPMA,2025-07-18T12:22:20Z,2025-07-18T12:22:30Z,2025-07-18 12:20:00+00:00,2025-07-18 12:25:00+00:00,3.3015663399165662,1544789852521.073,24.3766,4262592844214.596,PPMA_d_2025-07-14
C7,PPMA,2025-07-18T12:22:30Z,2025-07-18T12:22:40Z,2025-07-18 12:20:00+00:00,2025-07-18 12:25:00+00:00,2.4174114378895677,1766231331176.6714,24.3766,4262592844214.596,PPMA_d_2025-07-14
C7,PPMA,2025-07-18T12:22:40Z,2025-07-18T12:22:50Z,2025-07-18 12:20:00+00:00,2025-07-18 12:25:00+00:00,11.353823201117702,3758628550482.816,24.3766,4262592844214.596,PPMA_d_2025-07-14
C7,PPMA,2025-07-18T12:22:50Z,2025-07-18T12:23:00Z,2025-07-18 12:20:00+00:00,2025-07-18 12:25:00+00:00,1.4370508116983403,3203366585434.925,24.3766,4262592844214.596,PPMA_d_2025-07-14
C7,PPMA,2025-07-18T12:23:00Z,2025-07-18T12:23:10Z,2025-07-18 12:20:00+00:00,2025-07-18 12:25:00+00:00,6.158587950670227,2599897985215.863,24.3766,4262592844214.596,PPMA_d_2025-07-14
C7,PPMA,2025-07-18T12:23:10Z,2025-07-18T12:23:20Z,2025-07-18 12:20:00+00:00,2025-07-18 12:25:00+00:00,2.174022398342621,1992296141469.5586,24.3766,4262592844214.596,PPMA_d_2025-07-14
C7,PPMA,2025-07-18T12:23:20Z,2025-07-18T12:23:30Z,2025-07-18 12:20:00+00:00,2025-07-18 12:25:00+00:00,2.4651945269490914,3114115999843.17,24.3766,4262592844214.596,PPMA_d_2025-07-14
C7,PPMA,2025-07-18T12:23:30Z,2025-07-18T12:23:40Z,2025-07-18 12:20:00+00:00,2025-07-18 12:25:00+00:00,2.6023388496040223,2593606633707.817,24.3766,4262592844214.596,PPMA_d_2025-07-14
C7,PPMA,2025-07-18T12:23:40Z,2025-07-18T12:23:50Z,2025-07-18 12:20:00+00:00,2025-07-18 12:25:00+00:00,1.535490635563247,2449868235534.3184,24.3766,4262592844214.596,PPMA_d_2025-07-14
C7,PPMA,2025-07-18T12:23:50Z,2025-07-18T12:24:00Z,2025-07-18 12:20:00+00:00,2025-07-18 12:25:00+00:00,3.043494856897058,2186974831480.527,24.3766,4262592844214.596,PPMA_d_2025-07-14
C7,PPMA,2025-07-18T12:24:00Z,2025-07-18T12:24:10Z,2025-07-18 12:20:00+00:00,2025-07-18 12:25:00+00:00,12.169867177108898,4327496727027.7637,24.3766,4262592844214.596,PPMA_d_2025-07-14
C7,PPMA,2025-07-18T12:24:10Z,2025-07-18T12:24:20Z,2025-07-18 12:20:00+00:00,2025-07-18 12:25:00+00:00,4.49399662488864,3547292577193.2715,24.3766,4262592844214.596,PPMA_d_2025-07-14
C7,PPMA,2025-07-18T12:24:20Z,2025-07-18T12:24:30Z,2025-07-18 12:20:00+00:00,2025-07-18 12:25:00+00:00,1.6286213796555415,2249721025671.564,24.3766,4262592844214.596,PPMA_d_2025-07-14
C7,PPMA,2025-07-18T12:24:30Z,2025-07-18T12:24:40Z,2025-07-18 12:20:00+00:00,2025-07-18 12:25:00+00:00,0.49356001952933054,939370276448.635,24.3766,4262592844214.596,PPMA_d_2025-07-14
C7,PPMA,2025-07-18T12:24:40Z,2025-07-18T12:24:50Z,2025-07-18 12:20:00+00:00,2025-07-18 12:25:00+00:00,0.8122796216759274,389594897592.9749,24.3766,4262592844214.596,PPMA_d_2025-07-14
C7,PPMA,2025-07-18T12:24:50Z,2025-07-18T12:25:00Z,2025-07-18 12:20:00+00:00,2025-07-18 12:25:00+00:00,0.8122796216759274,389594897592.9749,24.3766,4262592844214.596,PPMA_d_2025-07-14
C7,PPMA,2025-07-18T12:25:00Z,2025-07-18T12:25:10Z,2025-07-18 12:25:00+00:00,2025-07-18 12:30:00+00:00,1.7743222923511466,4751021171150.095,24.3766,4262592844214.596,PPMA_d_2025-07-14
C7,PPMA,2025-07-18T12:25:10Z,2025-07-18T12:25:20Z,2025-07-18 12:25:00+00:00,2025-07-18 12:30:00+00:00,3.7109208139422347,1848433885015.2266,24.3766,4262592844214.596,PPMA_d_2025-07-14
C7,PPMA,2025-07-18T12:25:20Z,2025-07-18T12:25:30Z,2025-07-18 12:25:00+00:00,2025-07-18 12:30:00+00:00,1.5834922627139094,1182881507186.3555,24.3766,4262592844214.596,PPMA_d_2025-07-14
C7,PPMA,2025-07-18T12:25:30Z,2025-07-18T12:25:40Z,2025-07-18 12:25:00+00:00,2025-07-18 12:30:00+00:00,3.3015663399165662,1544789852521.073,24.3766,4262592844214.596,PPMA_d_2025-07-14
C7,PPMA,2025-07-18T12:25:40Z,2025-07-18T12:25:50Z,2025-07-18 12:25:00+00:00,2025-07-18 12:30:00+00:00,2.4174114378895677,1766231331176.6714,24.3766,4262592844214.596,PPMA_d_2025-07-14
C7,PPMA,2025-07-18T12:25:50Z,2025-07-18T12:26:00Z,2025-07-18 12:25:00+00:00,2025-07-18 12:30:00+00:00,11.353823201117702,3758628550482.816,24.3766,4262592844214.596,PPMA_d_2025-07-14
C7,PPMA,2025-07-18T12:26:00Z,2025-07-18T12:26:10Z,2025-07-18 12:25:00+00:00,2025-07-18 12:30:00+00:00,1.4370508116983403,3203366585434.925,24.3766,4262592844214.596,PPMA_d_2025-07-14
C7,PPMA,2025-07-18T12:26:10Z,2025-07-18T12:26:20Z,2025-07-18 12:25:00+00:00,2025-07-18 12:30:00+00:00,6.158587950670227,2599897985215.863,24.3766,4262592844214.596,PPMA_d_2025-07-14
C7,PPMA,2025-07-18T12:26:30Z,2025-07-18T12:26:40Z,2025-07-18 12:25:00+00:00,2025-07-18 12:30:00+00:00,2.174022398342621,1992296141469.5586,24.3766,4262592844214.596,PPMA_d_2025-07-14
C7,PPMA,2025-07-18T12:27:00Z,2025-07-18T12:27:10Z,2025-07-18 12:25:00+00:00,2025-07-18 12:30:00+00:00,2.4651945269490914,3114115999843.17,24.3766,4262592844214.596,PPMA_d_2025-07-14
C7,PPMA,2025-07-18T12:27:20Z,2025-07-18T12:27:30Z,2025-07-18 12:25:00+00:00,2025-07-18 12:30:00+00:00,2.6023388496040223,2593606633707.817,24.3766,4262592844214.596,PPMA_d_2025-07-14
C7,PPMA,2025-07-18T12:27:30Z,2025-07-18T12:27:40Z,2025-07-18 12:25:00+00:00,2025-07-18 12:30:00+00:00,1.535490635563247,2449868235534.3184,24.3766,4262592844214.596,PPMA_d_2025-07-14
C7,PPMA,2025-07-18T12:27:40Z,2025-07-18T12:27:50Z,2025-07-18 12:25:00+00:00,2025-07-18 12:30:00+00:00,3.043494856897058,2186974831480.527,24.3766,4262592844214.596,PPMA_d_2025-07-14
C7,PPMA,2025-07-18T12:27:50Z,2025-07-18T12:28:00Z,2025-07-18 12:25:00+00:00,2025-07-18 12:30:00+00:00,12.169867177108898,4327496727027.7637,24.3766,4262592844214.596,PPMA_d_2025-07-14
C7,PPMA,2025-07-18T12:28:00Z,2025-07-18T12:28:10Z,2025-07-18 12:25:00+00:00,2025-07-18 12:30:00+00:00,4.49399662488864,3547292577193.2715,24.3766,4262592844214.596,PPMA_d_2025-07-14
C7,PPMA,2025-07-18T12:28:10Z,2025-07-18T12:28:20Z,2025-07-18 12:25:00+00:00,2025-07-18 12:30:00+00:00,1.6286213796555415,2249721025671.564,24.3766,4262592844214.596,PPMA_d_2025-07-14
C7,PPMA,2025-07-18T12:28:20Z,2025-07-18T12:28:30Z,2025-07-18 12:25:00+00:00,2025-07-18 12:30:00+00:00,0.49356001952933054,939370276448.635,24.3766,4262592844214.596,PPMA_d_2025-07-14
C7,PPMA,2025-07-18T12:28:40Z,2025-07-18T12:28:50Z,2025-07-18 12:25:00+00:00,2025-07-18 12:30:00+00:00,0.8122796216759274,389594897592.9749,24.3766,4262592844214.596,PPMA_d_2025-07-14
C7,PPMA,2025-07-18T12:28:50Z,2025-07-18T12:29:00Z,2025-07-18 12:25:00+00:00,2025-07-18 12:30:00+00:00,0.8122796216759274,389594897592.9749,24.3766,4262592844214.596,PPMA_d_2025-07-14
C7,PPMA,2025-07-18T12:29:00Z,2025-07-18T12:29:10Z,2025-07-18 12:25:00+00:00,2025-07-18 12:30:00+00:00,0.8122796216759274,389594897592.9749,24.3766,4262592844214.596,PPMA_d_2025-07-14
C7,PPMA,2025-07-18T12:29:10Z,2025-07-18T12:29:20Z,2025-07-18 12:25:00+00:00,2025-07-18 12:30:00+00:00,0.8122796216759274,389594897592.9749,24.3766,4262592844214.596,PPMA_d_2025-07-14
C7,PPMA,2025-07-18T12:29:30Z,2025-07-18T12:29:40Z,2025-07-18 12:25:00+00:00,2025-07-18 12:30:00+00:00,0.8122796216759274,389594897592.9749,24.3766,4262592844214.596,PPMA_d_2025-07-14
C7,PPMA,2025-07-18T12:29:40Z,2025-07-18T12:29:50Z,2025-07-18 12:25:00+00:00,2025-07-18 12:30:00+00:00,0.8122796216759274,389594897592.9749,24.3766,4262592844214.596,PPMA_d_2025-07-14
C7,PPMA,2025-07-18T12:30:00Z,2025-07-18T12:30:10Z,2025-07-18 12:30:00+00:00,2025-07-18 12:35:00+00:00,1.7743222923511466,4751021171150.095,24.3766,4262592844214.596,PPMA_d_2025-07-14
C7,PPMA,2025-07-18T12:30:10Z,2025-07-18T12:30:20Z,2025-07-18 12:30:00+00:00,2025-07-18 12:35:00+00:00,3.7109208139422347,1848433885015.2266,24.3766,4262592844214.596,PPMA_d_2025-07-14
C7,PPMA,2025-07-18T12:30:20Z,2025-07-18T12:30:30Z,2025-07-18 12:30:00+00:00,2025-07-18 12:35:00+00:00,1.5834922627139094,1182881507186.3555,24.3766,4262592844214.596,PPMA_d_2025-07-14
C7,PPMA,2025-07-18T12:30:30Z,2025-07-18T12:30:40Z,2025-07-18 12:30:00+00:00,2025-07-18 12:35:00+00:00,3.3015663399165662,1544789852521.073,24.3766,4262592844214.596,PPMA_d_2025-07-14
C7,PPMA,2025-07-18T12:31:00Z,2025-07-18T12:31:10Z,2025-07-18 12:30:00+00:00,2025-07-18 12:35:00+00:00,2.4174114378895677,1766231331176.6714,24.3766,4262592844214.596,PPMA_d_2025-07-14
C7,PPMA,2025-07-18T12:31:10Z,2025-07-18T12:31:20Z,2025-07-18 12:30:00+00:00,2025-07-18 12:35:00+00:00,11.353823201117702,3758628550482.816,24.3766,4262592844214.596,PPMA_d_2025-07-14
C7,PPMA,2025-07-18T12:31:20Z,2025-07-18T12:31:30Z,2025-07-18 12:30:00+00:00,2025-07-18 12:35:00+00:00,1.4370508116983403,3203366585434.925,24.3766,4262592844214.596,PPMA_d_2025-07-14
C7,PPMA,2025-07-18T12:31:30Z,2025-07-18T12:31:40Z,2025-07-18 12:30:00+00:00,2025-07-18 12:35:00+00:00,6.158587950670227,2599897985215.863,24.3766,4262592844214.596,PPMA_d_2025-07-14
C7,PPMA,2025-07-18T12:31:40Z,2025-07-18T12:31:50Z,2025-07-18 12:30:00+00:00,2025-07-18 12:35:00+00:00,2.174022398342621,1992296141469.5586,24.3766,4262592844214.596,PPMA_d_2025-07-14
C7,PPMA,2025-07-18T12:31:50Z,2025-07-18T12:32:00Z,2025-07-18 12:30:00+00:00,2025-07-18 12:35:00+00:00,2.4651945269490914,3114115999843.17,24.3766,4262592844214.596,PPMA_d_2025-07-14
C7,PPMA,2025-07-18T12:32:00Z,2025-07-18T12:32:10Z,2025-07-18 12:30:00+00:00,2025-07-18 12:35:00+00:00,2.6023388496040223,2593606633707.817,24.3766,4262592844214.596,PPMA_d_2025-07-14
C7,PPMA,2025-07-18T12:32:20Z,2025-07-18T12:32:30Z,2025-07-18 12:30:00+00:00,2025-07-18 12:35:00+00:00,1.535490635563247,2449868235534.3184,24.3766,4262592844214.596,PPMA_d_2025-07-14
C7,PPMA,2025-07-18T12:32:30Z,2025-07-18T12:32:40Z,2025-07-18 12:30:00+00:00,2025-07-18 12:35:00+00:00,3.043494856897058,2186974831480.527,24.3766,4262592844214.596,PPMA_d_2025-07-14
C7,PPMA,2025-07-18T12:32:40Z,2025-07-18T12:32:50Z,2025-07-18 12:30:00+00:00,2025-07-18 12:35:00+00:00,12.169867177108898,4327496727027.7637,24.3766,4262592844214.596,PPMA_d_2025-07-14
C7,PPMA,2025-07-18T12:32:50Z,2025-07-18T12:33:00Z,2025-07-18 12:30:00+00:00,2025-07-18 12:35:00+00:00,4.49399662488864,3547292577193.2715,24.3766,4262592844214.596,PPMA_d_2025-07-14
C7,PPMA,2025-07-18T12:33:00Z,2025-07-18T12:33:10Z,2025-07-18 12:30:00+00:00,2025-07-18 12:35:00+00:00,1.6286213796555415,2249721025671.564,24.3766,4262592844214.596,PPMA_d_2025-07-14
C7,PPMA,2025-07-18T12:33:20Z,2025-07-18T12:33:30Z,2025-07-18 12:30:00+00:00,2025-07-18 12:35:00+00:00,0.49356001952933054,939370276448.635,24.3766,4262592844214.596,PPMA_d_2025-07-14
C7,PPMA,2025-07-18T12:33:30Z,2025-07-18T12:33:40Z,2025-07-18 12:30:00+00:00,2025-07-18 12:35:00+00:00,0.8122796216759274,389594897592.9749,24.3766,4262592844214.596,PPMA_d_2025-07-14
C7,PPMA,2025-07-18T12:33:40Z,2025-07-18T12:33:50Z,2025-07-18 12:30:00+00:00,2025-07-18 12:35:00+00:00,0.8122796216759274,389594897592.9749,24.3766,4262592844214.596,PPMA_d_2025-07-14
C7,PPMA,2025-07-18T12:34:00Z,2025-07-18T12:34:10Z,2025-07-18 12:30:00+00:00,2025-07-18 12:35:00+00:00,0.8122796216759274,389594897592.9749,24.3766,4262592844214.596,PPMA_d_2025-07-14
C7,PPMA,2025-07-18T12:34:10Z,2025-07-18T12:34:20Z,2025-07-18 12:30:00+00:00,2025-07-18 12:35:00+00:00,0.8122796216759274,389594897592.9749,24.3766,4262592844214.596,PPMA_d_2025-07-14
C7,PPMA,2025-07-18T12:38:00Z,2025-07-18T12:38:10Z,2025-07-18 12:35:00+00:00,2025-07-18 12:40:00+00:00,1.7743222923511466,4751021171150.095,24.3766,4262592844214.596,PPMA_d_2025-07-14
C7,PPMA,2025-07-18T12:35:30Z,2025-07-18T12:35:40Z,2025-07-18 12:35:00+00:00,2025-07-18 12:40:00+00:00,3.7109208139422347,1848433885015.2266,24.3766,4262592844214.596,PPMA_d_2025-07-14
C7,PPMA,2025-07-18T12:38:40Z,2025-07-18T12:38:50Z,2025-07-18 12:35:00+00:00,2025-07-18 12:40:00+00:00,1.5834922627139094,1182881507186.3555,24.3766,4262592844214.596,PPMA_d_2025-07-14
C7,PPMA,2025-07-18T12:45:30Z,2025-07-18T12:45:40Z,2025-07-18 12:45:00+00:00,2025-07-18 12:50:00+00:00,1.7743222923511466,4751021171150.095,24.3766,4262592844214.596,PPMA_d_2025-07-14
C7,PPMA,2025-07-18T15:41:50Z,2025-07-18T15:42:00Z,2025-07-18 15:40:00+00:00,2025-07-18 15:45:00+00:00,1.7743222923511466,4751021171150.095,24.3766,4262592844214.596,PPMA_d_2025-07-14
C7,PPMA,2025-07-18T15:42:00Z,2025-07-18T15:42:10Z,2025-07-18 15:40:00+00:00,2025-07-18 15:45:00+00:00,3.7109208139422347,1848433885015.2266,24.3766,4262592844214.596,PPMA_d_2025-07-14
C7,PPMA,2025-07-18T15:42:20Z,2025-07-18T15:42:30Z,2025-07-18 15:40:00+00:00,2025-07-18 15:45:00+00:00,1.5834922627139094,1182881507186.3555,24.3766,4262592844214.596,PPMA_d_2025-07-14
C7,PPMA,2025-07-18T15:42:40Z,2025-07-18T15:42:50Z,2025-07-18 15:40:00+00:00,2025-07-18 15:45:00+00:00,3.3015663399165662,1544789852521.073,24.3766,4262592844214.596,PPMA_d_2025-07-14
C7,PPMA,2025-07-18T15:43:00Z,2025-07-18T15:43:10Z,2025-07-18 15:40:00+00:00,2025-07-18 15:45:00+00:00,2.4174114378895677,1766231331176.6714,24.3766,4262592844214.596,PPMA_d_2025-07-14
C7,PPMA,2025-07-18T15:43:50Z,2025-07-18T15:44:00Z,2025-07-18 15:40:00+00:00,2025-07-18 15:45:00+00:00,11.353823201117702,3758628550482.816,24.3766,4262592844214.596,PPMA_d_2025-07-14
C7,PPMA,2025-07-18T15:44:30Z,2025-07-18T15:44:40Z,2025-07-18 15:40:00+00:00,2025-07-18 15:45:00+00:00,1.4370508116983403,3203366585434.925,24.3766,4262592844214.596,PPMA_d_2025-07-14
C7,PPMA,2025-07-18T15:44:50Z,2025-07-18T15:45:00Z,2025-07-18 15:40:00+00:00,2025-07-18 15:45:00+00:00,6.158587950670227,2599897985215.863,24.3766,4262592844214.596,PPMA_d_2025-07-14
C7,PPMA,2025-07-18T15:45:20Z,2025-07-18T15:45:30Z,2025-07-18 15:45:00+00:00,2025-07-18 15:50:00+00:00,1.7743222923511466,4751021171150.095,24.3766,4262592844214.596,PPMA_d_2025-07-14
C7,PPMA,2025-07-18T15:45:40Z,2025-07-18T15:45:50Z,2025-07-18 15:45:00+00:00,2025-07-18 15:50:00+00:00,3.7109208139422347,1848433885015.2266,24.3766,4262592844214.596,PPMA_d_2025-07-14
C7,PPMA,2025-07-18T15:46:00Z,2025-07-18T15:46:10Z,2025-07-18 15:45:00+00:00,2025-07-18 15:50:00+00:00,1.5834922627139094,1182881507186.3555,24.3766,4262592844214.596,PPMA_d_2025-07-14
C7,PPMA,2025-07-18T15:46:10Z,2025-07-18T15:46:20Z,2025-07-18 15:45:00+00:00,2025-07-18 15:50:00+00:00,3.3015663399165662,1544789852521.073,24.3766,4262592844214.596,PPMA_d_2025-07-14
C7,PPMA,2025-07-18T15:46:30Z,2025-07-18T15:46:40Z,2025-07-18 15:45:00+00:00,2025-07-18 15:50:00+00:00,2.4174114378895677,1766231331176.6714,24.3766,4262592844214.596,PPMA_d_2025-07-14
C7,PPMA,2025-07-18T15:46:40Z,2025-07-18T15:46:50Z,2025-07-18 15:45:00+00:00,2025-07-18 15:50:00+00:00,11.353823201117702,3758628550482.816,24.3766,4262592844214.596,PPMA_d_2025-07-14
C7,PPMA,2025-07-18T15:47:00Z,2025-07-18T15:47:10Z,2025-07-18 15:45:00+00:00,2025-07-18 15:50:00+00:00,1.4370508116983403,3203366585434.925,24.3766,4262592844214.596,PPMA_d_2025-07-14
C7,PPMA,2025-07-18T15:47:30Z,2025-07-18T15:47:40Z,2025-07-18 15:45:00+00:00,2025-07-18 15:50:00+00:00,6.158587950670227,2599897985215.863,24.3766,4262592844214.596,PPMA_d_2025-07-14
C7,PPMA,2025-07-18T15:48:00Z,2025-07-18T15:48:10Z,2025-07-18 15:45:00+00:00,2025-07-18 15:50:00+00:00,2.174022398342621,1992296141469.5586,24.3766,4262592844214.596,PPMA_d_2025-07-14
C7,PPMA,2025-07-18T15:48:20Z,2025-07-18T15:48:30Z,2025-07-18 15:45:00+00:00,2025-07-18 15:50:00+00:00,2.4651945269490914,3114115999843.17,24.3766,4262592844214.596,PPMA_d_2025-07-14
C7,PPMA,2025-07-18T15:49:00Z,2025-07-18T15:49:10Z,2025-07-18 15:45:00+00:00,2025-07-18 15:50:00+00:00,2.6023388496040223,2593606633707.817,24.3766,4262592844214.596,PPMA_d_2025-07-14
C7,PPMA,2025-07-18T15:49:50Z,2025-07-18T15:50:00Z,2025-07-18 15:45:00+00:00,2025-07-18 15:50:00+00:00,1.535490635563247,2449868235534.3184,24.3766,4262592844214.596,PPMA_d_2025-07-14
C7,PPMA,2025-07-18T15:50:00Z,2025-07-18T15:50:10Z,2025-07-18 15:50:00+00:00,2025-07-18 15:55:00+00:00,1.7743222923511466,4751021171150.095,24.3766,4262592844214.596,PPMA_d_2025-07-14
C7,PPMA,2025-07-18T15:50:20Z,2025-07-18T15:50:30Z,2025-07-18 15:50:00+00:00,2025-07-18 15:55:00+00:00,3.7109208139422347,1848433885015.2266,24.3766,4262592844214.596,PPMA_d_2025-07-14
C7,PPMA,2025-07-18T15:51:20Z,2025-07-18T15:51:30Z,2025-07-18 15:50:00+00:00,2025-07-18 15:55:00+00:00,1.5834922627139094,1182881507186.3555,24.3766,4262592844214.596,PPMA_d_2025-07-14
C7,PPMA,2025-07-18T15:51:30Z,2025-07-18T15:51:40Z,2025-07-18 15:50:00+00:00,2025-07-18 15:55:00+00:00,3.3015663399165662,1544789852521.073,24.3766,4262592844214.596,PPMA_d_2025-07-14
C7,PPMA,2025-07-18T15:51:40Z,2025-07-18T15:51:50Z,2025-07-18 15:50:00+00:00,2025-07-18 15:55:00+00:00,2.4174114378895677,1766231331176.6714,24.3766,4262592844214.596,PPMA_d_2025-07-14
C7,PPMA,2025-07-18T15:51:50Z,2025-07-18T15:52:00Z,2025-07-18 15:50:00+00:00,2025-07-18 15:55:00+00:00,11.353823201117702,3758628550482.816,24.3766,4262592844214.596,PPMA_d_2025-07-14
C7,PPMA,2025-07-18T15:52:00Z,2025-07-18T15:52:10Z,2025-07-18 15:50:00+00:00,2025-07-18 15:55:00+00:00,1.4370508116983403,3203366585434.925,24.3766,4262592844214.596,PPMA_d_2025-07-14
C7,PPMA,2025-07-18T15:52:10Z,2025-07-18T15:52:20Z,2025-07-18 15:50:00+00:00,2025-07-18 15:55:00+00:00,6.158587950670227,2599897985215.863,24.3766,4262592844214.596,PPMA_d_2025-07-14
C7,PSAB,2025-07-18T16:50:30Z,2025-07-18T16:50:40Z,2025-07-18 16:50:00+00:00,2025-07-18 16:55:00+00:00,0.2506802793218514,305605237340.1667,10.4134,3161462249603.716,PSAB_d_2025-07-14
C7,PSAB,2025-07-18T16:50:40Z,2025-07-18T16:50:50Z,2025-07-18 16:50:00+00:00,2025-07-18 16:55:00+00:00,4.720731534609113,267374840302.753,10.4134,3161462249603.716,PSAB_d_2025-07-14
C7,PSAB,2025-07-18T16:50:50Z,2025-07-18T16:51:00Z,2025-07-18 16:50:00+00:00,2025-07-18 16:55:00+00:00,5.045532287977673,275732225393.20447,10.4134,3161462249603.716,PSAB_d_2025-07-14
C7,PSAB,2025-07-18T16:51:00Z,2025-07-18T16:51:10Z,2025-07-18 16:50:00+00:00,2025-07-18 16:55:00+00:00,5.045532287977673,275732225393.20447,10.4134,3161462249603.716,PSAB_d_2025-07-14
C7,PSAB,2025-07-18T18:08:10Z,2025-07-18T18:08:20Z,2025-07-18 18:05:00+00:00,2025-07-18 18:10:00+00:00,0.2506802793218514,305605237340.1667,10.4134,3161462249603.716,PSAB_d_2025-07-14
C7,PSAB,2025-07-18T18:09:10Z,2025-07-18T18:09:20Z,2025-07-18 18:05:00+00:00,2025-07-18 18:10:00+00:00,4.720731534609113,267374840302.753,10.4134,3161462249603.716,PSAB_d_2025-07-14
C7,PSAB,2025-07-18T18:09:20Z,2025-07-18T18:09:30Z,2025-07-18 18:05:00+00:00,2025-07-18 18:10:00+00:00,5.045532287977673,275732225393.20447,10.4134,3161462249603.716,PSAB_d_2025-07-14
C7,PSAB,2025-07-18T18:09:30Z,2025-07-18T18:09:40Z,2025-07-18 18:05:00+00:00,2025-07-18 18:10:00+00:00,5.045532287977673,275732225393.20447,10.4134,3161462249603.716,PSAB_d_2025-07-14
C7,PSAB,2025-07-18T18:09:40Z,2025-07-18T18:09:50Z,2025-07-18 18:05:00+00:00,2025-07-18 18:10:00+00:00,5.045532287977673,275732225393.20447,10.4134,3161462249603.716,PSAB_d_2025-07-14
C7,PSAB,2025-07-18T18:09:50Z,2025-07-18T18:10:00Z,2025-07-18 18:05:00+00:00,2025-07-18 18:10:00+00:00,5.045532287977673,275732225393.20447,10.4134,3161462249603.716,PSAB_d_2025-07-14
C7,PSAB,2025-07-18T18:10:00Z,2025-07-18T18:10:10Z,2025-07-18 18:10:00+00:00,2025-07-18 18:15:00+00:00,0.2506802793218514,305605237340.1667,10.4134,3161462249603.716,PSAB_d_2025-07-14
C7,PSAB,2025-07-18T18:10:10Z,2025-07-18T18:10:20Z,2025-07-18 18:10:00+00:00,2025-07-18 18:15:00+00:00,4.720731534609113,267374840302.753,10.4134,3161462249603.716,PSAB_d_2025-07-14
C7,PSAB,2025-07-18T18:10:20Z,2025-07-18T18:10:30Z,2025-07-18 18:10:00+00:00,2025-07-18 18:15:00+00:00,5.045532287977673,275732225393.20447,10.4134,3161462249603.716,PSAB_d_2025-07-14
C7,PSAB,2025-07-18T18:33:20Z,2025-07-18T18:33:30Z,2025-07-18 18:30:00+00:00,2025-07-18 18:35:00+00:00,0.2506802793218514,305605237340.1667,10.4134,3161462249603.716,PSAB_d_2025-07-14
C7,PSAB,2025-07-18T18:33:30Z,2025-07-18T18:33:40Z,2025-07-18 18:30:00+00:00,2025-07-18 18:35:00+00:00,4.720731534609113,267374840302.753,10.4134,3161462249603.716,PSAB_d_2025-07-14
C7,PSAB,2025-07-18T18:33:40Z,2025-07-18T18:33:50Z,2025-07-18 18:30:00+00:00,2025-07-18 18:35:00+00:00,5.045532287977673,275732225393.20447,10.4134,3161462249603.716,PSAB_d_2025-07-14
C7,PSAB,2025-07-18T18:33:50Z,2025-07-18T18:34:00Z,2025-07-18 18:30:00+00:00,2025-07-18 18:35:00+00:00,5.045532287977673,275732225393.20447,10.4134,3161462249603.716,PSAB_d_2025-07-14
C7,PSAB,2025-07-18T18:34:00Z,2025-07-18T18:34:10Z,2025-07-18 18:30:00+00:00,2025-07-18 18:35:00+00:00,5.045532287977673,275732225393.20447,10.4134,3161462249603.716,PSAB_d_2025-07-14
C7,PSAB,2025-07-18T18:34:10Z,2025-07-18T18:34:20Z,2025-07-18 18:30:00+00:00,2025-07-18 18:35:00+00:00,5.045532287977673,275732225393.20447,10.4134,3161462249603.716,PSAB_d_2025-07-14
C7,PSAB,2025-07-18T18:34:20Z,2025-07-18T18:34:30Z,2025-07-18 18:30:00+00:00,2025-07-18 18:35:00+00:00,5.045532287977673,275732225393.20447,10.4134,3161462249603.716,PSAB_d_2025-07-14
C7,PSAB,2025-07-18T18:34:30Z,2025-07-18T18:34:40Z,2025-07-18 18:30:00+00:00,2025-07-18 18:35:00+00:00,5.045532287977673,275732225393.20447,10.4134,3161462249603.716,PSAB_d_2025-07-14
C7,PSAB,2025-07-18T18:49:00Z,2025-07-18T18:49:10Z,2025-07-18 18:45:00+00:00,2025-07-18 18:50:00+00:00,0.2506802793218514,305605237340.1667,10.4134,3161462249603.716,PSAB_d_2025-07-14
C7,PSAB,2025-07-18T18:49:20Z,2025-07-18T18:49:30Z,2025-07-18 18:45:00+00:00,2025-07-18 18:50:00+00:00,4.720731534609113,267374840302.753,10.4134,3161462249603.716,PSAB_d_2025-07-14
C7,PSAB,2025-07-18T18:49:30Z,2025-07-18T18:49:40Z,2025-07-18 18:45:00+00:00,2025-07-18 18:50:00+00:00,5.045532287977673,275732225393.20447,10.4134,3161462249603.716,PSAB_d_2025-07-14
C7,PSAB,2025-07-18T18:59:30Z,2025-07-18T18:59:40Z,2025-07-18 18:55:00+00:00,2025-07-18 19:00:00+00:00,0.2506802793218514,305605237340.1667,10.4134,3161462249603.716,PSAB_d_2025-07-14
C7,PSAB,2025-07-18T18:59:40Z,2025-07-18T18:59:50Z,2025-07-18 18:55:00+00:00,2025-07-18 19:00:00+00:00,4.720731534609113,267374840302.753,10.4134,3161462249603.716,PSAB_d_2025-07-14
C7,PSAB,2025-07-18T18:59:50Z,2025-07-18T19:00:00Z,2025-07-18 18:55:00+00:00,2025-07-18 19:00:00+00:00,5.045532287977673,275732225393.20447,10.4134,3161462249603.716,PSAB_d_2025-07-14
C7,PSAB,2025-07-18T19:00:00Z,2025-07-18T19:00:10Z,2025-07-18 19:00:00+00:00,2025-07-18 19:05:00+00:00,0.2506802793218514,305605237340.1667,10.4134,3161462249603.716,PSAB_d_2025-07-14
C7,PSAB,2025-07-18T19:00:10Z,2025-07-18T19:00:20Z,2025-07-18 19:00:00+00:00,2025-07-18 19:05:00+00:00,4.720731534609113,267374840302.753,10.4134,3161462249603.716,PSAB_d_2025-07-14
C7,PSAB,2025-07-18T19:00:20Z,2025-07-18T19:00:30Z,2025-07-18 19:00:00+00:00,2025-07-18 19:05:00+00:00,5.045532287977673,275732225393.20447,10.4134,3161462249603.716,PSAB_d_2025-07-14
C7,PSAB,2025-07-18T19:00:30Z,2025-07-18T19:00:40Z,2025-07-18 19:00:00+00:00,2025-07-18 19:05:00+00:00,5.045532287977673,275732225393.20447,10.4134,3161462249603.716,PSAB_d_2025-07-14
C7,PSAB,2025-07-18T19:00:40Z,2025-07-18T19:00:50Z,2025-07-18 19:00:00+00:00,2025-07-18 19:05:00+00:00,5.045532287977673,275732225393.20447,10.4134,3161462249603.716,PSAB_d_2025-07-14
C7,PSAB,2025-07-18T19:01:00Z,2025-07-18T19:01:10Z,2025-07-18 19:00:00+00:00,2025-07-18 19:05:00+00:00,5.045532287977673,275732225393.20447,10.4134,3161462249603.716,PSAB_d_2025-07-14
C7,PSAB,2025-07-18T19:01:10Z,2025-07-18T19:01:20Z,2025-07-18 19:00:00+00:00,2025-07-18 19:05:00+00:00,5.045532287977673,275732225393.20447,10.4134,3161462249603.716,PSAB_d_2025-07-14
C7,PSAB,2025-07-18T19:01:20Z,2025-07-18T19:01:30Z,2025-07-18 19:00:00+00:00,2025-07-18 19:05:00+00:00,5.045532287977673,275732225393.20447,10.4134,3161462249603.716,PSAB_d_2025-07-14
C7,PSAB,2025-07-18T19:01:30Z,2025-07-18T19:01:40Z,2025-07-18 19:00:00+00:00,2025-07-18 19:05:00+00:00,5.045532287977673,275732225393.20447,10.4134,3161462249603.716,PSAB_d_2025-07-14
C7,PPMA,2025-07-18T20:48:40Z,2025-07-18T20:48:50Z,2025-07-18 20:45:00+00:00,2025-07-18 20:50:00+00:00,1.7743222923511466,4751021171150.095,24.3766,4262592844214.596,PPMA_d_2025-07-14
C7,PSAB,2025-07-18T20:52:30Z,2025-07-18T20:52:40Z,2025-07-18 20:50:00+00:00,2025-07-18 20:55:00+00:00,0.2506802793218514,305605237340.1667,10.4134,3161462249603.716,PSAB_d_2025-07-14
C7,PSAB,2025-07-18T21:34:50Z,2025-07-18T21:35:00Z,2025-07-18 21:30:00+00:00,2025-07-18 21:35:00+00:00,0.2506802793218514,305605237340.1667,10.4134,3161462249603.716,PSAB_d_2025-07-14
C7,PPMA,2025-07-18T23:00:30Z,2025-07-18T23:00:40Z,2025-07-18 23:00:00+00:00,2025-07-18 23:05:00+00:00,1.7743222923511466,4751021171150.095,24.3766,4262592844214.596,PPMA_d_2025-07-14
C7,PPMA,2025-07-18T23:00:40Z,2025-07-18T23:00:50Z,2025-07-18 23:00:00+00:00,2025-07-18 23:05:00+00:00,3.7109208139422347,1848433885015.2266,24.3766,4262592844214.596,PPMA_d_2025-07-14
C7,PSAB,2025-07-18T23:56:20Z,2025-07-18T23:56:30Z,2025-07-18 23:55:00+00:00,2025-07-19 00:00:00+00:00,0.2506802793218514,305605237340.1667,10.4134,3161462249603.716,PSAB_d_2025-07-14
C7,PSAB,2025-07-19T05:25:00Z,2025-07-19T05:25:10Z,2025-07-19 05:25:00+00:00,2025-07-19 05:30:00+00:00,0.2506802793218514,305605237340.1667,10.4134,3161462249603.716,PSAB_d_2025-07-14
C7,PSAB,2025-07-19T05:55:10Z,2025-07-19T05:55:20Z,2025-07-19 05:55:00+00:00,2025-07-19 06:00:00+00:00,0.2506802793218514,305605237340.1667,10.4134,3161462249603.716,PSAB_d_2025-07-14
C7,PSAB,2025-07-19T07:38:00Z,2025-07-19T07:38:10Z,2025-07-19 07:35:00+00:00,2025-07-19 07:40:00+00:00,0.2506802793218514,305605237340.1667,10.4134,3161462249603.716,PSAB_d_2025-07-14
C7,PSAB,2025-07-19T07:39:20Z,2025-07-19T07:39:30Z,2025-07-19 07:35:00+00:00,2025-07-19 07:40:00+00:00,4.720731534609113,267374840302.753,10.4134,3161462249603.716,PSAB_d_2025-07-14
C7,PSAB,2025-07-19T08:23:30Z,2025-07-19T08:23:40Z,2025-07-19 08:20:00+00:00,2025-07-19 08:25:00+00:00,0.2506802793218514,305605237340.1667,10.4134,3161462249603.716,PSAB_d_2025-07-14
C7,PSAB,2025-07-19T08:31:30Z,2025-07-19T08:31:40Z,2025-07-19 08:30:00+00:00,2025-07-19 08:35:00+00:00,0.2506802793218514,305605237340.1667,10.4134,3161462249603.716,PSAB_d_2025-07-14
C7,PSAB,2025-07-19T08:31:40Z,2025-07-19T08:31:50Z,2025-07-19 08:30:00+00:00,2025-07-19 08:35:00+00:00,4.720731534609113,267374840302.753,10.4134,3161462249603.716,PSAB_d_2025-07-14
C7,PSAB,2025-07-19T08:31:50Z,2025-07-19T08:32:00Z,2025-07-19 08:30:00+00:00,2025-07-19 08:35:00+00:00,5.045532287977673,275732225393.20447,10.4134,3161462249603.716,PSAB_d_2025-07-14
C7,PSAB,2025-07-19T08:32:00Z,2025-07-19T08:32:10Z,2025-07-19 08:30:00+00:00,2025-07-19 08:35:00+00:00,5.045532287977673,275732225393.20447,10.4134,3161462249603.716,PSAB_d_2025-07-14
C7,PSAB,2025-07-19T08:32:10Z,2025-07-19T08:32:20Z,2025-07-19 08:30:00+00:00,2025-07-19 08:35:00+00:00,5.045532287977673,275732225393.20447,10.4134,3161462249603.716,PSAB_d_2025-07-14
C7,PSAB,2025-07-19T08:32:20Z,2025-07-19T08:32:30Z,2025-07-19 08:30:00+00:00,2025-07-19 08:35:00+00:00,5.045532287977673,275732225393.20447,10.4134,3161462249603.716,PSAB_d_2025-07-14
C7,PSAB,2025-07-19T08:32:30Z,2025-07-19T08:32:40Z,2025-07-19 08:30:00+00:00,2025-07-19 08:35:00+00:00,5.045532287977673,275732225393.20447,10.4134,3161462249603.716,PSAB_d_2025-07-14
C7,PSAB,2025-07-19T08:33:10Z,2025-07-19T08:33:20Z,2025-07-19 08:30:00+00:00,2025-07-19 08:35:00+00:00,5.045532287977673,275732225393.20447,10.4134,3161462249603.716,PSAB_d_2025-07-14
C7,PSAB,2025-07-19T08:33:30Z,2025-07-19T08:33:40Z,2025-07-19 08:30:00+00:00,2025-07-19 08:35:00+00:00,5.045532287977673,275732225393.20447,10.4134,3161462249603.716,PSAB_d_2025-07-14
C7,PSAB,2025-07-19T08:39:00Z,2025-07-19T08:39:10Z,2025-07-19 08:35:00+00:00,2025-07-19 08:40:00+00:00,0.2506802793218514,305605237340.1667,10.4134,3161462249603.716,PSAB_d_2025-07-14
C7,PSAB,2025-07-19T08:36:40Z,2025-07-19T08:36:50Z,2025-07-19 08:35:00+00:00,2025-07-19 08:40:00+00:00,4.720731534609113,267374840302.753,10.4134,3161462249603.716,PSAB_d_2025-07-14
C7,PSAB,2025-07-19T08:49:00Z,2025-07-19T08:49:10Z,2025-07-19 08:45:00+00:00,2025-07-19 08:50:00+00:00,0.2506802793218514,305605237340.1667,10.4134,3161462249603.716,PSAB_d_2025-07-14
C7,PSAB,2025-07-19T08:48:50Z,2025-07-19T08:49:00Z,2025-07-19 08:45:00+00:00,2025-07-19 08:50:00+00:00,4.720731534609113,267374840302.753,10.4134,3161462249603.716,PSAB_d_2025-07-14
C7,PSAB,2025-07-19T08:50:00Z,2025-07-19T08:50:10Z,2025-07-19 08:50:00+00:00,2025-07-19 08:55:00+00:00,0.2506802793218514,305605237340.1667,10.4134,3161462249603.716,PSAB_d_2025-07-14
C7,PSAB,2025-07-19T08:50:10Z,2025-07-19T08:50:20Z,2025-07-19 08:50:00+00:00,2025-07-19 08:55:00+00:00,4.720731534609113,267374840302.753,10.4134,3161462249603.716,PSAB_d_2025-07-14
C7,PSAB,2025-07-19T08:50:20Z,2025-07-19T08:50:30Z,2025-07-19 08:50:00+00:00,2025-07-19 08:55:00+00:00,5.045532287977673,275732225393.20447,10.4134,3161462249603.716,PSAB_d_2025-07-14
C7,PSAB,2025-07-19T08:50:30Z,2025-07-19T08:50:40Z,2025-07-19 08:50:00+00:00,2025-07-19 08:55:00+00:00,5.045532287977673,275732225393.20447,10.4134,3161462249603.716,PSAB_d_2025-07-14
C7,PSAB,2025-07-19T08:50:40Z,2025-07-19T08:50:50Z,2025-07-19 08:50:00+00:00,2025-07-19 08:55:00+00:00,5.045532287977673,275732225393.20447,10.4134,3161462249603.716,PSAB_d_2025-07-14
C7,PSAB,2025-07-19T08:50:50Z,2025-07-19T08:51:00Z,2025-07-19 08:50:00+00:00,2025-07-19 08:55:00+00:00,5.045532287977673,275732225393.20447,10.4134,3161462249603.716,PSAB_d_2025-07-14
C7,PSAB,2025-07-19T08:51:00Z,2025-07-19T08:51:10Z,2025-07-19 08:50:00+00:00,2025-07-19 08:55:00+00:00,5.045532287977673,275732225393.20447,10.4134,3161462249603.716,PSAB_d_2025-07-14
C7,PSAB,2025-07-19T08:52:30Z,2025-07-19T08:52:40Z,2025-07-19 08:50:00+00:00,2025-07-19 08:55:00+00:00,5.045532287977673,275732225393.20447,10.4134,3161462249603.716,PSAB_d_2025-07-14
C7,PSAB,2025-07-19T09:04:20Z,2025-07-19T09:04:30Z,2025-07-19 09:00:00+00:00,2025-07-19 09:05:00+00:00,0.2506802793218514,305605237340.1667,10.4134,3161462249603.716,PSAB_d_2025-07-14
C7,PSAB,2025-07-19T09:06:10Z,2025-07-19T09:06:20Z,2025-07-19 09:05:00+00:00,2025-07-19 09:10:00+00:00,0.2506802793218514,305605237340.1667,10.4134,3161462249603.716,PSAB_d_2025-07-14
C7,PSAB,2025-07-19T10:38:30Z,2025-07-19T10:38:40Z,2025-07-19 10:35:00+00:00,2025-07-19 10:40:00+00:00,0.2506802793218514,305605237340.1667,10.4134,3161462249603.716,PSAB_d_2025-07-14
C7,PSAB,2025-07-19T10:47:00Z,2025-07-19T10:47:10Z,2025-07-19 10:45:00+00:00,2025-07-19 10:50:00+00:00,0.2506802793218514,305605237340.1667,10.4134,3161462249603.716,PSAB_d_2025-07-14
C7,PSAB,2025-07-19T10:47:10Z,2025-07-19T10:47:20Z,2025-07-19 10:45:00+00:00,2025-07-19 10:50:00+00:00,4.720731534609113,267374840302.753,10.4134,3161462249603.716,PSAB_d_2025-07-14
C7,PSAB,2025-07-19T11:07:50Z,2025-07-19T11:08:00Z,2025-07-19 11:05:00+00:00,2025-07-19 11:10:00+00:00,0.2506802793218514,305605237340.1667,10.4134,3161462249603.716,PSAB_d_2025-07-14
C7,PSAB,2025-07-19T11:18:50Z,2025-07-19T11:19:00Z,2025-07-19 11:15:00+00:00,2025-07-19 11:20:00+00:00,0.2506802793218514,305605237340.1667,10.4134,3161462249603.716,PSAB_d_2025-07-14
C7,PSAB,2025-07-19T12:01:00Z,2025-07-19T12:01:10Z,2025-07-19 12:00:00+00:00,2025-07-19 12:05:00+00:00,0.2506802793218514,305605237340.1667,10.4134,3161462249603.716,PSAB_d_2025-07-14
C7,PSAB,2025-07-19T13:27:20Z,2025-07-19T13:27:30Z,2025-07-19 13:25:00+00:00,2025-07-19 13:30:00+00:00,0.2506802793218514,305605237340.1667,10.4134,3161462249603.716,PSAB_d_2025-07-14
C7,PSAB,2025-07-19T13:44:50Z,2025-07-19T13:45:00Z,2025-07-19 13:40:00+00:00,2025-07-19 13:45:00+00:00,0.2506802793218514,305605237340.1667,10.4134,3161462249603.716,PSAB_d_2025-07-14
C7,PSAB,2025-07-19T13:45:00Z,2025-07-19T13:45:10Z,2025-07-19 13:45:00+00:00,2025-07-19 13:50:00+00:00,0.2506802793218514,305605237340.1667,10.4134,3161462249603.716,PSAB_d_2025-07-14
C7,PSAB,2025-07-19T13:45:10Z,2025-07-19T13:45:20Z,2025-07-19 13:45:00+00:00,2025-07-19 13:50:00+00:00,4.720731534609113,267374840302.753,10.4134,3161462249603.716,PSAB_d_2025-07-14
C7,PSAB,2025-07-19T13:45:20Z,2025-07-19T13:45:30Z,2025-07-19 13:45:00+00:00,2025-07-19 13:50:00+00:00,5.045532287977673,275732225393.20447,10.4134,3161462249603.716,PSAB_d_2025-07-14
C7,PSAB,2025-07-19T14:00:40Z,2025-07-19T14:00:50Z,2025-07-19 14:00:00+00:00,2025-07-19 14:05:00+00:00,0.2506802793218514,305605237340.1667,10.4134,3161462249603.716,PSAB_d_2025-07-14
C7,PSAB,2025-07-19T14:06:00Z,2025-07-19T14:06:10Z,2025-07-19 14:05:00+00:00,2025-07-19 14:10:00+00:00,0.2506802793218514,305605237340.1667,10.4134,3161462249603.716,PSAB_d_2025-07-14
C7,PSAB,2025-07-19T14:06:10Z,2025-07-19T14:06:20Z,2025-07-19 14:05:00+00:00,2025-07-19 14:10:00+00:00,4.720731534609113,267374840302.753,10.4134,3161462249603.716,PSAB_d_2025-07-14
C7,PSAB,2025-07-19T14:06:20Z,2025-07-19T14:06:30Z,2025-07-19 14:05:00+00:00,2025-07-19 14:10:00+00:00,5.045532287977673,275732225393.20447,10.4134,3161462249603.716,PSAB_d_2025-07-14
C7,PSAB,2025-07-19T14:06:30Z,2025-07-19T14:06:40Z,2025-07-19 14:05:00+00:00,2025-07-19 14:10:00+00:00,5.045532287977673,275732225393.20447,10.4134,3161462249603.716,PSAB_d_2025-07-14
C7,PSAB,2025-07-19T14:29:20Z,2025-07-19T14:29:30Z,2025-07-19 14:25:00+00:00,2025-07-19 14:30:00+00:00,0.2506802793218514,305605237340.1667,10.4134,3161462249603.716,PSAB_d_2025-07-14
C7,PSAB,2025-07-19T15:06:50Z,2025-07-19T15:07:00Z,2025-07-19 15:05:00+00:00,2025-07-19 15:10:00+00:00,0.2506802793218514,305605237340.1667,10.4134,3161462249603.716,PSAB_d_2025-07-14
C7,PSAB,2025-07-19T15:07:00Z,2025-07-19T15:07:10Z,2025-07-19 15:05:00+00:00,2025-07-19 15:10:00+00:00,4.720731534609113,267374840302.753,10.4134,3161462249603.716,PSAB_d_2025-07-14
C7,PSAB,2025-07-19T15:07:10Z,2025-07-19T15:07:20Z,2025-07-19 15:05:00+00:00,2025-07-19 15:10:00+00:00,5.045532287977673,275732225393.20447,10.4134,3161462249603.716,PSAB_d_2025-07-14
C7,PSAB,2025-07-19T16:13:50Z,2025-07-19T16:14:00Z,2025-07-19 16:10:00+00:00,2025-07-19 16:15:00+00:00,0.2506802793218514,305605237340.1667,10.4134,3161462249603.716,PSAB_d_2025-07-14
C7,PSAB,2025-07-19T16:15:00Z,2025-07-19T16:15:10Z,2025-07-19 16:15:00+00:00,2025-07-19 16:20:00+00:00,0.2506802793218514,305605237340.1667,10.4134,3161462249603.716,PSAB_d_2025-07-14
C7,PSAB,2025-07-19T16:15:10Z,2025-07-19T16:15:20Z,2025-07-19 16:15:00+00:00,2025-07-19 16:20:00+00:00,4.720731534609113,267374840302.753,10.4134,3161462249603.716,PSAB_d_2025-07-14
C7,PSAB,2025-07-19T16:15:20Z,2025-07-19T16:15:30Z,2025-07-19 16:15:00+00:00,2025-07-19 16:20:00+00:00,5.045532287977673,275732225393.20447,10.4134,3161462249603.716,PSAB_d_2025-07-14
C7,PSAB,2025-07-19T16:15:30Z,2025-07-19T16:15:40Z,2025-07-19 16:15:00+00:00,2025-07-19 16:20:00+00:00,5.045532287977673,275732225393.20447,10.4134,3161462249603.716,PSAB_d_2025-07-14
C7,PSAB,2025-07-19T16:15:40Z,2025-07-19T16:15:50Z,2025-07-19 16:15:00+00:00,2025-07-19 16:20:00+00:00,5.045532287977673,275732225393.20447,10.4134,3161462249603.716,PSAB_d_2025-07-14
C7,PSAB,2025-07-19T16:15:50Z,2025-07-19T16:16:00Z,2025-07-19 16:15:00+00:00,2025-07-19 16:20:00+00:00,5.045532287977673,275732225393.20447,10.4134,3161462249603.716,PSAB_d_2025-07-14
C7,PSAB,2025-07-19T16:16:00Z,2025-07-19T16:16:10Z,2025-07-19 16:15:00+00:00,2025-07-19 16:20:00+00:00,5.045532287977673,275732225393.20447,10.4134,3161462249603.716,PSAB_d_2025-07-14
C7,PSAB,2025-07-19T16:16:10Z,2025-07-19T16:16:20Z,2025-07-19 16:15:00+00:00,2025-07-19 16:20:00+00:00,5.045532287977673,275732225393.20447,10.4134,3161462249603.716,PSAB_d_2025-07-14
C7,PSAB,2025-07-19T16:33:20Z,2025-07-19T16:33:30Z,2025-07-19 16:30:00+00:00,2025-07-19 16:35:00+00:00,0.2506802793218514,305605237340.1667,10.4134,3161462249603.716,PSAB_d_2025-07-14
C7,PSAB,2025-07-19T16:33:30Z,2025-07-19T16:33:40Z,2025-07-19 16:30:00+00:00,2025-07-19 16:35:00+00:00,4.720731534609113,267374840302.753,10.4134,3161462249603.716,PSAB_d_2025-07-14
C7,PSAB,2025-07-19T16:33:40Z,2025-07-19T16:33:50Z,2025-07-19 16:30:00+00:00,2025-07-19 16:35:00+00:00,5.045532287977673,275732225393.20447,10.4134,3161462249603.716,PSAB_d_2025-07-14
C7,PSAB,2025-07-19T16:33:50Z,2025-07-19T16:34:00Z,2025-07-19 16:30:00+00:00,2025-07-19 16:35:00+00:00,5.045532287977673,275732225393.20447,10.4134,3161462249603.716,PSAB_d_2025-07-14
C7,PSAB,2025-07-19T16:34:10Z,2025-07-19T16:34:20Z,2025-07-19 16:30:00+00:00,2025-07-19 16:35:00+00:00,5.045532287977673,275732225393.20447,10.4134,3161462249603.716,PSAB_d_2025-07-14
C7,PSAB,2025-07-19T16:34:20Z,2025-07-19T16:34:30Z,2025-07-19 16:30:00+00:00,2025-07-19 16:35:00+00:00,5.045532287977673,275732225393.20447,10.4134,3161462249603.716,PSAB_d_2025-07-14
C7,PSAB,2025-07-19T16:34:30Z,2025-07-19T16:34:40Z,2025-07-19 16:30:00+00:00,2025-07-19 16:35:00+00:00,5.045532287977673,275732225393.20447,10.4134,3161462249603.716,PSAB_d_2025-07-14
C7,PSAB,2025-07-19T16:43:30Z,2025-07-19T16:43:40Z,2025-07-19 16:40:00+00:00,2025-07-19 16:45:00+00:00,0.2506802793218514,305605237340.1667,10.4134,3161462249603.716,PSAB_d_2025-07-14
C7,PSAB,2025-07-19T16:41:00Z,2025-07-19T16:41:10Z,2025-07-19 16:40:00+00:00,2025-07-19 16:45:00+00:00,4.720731534609113,267374840302.753,10.4134,3161462249603.716,PSAB_d_2025-07-14
C7,PSAB,2025-07-19T16:46:20Z,2025-07-19T16:46:30Z,2025-07-19 16:45:00+00:00,2025-07-19 16:50:00+00:00,0.2506802793218514,305605237340.1667,10.4134,3161462249603.716,PSAB_d_2025-07-14
C7,PSAB,2025-07-19T17:10:30Z,2025-07-19T17:10:40Z,2025-07-19 17:10:00+00:00,2025-07-19 17:15:00+00:00,0.2506802793218514,305605237340.1667,10.4134,3161462249603.716,PSAB_d_2025-07-14
C7,PSAB,2025-07-19T17:22:50Z,2025-07-19T17:23:00Z,2025-07-19 17:20:00+00:00,2025-07-19 17:25:00+00:00,0.2506802793218514,305605237340.1667,10.4134,3161462249603.716,PSAB_d_2025-07-14
C7,PSAB,2025-07-19T17:27:20Z,2025-07-19T17:27:30Z,2025-07-19 17:25:00+00:00,2025-07-19 17:30:00+00:00,0.2506802793218514,305605237340.1667,10.4134,3161462249603.716,PSAB_d_2025-07-14
C7,PSAB,2025-07-19T17:47:50Z,2025-07-19T17:48:00Z,2025-07-19 17:45:00+00:00,2025-07-19 17:50:00+00:00,0.2506802793218514,305605237340.1667,10.4134,3161462249603.716,PSAB_d_2025-07-14
C7,PSAB,2025-07-19T18:00:00Z,2025-07-19T18:00:10Z,2025-07-19 18:00:00+00:00,2025-07-19 18:05:00+00:00,0.2506802793218514,305605237340.1667,10.4134,3161462249603.716,PSAB_d_2025-07-14
C7,PSAB,2025-07-19T18:00:10Z,2025-07-19T18:00:20Z,2025-07-19 18:00:00+00:00,2025-07-19 18:05:00+00:00,4.720731534609113,267374840302.753,10.4134,3161462249603.716,PSAB_d_2025-07-14
C7,PSAB,2025-07-19T18:00:20Z,2025-07-19T18:00:30Z,2025-07-19 18:00:00+00:00,2025-07-19 18:05:00+00:00,5.045532287977673,275732225393.20447,10.4134,3161462249603.716,PSAB_d_2025-07-14
C7,PSAB,2025-07-19T18:00:30Z,2025-07-19T18:00:40Z,2025-07-19 18:00:00+00:00,2025-07-19 18:05:00+00:00,5.045532287977673,275732225393.20447,10.4134,3161462249603.716,PSAB_d_2025-07-14
C7,PSAB,2025-07-19T18:00:40Z,2025-07-19T18:00:50Z,2025-07-19 18:00:00+00:00,2025-07-19 18:05:00+00:00,5.045532287977673,275732225393.20447,10.4134,3161462249603.716,PSAB_d_2025-07-14
C7,PSAB,2025-07-19T18:00:50Z,2025-07-19T18:01:00Z,2025-07-19 18:00:00+00:00,2025-07-19 18:05:00+00:00,5.045532287977673,275732225393.20447,10.4134,3161462249603.716,PSAB_d_2025-07-14
C7,PSAB,2025-07-19T18:01:00Z,2025-07-19T18:01:10Z,2025-07-19 18:00:00+00:00,2025-07-19 18:05:00+00:00,5.045532287977673,275732225393.20447,10.4134,3161462249603.716,PSAB_d_2025-07-14
C7,PSAB,2025-07-19T18:01:40Z,2025-07-19T18:01:50Z,2025-07-19 18:00:00+00:00,2025-07-19 18:05:00+00:00,5.045532287977673,275732225393.20447,10.4134,3161462249603.716,PSAB_d_2025-07-14
C7,PSAB,2025-07-19T18:02:10Z,2025-07-19T18:02:20Z,2025-07-19 18:00:00+00:00,2025-07-19 18:05:00+00:00,5.045532287977673,275732225393.20447,10.4134,3161462249603.716,PSAB_d_2025-07-14
C7,PSAB,2025-07-19T18:22:50Z,2025-07-19T18:23:00Z,2025-07-19 18:20:00+00:00,2025-07-19 18:25:00+00:00,0.2506802793218514,305605237340.1667,10.4134,3161462249603.716,PSAB_d_2025-07-14
C7,PSAB,2025-07-19T18:23:00Z,2025-07-19T18:23:10Z,2025-07-19 18:20:00+00:00,2025-07-19 18:25:00+00:00,4.720731534609113,267374840302.753,10.4134,3161462249603.716,PSAB_d_2025-07-14
C7,PSAB,2025-07-19T18:23:10Z,2025-07-19T18:23:20Z,2025-07-19 18:20:00+00:00,2025-07-19 18:25:00+00:00,5.045532287977673,275732225393.20447,10.4134,3161462249603.716,PSAB_d_2025-07-14
C7,PSAB,2025-07-19T18:23:20Z,2025-07-19T18:23:30Z,2025-07-19 18:20:00+00:00,2025-07-19 18:25:00+00:00,5.045532287977673,275732225393.20447,10.4134,3161462249603.716,PSAB_d_2025-07-14
C7,PSAB,2025-07-19T18:23:30Z,2025-07-19T18:23:40Z,2025-07-19 18:20:00+00:00,2025-07-19 18:25:00+00:00,5.045532287977673,275732225393.20447,10.4134,3161462249603.716,PSAB_d_2025-07-14
C7,PSAB,2025-07-19T18:23:40Z,2025-07-19T18:23:50Z,2025-07-19 18:20:00+00:00,2025-07-19 18:25:00+00:00,5.045532287977673,275732225393.20447,10.4134,3161462249603.716,PSAB_d_2025-07-14
C7,PSAB,2025-07-19T18:23:50Z,2025-07-19T18:24:00Z,2025-07-19 18:20:00+00:00,2025-07-19 18:25:00+00:00,5.045532287977673,275732225393.20447,10.4134,3161462249603.716,PSAB_d_2025-07-14
C7,PSAB,2025-07-19T18:24:00Z,2025-07-19T18:24:10Z,2025-07-19 18:20:00+00:00,2025-07-19 18:25:00+00:00,5.045532287977673,275732225393.20447,10.4134,3161462249603.716,PSAB_d_2025-07-14
C7,PSAB,2025-07-19T18:27:00Z,2025-07-19T18:27:10Z,2025-07-19 18:25:00+00:00,2025-07-19 18:30:00+00:00,0.2506802793218514,305605237340.1667,10.4134,3161462249603.716,PSAB_d_2025-07-14
C7,PSAB,2025-07-19T18:32:50Z,2025-07-19T18:33:00Z,2025-07-19 18:30:00+00:00,2025-07-19 18:35:00+00:00,0.2506802793218514,305605237340.1667,10.4134,3161462249603.716,PSAB_d_2025-07-14
C7,PSAB,2025-07-19T18:36:50Z,2025-07-19T18:37:00Z,2025-07-19 18:35:00+00:00,2025-07-19 18:40:00+00:00,0.2506802793218514,305605237340.1667,10.4134,3161462249603.716,PSAB_d_2025-07-14
C7,PSAB,2025-07-19T18:37:00Z,2025-07-19T18:37:10Z,2025-07-19 18:35:00+00:00,2025-07-19 18:40:00+00:00,4.720731534609113,267374840302.753,10.4134,3161462249603.716,PSAB_d_2025-07-14
C7,PSAB,2025-07-19T18:37:10Z,2025-07-19T18:37:20Z,2025-07-19 18:35:00+00:00,2025-07-19 18:40:00+00:00,5.045532287977673,275732225393.20447,10.4134,3161462249603.716,PSAB_d_2025-07-14
C7,PSAB,2025-07-19T18:37:20Z,2025-07-19T18:37:30Z,2025-07-19 18:35:00+00:00,2025-07-19 18:40:00+00:00,5.045532287977673,275732225393.20447,10.4134,3161462249603.716,PSAB_d_2025-07-14
C7,PSAB,2025-07-19T18:37:50Z,2025-07-19T18:38:00Z,2025-07-19 18:35:00+00:00,2025-07-19 18:40:00+00:00,5.045532287977673,275732225393.20447,10.4134,3161462249603.716,PSAB_d_2025-07-14
C7,PSAB,2025-07-19T18:38:00Z,2025-07-19T18:38:10Z,2025-07-19 18:35:00+00:00,2025-07-19 18:40:00+00:00,5.045532287977673,275732225393.20447,10.4134,3161462249603.716,PSAB_d_2025-07-14
C7,PSAB,2025-07-19T18:38:10Z,2025-07-19T18:38:20Z,2025-07-19 18:35:00+00:00,2025-07-19 18:40:00+00:00,5.045532287977673,275732225393.20447,10.4134,3161462249603.716,PSAB_d_2025-07-14
C7,PSAB,2025-07-19T18:38:30Z,2025-07-19T18:38:40Z,2025-07-19 18:35:00+00:00,2025-07-19 18:40:00+00:00,5.045532287977673,275732225393.20447,10.4134,3161462249603.716,PSAB_d_2025-07-14
C7,PSAB,2025-07-19T18:38:50Z,2025-07-19T18:39:00Z,2025-07-19 18:35:00+00:00,2025-07-19 18:40:00+00:00,5.045532287977673,275732225393.20447,10.4134,3161462249603.716,PSAB_d_2025-07-14
C7,PSAB,2025-07-19T18:40:10Z,2025-07-19T18:40:20Z,2025-07-19 18:40:00+00:00,2025-07-19 18:45:00+00:00,0.2506802793218514,305605237340.1667,10.4134,3161462249603.716,PSAB_d_2025-07-14
C7,PSAB,2025-07-19T18:43:00Z,2025-07-19T18:43:10Z,2025-07-19 18:40:00+00:00,2025-07-19 18:45:00+00:00,4.720731534609113,267374840302.753,10.4134,3161462249603.716,PSAB_d_2025-07-14
C7,PSAB,2025-07-19T18:43:10Z,2025-07-19T18:43:20Z,2025-07-19 18:40:00+00:00,2025-07-19 18:45:00+00:00,5.045532287977673,275732225393.20447,10.4134,3161462249603.716,PSAB_d_2025-07-14
C7,PSAB,2025-07-19T18:43:30Z,2025-07-19T18:43:40Z,2025-07-19 18:40:00+00:00,2025-07-19 18:45:00+00:00,5.045532287977673,275732225393.20447,10.4134,3161462249603.716,PSAB_d_2025-07-14
C7,PSAB,2025-07-19T18:43:40Z,2025-07-19T18:43:50Z,2025-07-19 18:40:00+00:00,2025-07-19 18:45:00+00:00,5.045532287977673,275732225393.20447,10.4134,3161462249603.716,PSAB_d_2025-07-14
C7,PSAB,2025-07-19T18:43:50Z,2025-07-19T18:44:00Z,2025-07-19 18:40:00+00:00,2025-07-19 18:45:00+00:00,5.045532287977673,275732225393.20447,10.4134,3161462249603.716,PSAB_d_2025-07-14
C7,PSAB,2025-07-19T18:44:00Z,2025-07-19T18:44:10Z,2025-07-19 18:40:00+00:00,2025-07-19 18:45:00+00:00,5.045532287977673,275732225393.20447,10.4134,3161462249603.716,PSAB_d_2025-07-14
C7,PSAB,2025-07-19T19:08:20Z,2025-07-19T19:08:30Z,2025-07-19 19:05:00+00:00,2025-07-19 19:10:00+00:00,0.2506802793218514,305605237340.1667,10.4134,3161462249603.716,PSAB_d_2025-07-14
C7,PSAB,2025-07-19T19:17:00Z,2025-07-19T19:17:10Z,2025-07-19 19:15:00+00:00,2025-07-19 19:20:00+00:00,0.2506802793218514,305605237340.1667,10.4134,3161462249603.716,PSAB_d_2025-07-14
C7,PSAB,2025-07-19T19:17:10Z,2025-07-19T19:17:20Z,2025-07-19 19:15:00+00:00,2025-07-19 19:20:00+00:00,4.720731534609113,267374840302.753,10.4134,3161462249603.716,PSAB_d_2025-07-14
C7,PSAB,2025-07-19T19:24:30Z,2025-07-19T19:24:40Z,2025-07-19 19:20:00+00:00,2025-07-19 19:25:00+00:00,0.2506802793218514,305605237340.1667,10.4134,3161462249603.716,PSAB_d_2025-07-14
C7,PSAB,2025-07-19T19:48:20Z,2025-07-19T19:48:30Z,2025-07-19 19:45:00+00:00,2025-07-19 19:50:00+00:00,0.2506802793218514,305605237340.1667,10.4134,3161462249603.716,PSAB_d_2025-07-14
C7,PSAB,2025-07-19T19:58:10Z,2025-07-19T19:58:20Z,2025-07-19 19:55:00+00:00,2025-07-19 20:00:00+00:00,0.2506802793218514,305605237340.1667,10.4134,3161462249603.716,PSAB_d_2025-07-14
C7,PSAB,2025-07-19T19:58:30Z,2025-07-19T19:58:40Z,2025-07-19 19:55:00+00:00,2025-07-19 20:00:00+00:00,4.720731534609113,267374840302.753,10.4134,3161462249603.716,PSAB_d_2025-07-14
C7,PSAB,2025-07-19T19:58:50Z,2025-07-19T19:59:00Z,2025-07-19 19:55:00+00:00,2025-07-19 20:00:00+00:00,5.045532287977673,275732225393.20447,10.4134,3161462249603.716,PSAB_d_2025-07-14
C7,PSAB,2025-07-19T20:06:20Z,2025-07-19T20:06:30Z,2025-07-19 20:05:00+00:00,2025-07-19 20:10:00+00:00,0.2506802793218514,305605237340.1667,10.4134,3161462249603.716,PSAB_d_2025-07-14
C7,PSAB,2025-07-19T20:06:10Z,2025-07-19T20:06:20Z,2025-07-19 20:05:00+00:00,2025-07-19 20:10:00+00:00,4.720731534609113,267374840302.753,10.4134,3161462249603.716,PSAB_d_2025-07-14
C7,PSAB,2025-07-19T20:19:50Z,2025-07-19T20:20:00Z,2025-07-19 20:15:00+00:00,2025-07-19 20:20:00+00:00,0.2506802793218514,305605237340.1667,10.4134,3161462249603.716,PSAB_d_2025-07-14
C7,PSAB,2025-07-19T20:25:10Z,2025-07-19T20:25:20Z,2025-07-19 20:25:00+00:00,2025-07-19 20:30:00+00:00,0.2506802793218514,305605237340.1667,10.4134,3161462249603.716,PSAB_d_2025-07-14
C7,PSAB,2025-07-19T20:29:40Z,2025-07-19T20:29:50Z,2025-07-19 20:25:00+00:00,2025-07-19 20:30:00+00:00,4.720731534609113,267374840302.753,10.4134,3161462249603.716,PSAB_d_2025-07-14
C7,PSAB,2025-07-19T20:57:00Z,2025-07-19T20:57:10Z,2025-07-19 20:55:00+00:00,2025-07-19 21:00:00+00:00,0.2506802793218514,305605237340.1667,10.4134,3161462249603.716,PSAB_d_2025-07-14
C7,PSAB,2025-07-19T21:01:20Z,2025-07-19T21:01:30Z,2025-07-19 21:00:00+00:00,2025-07-19 21:05:00+00:00,0.2506802793218514,305605237340.1667,10.4134,3161462249603.716,PSAB_d_2025-07-14
C7,PSAB,2025-07-19T21:02:30Z,2025-07-19T21:02:40Z,2025-07-19 21:00:00+00:00,2025-07-19 21:05:00+00:00,4.720731534609113,267374840302.753,10.4134,3161462249603.716,PSAB_d_2025-07-14
C7,PSAB,2025-07-19T21:32:50Z,2025-07-19T21:33:00Z,2025-07-19 21:30:00+00:00,2025-07-19 21:35:00+00:00,0.2506802793218514,305605237340.1667,10.4134,3161462249603.716,PSAB_d_2025-07-14
C7,PSAB,2025-07-19T21:33:10Z,2025-07-19T21:33:20Z,2025-07-19 21:30:00+00:00,2025-07-19 21:35:00+00:00,4.720731534609113,267374840302.753,10.4134,3161462249603.716,PSAB_d_2025-07-14
C7,PSAB,2025-07-19T22:01:00Z,2025-07-19T22:01:10Z,2025-07-19 22:00:00+00:00,2025-07-19 22:05:00+00:00,0.2506802793218514,305605237340.1667,10.4134,3161462249603.716,PSAB_d_2025-07-14
C7,PSAB,2025-07-19T22:10:50Z,2025-07-19T22:11:00Z,2025-07-19 22:10:00+00:00,2025-07-19 22:15:00+00:00,0.2506802793218514,305605237340.1667,10.4134,3161462249603.716,PSAB_d_2025-07-14
C7,PSAB,2025-07-19T22:24:50Z,2025-07-19T22:25:00Z,2025-07-19 22:20:00+00:00,2025-07-19 22:25:00+00:00,0.2506802793218514,305605237340.1667,10.4134,3161462249603.716,PSAB_d_2025-07-14
C7,PSAB,2025-07-19T22:34:10Z,2025-07-19T22:34:20Z,2025-07-19 22:30:00+00:00,2025-07-19 22:35:00+00:00,0.2506802793218514,305605237340.1667,10.4134,3161462249603.716,PSAB_d_2025-07-14
C7,PSAB,2025-07-19T22:32:20Z,2025-07-19T22:32:30Z,2025-07-19 22:30:00+00:00,2025-07-19 22:35:00+00:00,4.720731534609113,267374840302.753,10.4134,3161462249603.716,PSAB_d_2025-07-14
C7,PSAB,2025-07-19T23:09:50Z,2025-07-19T23:10:00Z,2025-07-19 23:05:00+00:00,2025-07-19 23:10:00+00:00,0.2506802793218514,305605237340.1667,10.4134,3161462249603.716,PSAB_d_2025-07-14
C7,PSAB,2025-07-19T23:20:00Z,2025-07-19T23:20:10Z,2025-07-19 23:20:00+00:00,2025-07-19 23:25:00+00:00,0.2506802793218514,305605237340.1667,10.4134,3161462249603.716,PSAB_d_2025-07-14
C7,PSAB,2025-07-19T23:26:30Z,2025-07-19T23:26:40Z,2025-07-19 23:25:00+00:00,2025-07-19 23:30:00+00:00,0.2506802793218514,305605237340.1667,10.4134,3161462249603.716,PSAB_d_2025-07-14
C7,PSAB,2025-07-20T05:58:50Z,2025-07-20T05:59:00Z,2025-07-20 05:55:00+00:00,2025-07-20 06:00:00+00:00,0.2506802793218514,305605237340.1667,10.4134,3161462249603.716,PSAB_d_2025-07-14
C7,PSAB,2025-07-20T06:30:50Z,2025-07-20T06:31:00Z,2025-07-20 06:30:00+00:00,2025-07-20 06:35:00+00:00,0.2506802793218514,305605237340.1667,10.4134,3161462249603.716,PSAB_d_2025-07-14
C7,PSAB,2025-07-20T06:44:10Z,2025-07-20T06:44:20Z,2025-07-20 06:40:00+00:00,2025-07-20 06:45:00+00:00,0.2506802793218514,305605237340.1667,10.4134,3161462249603.716,PSAB_d_2025-07-14
C7,PSAB,2025-07-20T06:53:00Z,2025-07-20T06:53:10Z,2025-07-20 06:50:00+00:00,2025-07-20 06:55:00+00:00,0.2506802793218514,305605237340.1667,10.4134,3161462249603.716,PSAB_d_2025-07-14
C7,PSAB,2025-07-20T07:02:50Z,2025-07-20T07:03:00Z,2025-07-20 07:00:00+00:00,2025-07-20 07:05:00+00:00,0.2506802793218514,305605237340.1667,10.4134,3161462249603.716,PSAB_d_2025-07-14
C7,PSAB,2025-07-20T07:03:00Z,2025-07-20T07:03:10Z,2025-07-20 07:00:00+00:00,2025-07-20 07:05:00+00:00,4.720731534609113,267374840302.753,10.4134,3161462249603.716,PSAB_d_2025-07-14
C7,PSAB,2025-07-20T07:00:30Z,2025-07-20T07:00:40Z,2025-07-20 07:00:00+00:00,2025-07-20 07:05:00+00:00,5.045532287977673,275732225393.20447,10.4134,3161462249603.716,PSAB_d_2025-07-14
C7,PSAB,2025-07-20T07:01:00Z,2025-07-20T07:01:10Z,2025-07-20 07:00:00+00:00,2025-07-20 07:05:00+00:00,5.045532287977673,275732225393.20447,10.4134,3161462249603.716,PSAB_d_2025-07-14
C7,PSAB,2025-07-20T07:06:50Z,2025-07-20T07:07:00Z,2025-07-20 07:05:00+00:00,2025-07-20 07:10:00+00:00,0.2506802793218514,305605237340.1667,10.4134,3161462249603.716,PSAB_d_2025-07-14
C7,PSAB,2025-07-20T07:05:20Z,2025-07-20T07:05:30Z,2025-07-20 07:05:00+00:00,2025-07-20 07:10:00+00:00,4.720731534609113,267374840302.753,10.4134,3161462249603.716,PSAB_d_2025-07-14
C7,PSAB,2025-07-20T07:05:30Z,2025-07-20T07:05:40Z,2025-07-20 07:05:00+00:00,2025-07-20 07:10:00+00:00,5.045532287977673,275732225393.20447,10.4134,3161462249603.716,PSAB_d_2025-07-14
C7,PSAB,2025-07-20T07:07:00Z,2025-07-20T07:07:10Z,2025-07-20 07:05:00+00:00,2025-07-20 07:10:00+00:00,5.045532287977673,275732225393.20447,10.4134,3161462249603.716,PSAB_d_2025-07-14
C7,PPMA,2025-07-20T07:13:40Z,2025-07-20T07:13:50Z,2025-07-20 07:10:00+00:00,2025-07-20 07:15:00+00:00,1.7743222923511466,4751021171150.095,24.3766,4262592844214.596,PPMA_d_2025-07-14
C7,PPMA,2025-07-20T07:13:50Z,2025-07-20T07:14:00Z,2025-07-20 07:10:00+00:00,2025-07-20 07:15:00+00:00,3.7109208139422347,1848433885015.2266,24.3766,4262592844214.596,PPMA_d_2025-07-14
C7,PPMA,2025-07-20T07:14:20Z,2025-07-20T07:14:30Z,2025-07-20 07:10:00+00:00,2025-07-20 07:15:00+00:00,1.5834922627139094,1182881507186.3555,24.3766,4262592844214.596,PPMA_d_2025-07-14
C7,PPMA,2025-07-20T07:14:30Z,2025-07-20T07:14:40Z,2025-07-20 07:10:00+00:00,2025-07-20 07:15:00+00:00,3.3015663399165662,1544789852521.073,24.3766,4262592844214.596,PPMA_d_2025-07-14
C7,PPMA,2025-07-20T07:14:40Z,2025-07-20T07:14:50Z,2025-07-20 07:10:00+00:00,2025-07-20 07:15:00+00:00,2.4174114378895677,1766231331176.6714,24.3766,4262592844214.596,PPMA_d_2025-07-14
C7,PPMA,2025-07-20T07:14:50Z,2025-07-20T07:15:00Z,2025-07-20 07:10:00+00:00,2025-07-20 07:15:00+00:00,11.353823201117702,3758628550482.816,24.3766,4262592844214.596,PPMA_d_2025-07-14
C7,PSAB,2025-07-20T07:10:00Z,2025-07-20T07:10:10Z,2025-07-20 07:10:00+00:00,2025-07-20 07:15:00+00:00,0.2506802793218514,305605237340.1667,10.4134,3161462249603.716,PSAB_d_2025-07-14
C7,PSAB,2025-07-20T07:10:20Z,2025-07-20T07:10:30Z,2025-07-20 07:10:00+00:00,2025-07-20 07:15:00+00:00,4.720731534609113,267374840302.753,10.4134,3161462249603.716,PSAB_d_2025-07-14
C7,PSAB,2025-07-20T07:11:40Z,2025-07-20T07:11:50Z,2025-07-20 07:10:00+00:00,2025-07-20 07:15:00+00:00,5.045532287977673,275732225393.20447,10.4134,3161462249603.716,PSAB_d_2025-07-14
C7,PSAB,2025-07-20T07:12:50Z,2025-07-20T07:13:00Z,2025-07-20 07:10:00+00:00,2025-07-20 07:15:00+00:00,5.045532287977673,275732225393.20447,10.4134,3161462249603.716,PSAB_d_2025-07-14
C7,PSAB,2025-07-20T07:13:20Z,2025-07-20T07:13:30Z,2025-07-20 07:10:00+00:00,2025-07-20 07:15:00+00:00,5.045532287977673,275732225393.20447,10.4134,3161462249603.716,PSAB_d_2025-07-14
C7,PSAB,2025-07-20T07:13:30Z,2025-07-20T07:13:40Z,2025-07-20 07:10:00+00:00,2025-07-20 07:15:00+00:00,5.045532287977673,275732225393.20447,10.4134,3161462249603.716,PSAB_d_2025-07-14
C7,PSAB,2025-07-20T07:13:40Z,2025-07-20T07:13:50Z,2025-07-20 07:10:00+00:00,2025-07-20 07:15:00+00:00,5.045532287977673,275732225393.20447,10.4134,3161462249603.716,PSAB_d_2025-07-14
C7,PSAB,2025-07-20T07:13:50Z,2025-07-20T07:14:00Z,2025-07-20 07:10:00+00:00,2025-07-20 07:15:00+00:00,5.045532287977673,275732225393.20447,10.4134,3161462249603.716,PSAB_d_2025-07-14
C7,PSAB,2025-07-20T07:14:00Z,2025-07-20T07:14:10Z,2025-07-20 07:10:00+00:00,2025-07-20 07:15:00+00:00,5.045532287977673,275732225393.20447,10.4134,3161462249603.716,PSAB_d_2025-07-14
C7,PSAB,2025-07-20T07:14:10Z,2025-07-20T07:14:20Z,2025-07-20 07:10:00+00:00,2025-07-20 07:15:00+00:00,5.045532287977673,275732225393.20447,10.4134,3161462249603.716,PSAB_d_2025-07-14
C7,PSAB,2025-07-20T07:14:20Z,2025-07-20T07:14:30Z,2025-07-20 07:10:00+00:00,2025-07-20 07:15:00+00:00,5.045532287977673,275732225393.20447,10.4134,3161462249603.716,PSAB_d_2025-07-14
C7,PSAB,2025-07-20T07:14:30Z,2025-07-20T07:14:40Z,2025-07-20 07:10:00+00:00,2025-07-20 07:15:00+00:00,5.045532287977673,275732225393.20447,10.4134,3161462249603.716,PSAB_d_2025-07-14
C7,PSAB,2025-07-20T07:14:40Z,2025-07-20T07:14:50Z,2025-07-20 07:10:00+00:00,2025-07-20 07:15:00+00:00,5.045532287977673,275732225393.20447,10.4134,3161462249603.716,PSAB_d_2025-07-14
C7,PSAB,2025-07-20T07:14:50Z,2025-07-20T07:15:00Z,2025-07-20 07:10:00+00:00,2025-07-20 07:15:00+00:00,5.045532287977673,275732225393.20447,10.4134,3161462249603.716,PSAB_d_2025-07-14
C7,PPMA,2025-07-20T07:17:50Z,2025-07-20T07:18:00Z,2025-07-20 07:15:00+00:00,2025-07-20 07:20:00+00:00,1.7743222923511466,4751021171150.095,24.3766,4262592844214.596,PPMA_d_2025-07-14
C7,PPMA,2025-07-20T07:15:20Z,2025-07-20T07:15:30Z,2025-07-20 07:15:00+00:00,2025-07-20 07:20:00+00:00,3.7109208139422347,1848433885015.2266,24.3766,4262592844214.596,PPMA_d_2025-07-14
C7,PPMA,2025-07-20T07:15:40Z,2025-07-20T07:15:50Z,2025-07-20 07:15:00+00:00,2025-07-20 07:20:00+00:00,1.5834922627139094,1182881507186.3555,24.3766,4262592844214.596,PPMA_d_2025-07-14
C7,PPMA,2025-07-20T07:16:00Z,2025-07-20T07:16:10Z,2025-07-20 07:15:00+00:00,2025-07-20 07:20:00+00:00,3.3015663399165662,1544789852521.073,24.3766,4262592844214.596,PPMA_d_2025-07-14
C7,PPMA,2025-07-20T07:16:10Z,2025-07-20T07:16:20Z,2025-07-20 07:15:00+00:00,2025-07-20 07:20:00+00:00,2.4174114378895677,1766231331176.6714,24.3766,4262592844214.596,PPMA_d_2025-07-14
C7,PPMA,2025-07-20T07:16:20Z,2025-07-20T07:16:30Z,2025-07-20 07:15:00+00:00,2025-07-20 07:20:00+00:00,11.353823201117702,3758628550482.816,24.3766,4262592844214.596,PPMA_d_2025-07-14
C7,PPMA,2025-07-20T07:17:00Z,2025-07-20T07:17:10Z,2025-07-20 07:15:00+00:00,2025-07-20 07:20:00+00:00,1.4370508116983403,3203366585434.925,24.3766,4262592844214.596,PPMA_d_2025-07-14
C7,PSAB,2025-07-20T07:15:00Z,2025-07-20T07:15:10Z,2025-07-20 07:15:00+00:00,2025-07-20 07:20:00+00:00,0.2506802793218514,305605237340.1667,10.4134,3161462249603.716,PSAB_d_2025-07-14
C7,PSAB,2025-07-20T07:15:10Z,2025-07-20T07:15:20Z,2025-07-20 07:15:00+00:00,2025-07-20 07:20:00+00:00,4.720731534609113,267374840302.753,10.4134,3161462249603.716,PSAB_d_2025-07-14
C7,PSAB,2025-07-20T07:15:20Z,2025-07-20T07:15:30Z,2025-07-20 07:15:00+00:00,2025-07-20 07:20:00+00:00,5.045532287977673,275732225393.20447,10.4134,3161462249603.716,PSAB_d_2025-07-14
C7,PSAB,2025-07-20T07:15:30Z,2025-07-20T07:15:40Z,2025-07-20 07:15:00+00:00,2025-07-20 07:20:00+00:00,5.045532287977673,275732225393.20447,10.4134,3161462249603.716,PSAB_d_2025-07-14
C7,PSAB,2025-07-20T07:15:40Z,2025-07-20T07:15:50Z,2025-07-20 07:15:00+00:00,2025-07-20 07:20:00+00:00,5.045532287977673,275732225393.20447,10.4134,3161462249603.716,PSAB_d_2025-07-14
C7,PSAB,2025-07-20T07:15:50Z,2025-07-20T07:16:00Z,2025-07-20 07:15:00+00:00,2025-07-20 07:20:00+00:00,5.045532287977673,275732225393.20447,10.4134,3161462249603.716,PSAB_d_2025-07-14
C7,PSAB,2025-07-20T07:16:00Z,2025-07-20T07:16:10Z,2025-07-20 07:15:00+00:00,2025-07-20 07:20:00+00:00,5.045532287977673,275732225393.20447,10.4134,3161462249603.716,PSAB_d_2025-07-14
C7,PSAB,2025-07-20T07:16:10Z,2025-07-20T07:16:20Z,2025-07-20 07:15:00+00:00,2025-07-20 07:20:00+00:00,5.045532287977673,275732225393.20447,10.4134,3161462249603.716,PSAB_d_2025-07-14
C7,PSAB,2025-07-20T07:16:20Z,2025-07-20T07:16:30Z,2025-07-20 07:15:00+00:00,2025-07-20 07:20:00+00:00,5.045532287977673,275732225393.20447,10.4134,3161462249603.716,PSAB_d_2025-07-14
C7,PSAB,2025-07-20T07:16:30Z,2025-07-20T07:16:40Z,2025-07-20 07:15:00+00:00,2025-07-20 07:20:00+00:00,5.045532287977673,275732225393.20447,10.4134,3161462249603.716,PSAB_d_2025-07-14
C7,PSAB,2025-07-20T07:16:40Z,2025-07-20T07:16:50Z,2025-07-20 07:15:00+00:00,2025-07-20 07:20:00+00:00,5.045532287977673,275732225393.20447,10.4134,3161462249603.716,PSAB_d_2025-07-14
C7,PSAB,2025-07-20T07:16:50Z,2025-07-20T07:17:00Z,2025-07-20 07:15:00+00:00,2025-07-20 07:20:00+00:00,5.045532287977673,275732225393.20447,10.4134,3161462249603.716,PSAB_d_2025-07-14
C7,PSAB,2025-07-20T07:17:00Z,2025-07-20T07:17:10Z,2025-07-20 07:15:00+00:00,2025-07-20 07:20:00+00:00,5.045532287977673,275732225393.20447,10.4134,3161462249603.716,PSAB_d_2025-07-14
C7,PSAB,2025-07-20T07:17:30Z,2025-07-20T07:17:40Z,2025-07-20 07:15:00+00:00,2025-07-20 07:20:00+00:00,5.045532287977673,275732225393.20447,10.4134,3161462249603.716,PSAB_d_2025-07-14
C7,PSAB,2025-07-20T07:17:40Z,2025-07-20T07:17:50Z,2025-07-20 07:15:00+00:00,2025-07-20 07:20:00+00:00,5.045532287977673,275732225393.20447,10.4134,3161462249603.716,PSAB_d_2025-07-14
C7,PSAB,2025-07-20T07:17:50Z,2025-07-20T07:18:00Z,2025-07-20 07:15:00+00:00,2025-07-20 07:20:00+00:00,5.045532287977673,275732225393.20447,10.4134,3161462249603.716,PSAB_d_2025-07-14
C7,PSAB,2025-07-20T07:18:10Z,2025-07-20T07:18:20Z,2025-07-20 07:15:00+00:00,2025-07-20 07:20:00+00:00,5.045532287977673,275732225393.20447,10.4134,3161462249603.716,PSAB_d_2025-07-14
C7,PSAB,2025-07-20T07:18:20Z,2025-07-20T07:18:30Z,2025-07-20 07:15:00+00:00,2025-07-20 07:20:00+00:00,5.045532287977673,275732225393.20447,10.4134,3161462249603.716,PSAB_d_2025-07-14
C7,PSAB,2025-07-20T07:18:30Z,2025-07-20T07:18:40Z,2025-07-20 07:15:00+00:00,2025-07-20 07:20:00+00:00,5.045532287977673,275732225393.20447,10.4134,3161462249603.716,PSAB_d_2025-07-14
C7,PSAB,2025-07-20T07:18:40Z,2025-07-20T07:18:50Z,2025-07-20 07:15:00+00:00,2025-07-20 07:20:00+00:00,5.045532287977673,275732225393.20447,10.4134,3161462249603.716,PSAB_d_2025-07-14
C7,PSAB,2025-07-20T07:19:00Z,2025-07-20T07:19:10Z,2025-07-20 07:15:00+00:00,2025-07-20 07:20:00+00:00,5.045532287977673,275732225393.20447,10.4134,3161462249603.716,PSAB_d_2025-07-14
C7,PSAB,2025-07-20T07:19:10Z,2025-07-20T07:19:20Z,2025-07-20 07:15:00+00:00,2025-07-20 07:20:00+00:00,5.045532287977673,275732225393.20447,10.4134,3161462249603.716,PSAB_d_2025-07-14
C7,PSAB,2025-07-20T07:19:20Z,2025-07-20T07:19:30Z,2025-07-20 07:15:00+00:00,2025-07-20 07:20:00+00:00,5.045532287977673,275732225393.20447,10.4134,3161462249603.716,PSAB_d_2025-07-14
C7,PSAB,2025-07-20T07:19:30Z,2025-07-20T07:19:40Z,2025-07-20 07:15:00+00:00,2025-07-20 07:20:00+00:00,5.045532287977673,275732225393.20447,10.4134,3161462249603.716,PSAB_d_2025-07-14
C7,PSAB,2025-07-20T07:19:40Z,2025-07-20T07:19:50Z,2025-07-20 07:15:00+00:00,2025-07-20 07:20:00+00:00,5.045532287977673,275732225393.20447,10.4134,3161462249603.716,PSAB_d_2025-07-14
C7,PSAB,2025-07-20T07:19:50Z,2025-07-20T07:20:00Z,2025-07-20 07:15:00+00:00,2025-07-20 07:20:00+00:00,5.045532287977673,275732225393.20447,10.4134,3161462249603.716,PSAB_d_2025-07-14
C7,PPMA,2025-07-20T07:21:00Z,2025-07-20T07:21:10Z,2025-07-20 07:20:00+00:00,2025-07-20 07:25:00+00:00,1.7743222923511466,4751021171150.095,24.3766,4262592844214.596,PPMA_d_2025-07-14
C7,PPMA,2025-07-20T07:21:10Z,2025-07-20T07:21:20Z,2025-07-20 07:20:00+00:00,2025-07-20 07:25:00+00:00,3.7109208139422347,1848433885015.2266,24.3766,4262592844214.596,PPMA_d_2025-07-14
C7,PPMA,2025-07-20T07:21:20Z,2025-07-20T07:21:30Z,2025-07-20 07:20:00+00:00,2025-07-20 07:25:00+00:00,1.5834922627139094,1182881507186.3555,24.3766,4262592844214.596,PPMA_d_2025-07-14
C7,PPMA,2025-07-20T07:21:30Z,2025-07-20T07:21:40Z,2025-07-20 07:20:00+00:00,2025-07-20 07:25:00+00:00,3.3015663399165662,1544789852521.073,24.3766,4262592844214.596,PPMA_d_2025-07-14
C7,PPMA,2025-07-20T07:21:40Z,2025-07-20T07:21:50Z,2025-07-20 07:20:00+00:00,2025-07-20 07:25:00+00:00,2.4174114378895677,1766231331176.6714,24.3766,4262592844214.596,PPMA_d_2025-07-14
C7,PPMA,2025-07-20T07:21:50Z,2025-07-20T07:22:00Z,2025-07-20 07:20:00+00:00,2025-07-20 07:25:00+00:00,11.353823201117702,3758628550482.816,24.3766,4262592844214.596,PPMA_d_2025-07-14
C7,PPMA,2025-07-20T07:22:20Z,2025-07-20T07:22:30Z,2025-07-20 07:20:00+00:00,2025-07-20 07:25:00+00:00,1.4370508116983403,3203366585434.925,24.3766,4262592844214.596,PPMA_d_2025-07-14
C7,PPMA,2025-07-20T07:22:30Z,2025-07-20T07:22:40Z,2025-07-20 07:20:00+00:00,2025-07-20 07:25:00+00:00,6.158587950670227,2599897985215.863,24.3766,4262592844214.596,PPMA_d_2025-07-14
C7,PPMA,2025-07-20T07:22:40Z,2025-07-20T07:22:50Z,2025-07-20 07:20:00+00:00,2025-07-20 07:25:00+00:00,2.174022398342621,1992296141469.5586,24.3766,4262592844214.596,PPMA_d_2025-07-14
C7,PPMA,2025-07-20T07:23:20Z,2025-07-20T07:23:30Z,2025-07-20 07:20:00+00:00,2025-07-20 07:25:00+00:00,2.4651945269490914,3114115999843.17,24.3766,4262592844214.596,PPMA_d_2025-07-14
C7,PPMA,2025-07-20T07:23:30Z,2025-07-20T07:23:40Z,2025-07-20 07:20:00+00:00,2025-07-20 07:25:00+00:00,2.6023388496040223,2593606633707.817,24.3766,4262592844214.596,PPMA_d_2025-07-14
C7,PPMA,2025-07-20T07:23:40Z,2025-07-20T07:23:50Z,2025-07-20 07:20:00+00:00,2025-07-20 07:25:00+00:00,1.535490635563247,2449868235534.3184,24.3766,4262592844214.596,PPMA_d_2025-07-14
C7,PSAB,2025-07-20T07:20:00Z,2025-07-20T07:20:10Z,2025-07-20 07:20:00+00:00,2025-07-20 07:25:00+00:00,0.2506802793218514,305605237340.1667,10.4134,3161462249603.716,PSAB_d_2025-07-14
C7,PSAB,2025-07-20T07:20:10Z,2025-07-20T07:20:20Z,2025-07-20 07:20:00+00:00,2025-07-20 07:25:00+00:00,4.720731534609113,267374840302.753,10.4134,3161462249603.716,PSAB_d_2025-07-14
C7,PSAB,2025-07-20T07:20:20Z,2025-07-20T07:20:30Z,2025-07-20 07:20:00+00:00,2025-07-20 07:25:00+00:00,5.045532287977673,275732225393.20447,10.4134,3161462249603.716,PSAB_d_2025-07-14
C7,PSAB,2025-07-20T07:20:30Z,2025-07-20T07:20:40Z,2025-07-20 07:20:00+00:00,2025-07-20 07:25:00+00:00,5.045532287977673,275732225393.20447,10.4134,3161462249603.716,PSAB_d_2025-07-14
C7,PSAB,2025-07-20T07:21:00Z,2025-07-20T07:21:10Z,2025-07-20 07:20:00+00:00,2025-07-20 07:25:00+00:00,5.045532287977673,275732225393.20447,10.4134,3161462249603.716,PSAB_d_2025-07-14
C7,PSAB,2025-07-20T07:21:10Z,2025-07-20T07:21:20Z,2025-07-20 07:20:00+00:00,2025-07-20 07:25:00+00:00,5.045532287977673,275732225393.20447,10.4134,3161462249603.716,PSAB_d_2025-07-14
C7,PSAB,2025-07-20T07:21:20Z,2025-07-20T07:21:30Z,2025-07-20 07:20:00+00:00,2025-07-20 07:25:00+00:00,5.045532287977673,275732225393.20447,10.4134,3161462249603.716,PSAB_d_2025-07-14
C7,PSAB,2025-07-20T07:21:30Z,2025-07-20T07:21:40Z,2025-07-20 07:20:00+00:00,2025-07-20 07:25:00+00:00,5.045532287977673,275732225393.20447,10.4134,3161462249603.716,PSAB_d_2025-07-14
C7,PSAB,2025-07-20T07:21:40Z,2025-07-20T07:21:50Z,2025-07-20 07:20:00+00:00,2025-07-20 07:25:00+00:00,5.045532287977673,275732225393.20447,10.4134,3161462249603.716,PSAB_d_2025-07-14
C7,PSAB,2025-07-20T07:21:50Z,2025-07-20T07:22:00Z,2025-07-20 07:20:00+00:00,2025-07-20 07:25:00+00:00,5.045532287977673,275732225393.20447,10.4134,3161462249603.716,PSAB_d_2025-07-14
C7,PSAB,2025-07-20T07:22:00Z,2025-07-20T07:22:10Z,2025-07-20 07:20:00+00:00,2025-07-20 07:25:00+00:00,5.045532287977673,275732225393.20447,10.4134,3161462249603.716,PSAB_d_2025-07-14
C7,PSAB,2025-07-20T07:22:10Z,2025-07-20T07:22:20Z,2025-07-20 07:20:00+00:00,2025-07-20 07:25:00+00:00,5.045532287977673,275732225393.20447,10.4134,3161462249603.716,PSAB_d_2025-07-14
C7,PSAB,2025-07-20T07:22:20Z,2025-07-20T07:22:30Z,2025-07-20 07:20:00+00:00,2025-07-20 07:25:00+00:00,5.045532287977673,275732225393.20447,10.4134,3161462249603.716,PSAB_d_2025-07-14
C7,PSAB,2025-07-20T07:22:30Z,2025-07-20T07:22:40Z,2025-07-20 07:20:00+00:00,2025-07-20 07:25:00+00:00,5.045532287977673,275732225393.20447,10.4134,3161462249603.716,PSAB_d_2025-07-14
C7,PSAB,2025-07-20T07:22:40Z,2025-07-20T07:22:50Z,2025-07-20 07:20:00+00:00,2025-07-20 07:25:00+00:00,5.045532287977673,275732225393.20447,10.4134,3161462249603.716,PSAB_d_2025-07-14
C7,PSAB,2025-07-20T07:22:50Z,2025-07-20T07:23:00Z,2025-07-20 07:20:00+00:00,2025-07-20 07:25:00+00:00,5.045532287977673,275732225393.20447,10.4134,3161462249603.716,PSAB_d_2025-07-14
C7,PSAB,2025-07-20T07:23:10Z,2025-07-20T07:23:20Z,2025-07-20 07:20:00+00:00,2025-07-20 07:25:00+00:00,5.045532287977673,275732225393.20447,10.4134,3161462249603.716,PSAB_d_2025-07-14
C7,PSAB,2025-07-20T07:23:20Z,2025-07-20T07:23:30Z,2025-07-20 07:20:00+00:00,2025-07-20 07:25:00+00:00,5.045532287977673,275732225393.20447,10.4134,3161462249603.716,PSAB_d_2025-07-14
C7,PSAB,2025-07-20T07:23:30Z,2025-07-20T07:23:40Z,2025-07-20 07:20:00+00:00,2025-07-20 07:25:00+00:00,5.045532287977673,275732225393.20447,10.4134,3161462249603.716,PSAB_d_2025-07-14
C7,PSAB,2025-07-20T07:23:40Z,2025-07-20T07:23:50Z,2025-07-20 07:20:00+00:00,2025-07-20 07:25:00+00:00,5.045532287977673,275732225393.20447,10.4134,3161462249603.716,PSAB_d_2025-07-14
C7,PSAB,2025-07-20T07:23:50Z,2025-07-20T07:24:00Z,2025-07-20 07:20:00+00:00,2025-07-20 07:25:00+00:00,5.045532287977673,275732225393.20447,10.4134,3161462249603.716,PSAB_d_2025-07-14
C7,PSAB,2025-07-20T07:24:30Z,2025-07-20T07:24:40Z,2025-07-20 07:20:00+00:00,2025-07-20 07:25:00+00:00,5.045532287977673,275732225393.20447,10.4134,3161462249603.716,PSAB_d_2025-07-14
C7,PSAB,2025-07-20T07:25:00Z,2025-07-20T07:25:10Z,2025-07-20 07:25:00+00:00,2025-07-20 07:30:00+00:00,0.2506802793218514,305605237340.1667,10.4134,3161462249603.716,PSAB_d_2025-07-14
C7,PSAB,2025-07-20T07:25:10Z,2025-07-20T07:25:20Z,2025-07-20 07:25:00+00:00,2025-07-20 07:30:00+00:00,4.720731534609113,267374840302.753,10.4134,3161462249603.716,PSAB_d_2025-07-14
C7,PSAB,2025-07-20T07:25:30Z,2025-07-20T07:25:40Z,2025-07-20 07:25:00+00:00,2025-07-20 07:30:00+00:00,5.045532287977673,275732225393.20447,10.4134,3161462249603.716,PSAB_d_2025-07-14
C7,PSAB,2025-07-20T07:25:40Z,2025-07-20T07:25:50Z,2025-07-20 07:25:00+00:00,2025-07-20 07:30:00+00:00,5.045532287977673,275732225393.20447,10.4134,3161462249603.716,PSAB_d_2025-07-14
C7,PSAB,2025-07-20T07:25:50Z,2025-07-20T07:26:00Z,2025-07-20 07:25:00+00:00,2025-07-20 07:30:00+00:00,5.045532287977673,275732225393.20447,10.4134,3161462249603.716,PSAB_d_2025-07-14
C7,PSAB,2025-07-20T07:26:00Z,2025-07-20T07:26:10Z,2025-07-20 07:25:00+00:00,2025-07-20 07:30:00+00:00,5.045532287977673,275732225393.20447,10.4134,3161462249603.716,PSAB_d_2025-07-14
C7,PSAB,2025-07-20T07:26:10Z,2025-07-20T07:26:20Z,2025-07-20 07:25:00+00:00,2025-07-20 07:30:00+00:00,5.045532287977673,275732225393.20447,10.4134,3161462249603.716,PSAB_d_2025-07-14
C7,PSAB,2025-07-20T07:26:20Z,2025-07-20T07:26:30Z,2025-07-20 07:25:00+00:00,2025-07-20 07:30:00+00:00,5.045532287977673,275732225393.20447,10.4134,3161462249603.716,PSAB_d_2025-07-14
C7,PSAB,2025-07-20T07:26:30Z,2025-07-20T07:26:40Z,2025-07-20 07:25:00+00:00,2025-07-20 07:30:00+00:00,5.045532287977673,275732225393.20447,10.4134,3161462249603.716,PSAB_d_2025-07-14
C7,PSAB,2025-07-20T07:26:40Z,2025-07-20T07:26:50Z,2025-07-20 07:25:00+00:00,2025-07-20 07:30:00+00:00,5.045532287977673,275732225393.20447,10.4134,3161462249603.716,PSAB_d_2025-07-14
C7,PSAB,2025-07-20T07:26:50Z,2025-07-20T07:27:00Z,2025-07-20 07:25:00+00:00,2025-07-20 07:30:00+00:00,5.045532287977673,275732225393.20447,10.4134,3161462249603.716,PSAB_d_2025-07-14
C7,PSAB,2025-07-20T07:27:00Z,2025-07-20T07:27:10Z,2025-07-20 07:25:00+00:00,2025-07-20 07:30:00+00:00,5.045532287977673,275732225393.20447,10.4134,3161462249603.716,PSAB_d_2025-07-14
C7,PSAB,2025-07-20T07:27:10Z,2025-07-20T07:27:20Z,2025-07-20 07:25:00+00:00,2025-07-20 07:30:00+00:00,5.045532287977673,275732225393.20447,10.4134,3161462249603.716,PSAB_d_2025-07-14
C7,PSAB,2025-07-20T07:27:20Z,2025-07-20T07:27:30Z,2025-07-20 07:25:00+00:00,2025-07-20 07:30:00+00:00,5.045532287977673,275732225393.20447,10.4134,3161462249603.716,PSAB_d_2025-07-14
C7,PSAB,2025-07-20T07:27:30Z,2025-07-20T07:27:40Z,2025-07-20 07:25:00+00:00,2025-07-20 07:30:00+00:00,5.045532287977673,275732225393.20447,10.4134,3161462249603.716,PSAB_d_2025-07-14
C7,PSAB,2025-07-20T07:27:40Z,2025-07-20T07:27:50Z,2025-07-20 07:25:00+00:00,2025-07-20 07:30:00+00:00,5.045532287977673,275732225393.20447,10.4134,3161462249603.716,PSAB_d_2025-07-14
C7,PSAB,2025-07-20T07:28:00Z,2025-07-20T07:28:10Z,2025-07-20 07:25:00+00:00,2025-07-20 07:30:00+00:00,5.045532287977673,275732225393.20447,10.4134,3161462249603.716,PSAB_d_2025-07-14
C7,PSAB,2025-07-20T07:28:10Z,2025-07-20T07:28:20Z,2025-07-20 07:25:00+00:00,2025-07-20 07:30:00+00:00,5.045532287977673,275732225393.20447,10.4134,3161462249603.716,PSAB_d_2025-07-14
C7,PSAB,2025-07-20T07:28:20Z,2025-07-20T07:28:30Z,2025-07-20 07:25:00+00:00,2025-07-20 07:30:00+00:00,5.045532287977673,275732225393.20447,10.4134,3161462249603.716,PSAB_d_2025-07-14
C7,PSAB,2025-07-20T07:28:40Z,2025-07-20T07:28:50Z,2025-07-20 07:25:00+00:00,2025-07-20 07:30:00+00:00,5.045532287977673,275732225393.20447,10.4134,3161462249603.716,PSAB_d_2025-07-14
C7,PSAB,2025-07-20T07:28:50Z,2025-07-20T07:29:00Z,2025-07-20 07:25:00+00:00,2025-07-20 07:30:00+00:00,5.045532287977673,275732225393.20447,10.4134,3161462249603.716,PSAB_d_2025-07-14
C7,PSAB,2025-07-20T07:29:00Z,2025-07-20T07:29:10Z,2025-07-20 07:25:00+00:00,2025-07-20 07:30:00+00:00,5.045532287977673,275732225393.20447,10.4134,3161462249603.716,PSAB_d_2025-07-14
C7,PSAB,2025-07-20T07:29:10Z,2025-07-20T07:29:20Z,2025-07-20 07:25:00+00:00,2025-07-20 07:30:00+00:00,5.045532287977673,275732225393.20447,10.4134,3161462249603.716,PSAB_d_2025-07-14
C7,PSAB,2025-07-20T07:29:20Z,2025-07-20T07:29:30Z,2025-07-20 07:25:00+00:00,2025-07-20 07:30:00+00:00,5.045532287977673,275732225393.20447,10.4134,3161462249603.716,PSAB_d_2025-07-14
C7,PSAB,2025-07-20T07:29:30Z,2025-07-20T07:29:40Z,2025-07-20 07:25:00+00:00,2025-07-20 07:30:00+00:00,5.045532287977673,275732225393.20447,10.4134,3161462249603.716,PSAB_d_2025-07-14
C7,PSAB,2025-07-20T07:29:40Z,2025-07-20T07:29:50Z,2025-07-20 07:25:00+00:00,2025-07-20 07:30:00+00:00,5.045532287977673,275732225393.20447,10.4134,3161462249603.716,PSAB_d_2025-07-14
C7,PSAB,2025-07-20T07:29:50Z,2025-07-20T07:30:00Z,2025-07-20 07:25:00+00:00,2025-07-20 07:30:00+00:00,5.045532287977673,275732225393.20447,10.4134,3161462249603.716,PSAB_d_2025-07-14
C7,PPMA,2025-07-20T07:25:10Z,2025-07-20T07:25:20Z,2025-07-20 07:25:00+00:00,2025-07-20 07:30:00+00:00,1.7743222923511466,4751021171150.095,24.3766,4262592844214.596,PPMA_d_2025-07-14
C7,PPMA,2025-07-20T07:25:30Z,2025-07-20T07:25:40Z,2025-07-20 07:25:00+00:00,2025-07-20 07:30:00+00:00,3.7109208139422347,1848433885015.2266,24.3766,4262592844214.596,PPMA_d_2025-07-14
C7,PPMA,2025-07-20T07:25:40Z,2025-07-20T07:25:50Z,2025-07-20 07:25:00+00:00,2025-07-20 07:30:00+00:00,1.5834922627139094,1182881507186.3555,24.3766,4262592844214.596,PPMA_d_2025-07-14
C7,PPMA,2025-07-20T07:26:10Z,2025-07-20T07:26:20Z,2025-07-20 07:25:00+00:00,2025-07-20 07:30:00+00:00,3.3015663399165662,1544789852521.073,24.3766,4262592844214.596,PPMA_d_2025-07-14
C7,PPMA,2025-07-20T07:26:50Z,2025-07-20T07:27:00Z,2025-07-20 07:25:00+00:00,2025-07-20 07:30:00+00:00,2.4174114378895677,1766231331176.6714,24.3766,4262592844214.596,PPMA_d_2025-07-14
C7,PPMA,2025-07-20T07:27:10Z,2025-07-20T07:27:20Z,2025-07-20 07:25:00+00:00,2025-07-20 07:30:00+00:00,11.353823201117702,3758628550482.816,24.3766,4262592844214.596,PPMA_d_2025-07-14
C7,PPMA,2025-07-20T07:27:30Z,2025-07-20T07:27:40Z,2025-07-20 07:25:00+00:00,2025-07-20 07:30:00+00:00,1.4370508116983403,3203366585434.925,24.3766,4262592844214.596,PPMA_d_2025-07-14
C7,PPMA,2025-07-20T07:28:00Z,2025-07-20T07:28:10Z,2025-07-20 07:25:00+00:00,2025-07-20 07:30:00+00:00,6.158587950670227,2599897985215.863,24.3766,4262592844214.596,PPMA_d_2025-07-14
C7,PPMA,2025-07-20T07:28:10Z,2025-07-20T07:28:20Z,2025-07-20 07:25:00+00:00,2025-07-20 07:30:00+00:00,2.174022398342621,1992296141469.5586,24.3766,4262592844214.596,PPMA_d_2025-07-14
C7,PPMA,2025-07-20T07:28:50Z,2025-07-20T07:29:00Z,2025-07-20 07:25:00+00:00,2025-07-20 07:30:00+00:00,2.4651945269490914,3114115999843.17,24.3766,4262592844214.596,PPMA_d_2025-07-14
C7,PPMA,2025-07-20T07:29:00Z,2025-07-20T07:29:10Z,2025-07-20 07:25:00+00:00,2025-07-20 07:30:00+00:00,2.6023388496040223,2593606633707.817,24.3766,4262592844214.596,PPMA_d_2025-07-14
C7,PPMA,2025-07-20T07:29:10Z,2025-07-20T07:29:20Z,2025-07-20 07:25:00+00:00,2025-07-20 07:30:00+00:00,1.535490635563247,2449868235534.3184,24.3766,4262592844214.596,PPMA_d_2025-07-14
C7,PPMA,2025-07-20T07:29:20Z,2025-07-20T07:29:30Z,2025-07-20 07:25:00+00:00,2025-07-20 07:30:00+00:00,3.043494856897058,2186974831480.527,24.3766,4262592844214.596,PPMA_d_2025-07-14
C7,PPMA,2025-07-20T07:29:30Z,2025-07-20T07:29:40Z,2025-07-20 07:25:00+00:00,2025-07-20 07:30:00+00:00,12.169867177108898,4327496727027.7637,24.3766,4262592844214.596,PPMA_d_2025-07-14
C7,PPMA,2025-07-20T07:29:40Z,2025-07-20T07:29:50Z,2025-07-20 07:25:00+00:00,2025-07-20 07:30:00+00:00,4.49399662488864,3547292577193.2715,24.3766,4262592844214.596,PPMA_d_2025-07-14
C7,PSAB,2025-07-20T07:30:00Z,2025-07-20T07:30:10Z,2025-07-20 07:30:00+00:00,2025-07-20 07:35:00+00:00,0.2506802793218514,305605237340.1667,10.4134,3161462249603.716,PSAB_d_2025-07-14
C7,PSAB,2025-07-20T07:30:10Z,2025-07-20T07:30:20Z,2025-07-20 07:30:00+00:00,2025-07-20 07:35:00+00:00,4.720731534609113,267374840302.753,10.4134,3161462249603.716,PSAB_d_2025-07-14
C7,PSAB,2025-07-20T07:30:20Z,2025-07-20T07:30:30Z,2025-07-20 07:30:00+00:00,2025-07-20 07:35:00+00:00,5.045532287977673,275732225393.20447,10.4134,3161462249603.716,PSAB_d_2025-07-14
C7,PSAB,2025-07-20T07:30:30Z,2025-07-20T07:30:40Z,2025-07-20 07:30:00+00:00,2025-07-20 07:35:00+00:00,5.045532287977673,275732225393.20447,10.4134,3161462249603.716,PSAB_d_2025-07-14
C7,PSAB,2025-07-20T07:30:40Z,2025-07-20T07:30:50Z,2025-07-20 07:30:00+00:00,2025-07-20 07:35:00+00:00,5.045532287977673,275732225393.20447,10.4134,3161462249603.716,PSAB_d_2025-07-14
C7,PSAB,2025-07-20T07:30:50Z,2025-07-20T07:31:00Z,2025-07-20 07:30:00+00:00,2025-07-20 07:35:00+00:00,5.045532287977673,275732225393.20447,10.4134,3161462249603.716,PSAB_d_2025-07-14
C7,PSAB,2025-07-20T07:31:00Z,2025-07-20T07:31:10Z,2025-07-20 07:30:00+00:00,2025-07-20 07:35:00+00:00,5.045532287977673,275732225393.20447,10.4134,3161462249603.716,PSAB_d_2025-07-14
C7,PSAB,2025-07-20T07:31:10Z,2025-07-20T07:31:20Z,2025-07-20 07:30:00+00:00,2025-07-20 07:35:00+00:00,5.045532287977673,275732225393.20447,10.4134,3161462249603.716,PSAB_d_2025-07-14
C7,PSAB,2025-07-20T07:31:20Z,2025-07-20T07:31:30Z,2025-07-20 07:30:00+00:00,2025-07-20 07:35:00+00:00,5.045532287977673,275732225393.20447,10.4134,3161462249603.716,PSAB_d_2025-07-14
C7,PSAB,2025-07-20T07:31:30Z,2025-07-20T07:31:40Z,2025-07-20 07:30:00+00:00,2025-07-20 07:35:00+00:00,5.045532287977673,275732225393.20447,10.4134,3161462249603.716,PSAB_d_2025-07-14
C7,PSAB,2025-07-20T07:31:40Z,2025-07-20T07:31:50Z,2025-07-20 07:30:00+00:00,2025-07-20 07:35:00+00:00,5.045532287977673,275732225393.20447,10.4134,3161462249603.716,PSAB_d_2025-07-14
C7,PSAB,2025-07-20T07:31:50Z,2025-07-20T07:32:00Z,2025-07-20 07:30:00+00:00,2025-07-20 07:35:00+00:00,5.045532287977673,275732225393.20447,10.4134,3161462249603.716,PSAB_d_2025-07-14
C7,PSAB,2025-07-20T07:32:00Z,2025-07-20T07:32:10Z,2025-07-20 07:30:00+00:00,2025-07-20 07:35:00+00:00,5.045532287977673,275732225393.20447,10.4134,3161462249603.716,PSAB_d_2025-07-14
C7,PSAB,2025-07-20T07:32:10Z,2025-07-20T07:32:20Z,2025-07-20 07:30:00+00:00,2025-07-20 07:35:00+00:00,5.045532287977673,275732225393.20447,10.4134,3161462249603.716,PSAB_d_2025-07-14
C7,PSAB,2025-07-20T07:32:20Z,2025-07-20T07:32:30Z,2025-07-20 07:30:00+00:00,2025-07-20 07:35:00+00:00,5.045532287977673,275732225393.20447,10.4134,3161462249603.716,PSAB_d_2025-07-14
C7,PSAB,2025-07-20T07:32:40Z,2025-07-20T07:32:50Z,2025-07-20 07:30:00+00:00,2025-07-20 07:35:00+00:00,5.045532287977673,275732225393.20447,10.4134,3161462249603.716,PSAB_d_2025-07-14
C7,PSAB,2025-07-20T07:32:50Z,2025-07-20T07:33:00Z,2025-07-20 07:30:00+00:00,2025-07-20 07:35:00+00:00,5.045532287977673,275732225393.20447,10.4134,3161462249603.716,PSAB_d_2025-07-14
C7,PSAB,2025-07-20T07:33:00Z,2025-07-20T07:33:10Z,2025-07-20 07:30:00+00:00,2025-07-20 07:35:00+00:00,5.045532287977673,275732225393.20447,10.4134,3161462249603.716,PSAB_d_2025-07-14
C7,PSAB,2025-07-20T07:33:10Z,2025-07-20T07:33:20Z,2025-07-20 07:30:00+00:00,2025-07-20 07:35:00+00:00,5.045532287977673,275732225393.20447,10.4134,3161462249603.716,PSAB_d_2025-07-14
C7,PSAB,2025-07-20T07:33:20Z,2025-07-20T07:33:30Z,2025-07-20 07:30:00+00:00,2025-07-20 07:35:00+00:00,5.045532287977673,275732225393.20447,10.4134,3161462249603.716,PSAB_d_2025-07-14
C7,PSAB,2025-07-20T07:33:30Z,2025-07-20T07:33:40Z,2025-07-20 07:30:00+00:00,2025-07-20 07:35:00+00:00,5.045532287977673,275732225393.20447,10.4134,3161462249603.716,PSAB_d_2025-07-14
C7,PSAB,2025-07-20T07:33:40Z,2025-07-20T07:33:50Z,2025-07-20 07:30:00+00:00,2025-07-20 07:35:00+00:00,5.045532287977673,275732225393.20447,10.4134,3161462249603.716,PSAB_d_2025-07-14
C7,PSAB,2025-07-20T07:33:50Z,2025-07-20T07:34:00Z,2025-07-20 07:30:00+00:00,2025-07-20 07:35:00+00:00,5.045532287977673,275732225393.20447,10.4134,3161462249603.716,PSAB_d_2025-07-14
C7,PSAB,2025-07-20T07:34:00Z,2025-07-20T07:34:10Z,2025-07-20 07:30:00+00:00,2025-07-20 07:35:00+00:00,5.045532287977673,275732225393.20447,10.4134,3161462249603.716,PSAB_d_2025-07-14
C7,PSAB,2025-07-20T07:34:10Z,2025-07-20T07:34:20Z,2025-07-20 07:30:00+00:00,2025-07-20 07:35:00+00:00,5.045532287977673,275732225393.20447,10.4134,3161462249603.716,PSAB_d_2025-07-14
C7,PSAB,2025-07-20T07:34:20Z,2025-07-20T07:34:30Z,2025-07-20 07:30:00+00:00,2025-07-20 07:35:00+00:00,5.045532287977673,275732225393.20447,10.4134,3161462249603.716,PSAB_d_2025-07-14
C7,PSAB,2025-07-20T07:34:30Z,2025-07-20T07:34:40Z,2025-07-20 07:30:00+00:00,2025-07-20 07:35:00+00:00,5.045532287977673,275732225393.20447,10.4134,3161462249603.716,PSAB_d_2025-07-14
C7,PSAB,2025-07-20T07:34:40Z,2025-07-20T07:34:50Z,2025-07-20 07:30:00+00:00,2025-07-20 07:35:00+00:00,5.045532287977673,275732225393.20447,10.4134,3161462249603.716,PSAB_d_2025-07-14
C7,PSAB,2025-07-20T07:34:50Z,2025-07-20T07:35:00Z,2025-07-20 07:30:00+00:00,2025-07-20 07:35:00+00:00,5.045532287977673,275732225393.20447,10.4134,3161462249603.716,PSAB_d_2025-07-14
C7,PPMA,2025-07-20T07:30:00Z,2025-07-20T07:30:10Z,2025-07-20 07:30:00+00:00,2025-07-20 07:35:00+00:00,1.7743222923511466,4751021171150.095,24.3766,4262592844214.596,PPMA_d_2025-07-14
C7,PPMA,2025-07-20T07:30:10Z,2025-07-20T07:30:20Z,2025-07-20 07:30:00+00:00,2025-07-20 07:35:00+00:00,3.7109208139422347,1848433885015.2266,24.3766,4262592844214.596,PPMA_d_2025-07-14
C7,PPMA,2025-07-20T07:30:20Z,2025-07-20T07:30:30Z,2025-07-20 07:30:00+00:00,2025-07-20 07:35:00+00:00,1.5834922627139094,1182881507186.3555,24.3766,4262592844214.596,PPMA_d_2025-07-14
C7,PPMA,2025-07-20T07:30:30Z,2025-07-20T07:30:40Z,2025-07-20 07:30:00+00:00,2025-07-20 07:35:00+00:00,3.3015663399165662,1544789852521.073,24.3766,4262592844214.596,PPMA_d_2025-07-14
C7,PPMA,2025-07-20T07:30:50Z,2025-07-20T07:31:00Z,2025-07-20 07:30:00+00:00,2025-07-20 07:35:00+00:00,2.4174114378895677,1766231331176.6714,24.3766,4262592844214.596,PPMA_d_2025-07-14
C7,PPMA,2025-07-20T07:31:00Z,2025-07-20T07:31:10Z,2025-07-20 07:30:00+00:00,2025-07-20 07:35:00+00:00,11.353823201117702,3758628550482.816,24.3766,4262592844214.596,PPMA_d_2025-07-14
C7,PPMA,2025-07-20T07:31:20Z,2025-07-20T07:31:30Z,2025-07-20 07:30:00+00:00,2025-07-20 07:35:00+00:00,1.4370508116983403,3203366585434.925,24.3766,4262592844214.596,PPMA_d_2025-07-14
C7,PPMA,2025-07-20T07:31:40Z,2025-07-20T07:31:50Z,2025-07-20 07:30:00+00:00,2025-07-20 07:35:00+00:00,6.158587950670227,2599897985215.863,24.3766,4262592844214.596,PPMA_d_2025-07-14
C7,PPMA,2025-07-20T07:31:50Z,2025-07-20T07:32:00Z,2025-07-20 07:30:00+00:00,2025-07-20 07:35:00+00:00,2.174022398342621,1992296141469.5586,24.3766,4262592844214.596,PPMA_d_2025-07-14
C7,PPMA,2025-07-20T07:32:00Z,2025-07-20T07:32:10Z,2025-07-20 07:30:00+00:00,2025-07-20 07:35:00+00:00,2.4651945269490914,3114115999843.17,24.3766,4262592844214.596,PPMA_d_2025-07-14
C7,PPMA,2025-07-20T07:32:10Z,2025-07-20T07:32:20Z,2025-07-20 07:30:00+00:00,2025-07-20 07:35:00+00:00,2.6023388496040223,2593606633707.817,24.3766,4262592844214.596,PPMA_d_2025-07-14
C7,PPMA,2025-07-20T07:32:20Z,2025-07-20T07:32:30Z,2025-07-20 07:30:00+00:00,2025-07-20 07:35:00+00:00,1.535490635563247,2449868235534.3184,24.3766,4262592844214.596,PPMA_d_2025-07-14
C7,PPMA,2025-07-20T07:32:40Z,2025-07-20T07:32:50Z,2025-07-20 07:30:00+00:00,2025-07-20 07:35:00+00:00,3.043494856897058,2186974831480.527,24.3766,4262592844214.596,PPMA_d_2025-07-14
C7,PPMA,2025-07-20T07:32:50Z,2025-07-20T07:33:00Z,2025-07-20 07:30:00+00:00,2025-07-20 07:35:00+00:00,12.169867177108898,4327496727027.7637,24.3766,4262592844214.596,PPMA_d_2025-07-14
C7,PPMA,2025-07-20T07:33:00Z,2025-07-20T07:33:10Z,2025-07-20 07:30:00+00:00,2025-07-20 07:35:00+00:00,4.49399662488864,3547292577193.2715,24.3766,4262592844214.596,PPMA_d_2025-07-14
C7,PPMA,2025-07-20T07:33:10Z,2025-07-20T07:33:20Z,2025-07-20 07:30:00+00:00,2025-07-20 07:35:00+00:00,1.6286213796555415,2249721025671.564,24.3766,4262592844214.596,PPMA_d_2025-07-14
C7,PPMA,2025-07-20T07:33:20Z,2025-07-20T07:33:30Z,2025-07-20 07:30:00+00:00,2025-07-20 07:35:00+00:00,0.49356001952933054,939370276448.635,24.3766,4262592844214.596,PPMA_d_2025-07-14
C7,PPMA,2025-07-20T07:33:30Z,2025-07-20T07:33:40Z,2025-07-20 07:30:00+00:00,2025-07-20 07:35:00+00:00,0.8122796216759274,389594897592.9749,24.3766,4262592844214.596,PPMA_d_2025-07-14
C7,PPMA,2025-07-20T07:33:40Z,2025-07-20T07:33:50Z,2025-07-20 07:30:00+00:00,2025-07-20 07:35:00+00:00,0.8122796216759274,389594897592.9749,24.3766,4262592844214.596,PPMA_d_2025-07-14
C7,PPMA,2025-07-20T07:33:50Z,2025-07-20T07:34:00Z,2025-07-20 07:30:00+00:00,2025-07-20 07:35:00+00:00,0.8122796216759274,389594897592.9749,24.3766,4262592844214.596,PPMA_d_2025-07-14
C7,PPMA,2025-07-20T07:34:00Z,2025-07-20T07:34:10Z,2025-07-20 07:30:00+00:00,2025-07-20 07:35:00+00:00,0.8122796216759274,389594897592.9749,24.3766,4262592844214.596,PPMA_d_2025-07-14
C7,PPMA,2025-07-20T07:34:10Z,2025-07-20T07:34:20Z,2025-07-20 07:30:00+00:00,2025-07-20 07:35:00+00:00,0.8122796216759274,389594897592.9749,24.3766,4262592844214.596,PPMA_d_2025-07-14
C7,PPMA,2025-07-20T07:34:20Z,2025-07-20T07:34:30Z,2025-07-20 07:30:00+00:00,2025-07-20 07:35:00+00:00,0.8122796216759274,389594897592.9749,24.3766,4262592844214.596,PPMA_d_2025-07-14
C7,PPMA,2025-07-20T07:34:30Z,2025-07-20T07:34:40Z,2025-07-20 07:30:00+00:00,2025-07-20 07:35:00+00:00,0.8122796216759274,389594897592.9749,24.3766,4262592844214.596,PPMA_d_2025-07-14
C7,PPMA,2025-07-20T07:34:50Z,2025-07-20T07:35:00Z,2025-07-20 07:30:00+00:00,2025-07-20 07:35:00+00:00,0.8122796216759274,389594897592.9749,24.3766,4262592844214.596,PPMA_d_2025-07-14
C7,PSAB,2025-07-20T07:35:00Z,2025-07-20T07:35:10Z,2025-07-20 07:35:00+00:00,2025-07-20 07:40:00+00:00,0.2506802793218514,305605237340.1667,10.4134,3161462249603.716,PSAB_d_2025-07-14
C7,PSAB,2025-07-20T07:35:10Z,2025-07-20T07:35:20Z,2025-07-20 07:35:00+00:00,2025-07-20 07:40:00+00:00,4.720731534609113,267374840302.753,10.4134,3161462249603.716,PSAB_d_2025-07-14
C7,PSAB,2025-07-20T07:35:20Z,2025-07-20T07:35:30Z,2025-07-20 07:35:00+00:00,2025-07-20 07:40:00+00:00,5.045532287977673,275732225393.20447,10.4134,3161462249603.716,PSAB_d_2025-07-14
C7,PSAB,2025-07-20T07:35:30Z,2025-07-20T07:35:40Z,2025-07-20 07:35:00+00:00,2025-07-20 07:40:00+00:00,5.045532287977673,275732225393.20447,10.4134,3161462249603.716,PSAB_d_2025-07-14
C7,PSAB,2025-07-20T07:35:40Z,2025-07-20T07:35:50Z,2025-07-20 07:35:00+00:00,2025-07-20 07:40:00+00:00,5.045532287977673,275732225393.20447,10.4134,3161462249603.716,PSAB_d_2025-07-14
C7,PSAB,2025-07-20T07:35:50Z,2025-07-20T07:36:00Z,2025-07-20 07:35:00+00:00,2025-07-20 07:40:00+00:00,5.045532287977673,275732225393.20447,10.4134,3161462249603.716,PSAB_d_2025-07-14
C7,PSAB,2025-07-20T07:36:00Z,2025-07-20T07:36:10Z,2025-07-20 07:35:00+00:00,2025-07-20 07:40:00+00:00,5.045532287977673,275732225393.20447,10.4134,3161462249603.716,PSAB_d_2025-07-14
C7,PSAB,2025-07-20T07:36:10Z,2025-07-20T07:36:20Z,2025-07-20 07:35:00+00:00,2025-07-20 07:40:00+00:00,5.045532287977673,275732225393.20447,10.4134,3161462249603.716,PSAB_d_2025-07-14
C7,PSAB,2025-07-20T07:36:20Z,2025-07-20T07:36:30Z,2025-07-20 07:35:00+00:00,2025-07-20 07:40:00+00:00,5.045532287977673,275732225393.20447,10.4134,3161462249603.716,PSAB_d_2025-07-14
C7,PSAB,2025-07-20T07:36:30Z,2025-07-20T07:36:40Z,2025-07-20 07:35:00+00:00,2025-07-20 07:40:00+00:00,5.045532287977673,275732225393.20447,10.4134,3161462249603.716,PSAB_d_2025-07-14
C7,PSAB,2025-07-20T07:36:40Z,2025-07-20T07:36:50Z,2025-07-20 07:35:00+00:00,2025-07-20 07:40:00+00:00,5.045532287977673,275732225393.20447,10.4134,3161462249603.716,PSAB_d_2025-07-14
C7,PSAB,2025-07-20T07:36:50Z,2025-07-20T07:37:00Z,2025-07-20 07:35:00+00:00,2025-07-20 07:40:00+00:00,5.045532287977673,275732225393.20447,10.4134,3161462249603.716,PSAB_d_2025-07-14
C7,PSAB,2025-07-20T07:37:00Z,2025-07-20T07:37:10Z,2025-07-20 07:35:00+00:00,2025-07-20 07:40:00+00:00,5.045532287977673,275732225393.20447,10.4134,3161462249603.716,PSAB_d_2025-07-14
C7,PSAB,2025-07-20T07:37:10Z,2025-07-20T07:37:20Z,2025-07-20 07:35:00+00:00,2025-07-20 07:40:00+00:00,5.045532287977673,275732225393.20447,10.4134,3161462249603.716,PSAB_d_2025-07-14
C7,PSAB,2025-07-20T07:37:20Z,2025-07-20T07:37:30Z,2025-07-20 07:35:00+00:00,2025-07-20 07:40:00+00:00,5.045532287977673,275732225393.20447,10.4134,3161462249603.716,PSAB_d_2025-07-14
C7,PSAB,2025-07-20T07:37:30Z,2025-07-20T07:37:40Z,2025-07-20 07:35:00+00:00,2025-07-20 07:40:00+00:00,5.045532287977673,275732225393.20447,10.4134,3161462249603.716,PSAB_d_2025-07-14
C7,PSAB,2025-07-20T07:37:40Z,2025-07-20T07:37:50Z,2025-07-20 07:35:00+00:00,2025-07-20 07:40:00+00:00,5.045532287977673,275732225393.20447,10.4134,3161462249603.716,PSAB_d_2025-07-14
C7,PSAB,2025-07-20T07:37:50Z,2025-07-20T07:38:00Z,2025-07-20 07:35:00+00:00,2025-07-20 07:40:00+00:00,5.045532287977673,275732225393.20447,10.4134,3161462249603.716,PSAB_d_2025-07-14
C7,PSAB,2025-07-20T07:38:00Z,2025-07-20T07:38:10Z,2025-07-20 07:35:00+00:00,2025-07-20 07:40:00+00:00,5.045532287977673,275732225393.20447,10.4134,3161462249603.716,PSAB_d_2025-07-14
C7,PSAB,2025-07-20T07:38:10Z,2025-07-20T07:38:20Z,2025-07-20 07:35:00+00:00,2025-07-20 07:40:00+00:00,5.045532287977673,275732225393.20447,10.4134,3161462249603.716,PSAB_d_2025-07-14
C7,PSAB,2025-07-20T07:38:20Z,2025-07-20T07:38:30Z,2025-07-20 07:35:00+00:00,2025-07-20 07:40:00+00:00,5.045532287977673,275732225393.20447,10.4134,3161462249603.716,PSAB_d_2025-07-14
C7,PSAB,2025-07-20T07:38:30Z,2025-07-20T07:38:40Z,2025-07-20 07:35:00+00:00,2025-07-20 07:40:00+00:00,5.045532287977673,275732225393.20447,10.4134,3161462249603.716,PSAB_d_2025-07-14
C7,PSAB,2025-07-20T07:38:40Z,2025-07-20T07:38:50Z,2025-07-20 07:35:00+00:00,2025-07-20 07:40:00+00:00,5.045532287977673,275732225393.20447,10.4134,3161462249603.716,PSAB_d_2025-07-14
C7,PSAB,2025-07-20T07:38:50Z,2025-07-20T07:39:00Z,2025-07-20 07:35:00+00:00,2025-07-20 07:40:00+00:00,5.045532287977673,275732225393.20447,10.4134,3161462249603.716,PSAB_d_2025-07-14
C7,PSAB,2025-07-20T07:39:00Z,2025-07-20T07:39:10Z,2025-07-20 07:35:00+00:00,2025-07-20 07:40:00+00:00,5.045532287977673,275732225393.20447,10.4134,3161462249603.716,PSAB_d_2025-07-14
C7,PSAB,2025-07-20T07:39:10Z,2025-07-20T07:39:20Z,2025-07-20 07:35:00+00:00,2025-07-20 07:40:00+00:00,5.045532287977673,275732225393.20447,10.4134,3161462249603.716,PSAB_d_2025-07-14
C7,PSAB,2025-07-20T07:39:20Z,2025-07-20T07:39:30Z,2025-07-20 07:35:00+00:00,2025-07-20 07:40:00+00:00,5.045532287977673,275732225393.20447,10.4134,3161462249603.716,PSAB_d_2025-07-14
C7,PSAB,2025-07-20T07:39:30Z,2025-07-20T07:39:40Z,2025-07-20 07:35:00+00:00,2025-07-20 07:40:00+00:00,5.045532287977673,275732225393.20447,10.4134,3161462249603.716,PSAB_d_2025-07-14
C7,PSAB,2025-07-20T07:39:40Z,2025-07-20T07:39:50Z,2025-07-20 07:35:00+00:00,2025-07-20 07:40:00+00:00,5.045532287977673,275732225393.20447,10.4134,3161462249603.716,PSAB_d_2025-07-14
C7,PSAB,2025-07-20T07:39:50Z,2025-07-20T07:40:00Z,2025-07-20 07:35:00+00:00,2025-07-20 07:40:00+00:00,5.045532287977673,275732225393.20447,10.4134,3161462249603.716,PSAB_d_2025-07-14
C7,PPMA,2025-07-20T07:35:00Z,2025-07-20T07:35:10Z,2025-07-20 07:35:00+00:00,2025-07-20 07:40:00+00:00,1.7743222923511466,4751021171150.095,24.3766,4262592844214.596,PPMA_d_2025-07-14
C7,PPMA,2025-07-20T07:35:30Z,2025-07-20T07:35:40Z,2025-07-20 07:35:00+00:00,2025-07-20 07:40:00+00:00,3.7109208139422347,1848433885015.2266,24.3766,4262592844214.596,PPMA_d_2025-07-14
C7,PPMA,2025-07-20T07:35:40Z,2025-07-20T07:35:50Z,2025-07-20 07:35:00+00:00,2025-07-20 07:40:00+00:00,1.5834922627139094,1182881507186.3555,24.3766,4262592844214.596,PPMA_d_2025-07-14
C7,PPMA,2025-07-20T07:35:50Z,2025-07-20T07:36:00Z,2025-07-20 07:35:00+00:00,2025-07-20 07:40:00+00:00,3.3015663399165662,1544789852521.073,24.3766,4262592844214.596,PPMA_d_2025-07-14
C7,PPMA,2025-07-20T07:36:20Z,2025-07-20T07:36:30Z,2025-07-20 07:35:00+00:00,2025-07-20 07:40:00+00:00,2.4174114378895677,1766231331176.6714,24.3766,4262592844214.596,PPMA_d_2025-07-14
C7,PPMA,2025-07-20T07:36:30Z,2025-07-20T07:36:40Z,2025-07-20 07:35:00+00:00,2025-07-20 07:40:00+00:00,11.353823201117702,3758628550482.816,24.3766,4262592844214.596,PPMA_d_2025-07-14
C7,PPMA,2025-07-20T07:36:40Z,2025-07-20T07:36:50Z,2025-07-20 07:35:00+00:00,2025-07-20 07:40:00+00:00,1.4370508116983403,3203366585434.925,24.3766,4262592844214.596,PPMA_d_2025-07-14
C7,PPMA,2025-07-20T07:36:50Z,2025-07-20T07:37:00Z,2025-07-20 07:35:00+00:00,2025-07-20 07:40:00+00:00,6.158587950670227,2599897985215.863,24.3766,4262592844214.596,PPMA_d_2025-07-14
C7,PPMA,2025-07-20T07:37:00Z,2025-07-20T07:37:10Z,2025-07-20 07:35:00+00:00,2025-07-20 07:40:00+00:00,2.174022398342621,1992296141469.5586,24.3766,4262592844214.596,PPMA_d_2025-07-14
C7,PPMA,2025-07-20T07:37:10Z,2025-07-20T07:37:20Z,2025-07-20 07:35:00+00:00,2025-07-20 07:40:00+00:00,2.4651945269490914,3114115999843.17,24.3766,4262592844214.596,PPMA_d_2025-07-14
C7,PPMA,2025-07-20T07:37:20Z,2025-07-20T07:37:30Z,2025-07-20 07:35:00+00:00,2025-07-20 07:40:00+00:00,2.6023388496040223,2593606633707.817,24.3766,4262592844214.596,PPMA_d_2025-07-14
C7,PPMA,2025-07-20T07:37:30Z,2025-07-20T07:37:40Z,2025-07-20 07:35:00+00:00,2025-07-20 07:40:00+00:00,1.535490635563247,2449868235534.3184,24.3766,4262592844214.596,PPMA_d_2025-07-14
C7,PPMA,2025-07-20T07:37:40Z,2025-07-20T07:37:50Z,2025-07-20 07:35:00+00:00,2025-07-20 07:40:00+00:00,3.043494856897058,2186974831480.527,24.3766,4262592844214.596,PPMA_d_2025-07-14
C7,PPMA,2025-07-20T07:37:50Z,2025-07-20T07:38:00Z,2025-07-20 07:35:00+00:00,2025-07-20 07:40:00+00:00,12.169867177108898,4327496727027.7637,24.3766,4262592844214.596,PPMA_d_2025-07-14
C7,PPMA,2025-07-20T07:38:00Z,2025-07-20T07:38:10Z,2025-07-20 07:35:00+00:00,2025-07-20 07:40:00+00:00,4.49399662488864,3547292577193.2715,24.3766,4262592844214.596,PPMA_d_2025-07-14
C7,PPMA,2025-07-20T07:38:10Z,2025-07-20T07:38:20Z,2025-07-20 07:35:00+00:00,2025-07-20 07:40:00+00:00,1.6286213796555415,2249721025671.564,24.3766,4262592844214.596,PPMA_d_2025-07-14
C7,PPMA,2025-07-20T07:38:20Z,2025-07-20T07:38:30Z,2025-07-20 07:35:00+00:00,2025-07-20 07:40:00+00:00,0.49356001952933054,939370276448.635,24.3766,4262592844214.596,PPMA_d_2025-07-14
C7,PPMA,2025-07-20T07:38:30Z,2025-07-20T07:38:40Z,2025-07-20 07:35:00+00:00,2025-07-20 07:40:00+00:00,0.8122796216759274,389594897592.9749,24.3766,4262592844214.596,PPMA_d_2025-07-14
C7,PPMA,2025-07-20T07:38:40Z,2025-07-20T07:38:50Z,2025-07-20 07:35:00+00:00,2025-07-20 07:40:00+00:00,0.8122796216759274,389594897592.9749,24.3766,4262592844214.596,PPMA_d_2025-07-14
C7,PPMA,2025-07-20T07:38:50Z,2025-07-20T07:39:00Z,2025-07-20 07:35:00+00:00,2025-07-20 07:40:00+00:00,0.8122796216759274,389594897592.9749,24.3766,4262592844214.596,PPMA_d_2025-07-14
C7,PPMA,2025-07-20T07:39:00Z,2025-07-20T07:39:10Z,2025-07-20 07:35:00+00:00,2025-07-20 07:40:00+00:00,0.8122796216759274,389594897592.9749,24.3766,4262592844214.596,PPMA_d_2025-07-14
C7,PPMA,2025-07-20T07:39:20Z,2025-07-20T07:39:30Z,2025-07-20 07:35:00+00:00,2025-07-20 07:40:00+00:00,0.8122796216759274,389594897592.9749,24.3766,4262592844214.596,PPMA_d_2025-07-14
C7,PPMA,2025-07-20T07:39:30Z,2025-07-20T07:39:40Z,2025-07-20 07:35:00+00:00,2025-07-20 07:40:00+00:00,0.8122796216759274,389594897592.9749,24.3766,4262592844214.596,PPMA_d_2025-07-14
C7,PPMA,2025-07-20T07:39:40Z,2025-07-20T07:39:50Z,2025-07-20 07:35:00+00:00,2025-07-20 07:40:00+00:00,0.8122796216759274,389594897592.9749,24.3766,4262592844214.596,PPMA_d_2025-07-14
C7,PPMA,2025-07-20T07:39:50Z,2025-07-20T07:40:00Z,2025-07-20 07:35:00+00:00,2025-07-20 07:40:00+00:00,0.8122796216759274,389594897592.9749,24.3766,4262592844214.596,PPMA_d_2025-07-14
C7,PSAB,2025-07-20T07:40:00Z,2025-07-20T07:40:10Z,2025-07-20 07:40:00+00:00,2025-07-20 07:45:00+00:00,0.2506802793218514,305605237340.1667,10.4134,3161462249603.716,PSAB_d_2025-07-14
C7,PSAB,2025-07-20T07:40:10Z,2025-07-20T07:40:20Z,2025-07-20 07:40:00+00:00,2025-07-20 07:45:00+00:00,4.720731534609113,267374840302.753,10.4134,3161462249603.716,PSAB_d_2025-07-14
C7,PSAB,2025-07-20T07:40:20Z,2025-07-20T07:40:30Z,2025-07-20 07:40:00+00:00,2025-07-20 07:45:00+00:00,5.045532287977673,275732225393.20447,10.4134,3161462249603.716,PSAB_d_2025-07-14
C7,PSAB,2025-07-20T07:40:30Z,2025-07-20T07:40:40Z,2025-07-20 07:40:00+00:00,2025-07-20 07:45:00+00:00,5.045532287977673,275732225393.20447,10.4134,3161462249603.716,PSAB_d_2025-07-14
C7,PSAB,2025-07-20T07:40:40Z,2025-07-20T07:40:50Z,2025-07-20 07:40:00+00:00,2025-07-20 07:45:00+00:00,5.045532287977673,275732225393.20447,10.4134,3161462249603.716,PSAB_d_2025-07-14
C7,PSAB,2025-07-20T07:40:50Z,2025-07-20T07:41:00Z,2025-07-20 07:40:00+00:00,2025-07-20 07:45:00+00:00,5.045532287977673,275732225393.20447,10.4134,3161462249603.716,PSAB_d_2025-07-14
C7,PSAB,2025-07-20T07:41:00Z,2025-07-20T07:41:10Z,2025-07-20 07:40:00+00:00,2025-07-20 07:45:00+00:00,5.045532287977673,275732225393.20447,10.4134,3161462249603.716,PSAB_d_2025-07-14
C7,PSAB,2025-07-20T07:41:10Z,2025-07-20T07:41:20Z,2025-07-20 07:40:00+00:00,2025-07-20 07:45:00+00:00,5.045532287977673,275732225393.20447,10.4134,3161462249603.716,PSAB_d_2025-07-14
C7,PSAB,2025-07-20T07:41:20Z,2025-07-20T07:41:30Z,2025-07-20 07:40:00+00:00,2025-07-20 07:45:00+00:00,5.045532287977673,275732225393.20447,10.4134,3161462249603.716,PSAB_d_2025-07-14
C7,PSAB,2025-07-20T07:41:30Z,2025-07-20T07:41:40Z,2025-07-20 07:40:00+00:00,2025-07-20 07:45:00+00:00,5.045532287977673,275732225393.20447,10.4134,3161462249603.716,PSAB_d_2025-07-14
C7,PSAB,2025-07-20T07:41:40Z,2025-07-20T07:41:50Z,2025-07-20 07:40:00+00:00,2025-07-20 07:45:00+00:00,5.045532287977673,275732225393.20447,10.4134,3161462249603.716,PSAB_d_2025-07-14
C7,PSAB,2025-07-20T07:41:50Z,2025-07-20T07:42:00Z,2025-07-20 07:40:00+00:00,2025-07-20 07:45:00+00:00,5.045532287977673,275732225393.20447,10.4134,3161462249603.716,PSAB_d_2025-07-14
C7,PSAB,2025-07-20T07:42:00Z,2025-07-20T07:42:10Z,2025-07-20 07:40:00+00:00,2025-07-20 07:45:00+00:00,5.045532287977673,275732225393.20447,10.4134,3161462249603.716,PSAB_d_2025-07-14
C7,PSAB,2025-07-20T07:42:10Z,2025-07-20T07:42:20Z,2025-07-20 07:40:00+00:00,2025-07-20 07:45:00+00:00,5.045532287977673,275732225393.20447,10.4134,3161462249603.716,PSAB_d_2025-07-14
C7,PSAB,2025-07-20T07:42:20Z,2025-07-20T07:42:30Z,2025-07-20 07:40:00+00:00,2025-07-20 07:45:00+00:00,5.045532287977673,275732225393.20447,10.4134,3161462249603.716,PSAB_d_2025-07-14
C7,PSAB,2025-07-20T07:42:30Z,2025-07-20T07:42:40Z,2025-07-20 07:40:00+00:00,2025-07-20 07:45:00+00:00,5.045532287977673,275732225393.20447,10.4134,3161462249603.716,PSAB_d_2025-07-14
C7,PSAB,2025-07-20T07:42:40Z,2025-07-20T07:42:50Z,2025-07-20 07:40:00+00:00,2025-07-20 07:45:00+00:00,5.045532287977673,275732225393.20447,10.4134,3161462249603.716,PSAB_d_2025-07-14
C7,PSAB,2025-07-20T07:43:00Z,2025-07-20T07:43:10Z,2025-07-20 07:40:00+00:00,2025-07-20 07:45:00+00:00,5.045532287977673,275732225393.20447,10.4134,3161462249603.716,PSAB_d_2025-07-14
C7,PSAB,2025-07-20T07:43:10Z,2025-07-20T07:43:20Z,2025-07-20 07:40:00+00:00,2025-07-20 07:45:00+00:00,5.045532287977673,275732225393.20447,10.4134,3161462249603.716,PSAB_d_2025-07-14
C7,PSAB,2025-07-20T07:43:20Z,2025-07-20T07:43:30Z,2025-07-20 07:40:00+00:00,2025-07-20 07:45:00+00:00,5.045532287977673,275732225393.20447,10.4134,3161462249603.716,PSAB_d_2025-07-14
C7,PSAB,2025-07-20T07:43:30Z,2025-07-20T07:43:40Z,2025-07-20 07:40:00+00:00,2025-07-20 07:45:00+00:00,5.045532287977673,275732225393.20447,10.4134,3161462249603.716,PSAB_d_2025-07-14
C7,PSAB,2025-07-20T07:43:40Z,2025-07-20T07:43:50Z,2025-07-20 07:40:00+00:00,2025-07-20 07:45:00+00:00,5.045532287977673,275732225393.20447,10.4134,3161462249603.716,PSAB_d_2025-07-14
C7,PSAB,2025-07-20T07:43:50Z,2025-07-20T07:44:00Z,2025-07-20 07:40:00+00:00,2025-07-20 07:45:00+00:00,5.045532287977673,275732225393.20447,10.4134,3161462249603.716,PSAB_d_2025-07-14
C7,PSAB,2025-07-20T07:44:00Z,2025-07-20T07:44:10Z,2025-07-20 07:40:00+00:00,2025-07-20 07:45:00+00:00,5.045532287977673,275732225393.20447,10.4134,3161462249603.716,PSAB_d_2025-07-14
C7,PSAB,2025-07-20T07:44:10Z,2025-07-20T07:44:20Z,2025-07-20 07:40:00+00:00,2025-07-20 07:45:00+00:00,5.045532287977673,275732225393.20447,10.4134,3161462249603.716,PSAB_d_2025-07-14
C7,PSAB,2025-07-20T07:44:20Z,2025-07-20T07:44:30Z,2025-07-20 07:40:00+00:00,2025-07-20 07:45:00+00:00,5.045532287977673,275732225393.20447,10.4134,3161462249603.716,PSAB_d_2025-07-14
C7,PSAB,2025-07-20T07:44:30Z,2025-07-20T07:44:40Z,2025-07-20 07:40:00+00:00,2025-07-20 07:45:00+00:00,5.045532287977673,275732225393.20447,10.4134,3161462249603.716,PSAB_d_2025-07-14
C7,PSAB,2025-07-20T07:44:40Z,2025-07-20T07:44:50Z,2025-07-20 07:40:00+00:00,2025-07-20 07:45:00+00:00,5.045532287977673,275732225393.20447,10.4134,3161462249603.716,PSAB_d_2025-07-14
C7,PSAB,2025-07-20T07:44:50Z,2025-07-20T07:45:00Z,2025-07-20 07:40:00+00:00,2025-07-20 07:45:00+00:00,5.045532287977673,275732225393.20447,10.4134,3161462249603.716,PSAB_d_2025-07-14
C7,PPMA,2025-07-20T07:40:00Z,2025-07-20T07:40:10Z,2025-07-20 07:40:00+00:00,2025-07-20 07:45:00+00:00,1.7743222923511466,4751021171150.095,24.3766,4262592844214.596,PPMA_d_2025-07-14
C7,PPMA,2025-07-20T07:40:10Z,2025-07-20T07:40:20Z,2025-07-20 07:40:00+00:00,2025-07-20 07:45:00+00:00,3.7109208139422347,1848433885015.2266,24.3766,4262592844214.596,PPMA_d_2025-07-14
C7,PPMA,2025-07-20T07:40:20Z,2025-07-20T07:40:30Z,2025-07-20 07:40:00+00:00,2025-07-20 07:45:00+00:00,1.5834922627139094,1182881507186.3555,24.3766,4262592844214.596,PPMA_d_2025-07-14
C7,PPMA,2025-07-20T07:40:30Z,2025-07-20T07:40:40Z,2025-07-20 07:40:00+00:00,2025-07-20 07:45:00+00:00,3.3015663399165662,1544789852521.073,24.3766,4262592844214.596,PPMA_d_2025-07-14
C7,PPMA,2025-07-20T07:40:40Z,2025-07-20T07:40:50Z,2025-07-20 07:40:00+00:00,2025-07-20 07:45:00+00:00,2.4174114378895677,1766231331176.6714,24.3766,4262592844214.596,PPMA_d_2025-07-14
C7,PPMA,2025-07-20T07:40:50Z,2025-07-20T07:41:00Z,2025-07-20 07:40:00+00:00,2025-07-20 07:45:00+00:00,11.353823201117702,3758628550482.816,24.3766,4262592844214.596,PPMA_d_2025-07-14
C7,PPMA,2025-07-20T07:41:00Z,2025-07-20T07:41:10Z,2025-07-20 07:40:00+00:00,2025-07-20 07:45:00+00:00,1.4370508116983403,3203366585434.925,24.3766,4262592844214.596,PPMA_d_2025-07-14
C7,PPMA,2025-07-20T07:41:10Z,2025-07-20T07:41:20Z,2025-07-20 07:40:00+00:00,2025-07-20 07:45:00+00:00,6.158587950670227,2599897985215.863,24.3766,4262592844214.596,PPMA_d_2025-07-14
C7,PPMA,2025-07-20T07:41:20Z,2025-07-20T07:41:30Z,2025-07-20 07:40:00+00:00,2025-07-20 07:45:00+00:00,2.174022398342621,1992296141469.5586,24.3766,4262592844214.596,PPMA_d_2025-07-14
C7,PPMA,2025-07-20T07:41:30Z,2025-07-20T07:41:40Z,2025-07-20 07:40:00+00:00,2025-07-20 07:45:00+00:00,2.4651945269490914,3114115999843.17,24.3766,4262592844214.596,PPMA_d_2025-07-14
C7,PPMA,2025-07-20T07:41:40Z,2025-07-20T07:41:50Z,2025-07-20 07:40:00+00:00,2025-07-20 07:45:00+00:00,2.6023388496040223,2593606633707.817,24.3766,4262592844214.596,PPMA_d_2025-07-14
C7,PPMA,2025-07-20T07:41:50Z,2025-07-20T07:42:00Z,2025-07-20 07:40:00+00:00,2025-07-20 07:45:00+00:00,1.535490635563247,2449868235534.3184,24.3766,4262592844214.596,PPMA_d_2025-07-14
C7,PPMA,2025-07-20T07:42:00Z,2025-07-20T07:42:10Z,2025-07-20 07:40:00+00:00,2025-07-20 07:45:00+00:00,3.043494856897058,2186974831480.527,24.3766,4262592844214.596,PPMA_d_2025-07-14
C7,PPMA,2025-07-20T07:42:20Z,2025-07-20T07:42:30Z,2025-07-20 07:40:00+00:00,2025-07-20 07:45:00+00:00,12.169867177108898,4327496727027.7637,24.3766,4262592844214.596,PPMA_d_2025-07-14
C7,PPMA,2025-07-20T07:42:30Z,2025-07-20T07:42:40Z,2025-07-20 07:40:00+00:00,2025-07-20 07:45:00+00:00,4.49399662488864,3547292577193.2715,24.3766,4262592844214.596,PPMA_d_2025-07-14
C7,PPMA,2025-07-20T07:43:20Z,2025-07-20T07:43:30Z,2025-07-20 07:40:00+00:00,2025-07-20 07:45:00+00:00,1.6286213796555415,2249721025671.564,24.3766,4262592844214.596,PPMA_d_2025-07-14
C7,PPMA,2025-07-20T07:43:30Z,2025-07-20T07:43:40Z,2025-07-20 07:40:00+00:00,2025-07-20 07:45:00+00:00,0.49356001952933054,939370276448.635,24.3766,4262592844214.596,PPMA_d_2025-07-14
C7,PPMA,2025-07-20T07:43:40Z,2025-07-20T07:43:50Z,2025-07-20 07:40:00+00:00,2025-07-20 07:45:00+00:00,0.8122796216759274,389594897592.9749,24.3766,4262592844214.596,PPMA_d_2025-07-14
C7,PPMA,2025-07-20T07:43:50Z,2025-07-20T07:44:00Z,2025-07-20 07:40:00+00:00,2025-07-20 07:45:00+00:00,0.8122796216759274,389594897592.9749,24.3766,4262592844214.596,PPMA_d_2025-07-14
C7,PPMA,2025-07-20T07:44:00Z,2025-07-20T07:44:10Z,2025-07-20 07:40:00+00:00,2025-07-20 07:45:00+00:00,0.8122796216759274,389594897592.9749,24.3766,4262592844214.596,PPMA_d_2025-07-14
C7,PPMA,2025-07-20T07:44:10Z,2025-07-20T07:44:20Z,2025-07-20 07:40:00+00:00,2025-07-20 07:45:00+00:00,0.8122796216759274,389594897592.9749,24.3766,4262592844214.596,PPMA_d_2025-07-14
C7,PPMA,2025-07-20T07:44:20Z,2025-07-20T07:44:30Z,2025-07-20 07:40:00+00:00,2025-07-20 07:45:00+00:00,0.8122796216759274,389594897592.9749,24.3766,4262592844214.596,PPMA_d_2025-07-14
C7,PPMA,2025-07-20T07:44:40Z,2025-07-20T07:44:50Z,2025-07-20 07:40:00+00:00,2025-07-20 07:45:00+00:00,0.8122796216759274,389594897592.9749,24.3766,4262592844214.596,PPMA_d_2025-07-14
C7,PPMA,2025-07-20T07:44:50Z,2025-07-20T07:45:00Z,2025-07-20 07:40:00+00:00,2025-07-20 07:45:00+00:00,0.8122796216759274,389594897592.9749,24.3766,4262592844214.596,PPMA_d_2025-07-14
C7,PPMA,2025-07-20T07:45:00Z,2025-07-20T07:45:10Z,2025-07-20 07:45:00+00:00,2025-07-20 07:50:00+00:00,1.7743222923511466,4751021171150.095,24.3766,4262592844214.596,PPMA_d_2025-07-14
C7,PPMA,2025-07-20T07:45:10Z,2025-07-20T07:45:20Z,2025-07-20 07:45:00+00:00,2025-07-20 07:50:00+00:00,3.7109208139422347,1848433885015.2266,24.3766,4262592844214.596,PPMA_d_2025-07-14
C7,PPMA,2025-07-20T07:45:20Z,2025-07-20T07:45:30Z,2025-07-20 07:45:00+00:00,2025-07-20 07:50:00+00:00,1.5834922627139094,1182881507186.3555,24.3766,4262592844214.596,PPMA_d_2025-07-14
C7,PPMA,2025-07-20T07:45:30Z,2025-07-20T07:45:40Z,2025-07-20 07:45:00+00:00,2025-07-20 07:50:00+00:00,3.3015663399165662,1544789852521.073,24.3766,4262592844214.596,PPMA_d_2025-07-14
C7,PPMA,2025-07-20T07:45:40Z,2025-07-20T07:45:50Z,2025-07-20 07:45:00+00:00,2025-07-20 07:50:00+00:00,2.4174114378895677,1766231331176.6714,24.3766,4262592844214.596,PPMA_d_2025-07-14
C7,PPMA,2025-07-20T07:45:50Z,2025-07-20T07:46:00Z,2025-07-20 07:45:00+00:00,2025-07-20 07:50:00+00:00,11.353823201117702,3758628550482.816,24.3766,4262592844214.596,PPMA_d_2025-07-14
C7,PPMA,2025-07-20T07:46:00Z,2025-07-20T07:46:10Z,2025-07-20 07:45:00+00:00,2025-07-20 07:50:00+00:00,1.4370508116983403,3203366585434.925,24.3766,4262592844214.596,PPMA_d_2025-07-14
C7,PPMA,2025-07-20T07:46:10Z,2025-07-20T07:46:20Z,2025-07-20 07:45:00+00:00,2025-07-20 07:50:00+00:00,6.158587950670227,2599897985215.863,24.3766,4262592844214.596,PPMA_d_2025-07-14
C7,PPMA,2025-07-20T07:46:20Z,2025-07-20T07:46:30Z,2025-07-20 07:45:00+00:00,2025-07-20 07:50:00+00:00,2.174022398342621,1992296141469.5586,24.3766,4262592844214.596,PPMA_d_2025-07-14
C7,PPMA,2025-07-20T07:46:30Z,2025-07-20T07:46:40Z,2025-07-20 07:45:00+00:00,2025-07-20 07:50:00+00:00,2.4651945269490914,3114115999843.17,24.3766,4262592844214.596,PPMA_d_2025-07-14
C7,PPMA,2025-07-20T07:46:40Z,2025-07-20T07:46:50Z,2025-07-20 07:45:00+00:00,2025-07-20 07:50:00+00:00,2.6023388496040223,2593606633707.817,24.3766,4262592844214.596,PPMA_d_2025-07-14
C7,PPMA,2025-07-20T07:46:50Z,2025-07-20T07:47:00Z,2025-07-20 07:45:00+00:00,2025-07-20 07:50:00+00:00,1.535490635563247,2449868235534.3184,24.3766,4262592844214.596,PPMA_d_2025-07-14
C7,PPMA,2025-07-20T07:47:00Z,2025-07-20T07:47:10Z,2025-07-20 07:45:00+00:00,2025-07-20 07:50:00+00:00,3.043494856897058,2186974831480.527,24.3766,4262592844214.596,PPMA_d_2025-07-14
C7,PPMA,2025-07-20T07:47:10Z,2025-07-20T07:47:20Z,2025-07-20 07:45:00+00:00,2025-07-20 07:50:00+00:00,12.169867177108898,4327496727027.7637,24.3766,4262592844214.596,PPMA_d_2025-07-14
C7,PPMA,2025-07-20T07:47:20Z,2025-07-20T07:47:30Z,2025-07-20 07:45:00+00:00,2025-07-20 07:50:00+00:00,4.49399662488864,3547292577193.2715,24.3766,4262592844214.596,PPMA_d_2025-07-14
C7,PPMA,2025-07-20T07:47:30Z,2025-07-20T07:47:40Z,2025-07-20 07:45:00+00:00,2025-07-20 07:50:00+00:00,1.6286213796555415,2249721025671.564,24.3766,4262592844214.596,PPMA_d_2025-07-14
C7,PPMA,2025-07-20T07:48:10Z,2025-07-20T07:48:20Z,2025-07-20 07:45:00+00:00,2025-07-20 07:50:00+00:00,0.49356001952933054,939370276448.635,24.3766,4262592844214.596,PPMA_d_2025-07-14
C7,PPMA,2025-07-20T07:48:20Z,2025-07-20T07:48:30Z,2025-07-20 07:45:00+00:00,2025-07-20 07:50:00+00:00,0.8122796216759274,389594897592.9749,24.3766,4262592844214.596,PPMA_d_2025-07-14
C7,PPMA,2025-07-20T07:48:30Z,2025-07-20T07:48:40Z,2025-07-20 07:45:00+00:00,2025-07-20 07:50:00+00:00,0.8122796216759274,389594897592.9749,24.3766,4262592844214.596,PPMA_d_2025-07-14
C7,PPMA,2025-07-20T07:48:40Z,2025-07-20T07:48:50Z,2025-07-20 07:45:00+00:00,2025-07-20 07:50:00+00:00,0.8122796216759274,389594897592.9749,24.3766,4262592844214.596,PPMA_d_2025-07-14
C7,PPMA,2025-07-20T07:48:50Z,2025-07-20T07:49:00Z,2025-07-20 07:45:00+00:00,2025-07-20 07:50:00+00:00,0.8122796216759274,389594897592.9749,24.3766,4262592844214.596,PPMA_d_2025-07-14
C7,PPMA,2025-07-20T07:49:00Z,2025-07-20T07:49:10Z,2025-07-20 07:45:00+00:00,2025-07-20 07:50:00+00:00,0.8122796216759274,389594897592.9749,24.3766,4262592844214.596,PPMA_d_2025-07-14
C7,PPMA,2025-07-20T07:49:10Z,2025-07-20T07:49:20Z,2025-07-20 07:45:00+00:00,2025-07-20 07:50:00+00:00,0.8122796216759274,389594897592.9749,24.3766,4262592844214.596,PPMA_d_2025-07-14
C7,PPMA,2025-07-20T07:49:20Z,2025-07-20T07:49:30Z,2025-07-20 07:45:00+00:00,2025-07-20 07:50:00+00:00,0.8122796216759274,389594897592.9749,24.3766,4262592844214.596,PPMA_d_2025-07-14
C7,PPMA,2025-07-20T07:49:30Z,2025-07-20T07:49:40Z,2025-07-20 07:45:00+00:00,2025-07-20 07:50:00+00:00,0.8122796216759274,389594897592.9749,24.3766,4262592844214.596,PPMA_d_2025-07-14
C7,PPMA,2025-07-20T07:49:40Z,2025-07-20T07:49:50Z,2025-07-20 07:45:00+00:00,2025-07-20 07:50:00+00:00,0.8122796216759274,389594897592.9749,24.3766,4262592844214.596,PPMA_d_2025-07-14
C7,PPMA,2025-07-20T07:49:50Z,2025-07-20T07:50:00Z,2025-07-20 07:45:00+00:00,2025-07-20 07:50:00+00:00,0.8122796216759274,389594897592.9749,24.3766,4262592844214.596,PPMA_d_2025-07-14
C7,PSAB,2025-07-20T07:45:00Z,2025-07-20T07:45:10Z,2025-07-20 07:45:00+00:00,2025-07-20 07:50:00+00:00,0.2506802793218514,305605237340.1667,10.4134,3161462249603.716,PSAB_d_2025-07-14
C7,PSAB,2025-07-20T07:45:10Z,2025-07-20T07:45:20Z,2025-07-20 07:45:00+00:00,2025-07-20 07:50:00+00:00,4.720731534609113,267374840302.753,10.4134,3161462249603.716,PSAB_d_2025-07-14
C7,PSAB,2025-07-20T07:45:20Z,2025-07-20T07:45:30Z,2025-07-20 07:45:00+00:00,2025-07-20 07:50:00+00:00,5.045532287977673,275732225393.20447,10.4134,3161462249603.716,PSAB_d_2025-07-14
C7,PSAB,2025-07-20T07:45:30Z,2025-07-20T07:45:40Z,2025-07-20 07:45:00+00:00,2025-07-20 07:50:00+00:00,5.045532287977673,275732225393.20447,10.4134,3161462249603.716,PSAB_d_2025-07-14
C7,PSAB,2025-07-20T07:45:40Z,2025-07-20T07:45:50Z,2025-07-20 07:45:00+00:00,2025-07-20 07:50:00+00:00,5.045532287977673,275732225393.20447,10.4134,3161462249603.716,PSAB_d_2025-07-14
C7,PSAB,2025-07-20T07:45:50Z,2025-07-20T07:46:00Z,2025-07-20 07:45:00+00:00,2025-07-20 07:50:00+00:00,5.045532287977673,275732225393.20447,10.4134,3161462249603.716,PSAB_d_2025-07-14
C7,PSAB,2025-07-20T07:46:00Z,2025-07-20T07:46:10Z,2025-07-20 07:45:00+00:00,2025-07-20 07:50:00+00:00,5.045532287977673,275732225393.20447,10.4134,3161462249603.716,PSAB_d_2025-07-14
C7,PSAB,2025-07-20T07:46:10Z,2025-07-20T07:46:20Z,2025-07-20 07:45:00+00:00,2025-07-20 07:50:00+00:00,5.045532287977673,275732225393.20447,10.4134,3161462249603.716,PSAB_d_2025-07-14
C7,PSAB,2025-07-20T07:46:20Z,2025-07-20T07:46:30Z,2025-07-20 07:45:00+00:00,2025-07-20 07:50:00+00:00,5.045532287977673,275732225393.20447,10.4134,3161462249603.716,PSAB_d_2025-07-14
C7,PSAB,2025-07-20T07:46:30Z,2025-07-20T07:46:40Z,2025-07-20 07:45:00+00:00,2025-07-20 07:50:00+00:00,5.045532287977673,275732225393.20447,10.4134,3161462249603.716,PSAB_d_2025-07-14
C7,PSAB,2025-07-20T07:46:40Z,2025-07-20T07:46:50Z,2025-07-20 07:45:00+00:00,2025-07-20 07:50:00+00:00,5.045532287977673,275732225393.20447,10.4134,3161462249603.716,PSAB_d_2025-07-14
C7,PSAB,2025-07-20T07:46:50Z,2025-07-20T07:47:00Z,2025-07-20 07:45:00+00:00,2025-07-20 07:50:00+00:00,5.045532287977673,275732225393.20447,10.4134,3161462249603.716,PSAB_d_2025-07-14
C7,PSAB,2025-07-20T07:47:00Z,2025-07-20T07:47:10Z,2025-07-20 07:45:00+00:00,2025-07-20 07:50:00+00:00,5.045532287977673,275732225393.20447,10.4134,3161462249603.716,PSAB_d_2025-07-14
C7,PSAB,2025-07-20T07:47:10Z,2025-07-20T07:47:20Z,2025-07-20 07:45:00+00:00,2025-07-20 07:50:00+00:00,5.045532287977673,275732225393.20447,10.4134,3161462249603.716,PSAB_d_2025-07-14
C7,PSAB,2025-07-20T07:47:20Z,2025-07-20T07:47:30Z,2025-07-20 07:45:00+00:00,2025-07-20 07:50:00+00:00,5.045532287977673,275732225393.20447,10.4134,3161462249603.716,PSAB_d_2025-07-14
C7,PSAB,2025-07-20T07:47:30Z,2025-07-20T07:47:40Z,2025-07-20 07:45:00+00:00,2025-07-20 07:50:00+00:00,5.045532287977673,275732225393.20447,10.4134,3161462249603.716,PSAB_d_2025-07-14
C7,PSAB,2025-07-20T07:47:40Z,2025-07-20T07:47:50Z,2025-07-20 07:45:00+00:00,2025-07-20 07:50:00+00:00,5.045532287977673,275732225393.20447,10.4134,3161462249603.716,PSAB_d_2025-07-14
C7,PSAB,2025-07-20T07:47:50Z,2025-07-20T07:48:00Z,2025-07-20 07:45:00+00:00,2025-07-20 07:50:00+00:00,5.045532287977673,275732225393.20447,10.4134,3161462249603.716,PSAB_d_2025-07-14
C7,PSAB,2025-07-20T07:48:00Z,2025-07-20T07:48:10Z,2025-07-20 07:45:00+00:00,2025-07-20 07:50:00+00:00,5.045532287977673,275732225393.20447,10.4134,3161462249603.716,PSAB_d_2025-07-14
C7,PSAB,2025-07-20T07:48:10Z,2025-07-20T07:48:20Z,2025-07-20 07:45:00+00:00,2025-07-20 07:50:00+00:00,5.045532287977673,275732225393.20447,10.4134,3161462249603.716,PSAB_d_2025-07-14
C7,PSAB,2025-07-20T07:48:20Z,2025-07-20T07:48:30Z,2025-07-20 07:45:00+00:00,2025-07-20 07:50:00+00:00,5.045532287977673,275732225393.20447,10.4134,3161462249603.716,PSAB_d_2025-07-14
C7,PSAB,2025-07-20T07:48:30Z,2025-07-20T07:48:40Z,2025-07-20 07:45:00+00:00,2025-07-20 07:50:00+00:00,5.045532287977673,275732225393.20447,10.4134,3161462249603.716,PSAB_d_2025-07-14
C7,PSAB,2025-07-20T07:48:40Z,2025-07-20T07:48:50Z,2025-07-20 07:45:00+00:00,2025-07-20 07:50:00+00:00,5.045532287977673,275732225393.20447,10.4134,3161462249603.716,PSAB_d_2025-07-14
C7,PSAB,2025-07-20T07:48:50Z,2025-07-20T07:49:00Z,2025-07-20 07:45:00+00:00,2025-07-20 07:50:00+00:00,5.045532287977673,275732225393.20447,10.4134,3161462249603.716,PSAB_d_2025-07-14
C7,PSAB,2025-07-20T07:49:00Z,2025-07-20T07:49:10Z,2025-07-20 07:45:00+00:00,2025-07-20 07:50:00+00:00,5.045532287977673,275732225393.20447,10.4134,3161462249603.716,PSAB_d_2025-07-14
C7,PSAB,2025-07-20T07:49:10Z,2025-07-20T07:49:20Z,2025-07-20 07:45:00+00:00,2025-07-20 07:50:00+00:00,5.045532287977673,275732225393.20447,10.4134,3161462249603.716,PSAB_d_2025-07-14
C7,PSAB,2025-07-20T07:49:20Z,2025-07-20T07:49:30Z,2025-07-20 07:45:00+00:00,2025-07-20 07:50:00+00:00,5.045532287977673,275732225393.20447,10.4134,3161462249603.716,PSAB_d_2025-07-14
C7,PSAB,2025-07-20T07:49:30Z,2025-07-20T07:49:40Z,2025-07-20 07:45:00+00:00,2025-07-20 07:50:00+00:00,5.045532287977673,275732225393.20447,10.4134,3161462249603.716,PSAB_d_2025-07-14
C7,PSAB,2025-07-20T07:49:40Z,2025-07-20T07:49:50Z,2025-07-20 07:45:00+00:00,2025-07-20 07:50:00+00:00,5.045532287977673,275732225393.20447,10.4134,3161462249603.716,PSAB_d_2025-07-14
C7,PSAB,2025-07-20T07:49:50Z,2025-07-20T07:50:00Z,2025-07-20 07:45:00+00:00,2025-07-20 07:50:00+00:00,5.045532287977673,275732225393.20447,10.4134,3161462249603.716,PSAB_d_2025-07-14
C7,PSAB,2025-07-20T07:50:00Z,2025-07-20T07:50:10Z,2025-07-20 07:50:00+00:00,2025-07-20 07:55:00+00:00,0.2506802793218514,305605237340.1667,10.4134,3161462249603.716,PSAB_d_2025-07-14
C7,PSAB,2025-07-20T07:50:10Z,2025-07-20T07:50:20Z,2025-07-20 07:50:00+00:00,2025-07-20 07:55:00+00:00,4.720731534609113,267374840302.753,10.4134,3161462249603.716,PSAB_d_2025-07-14
C7,PSAB,2025-07-20T07:50:20Z,2025-07-20T07:50:30Z,2025-07-20 07:50:00+00:00,2025-07-20 07:55:00+00:00,5.045532287977673,275732225393.20447,10.4134,3161462249603.716,PSAB_d_2025-07-14
C7,PSAB,2025-07-20T07:50:30Z,2025-07-20T07:50:40Z,2025-07-20 07:50:00+00:00,2025-07-20 07:55:00+00:00,5.045532287977673,275732225393.20447,10.4134,3161462249603.716,PSAB_d_2025-07-14
C7,PSAB,2025-07-20T07:50:40Z,2025-07-20T07:50:50Z,2025-07-20 07:50:00+00:00,2025-07-20 07:55:00+00:00,5.045532287977673,275732225393.20447,10.4134,3161462249603.716,PSAB_d_2025-07-14
C7,PSAB,2025-07-20T07:50:50Z,2025-07-20T07:51:00Z,2025-07-20 07:50:00+00:00,2025-07-20 07:55:00+00:00,5.045532287977673,275732225393.20447,10.4134,3161462249603.716,PSAB_d_2025-07-14
C7,PSAB,2025-07-20T07:51:00Z,2025-07-20T07:51:10Z,2025-07-20 07:50:00+00:00,2025-07-20 07:55:00+00:00,5.045532287977673,275732225393.20447,10.4134,3161462249603.716,PSAB_d_2025-07-14
C7,PSAB,2025-07-20T07:51:10Z,2025-07-20T07:51:20Z,2025-07-20 07:50:00+00:00,2025-07-20 07:55:00+00:00,5.045532287977673,275732225393.20447,10.4134,3161462249603.716,PSAB_d_2025-07-14
C7,PSAB,2025-07-20T07:51:20Z,2025-07-20T07:51:30Z,2025-07-20 07:50:00+00:00,2025-07-20 07:55:00+00:00,5.045532287977673,275732225393.20447,10.4134,3161462249603.716,PSAB_d_2025-07-14
C7,PSAB,2025-07-20T07:51:30Z,2025-07-20T07:51:40Z,2025-07-20 07:50:00+00:00,2025-07-20 07:55:00+00:00,5.045532287977673,275732225393.20447,10.4134,3161462249603.716,PSAB_d_2025-07-14
C7,PSAB,2025-07-20T07:51:40Z,2025-07-20T07:51:50Z,2025-07-20 07:50:00+00:00,2025-07-20 07:55:00+00:00,5.045532287977673,275732225393.20447,10.4134,3161462249603.716,PSAB_d_2025-07-14
C7,PSAB,2025-07-20T07:51:50Z,2025-07-20T07:52:00Z,2025-07-20 07:50:00+00:00,2025-07-20 07:55:00+00:00,5.045532287977673,275732225393.20447,10.4134,3161462249603.716,PSAB_d_2025-07-14
C7,PSAB,2025-07-20T07:52:00Z,2025-07-20T07:52:10Z,2025-07-20 07:50:00+00:00,2025-07-20 07:55:00+00:00,5.045532287977673,275732225393.20447,10.4134,3161462249603.716,PSAB_d_2025-07-14
C7,PSAB,2025-07-20T07:52:10Z,2025-07-20T07:52:20Z,2025-07-20 07:50:00+00:00,2025-07-20 07:55:00+00:00,5.045532287977673,275732225393.20447,10.4134,3161462249603.716,PSAB_d_2025-07-14
C7,PSAB,2025-07-20T07:52:20Z,2025-07-20T07:52:30Z,2025-07-20 07:50:00+00:00,2025-07-20 07:55:00+00:00,5.045532287977673,275732225393.20447,10.4134,3161462249603.716,PSAB_d_2025-07-14
C7,PSAB,2025-07-20T07:52:30Z,2025-07-20T07:52:40Z,2025-07-20 07:50:00+00:00,2025-07-20 07:55:00+00:00,5.045532287977673,275732225393.20447,10.4134,3161462249603.716,PSAB_d_2025-07-14
C7,PSAB,2025-07-20T07:52:40Z,2025-07-20T07:52:50Z,2025-07-20 07:50:00+00:00,2025-07-20 07:55:00+00:00,5.045532287977673,275732225393.20447,10.4134,3161462249603.716,PSAB_d_2025-07-14
C7,PSAB,2025-07-20T07:52:50Z,2025-07-20T07:53:00Z,2025-07-20 07:50:00+00:00,2025-07-20 07:55:00+00:00,5.045532287977673,275732225393.20447,10.4134,3161462249603.716,PSAB_d_2025-07-14
C7,PSAB,2025-07-20T07:53:00Z,2025-07-20T07:53:10Z,2025-07-20 07:50:00+00:00,2025-07-20 07:55:00+00:00,5.045532287977673,275732225393.20447,10.4134,3161462249603.716,PSAB_d_2025-07-14
C7,PSAB,2025-07-20T07:53:10Z,2025-07-20T07:53:20Z,2025-07-20 07:50:00+00:00,2025-07-20 07:55:00+00:00,5.045532287977673,275732225393.20447,10.4134,3161462249603.716,PSAB_d_2025-07-14
C7,PSAB,2025-07-20T07:53:20Z,2025-07-20T07:53:30Z,2025-07-20 07:50:00+00:00,2025-07-20 07:55:00+00:00,5.045532287977673,275732225393.20447,10.4134,3161462249603.716,PSAB_d_2025-07-14
C7,PSAB,2025-07-20T07:53:30Z,2025-07-20T07:53:40Z,2025-07-20 07:50:00+00:00,2025-07-20 07:55:00+00:00,5.045532287977673,275732225393.20447,10.4134,3161462249603.716,PSAB_d_2025-07-14
C7,PSAB,2025-07-20T07:53:40Z,2025-07-20T07:53:50Z,2025-07-20 07:50:00+00:00,2025-07-20 07:55:00+00:00,5.045532287977673,275732225393.20447,10.4134,3161462249603.716,PSAB_d_2025-07-14
C7,PSAB,2025-07-20T07:53:50Z,2025-07-20T07:54:00Z,2025-07-20 07:50:00+00:00,2025-07-20 07:55:00+00:00,5.045532287977673,275732225393.20447,10.4134,3161462249603.716,PSAB_d_2025-07-14
C7,PSAB,2025-07-20T07:54:00Z,2025-07-20T07:54:10Z,2025-07-20 07:50:00+00:00,2025-07-20 07:55:00+00:00,5.045532287977673,275732225393.20447,10.4134,3161462249603.716,PSAB_d_2025-07-14
C7,PSAB,2025-07-20T07:54:10Z,2025-07-20T07:54:20Z,2025-07-20 07:50:00+00:00,2025-07-20 07:55:00+00:00,5.045532287977673,275732225393.20447,10.4134,3161462249603.716,PSAB_d_2025-07-14
C7,PSAB,2025-07-20T07:54:20Z,2025-07-20T07:54:30Z,2025-07-20 07:50:00+00:00,2025-07-20 07:55:00+00:00,5.045532287977673,275732225393.20447,10.4134,3161462249603.716,PSAB_d_2025-07-14
C7,PSAB,2025-07-20T07:54:30Z,2025-07-20T07:54:40Z,2025-07-20 07:50:00+00:00,2025-07-20 07:55:00+00:00,5.045532287977673,275732225393.20447,10.4134,3161462249603.716,PSAB_d_2025-07-14
C7,PSAB,2025-07-20T07:54:40Z,2025-07-20T07:54:50Z,2025-07-20 07:50:00+00:00,2025-07-20 07:55:00+00:00,5.045532287977673,275732225393.20447,10.4134,3161462249603.716,PSAB_d_2025-07-14
C7,PSAB,2025-07-20T07:54:50Z,2025-07-20T07:55:00Z,2025-07-20 07:50:00+00:00,2025-07-20 07:55:00+00:00,5.045532287977673,275732225393.20447,10.4134,3161462249603.716,PSAB_d_2025-07-14
C7,PPMA,2025-07-20T07:50:00Z,2025-07-20T07:50:10Z,2025-07-20 07:50:00+00:00,2025-07-20 07:55:00+00:00,1.7743222923511466,4751021171150.095,24.3766,4262592844214.596,PPMA_d_2025-07-14
C7,PPMA,2025-07-20T07:50:10Z,2025-07-20T07:50:20Z,2025-07-20 07:50:00+00:00,2025-07-20 07:55:00+00:00,3.7109208139422347,1848433885015.2266,24.3766,4262592844214.596,PPMA_d_2025-07-14
C7,PPMA,2025-07-20T07:50:20Z,2025-07-20T07:50:30Z,2025-07-20 07:50:00+00:00,2025-07-20 07:55:00+00:00,1.5834922627139094,1182881507186.3555,24.3766,4262592844214.596,PPMA_d_2025-07-14
C7,PPMA,2025-07-20T07:50:30Z,2025-07-20T07:50:40Z,2025-07-20 07:50:00+00:00,2025-07-20 07:55:00+00:00,3.3015663399165662,1544789852521.073,24.3766,4262592844214.596,PPMA_d_2025-07-14
C7,PPMA,2025-07-20T07:50:40Z,2025-07-20T07:50:50Z,2025-07-20 07:50:00+00:00,2025-07-20 07:55:00+00:00,2.4174114378895677,1766231331176.6714,24.3766,4262592844214.596,PPMA_d_2025-07-14
C7,PPMA,2025-07-20T07:50:50Z,2025-07-20T07:51:00Z,2025-07-20 07:50:00+00:00,2025-07-20 07:55:00+00:00,11.353823201117702,3758628550482.816,24.3766,4262592844214.596,PPMA_d_2025-07-14
C7,PPMA,2025-07-20T07:51:00Z,2025-07-20T07:51:10Z,2025-07-20 07:50:00+00:00,2025-07-20 07:55:00+00:00,1.4370508116983403,3203366585434.925,24.3766,4262592844214.596,PPMA_d_2025-07-14
C7,PPMA,2025-07-20T07:51:10Z,2025-07-20T07:51:20Z,2025-07-20 07:50:00+00:00,2025-07-20 07:55:00+00:00,6.158587950670227,2599897985215.863,24.3766,4262592844214.596,PPMA_d_2025-07-14
C7,PPMA,2025-07-20T07:51:20Z,2025-07-20T07:51:30Z,2025-07-20 07:50:00+00:00,2025-07-20 07:55:00+00:00,2.174022398342621,1992296141469.5586,24.3766,4262592844214.596,PPMA_d_2025-07-14
C7,PPMA,2025-07-20T07:51:30Z,2025-07-20T07:51:40Z,2025-07-20 07:50:00+00:00,2025-07-20 07:55:00+00:00,2.4651945269490914,3114115999843.17,24.3766,4262592844214.596,PPMA_d_2025-07-14
C7,PPMA,2025-07-20T07:51:40Z,2025-07-20T07:51:50Z,2025-07-20 07:50:00+00:00,2025-07-20 07:55:00+00:00,2.6023388496040223,2593606633707.817,24.3766,4262592844214.596,PPMA_d_2025-07-14
C7,PPMA,2025-07-20T07:51:50Z,2025-07-20T07:52:00Z,2025-07-20 07:50:00+00:00,2025-07-20 07:55:00+00:00,1.535490635563247,2449868235534.3184,24.3766,4262592844214.596,PPMA_d_2025-07-14
C7,PPMA,2025-07-20T07:52:00Z,2025-07-20T07:52:10Z,2025-07-20 07:50:00+00:00,2025-07-20 07:55:00+00:00,3.043494856897058,2186974831480.527,24.3766,4262592844214.596,PPMA_d_2025-07-14
C7,PPMA,2025-07-20T07:52:10Z,2025-07-20T07:52:20Z,2025-07-20 07:50:00+00:00,2025-07-20 07:55:00+00:00,12.169867177108898,4327496727027.7637,24.3766,4262592844214.596,PPMA_d_2025-07-14
C7,PPMA,2025-07-20T07:52:20Z,2025-07-20T07:52:30Z,2025-07-20 07:50:00+00:00,2025-07-20 07:55:00+00:00,4.49399662488864,3547292577193.2715,24.3766,4262592844214.596,PPMA_d_2025-07-14
C7,PPMA,2025-07-20T07:52:30Z,2025-07-20T07:52:40Z,2025-07-20 07:50:00+00:00,2025-07-20 07:55:00+00:00,1.6286213796555415,2249721025671.564,24.3766,4262592844214.596,PPMA_d_2025-07-14
C7,PPMA,2025-07-20T07:52:40Z,2025-07-20T07:52:50Z,2025-07-20 07:50:00+00:00,2025-07-20 07:55:00+00:00,0.49356001952933054,939370276448.635,24.3766,4262592844214.596,PPMA_d_2025-07-14
C7,PPMA,2025-07-20T07:52:50Z,2025-07-20T07:53:00Z,2025-07-20 07:50:00+00:00,2025-07-20 07:55:00+00:00,0.8122796216759274,389594897592.9749,24.3766,4262592844214.596,PPMA_d_2025-07-14
C7,PPMA,2025-07-20T07:53:00Z,2025-07-20T07:53:10Z,2025-07-20 07:50:00+00:00,2025-07-20 07:55:00+00:00,0.8122796216759274,389594897592.9749,24.3766,4262592844214.596,PPMA_d_2025-07-14
C7,PPMA,2025-07-20T07:53:10Z,2025-07-20T07:53:20Z,2025-07-20 07:50:00+00:00,2025-07-20 07:55:00+00:00,0.8122796216759274,389594897592.9749,24.3766,4262592844214.596,PPMA_d_2025-07-14
C7,PPMA,2025-07-20T07:53:20Z,2025-07-20T07:53:30Z,2025-07-20 07:50:00+00:00,2025-07-20 07:55:00+00:00,0.8122796216759274,389594897592.9749,24.3766,4262592844214.596,PPMA_d_2025-07-14
C7,PPMA,2025-07-20T07:53:30Z,2025-07-20T07:53:40Z,2025-07-20 07:50:00+00:00,2025-07-20 07:55:00+00:00,0.8122796216759274,389594897592.9749,24.3766,4262592844214.596,PPMA_d_2025-07-14
C7,PPMA,2025-07-20T07:53:40Z,2025-07-20T07:53:50Z,2025-07-20 07:50:00+00:00,2025-07-20 07:55:00+00:00,0.8122796216759274,389594897592.9749,24.3766,4262592844214.596,PPMA_d_2025-07-14
C7,PPMA,2025-07-20T07:53:50Z,2025-07-20T07:54:00Z,2025-07-20 07:50:00+00:00,2025-07-20 07:55:00+00:00,0.8122796216759274,389594897592.9749,24.3766,4262592844214.596,PPMA_d_2025-07-14
C7,PPMA,2025-07-20T07:54:00Z,2025-07-20T07:54:10Z,2025-07-20 07:50:00+00:00,2025-07-20 07:55:00+00:00,0.8122796216759274,389594897592.9749,24.3766,4262592844214.596,PPMA_d_2025-07-14
C7,PPMA,2025-07-20T07:54:10Z,2025-07-20T07:54:20Z,2025-07-20 07:50:00+00:00,2025-07-20 07:55:00+00:00,0.8122796216759274,389594897592.9749,24.3766,4262592844214.596,PPMA_d_2025-07-14
C7,PPMA,2025-07-20T07:54:20Z,2025-07-20T07:54:30Z,2025-07-20 07:50:00+00:00,2025-07-20 07:55:00+00:00,0.8122796216759274,389594897592.9749,24.3766,4262592844214.596,PPMA_d_2025-07-14
C7,PPMA,2025-07-20T07:54:30Z,2025-07-20T07:54:40Z,2025-07-20 07:50:00+00:00,2025-07-20 07:55:00+00:00,0.8122796216759274,389594897592.9749,24.3766,4262592844214.596,PPMA_d_2025-07-14
C7,PPMA,2025-07-20T07:54:40Z,2025-07-20T07:54:50Z,2025-07-20 07:50:00+00:00,2025-07-20 07:55:00+00:00,0.8122796216759274,389594897592.9749,24.3766,4262592844214.596,PPMA_d_2025-07-14
C7,PPMA,2025-07-20T07:54:50Z,2025-07-20T07:55:00Z,2025-07-20 07:50:00+00:00,2025-07-20 07:55:00+00:00,0.8122796216759274,389594897592.9749,24.3766,4262592844214.596,PPMA_d_2025-07-14
C7,PPMA,2025-07-20T07:55:00Z,2025-07-20T07:55:10Z,2025-07-20 07:55:00+00:00,2025-07-20 08:00:00+00:00,1.7743222923511466,4751021171150.095,24.3766,4262592844214.596,PPMA_d_2025-07-14
C7,PPMA,2025-07-20T07:55:10Z,2025-07-20T07:55:20Z,2025-07-20 07:55:00+00:00,2025-07-20 08:00:00+00:00,3.7109208139422347,1848433885015.2266,24.3766,4262592844214.596,PPMA_d_2025-07-14
C7,PPMA,2025-07-20T07:55:20Z,2025-07-20T07:55:30Z,2025-07-20 07:55:00+00:00,2025-07-20 08:00:00+00:00,1.5834922627139094,1182881507186.3555,24.3766,4262592844214.596,PPMA_d_2025-07-14
C7,PPMA,2025-07-20T07:55:30Z,2025-07-20T07:55:40Z,2025-07-20 07:55:00+00:00,2025-07-20 08:00:00+00:00,3.3015663399165662,1544789852521.073,24.3766,4262592844214.596,PPMA_d_2025-07-14
C7,PPMA,2025-07-20T07:55:40Z,2025-07-20T07:55:50Z,2025-07-20 07:55:00+00:00,2025-07-20 08:00:00+00:00,2.4174114378895677,1766231331176.6714,24.3766,4262592844214.596,PPMA_d_2025-07-14
C7,PPMA,2025-07-20T07:55:50Z,2025-07-20T07:56:00Z,2025-07-20 07:55:00+00:00,2025-07-20 08:00:00+00:00,11.353823201117702,3758628550482.816,24.3766,4262592844214.596,PPMA_d_2025-07-14
C7,PPMA,2025-07-20T07:56:00Z,2025-07-20T07:56:10Z,2025-07-20 07:55:00+00:00,2025-07-20 08:00:00+00:00,1.4370508116983403,3203366585434.925,24.3766,4262592844214.596,PPMA_d_2025-07-14
C7,PPMA,2025-07-20T07:56:10Z,2025-07-20T07:56:20Z,2025-07-20 07:55:00+00:00,2025-07-20 08:00:00+00:00,6.158587950670227,2599897985215.863,24.3766,4262592844214.596,PPMA_d_2025-07-14
C7,PPMA,2025-07-20T07:56:20Z,2025-07-20T07:56:30Z,2025-07-20 07:55:00+00:00,2025-07-20 08:00:00+00:00,2.174022398342621,1992296141469.5586,24.3766,4262592844214.596,PPMA_d_2025-07-14
C7,PPMA,2025-07-20T07:56:30Z,2025-07-20T07:56:40Z,2025-07-20 07:55:00+00:00,2025-07-20 08:00:00+00:00,2.4651945269490914,3114115999843.17,24.3766,4262592844214.596,PPMA_d_2025-07-14
C7,PPMA,2025-07-20T07:56:40Z,2025-07-20T07:56:50Z,2025-07-20 07:55:00+00:00,2025-07-20 08:00:00+00:00,2.6023388496040223,2593606633707.817,24.3766,4262592844214.596,PPMA_d_2025-07-14
C7,PPMA,2025-07-20T07:56:50Z,2025-07-20T07:57:00Z,2025-07-20 07:55:00+00:00,2025-07-20 08:00:00+00:00,1.535490635563247,2449868235534.3184,24.3766,4262592844214.596,PPMA_d_2025-07-14
C7,PPMA,2025-07-20T07:57:00Z,2025-07-20T07:57:10Z,2025-07-20 07:55:00+00:00,2025-07-20 08:00:00+00:00,3.043494856897058,2186974831480.527,24.3766,4262592844214.596,PPMA_d_2025-07-14
C7,PPMA,2025-07-20T07:57:10Z,2025-07-20T07:57:20Z,2025-07-20 07:55:00+00:00,2025-07-20 08:00:00+00:00,12.169867177108898,4327496727027.7637,24.3766,4262592844214.596,PPMA_d_2025-07-14
C7,PPMA,2025-07-20T07:57:20Z,2025-07-20T07:57:30Z,2025-07-20 07:55:00+00:00,2025-07-20 08:00:00+00:00,4.49399662488864,3547292577193.2715,24.3766,4262592844214.596,PPMA_d_2025-07-14
C7,PPMA,2025-07-20T07:57:30Z,2025-07-20T07:57:40Z,2025-07-20 07:55:00+00:00,2025-07-20 08:00:00+00:00,1.6286213796555415,2249721025671.564,24.3766,4262592844214.596,PPMA_d_2025-07-14
C7,PPMA,2025-07-20T07:57:40Z,2025-07-20T07:57:50Z,2025-07-20 07:55:00+00:00,2025-07-20 08:00:00+00:00,0.49356001952933054,939370276448.635,24.3766,4262592844214.596,PPMA_d_2025-07-14
C7,PPMA,2025-07-20T07:57:50Z,2025-07-20T07:58:00Z,2025-07-20 07:55:00+00:00,2025-07-20 08:00:00+00:00,0.8122796216759274,389594897592.9749,24.3766,4262592844214.596,PPMA_d_2025-07-14
C7,PPMA,2025-07-20T07:58:00Z,2025-07-20T07:58:10Z,2025-07-20 07:55:00+00:00,2025-07-20 08:00:00+00:00,0.8122796216759274,389594897592.9749,24.3766,4262592844214.596,PPMA_d_2025-07-14
C7,PPMA,2025-07-20T07:58:10Z,2025-07-20T07:58:20Z,2025-07-20 07:55:00+00:00,2025-07-20 08:00:00+00:00,0.8122796216759274,389594897592.9749,24.3766,4262592844214.596,PPMA_d_2025-07-14
C7,PPMA,2025-07-20T07:58:20Z,2025-07-20T07:58:30Z,2025-07-20 07:55:00+00:00,2025-07-20 08:00:00+00:00,0.8122796216759274,389594897592.9749,24.3766,4262592844214.596,PPMA_d_2025-07-14
C7,PPMA,2025-07-20T07:58:30Z,2025-07-20T07:58:40Z,2025-07-20 07:55:00+00:00,2025-07-20 08:00:00+00:00,0.8122796216759274,389594897592.9749,24.3766,4262592844214.596,PPMA_d_2025-07-14
C7,PPMA,2025-07-20T07:58:40Z,2025-07-20T07:58:50Z,2025-07-20 07:55:00+00:00,2025-07-20 08:00:00+00:00,0.8122796216759274,389594897592.9749,24.3766,4262592844214.596,PPMA_d_2025-07-14
C7,PPMA,2025-07-20T07:58:50Z,2025-07-20T07:59:00Z,2025-07-20 07:55:00+00:00,2025-07-20 08:00:00+00:00,0.8122796216759274,389594897592.9749,24.3766,4262592844214.596,PPMA_d_2025-07-14
C7,PPMA,2025-07-20T07:59:00Z,2025-07-20T07:59:10Z,2025-07-20 07:55:00+00:00,2025-07-20 08:00:00+00:00,0.8122796216759274,389594897592.9749,24.3766,4262592844214.596,PPMA_d_2025-07-14
C7,PPMA,2025-07-20T07:59:10Z,2025-07-20T07:59:20Z,2025-07-20 07:55:00+00:00,2025-07-20 08:00:00+00:00,0.8122796216759274,389594897592.9749,24.3766,4262592844214.596,PPMA_d_2025-07-14
C7,PPMA,2025-07-20T07:59:20Z,2025-07-20T07:59:30Z,2025-07-20 07:55:00+00:00,2025-07-20 08:00:00+00:00,0.8122796216759274,389594897592.9749,24.3766,4262592844214.596,PPMA_d_2025-07-14
C7,PPMA,2025-07-20T07:59:30Z,2025-07-20T07:59:40Z,2025-07-20 07:55:00+00:00,2025-07-20 08:00:00+00:00,0.8122796216759274,389594897592.9749,24.3766,4262592844214.596,PPMA_d_2025-07-14
C7,PPMA,2025-07-20T07:59:40Z,2025-07-20T07:59:50Z,2025-07-20 07:55:00+00:00,2025-07-20 08:00:00+00:00,0.8122796216759274,389594897592.9749,24.3766,4262592844214.596,PPMA_d_2025-07-14
C7,PPMA,2025-07-20T07:59:50Z,2025-07-20T08:00:00Z,2025-07-20 07:55:00+00:00,2025-07-20 08:00:00+00:00,0.8122796216759274,389594897592.9749,24.3766,4262592844214.596,PPMA_d_2025-07-14
C7,PSAB,2025-07-20T07:55:00Z,2025-07-20T07:55:10Z,2025-07-20 07:55:00+00:00,2025-07-20 08:00:00+00:00,0.2506802793218514,305605237340.1667,10.4134,3161462249603.716,PSAB_d_2025-07-14
C7,PSAB,2025-07-20T07:55:10Z,2025-07-20T07:55:20Z,2025-07-20 07:55:00+00:00,2025-07-20 08:00:00+00:00,4.720731534609113,267374840302.753,10.4134,3161462249603.716,PSAB_d_2025-07-14
C7,PSAB,2025-07-20T07:55:20Z,2025-07-20T07:55:30Z,2025-07-20 07:55:00+00:00,2025-07-20 08:00:00+00:00,5.045532287977673,275732225393.20447,10.4134,3161462249603.716,PSAB_d_2025-07-14
C7,PSAB,2025-07-20T07:55:30Z,2025-07-20T07:55:40Z,2025-07-20 07:55:00+00:00,2025-07-20 08:00:00+00:00,5.045532287977673,275732225393.20447,10.4134,3161462249603.716,PSAB_d_2025-07-14
C7,PSAB,2025-07-20T07:55:40Z,2025-07-20T07:55:50Z,2025-07-20 07:55:00+00:00,2025-07-20 08:00:00+00:00,5.045532287977673,275732225393.20447,10.4134,3161462249603.716,PSAB_d_2025-07-14
C7,PSAB,2025-07-20T07:55:50Z,2025-07-20T07:56:00Z,2025-07-20 07:55:00+00:00,2025-07-20 08:00:00+00:00,5.045532287977673,275732225393.20447,10.4134,3161462249603.716,PSAB_d_2025-07-14
C7,PSAB,2025-07-20T07:56:00Z,2025-07-20T07:56:10Z,2025-07-20 07:55:00+00:00,2025-07-20 08:00:00+00:00,5.045532287977673,275732225393.20447,10.4134,3161462249603.716,PSAB_d_2025-07-14
C7,PSAB,2025-07-20T07:56:10Z,2025-07-20T07:56:20Z,2025-07-20 07:55:00+00:00,2025-07-20 08:00:00+00:00,5.045532287977673,275732225393.20447,10.4134,3161462249603.716,PSAB_d_2025-07-14
C7,PSAB,2025-07-20T07:56:20Z,2025-07-20T07:56:30Z,2025-07-20 07:55:00+00:00,2025-07-20 08:00:00+00:00,5.045532287977673,275732225393.20447,10.4134,3161462249603.716,PSAB_d_2025-07-14
C7,PSAB,2025-07-20T07:56:30Z,2025-07-20T07:56:40Z,2025-07-20 07:55:00+00:00,2025-07-20 08:00:00+00:00,5.045532287977673,275732225393.20447,10.4134,3161462249603.716,PSAB_d_2025-07-14
C7,PSAB,2025-07-20T07:56:40Z,2025-07-20T07:56:50Z,2025-07-20 07:55:00+00:00,2025-07-20 08:00:00+00:00,5.045532287977673,275732225393.20447,10.4134,3161462249603.716,PSAB_d_2025-07-14
C7,PSAB,2025-07-20T07:56:50Z,2025-07-20T07:57:00Z,2025-07-20 07:55:00+00:00,2025-07-20 08:00:00+00:00,5.045532287977673,275732225393.20447,10.4134,3161462249603.716,PSAB_d_2025-07-14
C7,PSAB,2025-07-20T07:57:00Z,2025-07-20T07:57:10Z,2025-07-20 07:55:00+00:00,2025-07-20 08:00:00+00:00,5.045532287977673,275732225393.20447,10.4134,3161462249603.716,PSAB_d_2025-07-14
C7,PSAB,2025-07-20T07:57:10Z,2025-07-20T07:57:20Z,2025-07-20 07:55:00+00:00,2025-07-20 08:00:00+00:00,5.045532287977673,275732225393.20447,10.4134,3161462249603.716,PSAB_d_2025-07-14
C7,PSAB,2025-07-20T07:57:20Z,2025-07-20T07:57:30Z,2025-07-20 07:55:00+00:00,2025-07-20 08:00:00+00:00,5.045532287977673,275732225393.20447,10.4134,3161462249603.716,PSAB_d_2025-07-14
C7,PSAB,2025-07-20T07:57:30Z,2025-07-20T07:57:40Z,2025-07-20 07:55:00+00:00,2025-07-20 08:00:00+00:00,5.045532287977673,275732225393.20447,10.4134,3161462249603.716,PSAB_d_2025-07-14
C7,PSAB,2025-07-20T07:57:40Z,2025-07-20T07:57:50Z,2025-07-20 07:55:00+00:00,2025-07-20 08:00:00+00:00,5.045532287977673,275732225393.20447,10.4134,3161462249603.716,PSAB_d_2025-07-14
C7,PSAB,2025-07-20T07:57:50Z,2025-07-20T07:58:00Z,2025-07-20 07:55:00+00:00,2025-07-20 08:00:00+00:00,5.045532287977673,275732225393.20447,10.4134,3161462249603.716,PSAB_d_2025-07-14
C7,PSAB,2025-07-20T07:58:00Z,2025-07-20T07:58:10Z,2025-07-20 07:55:00+00:00,2025-07-20 08:00:00+00:00,5.045532287977673,275732225393.20447,10.4134,3161462249603.716,PSAB_d_2025-07-14
C7,PSAB,2025-07-20T07:58:10Z,2025-07-20T07:58:20Z,2025-07-20 07:55:00+00:00,2025-07-20 08:00:00+00:00,5.045532287977673,275732225393.20447,10.4134,3161462249603.716,PSAB_d_2025-07-14
C7,PSAB,2025-07-20T07:58:20Z,2025-07-20T07:58:30Z,2025-07-20 07:55:00+00:00,2025-07-20 08:00:00+00:00,5.045532287977673,275732225393.20447,10.4134,3161462249603.716,PSAB_d_2025-07-14
C7,PSAB,2025-07-20T07:58:30Z,2025-07-20T07:58:40Z,2025-07-20 07:55:00+00:00,2025-07-20 08:00:00+00:00,5.045532287977673,275732225393.20447,10.4134,3161462249603.716,PSAB_d_2025-07-14
C7,PSAB,2025-07-20T07:58:40Z,2025-07-20T07:58:50Z,2025-07-20 07:55:00+00:00,2025-07-20 08:00:00+00:00,5.045532287977673,275732225393.20447,10.4134,3161462249603.716,PSAB_d_2025-07-14
C7,PSAB,2025-07-20T07:58:50Z,2025-07-20T07:59:00Z,2025-07-20 07:55:00+00:00,2025-07-20 08:00:00+00:00,5.045532287977673,275732225393.20447,10.4134,3161462249603.716,PSAB_d_2025-07-14
C7,PSAB,2025-07-20T07:59:00Z,2025-07-20T07:59:10Z,2025-07-20 07:55:00+00:00,2025-07-20 08:00:00+00:00,5.045532287977673,275732225393.20447,10.4134,3161462249603.716,PSAB_d_2025-07-14
C7,PSAB,2025-07-20T07:59:10Z,2025-07-20T07:59:20Z,2025-07-20 07:55:00+00:00,2025-07-20 08:00:00+00:00,5.045532287977673,275732225393.20447,10.4134,3161462249603.716,PSAB_d_2025-07-14
C7,PSAB,2025-07-20T07:59:20Z,2025-07-20T07:59:30Z,2025-07-20 07:55:00+00:00,2025-07-20 08:00:00+00:00,5.045532287977673,275732225393.20447,10.4134,3161462249603.716,PSAB_d_2025-07-14
C7,PSAB,2025-07-20T07:59:30Z,2025-07-20T07:59:40Z,2025-07-20 07:55:00+00:00,2025-07-20 08:00:00+00:00,5.045532287977673,275732225393.20447,10.4134,3161462249603.716,PSAB_d_2025-07-14
C7,PSAB,2025-07-20T07:59:40Z,2025-07-20T07:59:50Z,2025-07-20 07:55:00+00:00,2025-07-20 08:00:00+00:00,5.045532287977673,275732225393.20447,10.4134,3161462249603.716,PSAB_d_2025-07-14
C7,PSAB,2025-07-20T07:59:50Z,2025-07-20T08:00:00Z,2025-07-20 07:55:00+00:00,2025-07-20 08:00:00+00:00,5.045532287977673,275732225393.20447,10.4134,3161462249603.716,PSAB_d_2025-07-14
C7,PSAB,2025-07-20T08:00:00Z,2025-07-20T08:00:10Z,2025-07-20 08:00:00+00:00,2025-07-20 08:05:00+00:00,0.2506802793218514,305605237340.1667,10.4134,3161462249603.716,PSAB_d_2025-07-14
C7,PSAB,2025-07-20T08:00:10Z,2025-07-20T08:00:20Z,2025-07-20 08:00:00+00:00,2025-07-20 08:05:00+00:00,4.720731534609113,267374840302.753,10.4134,3161462249603.716,PSAB_d_2025-07-14
C7,PSAB,2025-07-20T08:00:20Z,2025-07-20T08:00:30Z,2025-07-20 08:00:00+00:00,2025-07-20 08:05:00+00:00,5.045532287977673,275732225393.20447,10.4134,3161462249603.716,PSAB_d_2025-07-14
C7,PSAB,2025-07-20T08:00:30Z,2025-07-20T08:00:40Z,2025-07-20 08:00:00+00:00,2025-07-20 08:05:00+00:00,5.045532287977673,275732225393.20447,10.4134,3161462249603.716,PSAB_d_2025-07-14
C7,PSAB,2025-07-20T08:00:40Z,2025-07-20T08:00:50Z,2025-07-20 08:00:00+00:00,2025-07-20 08:05:00+00:00,5.045532287977673,275732225393.20447,10.4134,3161462249603.716,PSAB_d_2025-07-14
C7,PSAB,2025-07-20T08:00:50Z,2025-07-20T08:01:00Z,2025-07-20 08:00:00+00:00,2025-07-20 08:05:00+00:00,5.045532287977673,275732225393.20447,10.4134,3161462249603.716,PSAB_d_2025-07-14
C7,PSAB,2025-07-20T08:01:00Z,2025-07-20T08:01:10Z,2025-07-20 08:00:00+00:00,2025-07-20 08:05:00+00:00,5.045532287977673,275732225393.20447,10.4134,3161462249603.716,PSAB_d_2025-07-14
C7,PSAB,2025-07-20T08:01:10Z,2025-07-20T08:01:20Z,2025-07-20 08:00:00+00:00,2025-07-20 08:05:00+00:00,5.045532287977673,275732225393.20447,10.4134,3161462249603.716,PSAB_d_2025-07-14
C7,PSAB,2025-07-20T08:01:20Z,2025-07-20T08:01:30Z,2025-07-20 08:00:00+00:00,2025-07-20 08:05:00+00:00,5.045532287977673,275732225393.20447,10.4134,3161462249603.716,PSAB_d_2025-07-14
C7,PSAB,2025-07-20T08:01:30Z,2025-07-20T08:01:40Z,2025-07-20 08:00:00+00:00,2025-07-20 08:05:00+00:00,5.045532287977673,275732225393.20447,10.4134,3161462249603.716,PSAB_d_2025-07-14
C7,PSAB,2025-07-20T08:01:40Z,2025-07-20T08:01:50Z,2025-07-20 08:00:00+00:00,2025-07-20 08:05:00+00:00,5.045532287977673,275732225393.20447,10.4134,3161462249603.716,PSAB_d_2025-07-14
C7,PSAB,2025-07-20T08:01:50Z,2025-07-20T08:02:00Z,2025-07-20 08:00:00+00:00,2025-07-20 08:05:00+00:00,5.045532287977673,275732225393.20447,10.4134,3161462249603.716,PSAB_d_2025-07-14
C7,PSAB,2025-07-20T08:02:00Z,2025-07-20T08:02:10Z,2025-07-20 08:00:00+00:00,2025-07-20 08:05:00+00:00,5.045532287977673,275732225393.20447,10.4134,3161462249603.716,PSAB_d_2025-07-14
C7,PSAB,2025-07-20T08:02:10Z,2025-07-20T08:02:20Z,2025-07-20 08:00:00+00:00,2025-07-20 08:05:00+00:00,5.045532287977673,275732225393.20447,10.4134,3161462249603.716,PSAB_d_2025-07-14
C7,PSAB,2025-07-20T08:02:20Z,2025-07-20T08:02:30Z,2025-07-20 08:00:00+00:00,2025-07-20 08:05:00+00:00,5.045532287977673,275732225393.20447,10.4134,3161462249603.716,PSAB_d_2025-07-14
C7,PSAB,2025-07-20T08:02:30Z,2025-07-20T08:02:40Z,2025-07-20 08:00:00+00:00,2025-07-20 08:05:00+00:00,5.045532287977673,275732225393.20447,10.4134,3161462249603.716,PSAB_d_2025-07-14
C7,PSAB,2025-07-20T08:02:40Z,2025-07-20T08:02:50Z,2025-07-20 08:00:00+00:00,2025-07-20 08:05:00+00:00,5.045532287977673,275732225393.20447,10.4134,3161462249603.716,PSAB_d_2025-07-14
C7,PSAB,2025-07-20T08:02:50Z,2025-07-20T08:03:00Z,2025-07-20 08:00:00+00:00,2025-07-20 08:05:00+00:00,5.045532287977673,275732225393.20447,10.4134,3161462249603.716,PSAB_d_2025-07-14
C7,PSAB,2025-07-20T08:03:00Z,2025-07-20T08:03:10Z,2025-07-20 08:00:00+00:00,2025-07-20 08:05:00+00:00,5.045532287977673,275732225393.20447,10.4134,3161462249603.716,PSAB_d_2025-07-14
C7,PSAB,2025-07-20T08:03:10Z,2025-07-20T08:03:20Z,2025-07-20 08:00:00+00:00,2025-07-20 08:05:00+00:00,5.045532287977673,275732225393.20447,10.4134,3161462249603.716,PSAB_d_2025-07-14
C7,PSAB,2025-07-20T08:03:20Z,2025-07-20T08:03:30Z,2025-07-20 08:00:00+00:00,2025-07-20 08:05:00+00:00,5.045532287977673,275732225393.20447,10.4134,3161462249603.716,PSAB_d_2025-07-14
C7,PSAB,2025-07-20T08:03:30Z,2025-07-20T08:03:40Z,2025-07-20 08:00:00+00:00,2025-07-20 08:05:00+00:00,5.045532287977673,275732225393.20447,10.4134,3161462249603.716,PSAB_d_2025-07-14
C7,PSAB,2025-07-20T08:03:40Z,2025-07-20T08:03:50Z,2025-07-20 08:00:00+00:00,2025-07-20 08:05:00+00:00,5.045532287977673,275732225393.20447,10.4134,3161462249603.716,PSAB_d_2025-07-14
C7,PSAB,2025-07-20T08:03:50Z,2025-07-20T08:04:00Z,2025-07-20 08:00:00+00:00,2025-07-20 08:05:00+00:00,5.045532287977673,275732225393.20447,10.4134,3161462249603.716,PSAB_d_2025-07-14
C7,PSAB,2025-07-20T08:04:00Z,2025-07-20T08:04:10Z,2025-07-20 08:00:00+00:00,2025-07-20 08:05:00+00:00,5.045532287977673,275732225393.20447,10.4134,3161462249603.716,PSAB_d_2025-07-14
C7,PSAB,2025-07-20T08:04:10Z,2025-07-20T08:04:20Z,2025-07-20 08:00:00+00:00,2025-07-20 08:05:00+00:00,5.045532287977673,275732225393.20447,10.4134,3161462249603.716,PSAB_d_2025-07-14
C7,PSAB,2025-07-20T08:04:20Z,2025-07-20T08:04:30Z,2025-07-20 08:00:00+00:00,2025-07-20 08:05:00+00:00,5.045532287977673,275732225393.20447,10.4134,3161462249603.716,PSAB_d_2025-07-14
C7,PSAB,2025-07-20T08:04:30Z,2025-07-20T08:04:40Z,2025-07-20 08:00:00+00:00,2025-07-20 08:05:00+00:00,5.045532287977673,275732225393.20447,10.4134,3161462249603.716,PSAB_d_2025-07-14
C7,PSAB,2025-07-20T08:04:40Z,2025-07-20T08:04:50Z,2025-07-20 08:00:00+00:00,2025-07-20 08:05:00+00:00,5.045532287977673,275732225393.20447,10.4134,3161462249603.716,PSAB_d_2025-07-14
C7,PSAB,2025-07-20T08:04:50Z,2025-07-20T08:05:00Z,2025-07-20 08:00:00+00:00,2025-07-20 08:05:00+00:00,5.045532287977673,275732225393.20447,10.4134,3161462249603.716,PSAB_d_2025-07-14
C7,PPMA,2025-07-20T08:00:00Z,2025-07-20T08:00:10Z,2025-07-20 08:00:00+00:00,2025-07-20 08:05:00+00:00,1.7743222923511466,4751021171150.095,24.3766,4262592844214.596,PPMA_d_2025-07-14
C7,PPMA,2025-07-20T08:00:10Z,2025-07-20T08:00:20Z,2025-07-20 08:00:00+00:00,2025-07-20 08:05:00+00:00,3.7109208139422347,1848433885015.2266,24.3766,4262592844214.596,PPMA_d_2025-07-14
C7,PPMA,2025-07-20T08:00:20Z,2025-07-20T08:00:30Z,2025-07-20 08:00:00+00:00,2025-07-20 08:05:00+00:00,1.5834922627139094,1182881507186.3555,24.3766,4262592844214.596,PPMA_d_2025-07-14
C7,PPMA,2025-07-20T08:00:30Z,2025-07-20T08:00:40Z,2025-07-20 08:00:00+00:00,2025-07-20 08:05:00+00:00,3.3015663399165662,1544789852521.073,24.3766,4262592844214.596,PPMA_d_2025-07-14
C7,PPMA,2025-07-20T08:00:40Z,2025-07-20T08:00:50Z,2025-07-20 08:00:00+00:00,2025-07-20 08:05:00+00:00,2.4174114378895677,1766231331176.6714,24.3766,4262592844214.596,PPMA_d_2025-07-14
C7,PPMA,2025-07-20T08:00:50Z,2025-07-20T08:01:00Z,2025-07-20 08:00:00+00:00,2025-07-20 08:05:00+00:00,11.353823201117702,3758628550482.816,24.3766,4262592844214.596,PPMA_d_2025-07-14
C7,PPMA,2025-07-20T08:01:00Z,2025-07-20T08:01:10Z,2025-07-20 08:00:00+00:00,2025-07-20 08:05:00+00:00,1.4370508116983403,3203366585434.925,24.3766,4262592844214.596,PPMA_d_2025-07-14
C7,PPMA,2025-07-20T08:01:10Z,2025-07-20T08:01:20Z,2025-07-20 08:00:00+00:00,2025-07-20 08:05:00+00:00,6.158587950670227,2599897985215.863,24.3766,4262592844214.596,PPMA_d_2025-07-14
C7,PPMA,2025-07-20T08:01:20Z,2025-07-20T08:01:30Z,2025-07-20 08:00:00+00:00,2025-07-20 08:05:00+00:00,2.174022398342621,1992296141469.5586,24.3766,4262592844214.596,PPMA_d_2025-07-14
C7,PPMA,2025-07-20T08:01:30Z,2025-07-20T08:01:40Z,2025-07-20 08:00:00+00:00,2025-07-20 08:05:00+00:00,2.4651945269490914,3114115999843.17,24.3766,4262592844214.596,PPMA_d_2025-07-14
C7,PPMA,2025-07-20T08:01:40Z,2025-07-20T08:01:50Z,2025-07-20 08:00:00+00:00,2025-07-20 08:05:00+00:00,2.6023388496040223,2593606633707.817,24.3766,4262592844214.596,PPMA_d_2025-07-14
C7,PPMA,2025-07-20T08:01:50Z,2025-07-20T08:02:00Z,2025-07-20 08:00:00+00:00,2025-07-20 08:05:00+00:00,1.535490635563247,2449868235534.3184,24.3766,4262592844214.596,PPMA_d_2025-07-14
C7,PPMA,2025-07-20T08:02:00Z,2025-07-20T08:02:10Z,2025-07-20 08:00:00+00:00,2025-07-20 08:05:00+00:00,3.043494856897058,2186974831480.527,24.3766,4262592844214.596,PPMA_d_2025-07-14
C7,PPMA,2025-07-20T08:02:10Z,2025-07-20T08:02:20Z,2025-07-20 08:00:00+00:00,2025-07-20 08:05:00+00:00,12.169867177108898,4327496727027.7637,24.3766,4262592844214.596,PPMA_d_2025-07-14
C7,PPMA,2025-07-20T08:02:20Z,2025-07-20T08:02:30Z,2025-07-20 08:00:00+00:00,2025-07-20 08:05:00+00:00,4.49399662488864,3547292577193.2715,24.3766,4262592844214.596,PPMA_d_2025-07-14
C7,PPMA,2025-07-20T08:02:30Z,2025-07-20T08:02:40Z,2025-07-20 08:00:00+00:00,2025-07-20 08:05:00+00:00,1.6286213796555415,2249721025671.564,24.3766,4262592844214.596,PPMA_d_2025-07-14
C7,PPMA,2025-07-20T08:02:40Z,2025-07-20T08:02:50Z,2025-07-20 08:00:00+00:00,2025-07-20 08:05:00+00:00,0.49356001952933054,939370276448.635,24.3766,4262592844214.596,PPMA_d_2025-07-14
C7,PPMA,2025-07-20T08:02:50Z,2025-07-20T08:03:00Z,2025-07-20 08:00:00+00:00,2025-07-20 08:05:00+00:00,0.8122796216759274,389594897592.9749,24.3766,4262592844214.596,PPMA_d_2025-07-14
C7,PPMA,2025-07-20T08:03:00Z,2025-07-20T08:03:10Z,2025-07-20 08:00:00+00:00,2025-07-20 08:05:00+00:00,0.8122796216759274,389594897592.9749,24.3766,4262592844214.596,PPMA_d_2025-07-14
C7,PPMA,2025-07-20T08:03:10Z,2025-07-20T08:03:20Z,2025-07-20 08:00:00+00:00,2025-07-20 08:05:00+00:00,0.8122796216759274,389594897592.9749,24.3766,4262592844214.596,PPMA_d_2025-07-14
C7,PPMA,2025-07-20T08:03:20Z,2025-07-20T08:03:30Z,2025-07-20 08:00:00+00:00,2025-07-20 08:05:00+00:00,0.8122796216759274,389594897592.9749,24.3766,4262592844214.596,PPMA_d_2025-07-14
C7,PPMA,2025-07-20T08:03:40Z,2025-07-20T08:03:50Z,2025-07-20 08:00:00+00:00,2025-07-20 08:05:00+00:00,0.8122796216759274,389594897592.9749,24.3766,4262592844214.596,PPMA_d_2025-07-14
C7,PPMA,2025-07-20T08:03:50Z,2025-07-20T08:04:00Z,2025-07-20 08:00:00+00:00,2025-07-20 08:05:00+00:00,0.8122796216759274,389594897592.9749,24.3766,4262592844214.596,PPMA_d_2025-07-14
C7,PPMA,2025-07-20T08:04:00Z,2025-07-20T08:04:10Z,2025-07-20 08:00:00+00:00,2025-07-20 08:05:00+00:00,0.8122796216759274,389594897592.9749,24.3766,4262592844214.596,PPMA_d_2025-07-14
C7,PPMA,2025-07-20T08:04:10Z,2025-07-20T08:04:20Z,2025-07-20 08:00:00+00:00,2025-07-20 08:05:00+00:00,0.8122796216759274,389594897592.9749,24.3766,4262592844214.596,PPMA_d_2025-07-14
C7,PPMA,2025-07-20T08:04:20Z,2025-07-20T08:04:30Z,2025-07-20 08:00:00+00:00,2025-07-20 08:05:00+00:00,0.8122796216759274,389594897592.9749,24.3766,4262592844214.596,PPMA_d_2025-07-14
C7,PPMA,2025-07-20T08:04:30Z,2025-07-20T08:04:40Z,2025-07-20 08:00:00+00:00,2025-07-20 08:05:00+00:00,0.8122796216759274,389594897592.9749,24.3766,4262592844214.596,PPMA_d_2025-07-14
C7,PPMA,2025-07-20T08:04:40Z,2025-07-20T08:04:50Z,2025-07-20 08:00:00+00:00,2025-07-20 08:05:00+00:00,0.8122796216759274,389594897592.9749,24.3766,4262592844214.596,PPMA_d_2025-07-14
C7,PPMA,2025-07-20T08:04:50Z,2025-07-20T08:05:00Z,2025-07-20 08:00:00+00:00,2025-07-20 08:05:00+00:00,0.8122796216759274,389594897592.9749,24.3766,4262592844214.596,PPMA_d_2025-07-14
C7,PSAB,2025-07-20T08:05:00Z,2025-07-20T08:05:10Z,2025-07-20 08:05:00+00:00,2025-07-20 08:10:00+00:00,0.2506802793218514,305605237340.1667,10.4134,3161462249603.716,PSAB_d_2025-07-14
C7,PSAB,2025-07-20T08:05:10Z,2025-07-20T08:05:20Z,2025-07-20 08:05:00+00:00,2025-07-20 08:10:00+00:00,4.720731534609113,267374840302.753,10.4134,3161462249603.716,PSAB_d_2025-07-14
C7,PSAB,2025-07-20T08:05:20Z,2025-07-20T08:05:30Z,2025-07-20 08:05:00+00:00,2025-07-20 08:10:00+00:00,5.045532287977673,275732225393.20447,10.4134,3161462249603.716,PSAB_d_2025-07-14
C7,PSAB,2025-07-20T08:05:30Z,2025-07-20T08:05:40Z,2025-07-20 08:05:00+00:00,2025-07-20 08:10:00+00:00,5.045532287977673,275732225393.20447,10.4134,3161462249603.716,PSAB_d_2025-07-14
C7,PSAB,2025-07-20T08:05:40Z,2025-07-20T08:05:50Z,2025-07-20 08:05:00+00:00,2025-07-20 08:10:00+00:00,5.045532287977673,275732225393.20447,10.4134,3161462249603.716,PSAB_d_2025-07-14
C7,PSAB,2025-07-20T08:05:50Z,2025-07-20T08:06:00Z,2025-07-20 08:05:00+00:00,2025-07-20 08:10:00+00:00,5.045532287977673,275732225393.20447,10.4134,3161462249603.716,PSAB_d_2025-07-14
C7,PSAB,2025-07-20T08:06:00Z,2025-07-20T08:06:10Z,2025-07-20 08:05:00+00:00,2025-07-20 08:10:00+00:00,5.045532287977673,275732225393.20447,10.4134,3161462249603.716,PSAB_d_2025-07-14
C7,PSAB,2025-07-20T08:06:10Z,2025-07-20T08:06:20Z,2025-07-20 08:05:00+00:00,2025-07-20 08:10:00+00:00,5.045532287977673,275732225393.20447,10.4134,3161462249603.716,PSAB_d_2025-07-14
C7,PSAB,2025-07-20T08:06:20Z,2025-07-20T08:06:30Z,2025-07-20 08:05:00+00:00,2025-07-20 08:10:00+00:00,5.045532287977673,275732225393.20447,10.4134,3161462249603.716,PSAB_d_2025-07-14
C7,PSAB,2025-07-20T08:06:30Z,2025-07-20T08:06:40Z,2025-07-20 08:05:00+00:00,2025-07-20 08:10:00+00:00,5.045532287977673,275732225393.20447,10.4134,3161462249603.716,PSAB_d_2025-07-14
C7,PSAB,2025-07-20T08:06:40Z,2025-07-20T08:06:50Z,2025-07-20 08:05:00+00:00,2025-07-20 08:10:00+00:00,5.045532287977673,275732225393.20447,10.4134,3161462249603.716,PSAB_d_2025-07-14
C7,PSAB,2025-07-20T08:06:50Z,2025-07-20T08:07:00Z,2025-07-20 08:05:00+00:00,2025-07-20 08:10:00+00:00,5.045532287977673,275732225393.20447,10.4134,3161462249603.716,PSAB_d_2025-07-14
C7,PSAB,2025-07-20T08:07:00Z,2025-07-20T08:07:10Z,2025-07-20 08:05:00+00:00,2025-07-20 08:10:00+00:00,5.045532287977673,275732225393.20447,10.4134,3161462249603.716,PSAB_d_2025-07-14
C7,PSAB,2025-07-20T08:07:10Z,2025-07-20T08:07:20Z,2025-07-20 08:05:00+00:00,2025-07-20 08:10:00+00:00,5.045532287977673,275732225393.20447,10.4134,3161462249603.716,PSAB_d_2025-07-14
C7,PSAB,2025-07-20T08:07:30Z,2025-07-20T08:07:40Z,2025-07-20 08:05:00+00:00,2025-07-20 08:10:00+00:00,5.045532287977673,275732225393.20447,10.4134,3161462249603.716,PSAB_d_2025-07-14
C7,PSAB,2025-07-20T08:07:40Z,2025-07-20T08:07:50Z,2025-07-20 08:05:00+00:00,2025-07-20 08:10:00+00:00,5.045532287977673,275732225393.20447,10.4134,3161462249603.716,PSAB_d_2025-07-14
C7,PSAB,2025-07-20T08:07:50Z,2025-07-20T08:08:00Z,2025-07-20 08:05:00+00:00,2025-07-20 08:10:00+00:00,5.045532287977673,275732225393.20447,10.4134,3161462249603.716,PSAB_d_2025-07-14
C7,PSAB,2025-07-20T08:08:00Z,2025-07-20T08:08:10Z,2025-07-20 08:05:00+00:00,2025-07-20 08:10:00+00:00,5.045532287977673,275732225393.20447,10.4134,3161462249603.716,PSAB_d_2025-07-14
C7,PSAB,2025-07-20T08:08:10Z,2025-07-20T08:08:20Z,2025-07-20 08:05:00+00:00,2025-07-20 08:10:00+00:00,5.045532287977673,275732225393.20447,10.4134,3161462249603.716,PSAB_d_2025-07-14
C7,PSAB,2025-07-20T08:08:20Z,2025-07-20T08:08:30Z,2025-07-20 08:05:00+00:00,2025-07-20 08:10:00+00:00,5.045532287977673,275732225393.20447,10.4134,3161462249603.716,PSAB_d_2025-07-14
C7,PSAB,2025-07-20T08:08:30Z,2025-07-20T08:08:40Z,2025-07-20 08:05:00+00:00,2025-07-20 08:10:00+00:00,5.045532287977673,275732225393.20447,10.4134,3161462249603.716,PSAB_d_2025-07-14
C7,PSAB,2025-07-20T08:08:40Z,2025-07-20T08:08:50Z,2025-07-20 08:05:00+00:00,2025-07-20 08:10:00+00:00,5.045532287977673,275732225393.20447,10.4134,3161462249603.716,PSAB_d_2025-07-14
C7,PSAB,2025-07-20T08:08:50Z,2025-07-20T08:09:00Z,2025-07-20 08:05:00+00:00,2025-07-20 08:10:00+00:00,5.045532287977673,275732225393.20447,10.4134,3161462249603.716,PSAB_d_2025-07-14
C7,PSAB,2025-07-20T08:09:00Z,2025-07-20T08:09:10Z,2025-07-20 08:05:00+00:00,2025-07-20 08:10:00+00:00,5.045532287977673,275732225393.20447,10.4134,3161462249603.716,PSAB_d_2025-07-14
C7,PSAB,2025-07-20T08:09:10Z,2025-07-20T08:09:20Z,2025-07-20 08:05:00+00:00,2025-07-20 08:10:00+00:00,5.045532287977673,275732225393.20447,10.4134,3161462249603.716,PSAB_d_2025-07-14
C7,PSAB,2025-07-20T08:09:20Z,2025-07-20T08:09:30Z,2025-07-20 08:05:00+00:00,2025-07-20 08:10:00+00:00,5.045532287977673,275732225393.20447,10.4134,3161462249603.716,PSAB_d_2025-07-14
C7,PSAB,2025-07-20T08:09:30Z,2025-07-20T08:09:40Z,2025-07-20 08:05:00+00:00,2025-07-20 08:10:00+00:00,5.045532287977673,275732225393.20447,10.4134,3161462249603.716,PSAB_d_2025-07-14
C7,PSAB,2025-07-20T08:09:40Z,2025-07-20T08:09:50Z,2025-07-20 08:05:00+00:00,2025-07-20 08:10:00+00:00,5.045532287977673,275732225393.20447,10.4134,3161462249603.716,PSAB_d_2025-07-14
C7,PSAB,2025-07-20T08:09:50Z,2025-07-20T08:10:00Z,2025-07-20 08:05:00+00:00,2025-07-20 08:10:00+00:00,5.045532287977673,275732225393.20447,10.4134,3161462249603.716,PSAB_d_2025-07-14
C7,PPMA,2025-07-20T08:05:00Z,2025-07-20T08:05:10Z,2025-07-20 08:05:00+00:00,2025-07-20 08:10:00+00:00,1.7743222923511466,4751021171150.095,24.3766,4262592844214.596,PPMA_d_2025-07-14
C7,PPMA,2025-07-20T08:05:10Z,2025-07-20T08:05:20Z,2025-07-20 08:05:00+00:00,2025-07-20 08:10:00+00:00,3.7109208139422347,1848433885015.2266,24.3766,4262592844214.596,PPMA_d_2025-07-14
C7,PPMA,2025-07-20T08:05:20Z,2025-07-20T08:05:30Z,2025-07-20 08:05:00+00:00,2025-07-20 08:10:00+00:00,1.5834922627139094,1182881507186.3555,24.3766,4262592844214.596,PPMA_d_2025-07-14
C7,PPMA,2025-07-20T08:05:30Z,2025-07-20T08:05:40Z,2025-07-20 08:05:00+00:00,2025-07-20 08:10:00+00:00,3.3015663399165662,1544789852521.073,24.3766,4262592844214.596,PPMA_d_2025-07-14
C7,PPMA,2025-07-20T08:05:40Z,2025-07-20T08:05:50Z,2025-07-20 08:05:00+00:00,2025-07-20 08:10:00+00:00,2.4174114378895677,1766231331176.6714,24.3766,4262592844214.596,PPMA_d_2025-07-14
C7,PPMA,2025-07-20T08:05:50Z,2025-07-20T08:06:00Z,2025-07-20 08:05:00+00:00,2025-07-20 08:10:00+00:00,11.353823201117702,3758628550482.816,24.3766,4262592844214.596,PPMA_d_2025-07-14
C7,PPMA,2025-07-20T08:06:00Z,2025-07-20T08:06:10Z,2025-07-20 08:05:00+00:00,2025-07-20 08:10:00+00:00,1.4370508116983403,3203366585434.925,24.3766,4262592844214.596,PPMA_d_2025-07-14
C7,PPMA,2025-07-20T08:06:10Z,2025-07-20T08:06:20Z,2025-07-20 08:05:00+00:00,2025-07-20 08:10:00+00:00,6.158587950670227,2599897985215.863,24.3766,4262592844214.596,PPMA_d_2025-07-14
C7,PPMA,2025-07-20T08:06:20Z,2025-07-20T08:06:30Z,2025-07-20 08:05:00+00:00,2025-07-20 08:10:00+00:00,2.174022398342621,1992296141469.5586,24.3766,4262592844214.596,PPMA_d_2025-07-14
C7,PPMA,2025-07-20T08:06:30Z,2025-07-20T08:06:40Z,2025-07-20 08:05:00+00:00,2025-07-20 08:10:00+00:00,2.4651945269490914,3114115999843.17,24.3766,4262592844214.596,PPMA_d_2025-07-14
C7,PPMA,2025-07-20T08:06:40Z,2025-07-20T08:06:50Z,2025-07-20 08:05:00+00:00,2025-07-20 08:10:00+00:00,2.6023388496040223,2593606633707.817,24.3766,4262592844214.596,PPMA_d_2025-07-14
C7,PPMA,2025-07-20T08:06:50Z,2025-07-20T08:07:00Z,2025-07-20 08:05:00+00:00,2025-07-20 08:10:00+00:00,1.535490635563247,2449868235534.3184,24.3766,4262592844214.596,PPMA_d_2025-07-14
C7,PPMA,2025-07-20T08:07:00Z,2025-07-20T08:07:10Z,2025-07-20 08:05:00+00:00,2025-07-20 08:10:00+00:00,3.043494856897058,2186974831480.527,24.3766,4262592844214.596,PPMA_d_2025-07-14
C7,PPMA,2025-07-20T08:07:10Z,2025-07-20T08:07:20Z,2025-07-20 08:05:00+00:00,2025-07-20 08:10:00+00:00,12.169867177108898,4327496727027.7637,24.3766,4262592844214.596,PPMA_d_2025-07-14
C7,PPMA,2025-07-20T08:07:30Z,2025-07-20T08:07:40Z,2025-07-20 08:05:00+00:00,2025-07-20 08:10:00+00:00,4.49399662488864,3547292577193.2715,24.3766,4262592844214.596,PPMA_d_2025-07-14
C7,PPMA,2025-07-20T08:07:40Z,2025-07-20T08:07:50Z,2025-07-20 08:05:00+00:00,2025-07-20 08:10:00+00:00,1.6286213796555415,2249721025671.564,24.3766,4262592844214.596,PPMA_d_2025-07-14
C7,PPMA,2025-07-20T08:07:50Z,2025-07-20T08:08:00Z,2025-07-20 08:05:00+00:00,2025-07-20 08:10:00+00:00,0.49356001952933054,939370276448.635,24.3766,4262592844214.596,PPMA_d_2025-07-14
C7,PPMA,2025-07-20T08:08:00Z,2025-07-20T08:08:10Z,2025-07-20 08:05:00+00:00,2025-07-20 08:10:00+00:00,0.8122796216759274,389594897592.9749,24.3766,4262592844214.596,PPMA_d_2025-07-14
C7,PPMA,2025-07-20T08:08:10Z,2025-07-20T08:08:20Z,2025-07-20 08:05:00+00:00,2025-07-20 08:10:00+00:00,0.8122796216759274,389594897592.9749,24.3766,4262592844214.596,PPMA_d_2025-07-14
C7,PPMA,2025-07-20T08:08:20Z,2025-07-20T08:08:30Z,2025-07-20 08:05:00+00:00,2025-07-20 08:10:00+00:00,0.8122796216759274,389594897592.9749,24.3766,4262592844214.596,PPMA_d_2025-07-14
C7,PPMA,2025-07-20T08:08:30Z,2025-07-20T08:08:40Z,2025-07-20 08:05:00+00:00,2025-07-20 08:10:00+00:00,0.8122796216759274,389594897592.9749,24.3766,4262592844214.596,PPMA_d_2025-07-14
C7,PPMA,2025-07-20T08:08:50Z,2025-07-20T08:09:00Z,2025-07-20 08:05:00+00:00,2025-07-20 08:10:00+00:00,0.8122796216759274,389594897592.9749,24.3766,4262592844214.596,PPMA_d_2025-07-14
C7,PPMA,2025-07-20T08:09:00Z,2025-07-20T08:09:10Z,2025-07-20 08:05:00+00:00,2025-07-20 08:10:00+00:00,0.8122796216759274,389594897592.9749,24.3766,4262592844214.596,PPMA_d_2025-07-14
C7,PPMA,2025-07-20T08:09:10Z,2025-07-20T08:09:20Z,2025-07-20 08:05:00+00:00,2025-07-20 08:10:00+00:00,0.8122796216759274,389594897592.9749,24.3766,4262592844214.596,PPMA_d_2025-07-14
C7,PPMA,2025-07-20T08:09:20Z,2025-07-20T08:09:30Z,2025-07-20 08:05:00+00:00,2025-07-20 08:10:00+00:00,0.8122796216759274,389594897592.9749,24.3766,4262592844214.596,PPMA_d_2025-07-14
C7,PPMA,2025-07-20T08:09:30Z,2025-07-20T08:09:40Z,2025-07-20 08:05:00+00:00,2025-07-20 08:10:00+00:00,0.8122796216759274,389594897592.9749,24.3766,4262592844214.596,PPMA_d_2025-07-14
C7,PPMA,2025-07-20T08:09:40Z,2025-07-20T08:09:50Z,2025-07-20 08:05:00+00:00,2025-07-20 08:10:00+00:00,0.8122796216759274,389594897592.9749,24.3766,4262592844214.596,PPMA_d_2025-07-14
C7,PPMA,2025-07-20T08:09:50Z,2025-07-20T08:10:00Z,2025-07-20 08:05:00+00:00,2025-07-20 08:10:00+00:00,0.8122796216759274,389594897592.9749,24.3766,4262592844214.596,PPMA_d_2025-07-14
C7,PSAB,2025-07-20T08:10:00Z,2025-07-20T08:10:10Z,2025-07-20 08:10:00+00:00,2025-07-20 08:15:00+00:00,0.2506802793218514,305605237340.1667,10.4134,3161462249603.716,PSAB_d_2025-07-14
C7,PSAB,2025-07-20T08:10:10Z,2025-07-20T08:10:20Z,2025-07-20 08:10:00+00:00,2025-07-20 08:15:00+00:00,4.720731534609113,267374840302.753,10.4134,3161462249603.716,PSAB_d_2025-07-14
C7,PSAB,2025-07-20T08:10:20Z,2025-07-20T08:10:30Z,2025-07-20 08:10:00+00:00,2025-07-20 08:15:00+00:00,5.045532287977673,275732225393.20447,10.4134,3161462249603.716,PSAB_d_2025-07-14
C7,PSAB,2025-07-20T08:10:30Z,2025-07-20T08:10:40Z,2025-07-20 08:10:00+00:00,2025-07-20 08:15:00+00:00,5.045532287977673,275732225393.20447,10.4134,3161462249603.716,PSAB_d_2025-07-14
C7,PSAB,2025-07-20T08:10:40Z,2025-07-20T08:10:50Z,2025-07-20 08:10:00+00:00,2025-07-20 08:15:00+00:00,5.045532287977673,275732225393.20447,10.4134,3161462249603.716,PSAB_d_2025-07-14
C7,PSAB,2025-07-20T08:10:50Z,2025-07-20T08:11:00Z,2025-07-20 08:10:00+00:00,2025-07-20 08:15:00+00:00,5.045532287977673,275732225393.20447,10.4134,3161462249603.716,PSAB_d_2025-07-14
C7,PSAB,2025-07-20T08:11:00Z,2025-07-20T08:11:10Z,2025-07-20 08:10:00+00:00,2025-07-20 08:15:00+00:00,5.045532287977673,275732225393.20447,10.4134,3161462249603.716,PSAB_d_2025-07-14
C7,PSAB,2025-07-20T08:11:10Z,2025-07-20T08:11:20Z,2025-07-20 08:10:00+00:00,2025-07-20 08:15:00+00:00,5.045532287977673,275732225393.20447,10.4134,3161462249603.716,PSAB_d_2025-07-14
C7,PSAB,2025-07-20T08:11:20Z,2025-07-20T08:11:30Z,2025-07-20 08:10:00+00:00,2025-07-20 08:15:00+00:00,5.045532287977673,275732225393.20447,10.4134,3161462249603.716,PSAB_d_2025-07-14
C7,PSAB,2025-07-20T08:11:30Z,2025-07-20T08:11:40Z,2025-07-20 08:10:00+00:00,2025-07-20 08:15:00+00:00,5.045532287977673,275732225393.20447,10.4134,3161462249603.716,PSAB_d_2025-07-14
C7,PSAB,2025-07-20T08:11:40Z,2025-07-20T08:11:50Z,2025-07-20 08:10:00+00:00,2025-07-20 08:15:00+00:00,5.045532287977673,275732225393.20447,10.4134,3161462249603.716,PSAB_d_2025-07-14
C7,PSAB,2025-07-20T08:11:50Z,2025-07-20T08:12:00Z,2025-07-20 08:10:00+00:00,2025-07-20 08:15:00+00:00,5.045532287977673,275732225393.20447,10.4134,3161462249603.716,PSAB_d_2025-07-14
C7,PSAB,2025-07-20T08:12:00Z,2025-07-20T08:12:10Z,2025-07-20 08:10:00+00:00,2025-07-20 08:15:00+00:00,5.045532287977673,275732225393.20447,10.4134,3161462249603.716,PSAB_d_2025-07-14
C7,PSAB,2025-07-20T08:12:10Z,2025-07-20T08:12:20Z,2025-07-20 08:10:00+00:00,2025-07-20 08:15:00+00:00,5.045532287977673,275732225393.20447,10.4134,3161462249603.716,PSAB_d_2025-07-14
C7,PSAB,2025-07-20T08:12:20Z,2025-07-20T08:12:30Z,2025-07-20 08:10:00+00:00,2025-07-20 08:15:00+00:00,5.045532287977673,275732225393.20447,10.4134,3161462249603.716,PSAB_d_2025-07-14
C7,PSAB,2025-07-20T08:12:30Z,2025-07-20T08:12:40Z,2025-07-20 08:10:00+00:00,2025-07-20 08:15:00+00:00,5.045532287977673,275732225393.20447,10.4134,3161462249603.716,PSAB_d_2025-07-14
C7,PSAB,2025-07-20T08:12:40Z,2025-07-20T08:12:50Z,2025-07-20 08:10:00+00:00,2025-07-20 08:15:00+00:00,5.045532287977673,275732225393.20447,10.4134,3161462249603.716,PSAB_d_2025-07-14
C7,PSAB,2025-07-20T08:12:50Z,2025-07-20T08:13:00Z,2025-07-20 08:10:00+00:00,2025-07-20 08:15:00+00:00,5.045532287977673,275732225393.20447,10.4134,3161462249603.716,PSAB_d_2025-07-14
C7,PSAB,2025-07-20T08:13:00Z,2025-07-20T08:13:10Z,2025-07-20 08:10:00+00:00,2025-07-20 08:15:00+00:00,5.045532287977673,275732225393.20447,10.4134,3161462249603.716,PSAB_d_2025-07-14
C7,PSAB,2025-07-20T08:13:10Z,2025-07-20T08:13:20Z,2025-07-20 08:10:00+00:00,2025-07-20 08:15:00+00:00,5.045532287977673,275732225393.20447,10.4134,3161462249603.716,PSAB_d_2025-07-14
C7,PSAB,2025-07-20T08:13:20Z,2025-07-20T08:13:30Z,2025-07-20 08:10:00+00:00,2025-07-20 08:15:00+00:00,5.045532287977673,275732225393.20447,10.4134,3161462249603.716,PSAB_d_2025-07-14
C7,PSAB,2025-07-20T08:13:30Z,2025-07-20T08:13:40Z,2025-07-20 08:10:00+00:00,2025-07-20 08:15:00+00:00,5.045532287977673,275732225393.20447,10.4134,3161462249603.716,PSAB_d_2025-07-14
C7,PSAB,2025-07-20T08:13:40Z,2025-07-20T08:13:50Z,2025-07-20 08:10:00+00:00,2025-07-20 08:15:00+00:00,5.045532287977673,275732225393.20447,10.4134,3161462249603.716,PSAB_d_2025-07-14
C7,PSAB,2025-07-20T08:13:50Z,2025-07-20T08:14:00Z,2025-07-20 08:10:00+00:00,2025-07-20 08:15:00+00:00,5.045532287977673,275732225393.20447,10.4134,3161462249603.716,PSAB_d_2025-07-14
C7,PSAB,2025-07-20T08:14:00Z,2025-07-20T08:14:10Z,2025-07-20 08:10:00+00:00,2025-07-20 08:15:00+00:00,5.045532287977673,275732225393.20447,10.4134,3161462249603.716,PSAB_d_2025-07-14
C7,PSAB,2025-07-20T08:14:10Z,2025-07-20T08:14:20Z,2025-07-20 08:10:00+00:00,2025-07-20 08:15:00+00:00,5.045532287977673,275732225393.20447,10.4134,3161462249603.716,PSAB_d_2025-07-14
C7,PSAB,2025-07-20T08:14:20Z,2025-07-20T08:14:30Z,2025-07-20 08:10:00+00:00,2025-07-20 08:15:00+00:00,5.045532287977673,275732225393.20447,10.4134,3161462249603.716,PSAB_d_2025-07-14
C7,PSAB,2025-07-20T08:14:30Z,2025-07-20T08:14:40Z,2025-07-20 08:10:00+00:00,2025-07-20 08:15:00+00:00,5.045532287977673,275732225393.20447,10.4134,3161462249603.716,PSAB_d_2025-07-14
C7,PSAB,2025-07-20T08:14:40Z,2025-07-20T08:14:50Z,2025-07-20 08:10:00+00:00,2025-07-20 08:15:00+00:00,5.045532287977673,275732225393.20447,10.4134,3161462249603.716,PSAB_d_2025-07-14
C7,PSAB,2025-07-20T08:14:50Z,2025-07-20T08:15:00Z,2025-07-20 08:10:00+00:00,2025-07-20 08:15:00+00:00,5.045532287977673,275732225393.20447,10.4134,3161462249603.716,PSAB_d_2025-07-14
C7,PPMA,2025-07-20T08:10:00Z,2025-07-20T08:10:10Z,2025-07-20 08:10:00+00:00,2025-07-20 08:15:00+00:00,1.7743222923511466,4751021171150.095,24.3766,4262592844214.596,PPMA_d_2025-07-14
C7,PPMA,2025-07-20T08:10:10Z,2025-07-20T08:10:20Z,2025-07-20 08:10:00+00:00,2025-07-20 08:15:00+00:00,3.7109208139422347,1848433885015.2266,24.3766,4262592844214.596,PPMA_d_2025-07-14
C7,PPMA,2025-07-20T08:10:20Z,2025-07-20T08:10:30Z,2025-07-20 08:10:00+00:00,2025-07-20 08:15:00+00:00,1.5834922627139094,1182881507186.3555,24.3766,4262592844214.596,PPMA_d_2025-07-14
C7,PPMA,2025-07-20T08:10:30Z,2025-07-20T08:10:40Z,2025-07-20 08:10:00+00:00,2025-07-20 08:15:00+00:00,3.3015663399165662,1544789852521.073,24.3766,4262592844214.596,PPMA_d_2025-07-14
C7,PPMA,2025-07-20T08:10:40Z,2025-07-20T08:10:50Z,2025-07-20 08:10:00+00:00,2025-07-20 08:15:00+00:00,2.4174114378895677,1766231331176.6714,24.3766,4262592844214.596,PPMA_d_2025-07-14
C7,PPMA,2025-07-20T08:11:20Z,2025-07-20T08:11:30Z,2025-07-20 08:10:00+00:00,2025-07-20 08:15:00+00:00,11.353823201117702,3758628550482.816,24.3766,4262592844214.596,PPMA_d_2025-07-14
C7,PPMA,2025-07-20T08:11:30Z,2025-07-20T08:11:40Z,2025-07-20 08:10:00+00:00,2025-07-20 08:15:00+00:00,1.4370508116983403,3203366585434.925,24.3766,4262592844214.596,PPMA_d_2025-07-14
C7,PPMA,2025-07-20T08:11:40Z,2025-07-20T08:11:50Z,2025-07-20 08:10:00+00:00,2025-07-20 08:15:00+00:00,6.158587950670227,2599897985215.863,24.3766,4262592844214.596,PPMA_d_2025-07-14
C7,PPMA,2025-07-20T08:11:50Z,2025-07-20T08:12:00Z,2025-07-20 08:10:00+00:00,2025-07-20 08:15:00+00:00,2.174022398342621,1992296141469.5586,24.3766,4262592844214.596,PPMA_d_2025-07-14
C7,PPMA,2025-07-20T08:12:00Z,2025-07-20T08:12:10Z,2025-07-20 08:10:00+00:00,2025-07-20 08:15:00+00:00,2.4651945269490914,3114115999843.17,24.3766,4262592844214.596,PPMA_d_2025-07-14
C7,PPMA,2025-07-20T08:12:10Z,2025-07-20T08:12:20Z,2025-07-20 08:10:00+00:00,2025-07-20 08:15:00+00:00,2.6023388496040223,2593606633707.817,24.3766,4262592844214.596,PPMA_d_2025-07-14
C7,PPMA,2025-07-20T08:12:30Z,2025-07-20T08:12:40Z,2025-07-20 08:10:00+00:00,2025-07-20 08:15:00+00:00,1.535490635563247,2449868235534.3184,24.3766,4262592844214.596,PPMA_d_2025-07-14
C7,PPMA,2025-07-20T08:12:40Z,2025-07-20T08:12:50Z,2025-07-20 08:10:00+00:00,2025-07-20 08:15:00+00:00,3.043494856897058,2186974831480.527,24.3766,4262592844214.596,PPMA_d_2025-07-14
C7,PPMA,2025-07-20T08:12:50Z,2025-07-20T08:13:00Z,2025-07-20 08:10:00+00:00,2025-07-20 08:15:00+00:00,12.169867177108898,4327496727027.7637,24.3766,4262592844214.596,PPMA_d_2025-07-14
C7,PPMA,2025-07-20T08:13:00Z,2025-07-20T08:13:10Z,2025-07-20 08:10:00+00:00,2025-07-20 08:15:00+00:00,4.49399662488864,3547292577193.2715,24.3766,4262592844214.596,PPMA_d_2025-07-14
C7,PPMA,2025-07-20T08:13:10Z,2025-07-20T08:13:20Z,2025-07-20 08:10:00+00:00,2025-07-20 08:15:00+00:00,1.6286213796555415,2249721025671.564,24.3766,4262592844214.596,PPMA_d_2025-07-14
C7,PPMA,2025-07-20T08:13:20Z,2025-07-20T08:13:30Z,2025-07-20 08:10:00+00:00,2025-07-20 08:15:00+00:00,0.49356001952933054,939370276448.635,24.3766,4262592844214.596,PPMA_d_2025-07-14
C7,PPMA,2025-07-20T08:13:30Z,2025-07-20T08:13:40Z,2025-07-20 08:10:00+00:00,2025-07-20 08:15:00+00:00,0.8122796216759274,389594897592.9749,24.3766,4262592844214.596,PPMA_d_2025-07-14
C7,PPMA,2025-07-20T08:13:40Z,2025-07-20T08:13:50Z,2025-07-20 08:10:00+00:00,2025-07-20 08:15:00+00:00,0.8122796216759274,389594897592.9749,24.3766,4262592844214.596,PPMA_d_2025-07-14
C7,PPMA,2025-07-20T08:13:50Z,2025-07-20T08:14:00Z,2025-07-20 08:10:00+00:00,2025-07-20 08:15:00+00:00,0.8122796216759274,389594897592.9749,24.3766,4262592844214.596,PPMA_d_2025-07-14
C7,PPMA,2025-07-20T08:14:00Z,2025-07-20T08:14:10Z,2025-07-20 08:10:00+00:00,2025-07-20 08:15:00+00:00,0.8122796216759274,389594897592.9749,24.3766,4262592844214.596,PPMA_d_2025-07-14
C7,PPMA,2025-07-20T08:14:10Z,2025-07-20T08:14:20Z,2025-07-20 08:10:00+00:00,2025-07-20 08:15:00+00:00,0.8122796216759274,389594897592.9749,24.3766,4262592844214.596,PPMA_d_2025-07-14
C7,PPMA,2025-07-20T08:14:20Z,2025-07-20T08:14:30Z,2025-07-20 08:10:00+00:00,2025-07-20 08:15:00+00:00,0.8122796216759274,389594897592.9749,24.3766,4262592844214.596,PPMA_d_2025-07-14
C7,PPMA,2025-07-20T08:14:30Z,2025-07-20T08:14:40Z,2025-07-20 08:10:00+00:00,2025-07-20 08:15:00+00:00,0.8122796216759274,389594897592.9749,24.3766,4262592844214.596,PPMA_d_2025-07-14
C7,PPMA,2025-07-20T08:14:40Z,2025-07-20T08:14:50Z,2025-07-20 08:10:00+00:00,2025-07-20 08:15:00+00:00,0.8122796216759274,389594897592.9749,24.3766,4262592844214.596,PPMA_d_2025-07-14
C7,PPMA,2025-07-20T08:14:50Z,2025-07-20T08:15:00Z,2025-07-20 08:10:00+00:00,2025-07-20 08:15:00+00:00,0.8122796216759274,389594897592.9749,24.3766,4262592844214.596,PPMA_d_2025-07-14
C7,PSAB,2025-07-20T08:15:00Z,2025-07-20T08:15:10Z,2025-07-20 08:15:00+00:00,2025-07-20 08:20:00+00:00,0.2506802793218514,305605237340.1667,10.4134,3161462249603.716,PSAB_d_2025-07-14
C7,PSAB,2025-07-20T08:15:10Z,2025-07-20T08:15:20Z,2025-07-20 08:15:00+00:00,2025-07-20 08:20:00+00:00,4.720731534609113,267374840302.753,10.4134,3161462249603.716,PSAB_d_2025-07-14
C7,PSAB,2025-07-20T08:15:20Z,2025-07-20T08:15:30Z,2025-07-20 08:15:00+00:00,2025-07-20 08:20:00+00:00,5.045532287977673,275732225393.20447,10.4134,3161462249603.716,PSAB_d_2025-07-14
C7,PSAB,2025-07-20T08:15:30Z,2025-07-20T08:15:40Z,2025-07-20 08:15:00+00:00,2025-07-20 08:20:00+00:00,5.045532287977673,275732225393.20447,10.4134,3161462249603.716,PSAB_d_2025-07-14
C7,PSAB,2025-07-20T08:15:40Z,2025-07-20T08:15:50Z,2025-07-20 08:15:00+00:00,2025-07-20 08:20:00+00:00,5.045532287977673,275732225393.20447,10.4134,3161462249603.716,PSAB_d_2025-07-14
C7,PSAB,2025-07-20T08:15:50Z,2025-07-20T08:16:00Z,2025-07-20 08:15:00+00:00,2025-07-20 08:20:00+00:00,5.045532287977673,275732225393.20447,10.4134,3161462249603.716,PSAB_d_2025-07-14
C7,PSAB,2025-07-20T08:16:00Z,2025-07-20T08:16:10Z,2025-07-20 08:15:00+00:00,2025-07-20 08:20:00+00:00,5.045532287977673,275732225393.20447,10.4134,3161462249603.716,PSAB_d_2025-07-14
C7,PSAB,2025-07-20T08:16:10Z,2025-07-20T08:16:20Z,2025-07-20 08:15:00+00:00,2025-07-20 08:20:00+00:00,5.045532287977673,275732225393.20447,10.4134,3161462249603.716,PSAB_d_2025-07-14
C7,PSAB,2025-07-20T08:16:20Z,2025-07-20T08:16:30Z,2025-07-20 08:15:00+00:00,2025-07-20 08:20:00+00:00,5.045532287977673,275732225393.20447,10.4134,3161462249603.716,PSAB_d_2025-07-14
C7,PSAB,2025-07-20T08:16:30Z,2025-07-20T08:16:40Z,2025-07-20 08:15:00+00:00,2025-07-20 08:20:00+00:00,5.045532287977673,275732225393.20447,10.4134,3161462249603.716,PSAB_d_2025-07-14
C7,PSAB,2025-07-20T08:16:40Z,2025-07-20T08:16:50Z,2025-07-20 08:15:00+00:00,2025-07-20 08:20:00+00:00,5.045532287977673,275732225393.20447,10.4134,3161462249603.716,PSAB_d_2025-07-14
C7,PSAB,2025-07-20T08:16:50Z,2025-07-20T08:17:00Z,2025-07-20 08:15:00+00:00,2025-07-20 08:20:00+00:00,5.045532287977673,275732225393.20447,10.4134,3161462249603.716,PSAB_d_2025-07-14
C7,PSAB,2025-07-20T08:17:00Z,2025-07-20T08:17:10Z,2025-07-20 08:15:00+00:00,2025-07-20 08:20:00+00:00,5.045532287977673,275732225393.20447,10.4134,3161462249603.716,PSAB_d_2025-07-14
C7,PSAB,2025-07-20T08:17:10Z,2025-07-20T08:17:20Z,2025-07-20 08:15:00+00:00,2025-07-20 08:20:00+00:00,5.045532287977673,275732225393.20447,10.4134,3161462249603.716,PSAB_d_2025-07-14
C7,PSAB,2025-07-20T08:17:20Z,2025-07-20T08:17:30Z,2025-07-20 08:15:00+00:00,2025-07-20 08:20:00+00:00,5.045532287977673,275732225393.20447,10.4134,3161462249603.716,PSAB_d_2025-07-14
C7,PSAB,2025-07-20T08:17:30Z,2025-07-20T08:17:40Z,2025-07-20 08:15:00+00:00,2025-07-20 08:20:00+00:00,5.045532287977673,275732225393.20447,10.4134,3161462249603.716,PSAB_d_2025-07-14
C7,PSAB,2025-07-20T08:17:40Z,2025-07-20T08:17:50Z,2025-07-20 08:15:00+00:00,2025-07-20 08:20:00+00:00,5.045532287977673,275732225393.20447,10.4134,3161462249603.716,PSAB_d_2025-07-14
C7,PSAB,2025-07-20T08:17:50Z,2025-07-20T08:18:00Z,2025-07-20 08:15:00+00:00,2025-07-20 08:20:00+00:00,5.045532287977673,275732225393.20447,10.4134,3161462249603.716,PSAB_d_2025-07-14
C7,PSAB,2025-07-20T08:18:00Z,2025-07-20T08:18:10Z,2025-07-20 08:15:00+00:00,2025-07-20 08:20:00+00:00,5.045532287977673,275732225393.20447,10.4134,3161462249603.716,PSAB_d_2025-07-14
C7,PSAB,2025-07-20T08:18:10Z,2025-07-20T08:18:20Z,2025-07-20 08:15:00+00:00,2025-07-20 08:20:00+00:00,5.045532287977673,275732225393.20447,10.4134,3161462249603.716,PSAB_d_2025-07-14
C7,PSAB,2025-07-20T08:18:20Z,2025-07-20T08:18:30Z,2025-07-20 08:15:00+00:00,2025-07-20 08:20:00+00:00,5.045532287977673,275732225393.20447,10.4134,3161462249603.716,PSAB_d_2025-07-14
C7,PSAB,2025-07-20T08:18:30Z,2025-07-20T08:18:40Z,2025-07-20 08:15:00+00:00,2025-07-20 08:20:00+00:00,5.045532287977673,275732225393.20447,10.4134,3161462249603.716,PSAB_d_2025-07-14
C7,PSAB,2025-07-20T08:18:40Z,2025-07-20T08:18:50Z,2025-07-20 08:15:00+00:00,2025-07-20 08:20:00+00:00,5.045532287977673,275732225393.20447,10.4134,3161462249603.716,PSAB_d_2025-07-14
C7,PSAB,2025-07-20T08:18:50Z,2025-07-20T08:19:00Z,2025-07-20 08:15:00+00:00,2025-07-20 08:20:00+00:00,5.045532287977673,275732225393.20447,10.4134,3161462249603.716,PSAB_d_2025-07-14
C7,PSAB,2025-07-20T08:19:00Z,2025-07-20T08:19:10Z,2025-07-20 08:15:00+00:00,2025-07-20 08:20:00+00:00,5.045532287977673,275732225393.20447,10.4134,3161462249603.716,PSAB_d_2025-07-14
C7,PSAB,2025-07-20T08:19:10Z,2025-07-20T08:19:20Z,2025-07-20 08:15:00+00:00,2025-07-20 08:20:00+00:00,5.045532287977673,275732225393.20447,10.4134,3161462249603.716,PSAB_d_2025-07-14
C7,PSAB,2025-07-20T08:19:20Z,2025-07-20T08:19:30Z,2025-07-20 08:15:00+00:00,2025-07-20 08:20:00+00:00,5.045532287977673,275732225393.20447,10.4134,3161462249603.716,PSAB_d_2025-07-14
C7,PSAB,2025-07-20T08:19:30Z,2025-07-20T08:19:40Z,2025-07-20 08:15:00+00:00,2025-07-20 08:20:00+00:00,5.045532287977673,275732225393.20447,10.4134,3161462249603.716,PSAB_d_2025-07-14
C7,PSAB,2025-07-20T08:19:40Z,2025-07-20T08:19:50Z,2025-07-20 08:15:00+00:00,2025-07-20 08:20:00+00:00,5.045532287977673,275732225393.20447,10.4134,3161462249603.716,PSAB_d_2025-07-14
C7,PSAB,2025-07-20T08:19:50Z,2025-07-20T08:20:00Z,2025-07-20 08:15:00+00:00,2025-07-20 08:20:00+00:00,5.045532287977673,275732225393.20447,10.4134,3161462249603.716,PSAB_d_2025-07-14
C7,PPMA,2025-07-20T08:15:00Z,2025-07-20T08:15:10Z,2025-07-20 08:15:00+00:00,2025-07-20 08:20:00+00:00,1.7743222923511466,4751021171150.095,24.3766,4262592844214.596,PPMA_d_2025-07-14
C7,PPMA,2025-07-20T08:15:10Z,2025-07-20T08:15:20Z,2025-07-20 08:15:00+00:00,2025-07-20 08:20:00+00:00,3.7109208139422347,1848433885015.2266,24.3766,4262592844214.596,PPMA_d_2025-07-14
C7,PPMA,2025-07-20T08:15:20Z,2025-07-20T08:15:30Z,2025-07-20 08:15:00+00:00,2025-07-20 08:20:00+00:00,1.5834922627139094,1182881507186.3555,24.3766,4262592844214.596,PPMA_d_2025-07-14
C7,PPMA,2025-07-20T08:15:30Z,2025-07-20T08:15:40Z,2025-07-20 08:15:00+00:00,2025-07-20 08:20:00+00:00,3.3015663399165662,1544789852521.073,24.3766,4262592844214.596,PPMA_d_2025-07-14
C7,PPMA,2025-07-20T08:16:10Z,2025-07-20T08:16:20Z,2025-07-20 08:15:00+00:00,2025-07-20 08:20:00+00:00,2.4174114378895677,1766231331176.6714,24.3766,4262592844214.596,PPMA_d_2025-07-14
C7,PPMA,2025-07-20T08:16:20Z,2025-07-20T08:16:30Z,2025-07-20 08:15:00+00:00,2025-07-20 08:20:00+00:00,11.353823201117702,3758628550482.816,24.3766,4262592844214.596,PPMA_d_2025-07-14
C7,PPMA,2025-07-20T08:16:30Z,2025-07-20T08:16:40Z,2025-07-20 08:15:00+00:00,2025-07-20 08:20:00+00:00,1.4370508116983403,3203366585434.925,24.3766,4262592844214.596,PPMA_d_2025-07-14
C7,PPMA,2025-07-20T08:17:00Z,2025-07-20T08:17:10Z,2025-07-20 08:15:00+00:00,2025-07-20 08:20:00+00:00,6.158587950670227,2599897985215.863,24.3766,4262592844214.596,PPMA_d_2025-07-14
C7,PPMA,2025-07-20T08:17:10Z,2025-07-20T08:17:20Z,2025-07-20 08:15:00+00:00,2025-07-20 08:20:00+00:00,2.174022398342621,1992296141469.5586,24.3766,4262592844214.596,PPMA_d_2025-07-14
C7,PPMA,2025-07-20T08:17:30Z,2025-07-20T08:17:40Z,2025-07-20 08:15:00+00:00,2025-07-20 08:20:00+00:00,2.4651945269490914,3114115999843.17,24.3766,4262592844214.596,PPMA_d_2025-07-14
C7,PPMA,2025-07-20T08:17:40Z,2025-07-20T08:17:50Z,2025-07-20 08:15:00+00:00,2025-07-20 08:20:00+00:00,2.6023388496040223,2593606633707.817,24.3766,4262592844214.596,PPMA_d_2025-07-14
C7,PPMA,2025-07-20T08:17:50Z,2025-07-20T08:18:00Z,2025-07-20 08:15:00+00:00,2025-07-20 08:20:00+00:00,1.535490635563247,2449868235534.3184,24.3766,4262592844214.596,PPMA_d_2025-07-14
C7,PPMA,2025-07-20T08:18:10Z,2025-07-20T08:18:20Z,2025-07-20 08:15:00+00:00,2025-07-20 08:20:00+00:00,3.043494856897058,2186974831480.527,24.3766,4262592844214.596,PPMA_d_2025-07-14
C7,PPMA,2025-07-20T08:18:20Z,2025-07-20T08:18:30Z,2025-07-20 08:15:00+00:00,2025-07-20 08:20:00+00:00,12.169867177108898,4327496727027.7637,24.3766,4262592844214.596,PPMA_d_2025-07-14
C7,PPMA,2025-07-20T08:18:30Z,2025-07-20T08:18:40Z,2025-07-20 08:15:00+00:00,2025-07-20 08:20:00+00:00,4.49399662488864,3547292577193.2715,24.3766,4262592844214.596,PPMA_d_2025-07-14
C7,PPMA,2025-07-20T08:18:40Z,2025-07-20T08:18:50Z,2025-07-20 08:15:00+00:00,2025-07-20 08:20:00+00:00,1.6286213796555415,2249721025671.564,24.3766,4262592844214.596,PPMA_d_2025-07-14
C7,PPMA,2025-07-20T08:18:50Z,2025-07-20T08:19:00Z,2025-07-20 08:15:00+00:00,2025-07-20 08:20:00+00:00,0.49356001952933054,939370276448.635,24.3766,4262592844214.596,PPMA_d_2025-07-14
C7,PPMA,2025-07-20T08:19:00Z,2025-07-20T08:19:10Z,2025-07-20 08:15:00+00:00,2025-07-20 08:20:00+00:00,0.8122796216759274,389594897592.9749,24.3766,4262592844214.596,PPMA_d_2025-07-14
C7,PPMA,2025-07-20T08:19:10Z,2025-07-20T08:19:20Z,2025-07-20 08:15:00+00:00,2025-07-20 08:20:00+00:00,0.8122796216759274,389594897592.9749,24.3766,4262592844214.596,PPMA_d_2025-07-14
C7,PPMA,2025-07-20T08:19:20Z,2025-07-20T08:19:30Z,2025-07-20 08:15:00+00:00,2025-07-20 08:20:00+00:00,0.8122796216759274,389594897592.9749,24.3766,4262592844214.596,PPMA_d_2025-07-14
C7,PPMA,2025-07-20T08:19:30Z,2025-07-20T08:19:40Z,2025-07-20 08:15:00+00:00,2025-07-20 08:20:00+00:00,0.8122796216759274,389594897592.9749,24.3766,4262592844214.596,PPMA_d_2025-07-14
C7,PPMA,2025-07-20T08:19:40Z,2025-07-20T08:19:50Z,2025-07-20 08:15:00+00:00,2025-07-20 08:20:00+00:00,0.8122796216759274,389594897592.9749,24.3766,4262592844214.596,PPMA_d_2025-07-14
C7,PPMA,2025-07-20T08:19:50Z,2025-07-20T08:20:00Z,2025-07-20 08:15:00+00:00,2025-07-20 08:20:00+00:00,0.8122796216759274,389594897592.9749,24.3766,4262592844214.596,PPMA_d_2025-07-14
C7,PPMA,2025-07-20T08:20:00Z,2025-07-20T08:20:10Z,2025-07-20 08:20:00+00:00,2025-07-20 08:25:00+00:00,1.7743222923511466,4751021171150.095,24.3766,4262592844214.596,PPMA_d_2025-07-14
C7,PPMA,2025-07-20T08:20:20Z,2025-07-20T08:20:30Z,2025-07-20 08:20:00+00:00,2025-07-20 08:25:00+00:00,3.7109208139422347,1848433885015.2266,24.3766,4262592844214.596,PPMA_d_2025-07-14
C7,PPMA,2025-07-20T08:20:30Z,2025-07-20T08:20:40Z,2025-07-20 08:20:00+00:00,2025-07-20 08:25:00+00:00,1.5834922627139094,1182881507186.3555,24.3766,4262592844214.596,PPMA_d_2025-07-14
C7,PPMA,2025-07-20T08:20:40Z,2025-07-20T08:20:50Z,2025-07-20 08:20:00+00:00,2025-07-20 08:25:00+00:00,3.3015663399165662,1544789852521.073,24.3766,4262592844214.596,PPMA_d_2025-07-14
C7,PPMA,2025-07-20T08:20:50Z,2025-07-20T08:21:00Z,2025-07-20 08:20:00+00:00,2025-07-20 08:25:00+00:00,2.4174114378895677,1766231331176.6714,24.3766,4262592844214.596,PPMA_d_2025-07-14
C7,PPMA,2025-07-20T08:21:00Z,2025-07-20T08:21:10Z,2025-07-20 08:20:00+00:00,2025-07-20 08:25:00+00:00,11.353823201117702,3758628550482.816,24.3766,4262592844214.596,PPMA_d_2025-07-14
C7,PPMA,2025-07-20T08:21:10Z,2025-07-20T08:21:20Z,2025-07-20 08:20:00+00:00,2025-07-20 08:25:00+00:00,1.4370508116983403,3203366585434.925,24.3766,4262592844214.596,PPMA_d_2025-07-14
C7,PPMA,2025-07-20T08:21:20Z,2025-07-20T08:21:30Z,2025-07-20 08:20:00+00:00,2025-07-20 08:25:00+00:00,6.158587950670227,2599897985215.863,24.3766,4262592844214.596,PPMA_d_2025-07-14
C7,PPMA,2025-07-20T08:21:30Z,2025-07-20T08:21:40Z,2025-07-20 08:20:00+00:00,2025-07-20 08:25:00+00:00,2.174022398342621,1992296141469.5586,24.3766,4262592844214.596,PPMA_d_2025-07-14
C7,PPMA,2025-07-20T08:21:40Z,2025-07-20T08:21:50Z,2025-07-20 08:20:00+00:00,2025-07-20 08:25:00+00:00,2.4651945269490914,3114115999843.17,24.3766,4262592844214.596,PPMA_d_2025-07-14
C7,PPMA,2025-07-20T08:21:50Z,2025-07-20T08:22:00Z,2025-07-20 08:20:00+00:00,2025-07-20 08:25:00+00:00,2.6023388496040223,2593606633707.817,24.3766,4262592844214.596,PPMA_d_2025-07-14
C7,PPMA,2025-07-20T08:22:00Z,2025-07-20T08:22:10Z,2025-07-20 08:20:00+00:00,2025-07-20 08:25:00+00:00,1.535490635563247,2449868235534.3184,24.3766,4262592844214.596,PPMA_d_2025-07-14
C7,PPMA,2025-07-20T08:22:10Z,2025-07-20T08:22:20Z,2025-07-20 08:20:00+00:00,2025-07-20 08:25:00+00:00,3.043494856897058,2186974831480.527,24.3766,4262592844214.596,PPMA_d_2025-07-14
C7,PPMA,2025-07-20T08:22:20Z,2025-07-20T08:22:30Z,2025-07-20 08:20:00+00:00,2025-07-20 08:25:00+00:00,12.169867177108898,4327496727027.7637,24.3766,4262592844214.596,PPMA_d_2025-07-14
C7,PPMA,2025-07-20T08:22:30Z,2025-07-20T08:22:40Z,2025-07-20 08:20:00+00:00,2025-07-20 08:25:00+00:00,4.49399662488864,3547292577193.2715,24.3766,4262592844214.596,PPMA_d_2025-07-14
C7,PPMA,2025-07-20T08:22:40Z,2025-07-20T08:22:50Z,2025-07-20 08:20:00+00:00,2025-07-20 08:25:00+00:00,1.6286213796555415,2249721025671.564,24.3766,4262592844214.596,PPMA_d_2025-07-14
C7,PPMA,2025-07-20T08:22:50Z,2025-07-20T08:23:00Z,2025-07-20 08:20:00+00:00,2025-07-20 08:25:00+00:00,0.49356001952933054,939370276448.635,24.3766,4262592844214.596,PPMA_d_2025-07-14
C7,PPMA,2025-07-20T08:23:00Z,2025-07-20T08:23:10Z,2025-07-20 08:20:00+00:00,2025-07-20 08:25:00+00:00,0.8122796216759274,389594897592.9749,24.3766,4262592844214.596,PPMA_d_2025-07-14
C7,PPMA,2025-07-20T08:23:10Z,2025-07-20T08:23:20Z,2025-07-20 08:20:00+00:00,2025-07-20 08:25:00+00:00,0.8122796216759274,389594897592.9749,24.3766,4262592844214.596,PPMA_d_2025-07-14
C7,PPMA,2025-07-20T08:23:20Z,2025-07-20T08:23:30Z,2025-07-20 08:20:00+00:00,2025-07-20 08:25:00+00:00,0.8122796216759274,389594897592.9749,24.3766,4262592844214.596,PPMA_d_2025-07-14
C7,PPMA,2025-07-20T08:23:30Z,2025-07-20T08:23:40Z,2025-07-20 08:20:00+00:00,2025-07-20 08:25:00+00:00,0.8122796216759274,389594897592.9749,24.3766,4262592844214.596,PPMA_d_2025-07-14
C7,PPMA,2025-07-20T08:23:40Z,2025-07-20T08:23:50Z,2025-07-20 08:20:00+00:00,2025-07-20 08:25:00+00:00,0.8122796216759274,389594897592.9749,24.3766,4262592844214.596,PPMA_d_2025-07-14
C7,PPMA,2025-07-20T08:23:50Z,2025-07-20T08:24:00Z,2025-07-20 08:20:00+00:00,2025-07-20 08:25:00+00:00,0.8122796216759274,389594897592.9749,24.3766,4262592844214.596,PPMA_d_2025-07-14
C7,PPMA,2025-07-20T08:24:00Z,2025-07-20T08:24:10Z,2025-07-20 08:20:00+00:00,2025-07-20 08:25:00+00:00,0.8122796216759274,389594897592.9749,24.3766,4262592844214.596,PPMA_d_2025-07-14
C7,PPMA,2025-07-20T08:24:10Z,2025-07-20T08:24:20Z,2025-07-20 08:20:00+00:00,2025-07-20 08:25:00+00:00,0.8122796216759274,389594897592.9749,24.3766,4262592844214.596,PPMA_d_2025-07-14
C7,PPMA,2025-07-20T08:24:40Z,2025-07-20T08:24:50Z,2025-07-20 08:20:00+00:00,2025-07-20 08:25:00+00:00,0.8122796216759274,389594897592.9749,24.3766,4262592844214.596,PPMA_d_2025-07-14
C7,PPMA,2025-07-20T08:24:50Z,2025-07-20T08:25:00Z,2025-07-20 08:20:00+00:00,2025-07-20 08:25:00+00:00,0.8122796216759274,389594897592.9749,24.3766,4262592844214.596,PPMA_d_2025-07-14
C7,PSAB,2025-07-20T08:20:00Z,2025-07-20T08:20:10Z,2025-07-20 08:20:00+00:00,2025-07-20 08:25:00+00:00,0.2506802793218514,305605237340.1667,10.4134,3161462249603.716,PSAB_d_2025-07-14
C7,PSAB,2025-07-20T08:20:20Z,2025-07-20T08:20:30Z,2025-07-20 08:20:00+00:00,2025-07-20 08:25:00+00:00,4.720731534609113,267374840302.753,10.4134,3161462249603.716,PSAB_d_2025-07-14
C7,PSAB,2025-07-20T08:20:30Z,2025-07-20T08:20:40Z,2025-07-20 08:20:00+00:00,2025-07-20 08:25:00+00:00,5.045532287977673,275732225393.20447,10.4134,3161462249603.716,PSAB_d_2025-07-14
C7,PSAB,2025-07-20T08:20:40Z,2025-07-20T08:20:50Z,2025-07-20 08:20:00+00:00,2025-07-20 08:25:00+00:00,5.045532287977673,275732225393.20447,10.4134,3161462249603.716,PSAB_d_2025-07-14
C7,PSAB,2025-07-20T08:20:50Z,2025-07-20T08:21:00Z,2025-07-20 08:20:00+00:00,2025-07-20 08:25:00+00:00,5.045532287977673,275732225393.20447,10.4134,3161462249603.716,PSAB_d_2025-07-14
C7,PSAB,2025-07-20T08:21:00Z,2025-07-20T08:21:10Z,2025-07-20 08:20:00+00:00,2025-07-20 08:25:00+00:00,5.045532287977673,275732225393.20447,10.4134,3161462249603.716,PSAB_d_2025-07-14
C7,PSAB,2025-07-20T08:21:10Z,2025-07-20T08:21:20Z,2025-07-20 08:20:00+00:00,2025-07-20 08:25:00+00:00,5.045532287977673,275732225393.20447,10.4134,3161462249603.716,PSAB_d_2025-07-14
C7,PSAB,2025-07-20T08:21:20Z,2025-07-20T08:21:30Z,2025-07-20 08:20:00+00:00,2025-07-20 08:25:00+00:00,5.045532287977673,275732225393.20447,10.4134,3161462249603.716,PSAB_d_2025-07-14
C7,PSAB,2025-07-20T08:21:30Z,2025-07-20T08:21:40Z,2025-07-20 08:20:00+00:00,2025-07-20 08:25:00+00:00,5.045532287977673,275732225393.20447,10.4134,3161462249603.716,PSAB_d_2025-07-14
C7,PSAB,2025-07-20T08:21:40Z,2025-07-20T08:21:50Z,2025-07-20 08:20:00+00:00,2025-07-20 08:25:00+00:00,5.045532287977673,275732225393.20447,10.4134,3161462249603.716,PSAB_d_2025-07-14
C7,PSAB,2025-07-20T08:21:50Z,2025-07-20T08:22:00Z,2025-07-20 08:20:00+00:00,2025-07-20 08:25:00+00:00,5.045532287977673,275732225393.20447,10.4134,3161462249603.716,PSAB_d_2025-07-14
C7,PSAB,2025-07-20T08:22:00Z,2025-07-20T08:22:10Z,2025-07-20 08:20:00+00:00,2025-07-20 08:25:00+00:00,5.045532287977673,275732225393.20447,10.4134,3161462249603.716,PSAB_d_2025-07-14
C7,PSAB,2025-07-20T08:22:10Z,2025-07-20T08:22:20Z,2025-07-20 08:20:00+00:00,2025-07-20 08:25:00+00:00,5.045532287977673,275732225393.20447,10.4134,3161462249603.716,PSAB_d_2025-07-14
C7,PSAB,2025-07-20T08:22:20Z,2025-07-20T08:22:30Z,2025-07-20 08:20:00+00:00,2025-07-20 08:25:00+00:00,5.045532287977673,275732225393.20447,10.4134,3161462249603.716,PSAB_d_2025-07-14
C7,PSAB,2025-07-20T08:22:30Z,2025-07-20T08:22:40Z,2025-07-20 08:20:00+00:00,2025-07-20 08:25:00+00:00,5.045532287977673,275732225393.20447,10.4134,3161462249603.716,PSAB_d_2025-07-14
C7,PSAB,2025-07-20T08:22:40Z,2025-07-20T08:22:50Z,2025-07-20 08:20:00+00:00,2025-07-20 08:25:00+00:00,5.045532287977673,275732225393.20447,10.4134,3161462249603.716,PSAB_d_2025-07-14
C7,PSAB,2025-07-20T08:22:50Z,2025-07-20T08:23:00Z,2025-07-20 08:20:00+00:00,2025-07-20 08:25:00+00:00,5.045532287977673,275732225393.20447,10.4134,3161462249603.716,PSAB_d_2025-07-14
C7,PSAB,2025-07-20T08:23:00Z,2025-07-20T08:23:10Z,2025-07-20 08:20:00+00:00,2025-07-20 08:25:00+00:00,5.045532287977673,275732225393.20447,10.4134,3161462249603.716,PSAB_d_2025-07-14
C7,PSAB,2025-07-20T08:23:10Z,2025-07-20T08:23:20Z,2025-07-20 08:20:00+00:00,2025-07-20 08:25:00+00:00,5.045532287977673,275732225393.20447,10.4134,3161462249603.716,PSAB_d_2025-07-14
C7,PSAB,2025-07-20T08:23:20Z,2025-07-20T08:23:30Z,2025-07-20 08:20:00+00:00,2025-07-20 08:25:00+00:00,5.045532287977673,275732225393.20447,10.4134,3161462249603.716,PSAB_d_2025-07-14
C7,PSAB,2025-07-20T08:23:30Z,2025-07-20T08:23:40Z,2025-07-20 08:20:00+00:00,2025-07-20 08:25:00+00:00,5.045532287977673,275732225393.20447,10.4134,3161462249603.716,PSAB_d_2025-07-14
C7,PSAB,2025-07-20T08:23:40Z,2025-07-20T08:23:50Z,2025-07-20 08:20:00+00:00,2025-07-20 08:25:00+00:00,5.045532287977673,275732225393.20447,10.4134,3161462249603.716,PSAB_d_2025-07-14
C7,PSAB,2025-07-20T08:23:50Z,2025-07-20T08:24:00Z,2025-07-20 08:20:00+00:00,2025-07-20 08:25:00+00:00,5.045532287977673,275732225393.20447,10.4134,3161462249603.716,PSAB_d_2025-07-14
C7,PSAB,2025-07-20T08:24:00Z,2025-07-20T08:24:10Z,2025-07-20 08:20:00+00:00,2025-07-20 08:25:00+00:00,5.045532287977673,275732225393.20447,10.4134,3161462249603.716,PSAB_d_2025-07-14
C7,PSAB,2025-07-20T08:24:10Z,2025-07-20T08:24:20Z,2025-07-20 08:20:00+00:00,2025-07-20 08:25:00+00:00,5.045532287977673,275732225393.20447,10.4134,3161462249603.716,PSAB_d_2025-07-14
C7,PSAB,2025-07-20T08:24:30Z,2025-07-20T08:24:40Z,2025-07-20 08:20:00+00:00,2025-07-20 08:25:00+00:00,5.045532287977673,275732225393.20447,10.4134,3161462249603.716,PSAB_d_2025-07-14
C7,PSAB,2025-07-20T08:24:40Z,2025-07-20T08:24:50Z,2025-07-20 08:20:00+00:00,2025-07-20 08:25:00+00:00,5.045532287977673,275732225393.20447,10.4134,3161462249603.716,PSAB_d_2025-07-14
C7,PSAB,2025-07-20T08:24:50Z,2025-07-20T08:25:00Z,2025-07-20 08:20:00+00:00,2025-07-20 08:25:00+00:00,5.045532287977673,275732225393.20447,10.4134,3161462249603.716,PSAB_d_2025-07-14
C7,PSAB,2025-07-20T08:25:00Z,2025-07-20T08:25:10Z,2025-07-20 08:25:00+00:00,2025-07-20 08:30:00+00:00,0.2506802793218514,305605237340.1667,10.4134,3161462249603.716,PSAB_d_2025-07-14
C7,PSAB,2025-07-20T08:25:10Z,2025-07-20T08:25:20Z,2025-07-20 08:25:00+00:00,2025-07-20 08:30:00+00:00,4.720731534609113,267374840302.753,10.4134,3161462249603.716,PSAB_d_2025-07-14
C7,PSAB,2025-07-20T08:25:20Z,2025-07-20T08:25:30Z,2025-07-20 08:25:00+00:00,2025-07-20 08:30:00+00:00,5.045532287977673,275732225393.20447,10.4134,3161462249603.716,PSAB_d_2025-07-14
C7,PSAB,2025-07-20T08:25:30Z,2025-07-20T08:25:40Z,2025-07-20 08:25:00+00:00,2025-07-20 08:30:00+00:00,5.045532287977673,275732225393.20447,10.4134,3161462249603.716,PSAB_d_2025-07-14
C7,PSAB,2025-07-20T08:25:40Z,2025-07-20T08:25:50Z,2025-07-20 08:25:00+00:00,2025-07-20 08:30:00+00:00,5.045532287977673,275732225393.20447,10.4134,3161462249603.716,PSAB_d_2025-07-14
C7,PSAB,2025-07-20T08:25:50Z,2025-07-20T08:26:00Z,2025-07-20 08:25:00+00:00,2025-07-20 08:30:00+00:00,5.045532287977673,275732225393.20447,10.4134,3161462249603.716,PSAB_d_2025-07-14
C7,PSAB,2025-07-20T08:26:00Z,2025-07-20T08:26:10Z,2025-07-20 08:25:00+00:00,2025-07-20 08:30:00+00:00,5.045532287977673,275732225393.20447,10.4134,3161462249603.716,PSAB_d_2025-07-14
C7,PSAB,2025-07-20T08:26:10Z,2025-07-20T08:26:20Z,2025-07-20 08:25:00+00:00,2025-07-20 08:30:00+00:00,5.045532287977673,275732225393.20447,10.4134,3161462249603.716,PSAB_d_2025-07-14
C7,PSAB,2025-07-20T08:26:20Z,2025-07-20T08:26:30Z,2025-07-20 08:25:00+00:00,2025-07-20 08:30:00+00:00,5.045532287977673,275732225393.20447,10.4134,3161462249603.716,PSAB_d_2025-07-14
C7,PSAB,2025-07-20T08:26:30Z,2025-07-20T08:26:40Z,2025-07-20 08:25:00+00:00,2025-07-20 08:30:00+00:00,5.045532287977673,275732225393.20447,10.4134,3161462249603.716,PSAB_d_2025-07-14
C7,PSAB,2025-07-20T08:26:40Z,2025-07-20T08:26:50Z,2025-07-20 08:25:00+00:00,2025-07-20 08:30:00+00:00,5.045532287977673,275732225393.20447,10.4134,3161462249603.716,PSAB_d_2025-07-14
C7,PSAB,2025-07-20T08:26:50Z,2025-07-20T08:27:00Z,2025-07-20 08:25:00+00:00,2025-07-20 08:30:00+00:00,5.045532287977673,275732225393.20447,10.4134,3161462249603.716,PSAB_d_2025-07-14
C7,PSAB,2025-07-20T08:27:00Z,2025-07-20T08:27:10Z,2025-07-20 08:25:00+00:00,2025-07-20 08:30:00+00:00,5.045532287977673,275732225393.20447,10.4134,3161462249603.716,PSAB_d_2025-07-14
C7,PSAB,2025-07-20T08:27:10Z,2025-07-20T08:27:20Z,2025-07-20 08:25:00+00:00,2025-07-20 08:30:00+00:00,5.045532287977673,275732225393.20447,10.4134,3161462249603.716,PSAB_d_2025-07-14
C7,PSAB,2025-07-20T08:27:20Z,2025-07-20T08:27:30Z,2025-07-20 08:25:00+00:00,2025-07-20 08:30:00+00:00,5.045532287977673,275732225393.20447,10.4134,3161462249603.716,PSAB_d_2025-07-14
C7,PSAB,2025-07-20T08:27:30Z,2025-07-20T08:27:40Z,2025-07-20 08:25:00+00:00,2025-07-20 08:30:00+00:00,5.045532287977673,275732225393.20447,10.4134,3161462249603.716,PSAB_d_2025-07-14
C7,PSAB,2025-07-20T08:27:40Z,2025-07-20T08:27:50Z,2025-07-20 08:25:00+00:00,2025-07-20 08:30:00+00:00,5.045532287977673,275732225393.20447,10.4134,3161462249603.716,PSAB_d_2025-07-14
C7,PSAB,2025-07-20T08:27:50Z,2025-07-20T08:28:00Z,2025-07-20 08:25:00+00:00,2025-07-20 08:30:00+00:00,5.045532287977673,275732225393.20447,10.4134,3161462249603.716,PSAB_d_2025-07-14
C7,PSAB,2025-07-20T08:28:00Z,2025-07-20T08:28:10Z,2025-07-20 08:25:00+00:00,2025-07-20 08:30:00+00:00,5.045532287977673,275732225393.20447,10.4134,3161462249603.716,PSAB_d_2025-07-14
C7,PSAB,2025-07-20T08:28:10Z,2025-07-20T08:28:20Z,2025-07-20 08:25:00+00:00,2025-07-20 08:30:00+00:00,5.045532287977673,275732225393.20447,10.4134,3161462249603.716,PSAB_d_2025-07-14
C7,PSAB,2025-07-20T08:28:20Z,2025-07-20T08:28:30Z,2025-07-20 08:25:00+00:00,2025-07-20 08:30:00+00:00,5.045532287977673,275732225393.20447,10.4134,3161462249603.716,PSAB_d_2025-07-14
C7,PSAB,2025-07-20T08:28:30Z,2025-07-20T08:28:40Z,2025-07-20 08:25:00+00:00,2025-07-20 08:30:00+00:00,5.045532287977673,275732225393.20447,10.4134,3161462249603.716,PSAB_d_2025-07-14
C7,PSAB,2025-07-20T08:28:40Z,2025-07-20T08:28:50Z,2025-07-20 08:25:00+00:00,2025-07-20 08:30:00+00:00,5.045532287977673,275732225393.20447,10.4134,3161462249603.716,PSAB_d_2025-07-14
C7,PSAB,2025-07-20T08:28:50Z,2025-07-20T08:29:00Z,2025-07-20 08:25:00+00:00,2025-07-20 08:30:00+00:00,5.045532287977673,275732225393.20447,10.4134,3161462249603.716,PSAB_d_2025-07-14
C7,PSAB,2025-07-20T08:29:00Z,2025-07-20T08:29:10Z,2025-07-20 08:25:00+00:00,2025-07-20 08:30:00+00:00,5.045532287977673,275732225393.20447,10.4134,3161462249603.716,PSAB_d_2025-07-14
C7,PSAB,2025-07-20T08:29:10Z,2025-07-20T08:29:20Z,2025-07-20 08:25:00+00:00,2025-07-20 08:30:00+00:00,5.045532287977673,275732225393.20447,10.4134,3161462249603.716,PSAB_d_2025-07-14
C7,PSAB,2025-07-20T08:29:20Z,2025-07-20T08:29:30Z,2025-07-20 08:25:00+00:00,2025-07-20 08:30:00+00:00,5.045532287977673,275732225393.20447,10.4134,3161462249603.716,PSAB_d_2025-07-14
C7,PSAB,2025-07-20T08:29:30Z,2025-07-20T08:29:40Z,2025-07-20 08:25:00+00:00,2025-07-20 08:30:00+00:00,5.045532287977673,275732225393.20447,10.4134,3161462249603.716,PSAB_d_2025-07-14
C7,PSAB,2025-07-20T08:29:40Z,2025-07-20T08:29:50Z,2025-07-20 08:25:00+00:00,2025-07-20 08:30:00+00:00,5.045532287977673,275732225393.20447,10.4134,3161462249603.716,PSAB_d_2025-07-14
C7,PSAB,2025-07-20T08:29:50Z,2025-07-20T08:30:00Z,2025-07-20 08:25:00+00:00,2025-07-20 08:30:00+00:00,5.045532287977673,275732225393.20447,10.4134,3161462249603.716,PSAB_d_2025-07-14
C7,PPMA,2025-07-20T08:25:10Z,2025-07-20T08:25:20Z,2025-07-20 08:25:00+00:00,2025-07-20 08:30:00+00:00,1.7743222923511466,4751021171150.095,24.3766,4262592844214.596,PPMA_d_2025-07-14
C7,PPMA,2025-07-20T08:25:30Z,2025-07-20T08:25:40Z,2025-07-20 08:25:00+00:00,2025-07-20 08:30:00+00:00,3.7109208139422347,1848433885015.2266,24.3766,4262592844214.596,PPMA_d_2025-07-14
C7,PPMA,2025-07-20T08:25:40Z,2025-07-20T08:25:50Z,2025-07-20 08:25:00+00:00,2025-07-20 08:30:00+00:00,1.5834922627139094,1182881507186.3555,24.3766,4262592844214.596,PPMA_d_2025-07-14
C7,PPMA,2025-07-20T08:25:50Z,2025-07-20T08:26:00Z,2025-07-20 08:25:00+00:00,2025-07-20 08:30:00+00:00,3.3015663399165662,1544789852521.073,24.3766,4262592844214.596,PPMA_d_2025-07-14
C7,PPMA,2025-07-20T08:26:00Z,2025-07-20T08:26:10Z,2025-07-20 08:25:00+00:00,2025-07-20 08:30:00+00:00,2.4174114378895677,1766231331176.6714,24.3766,4262592844214.596,PPMA_d_2025-07-14
C7,PPMA,2025-07-20T08:26:10Z,2025-07-20T08:26:20Z,2025-07-20 08:25:00+00:00,2025-07-20 08:30:00+00:00,11.353823201117702,3758628550482.816,24.3766,4262592844214.596,PPMA_d_2025-07-14
C7,PPMA,2025-07-20T08:26:40Z,2025-07-20T08:26:50Z,2025-07-20 08:25:00+00:00,2025-07-20 08:30:00+00:00,1.4370508116983403,3203366585434.925,24.3766,4262592844214.596,PPMA_d_2025-07-14
C7,PPMA,2025-07-20T08:26:50Z,2025-07-20T08:27:00Z,2025-07-20 08:25:00+00:00,2025-07-20 08:30:00+00:00,6.158587950670227,2599897985215.863,24.3766,4262592844214.596,PPMA_d_2025-07-14
C7,PPMA,2025-07-20T08:27:00Z,2025-07-20T08:27:10Z,2025-07-20 08:25:00+00:00,2025-07-20 08:30:00+00:00,2.174022398342621,1992296141469.5586,24.3766,4262592844214.596,PPMA_d_2025-07-14
C7,PPMA,2025-07-20T08:27:10Z,2025-07-20T08:27:20Z,2025-07-20 08:25:00+00:00,2025-07-20 08:30:00+00:00,2.4651945269490914,3114115999843.17,24.3766,4262592844214.596,PPMA_d_2025-07-14
C7,PPMA,2025-07-20T08:27:20Z,2025-07-20T08:27:30Z,2025-07-20 08:25:00+00:00,2025-07-20 08:30:00+00:00,2.6023388496040223,2593606633707.817,24.3766,4262592844214.596,PPMA_d_2025-07-14
C7,PPMA,2025-07-20T08:27:30Z,2025-07-20T08:27:40Z,2025-07-20 08:25:00+00:00,2025-07-20 08:30:00+00:00,1.535490635563247,2449868235534.3184,24.3766,4262592844214.596,PPMA_d_2025-07-14
C7,PPMA,2025-07-20T08:27:40Z,2025-07-20T08:27:50Z,2025-07-20 08:25:00+00:00,2025-07-20 08:30:00+00:00,3.043494856897058,2186974831480.527,24.3766,4262592844214.596,PPMA_d_2025-07-14
C7,PPMA,2025-07-20T08:27:50Z,2025-07-20T08:28:00Z,2025-07-20 08:25:00+00:00,2025-07-20 08:30:00+00:00,12.169867177108898,4327496727027.7637,24.3766,4262592844214.596,PPMA_d_2025-07-14
C7,PPMA,2025-07-20T08:28:00Z,2025-07-20T08:28:10Z,2025-07-20 08:25:00+00:00,2025-07-20 08:30:00+00:00,4.49399662488864,3547292577193.2715,24.3766,4262592844214.596,PPMA_d_2025-07-14
C7,PPMA,2025-07-20T08:28:10Z,2025-07-20T08:28:20Z,2025-07-20 08:25:00+00:00,2025-07-20 08:30:00+00:00,1.6286213796555415,2249721025671.564,24.3766,4262592844214.596,PPMA_d_2025-07-14
C7,PPMA,2025-07-20T08:28:20Z,2025-07-20T08:28:30Z,2025-07-20 08:25:00+00:00,2025-07-20 08:30:00+00:00,0.49356001952933054,939370276448.635,24.3766,4262592844214.596,PPMA_d_2025-07-14
C7,PPMA,2025-07-20T08:28:30Z,2025-07-20T08:28:40Z,2025-07-20 08:25:00+00:00,2025-07-20 08:30:00+00:00,0.8122796216759274,389594897592.9749,24.3766,4262592844214.596,PPMA_d_2025-07-14
C7,PPMA,2025-07-20T08:28:40Z,2025-07-20T08:28:50Z,2025-07-20 08:25:00+00:00,2025-07-20 08:30:00+00:00,0.8122796216759274,389594897592.9749,24.3766,4262592844214.596,PPMA_d_2025-07-14
C7,PPMA,2025-07-20T08:28:50Z,2025-07-20T08:29:00Z,2025-07-20 08:25:00+00:00,2025-07-20 08:30:00+00:00,0.8122796216759274,389594897592.9749,24.3766,4262592844214.596,PPMA_d_2025-07-14
C7,PPMA,2025-07-20T08:29:00Z,2025-07-20T08:29:10Z,2025-07-20 08:25:00+00:00,2025-07-20 08:30:00+00:00,0.8122796216759274,389594897592.9749,24.3766,4262592844214.596,PPMA_d_2025-07-14
C7,PPMA,2025-07-20T08:29:10Z,2025-07-20T08:29:20Z,2025-07-20 08:25:00+00:00,2025-07-20 08:30:00+00:00,0.8122796216759274,389594897592.9749,24.3766,4262592844214.596,PPMA_d_2025-07-14
C7,PPMA,2025-07-20T08:29:20Z,2025-07-20T08:29:30Z,2025-07-20 08:25:00+00:00,2025-07-20 08:30:00+00:00,0.8122796216759274,389594897592.9749,24.3766,4262592844214.596,PPMA_d_2025-07-14
C7,PPMA,2025-07-20T08:29:30Z,2025-07-20T08:29:40Z,2025-07-20 08:25:00+00:00,2025-07-20 08:30:00+00:00,0.8122796216759274,389594897592.9749,24.3766,4262592844214.596,PPMA_d_2025-07-14
C7,PPMA,2025-07-20T08:29:40Z,2025-07-20T08:29:50Z,2025-07-20 08:25:00+00:00,2025-07-20 08:30:00+00:00,0.8122796216759274,389594897592.9749,24.3766,4262592844214.596,PPMA_d_2025-07-14
C7,PPMA,2025-07-20T08:29:50Z,2025-07-20T08:30:00Z,2025-07-20 08:25:00+00:00,2025-07-20 08:30:00+00:00,0.8122796216759274,389594897592.9749,24.3766,4262592844214.596,PPMA_d_2025-07-14
C7,PPMA,2025-07-20T08:30:00Z,2025-07-20T08:30:10Z,2025-07-20 08:30:00+00:00,2025-07-20 08:35:00+00:00,1.7743222923511466,4751021171150.095,24.3766,4262592844214.596,PPMA_d_2025-07-14
C7,PPMA,2025-07-20T08:30:10Z,2025-07-20T08:30:20Z,2025-07-20 08:30:00+00:00,2025-07-20 08:35:00+00:00,3.7109208139422347,1848433885015.2266,24.3766,4262592844214.596,PPMA_d_2025-07-14
C7,PPMA,2025-07-20T08:30:20Z,2025-07-20T08:30:30Z,2025-07-20 08:30:00+00:00,2025-07-20 08:35:00+00:00,1.5834922627139094,1182881507186.3555,24.3766,4262592844214.596,PPMA_d_2025-07-14
C7,PPMA,2025-07-20T08:30:30Z,2025-07-20T08:30:40Z,2025-07-20 08:30:00+00:00,2025-07-20 08:35:00+00:00,3.3015663399165662,1544789852521.073,24.3766,4262592844214.596,PPMA_d_2025-07-14
C7,PPMA,2025-07-20T08:30:40Z,2025-07-20T08:30:50Z,2025-07-20 08:30:00+00:00,2025-07-20 08:35:00+00:00,2.4174114378895677,1766231331176.6714,24.3766,4262592844214.596,PPMA_d_2025-07-14
C7,PPMA,2025-07-20T08:31:10Z,2025-07-20T08:31:20Z,2025-07-20 08:30:00+00:00,2025-07-20 08:35:00+00:00,11.353823201117702,3758628550482.816,24.3766,4262592844214.596,PPMA_d_2025-07-14
C7,PPMA,2025-07-20T08:31:20Z,2025-07-20T08:31:30Z,2025-07-20 08:30:00+00:00,2025-07-20 08:35:00+00:00,1.4370508116983403,3203366585434.925,24.3766,4262592844214.596,PPMA_d_2025-07-14
C7,PPMA,2025-07-20T08:32:50Z,2025-07-20T08:33:00Z,2025-07-20 08:30:00+00:00,2025-07-20 08:35:00+00:00,6.158587950670227,2599897985215.863,24.3766,4262592844214.596,PPMA_d_2025-07-14
C7,PPMA,2025-07-20T08:33:00Z,2025-07-20T08:33:10Z,2025-07-20 08:30:00+00:00,2025-07-20 08:35:00+00:00,2.174022398342621,1992296141469.5586,24.3766,4262592844214.596,PPMA_d_2025-07-14
C7,PPMA,2025-07-20T08:33:10Z,2025-07-20T08:33:20Z,2025-07-20 08:30:00+00:00,2025-07-20 08:35:00+00:00,2.4651945269490914,3114115999843.17,24.3766,4262592844214.596,PPMA_d_2025-07-14
C7,PPMA,2025-07-20T08:33:30Z,2025-07-20T08:33:40Z,2025-07-20 08:30:00+00:00,2025-07-20 08:35:00+00:00,2.6023388496040223,2593606633707.817,24.3766,4262592844214.596,PPMA_d_2025-07-14
C7,PPMA,2025-07-20T08:33:40Z,2025-07-20T08:33:50Z,2025-07-20 08:30:00+00:00,2025-07-20 08:35:00+00:00,1.535490635563247,2449868235534.3184,24.3766,4262592844214.596,PPMA_d_2025-07-14
C7,PPMA,2025-07-20T08:33:50Z,2025-07-20T08:34:00Z,2025-07-20 08:30:00+00:00,2025-07-20 08:35:00+00:00,3.043494856897058,2186974831480.527,24.3766,4262592844214.596,PPMA_d_2025-07-14
C7,PPMA,2025-07-20T08:34:00Z,2025-07-20T08:34:10Z,2025-07-20 08:30:00+00:00,2025-07-20 08:35:00+00:00,12.169867177108898,4327496727027.7637,24.3766,4262592844214.596,PPMA_d_2025-07-14
C7,PPMA,2025-07-20T08:34:10Z,2025-07-20T08:34:20Z,2025-07-20 08:30:00+00:00,2025-07-20 08:35:00+00:00,4.49399662488864,3547292577193.2715,24.3766,4262592844214.596,PPMA_d_2025-07-14
C7,PPMA,2025-07-20T08:34:20Z,2025-07-20T08:34:30Z,2025-07-20 08:30:00+00:00,2025-07-20 08:35:00+00:00,1.6286213796555415,2249721025671.564,24.3766,4262592844214.596,PPMA_d_2025-07-14
C7,PPMA,2025-07-20T08:34:30Z,2025-07-20T08:34:40Z,2025-07-20 08:30:00+00:00,2025-07-20 08:35:00+00:00,0.49356001952933054,939370276448.635,24.3766,4262592844214.596,PPMA_d_2025-07-14
C7,PSAB,2025-07-20T08:30:00Z,2025-07-20T08:30:10Z,2025-07-20 08:30:00+00:00,2025-07-20 08:35:00+00:00,0.2506802793218514,305605237340.1667,10.4134,3161462249603.716,PSAB_d_2025-07-14
C7,PSAB,2025-07-20T08:30:10Z,2025-07-20T08:30:20Z,2025-07-20 08:30:00+00:00,2025-07-20 08:35:00+00:00,4.720731534609113,267374840302.753,10.4134,3161462249603.716,PSAB_d_2025-07-14
C7,PSAB,2025-07-20T08:30:20Z,2025-07-20T08:30:30Z,2025-07-20 08:30:00+00:00,2025-07-20 08:35:00+00:00,5.045532287977673,275732225393.20447,10.4134,3161462249603.716,PSAB_d_2025-07-14
C7,PSAB,2025-07-20T08:30:30Z,2025-07-20T08:30:40Z,2025-07-20 08:30:00+00:00,2025-07-20 08:35:00+00:00,5.045532287977673,275732225393.20447,10.4134,3161462249603.716,PSAB_d_2025-07-14
C7,PSAB,2025-07-20T08:30:40Z,2025-07-20T08:30:50Z,2025-07-20 08:30:00+00:00,2025-07-20 08:35:00+00:00,5.045532287977673,275732225393.20447,10.4134,3161462249603.716,PSAB_d_2025-07-14
C7,PSAB,2025-07-20T08:30:50Z,2025-07-20T08:31:00Z,2025-07-20 08:30:00+00:00,2025-07-20 08:35:00+00:00,5.045532287977673,275732225393.20447,10.4134,3161462249603.716,PSAB_d_2025-07-14
C7,PSAB,2025-07-20T08:31:00Z,2025-07-20T08:31:10Z,2025-07-20 08:30:00+00:00,2025-07-20 08:35:00+00:00,5.045532287977673,275732225393.20447,10.4134,3161462249603.716,PSAB_d_2025-07-14
C7,PSAB,2025-07-20T08:31:10Z,2025-07-20T08:31:20Z,2025-07-20 08:30:00+00:00,2025-07-20 08:35:00+00:00,5.045532287977673,275732225393.20447,10.4134,3161462249603.716,PSAB_d_2025-07-14
C7,PSAB,2025-07-20T08:31:20Z,2025-07-20T08:31:30Z,2025-07-20 08:30:00+00:00,2025-07-20 08:35:00+00:00,5.045532287977673,275732225393.20447,10.4134,3161462249603.716,PSAB_d_2025-07-14
C7,PSAB,2025-07-20T08:31:30Z,2025-07-20T08:31:40Z,2025-07-20 08:30:00+00:00,2025-07-20 08:35:00+00:00,5.045532287977673,275732225393.20447,10.4134,3161462249603.716,PSAB_d_2025-07-14
C7,PSAB,2025-07-20T08:32:10Z,2025-07-20T08:32:20Z,2025-07-20 08:30:00+00:00,2025-07-20 08:35:00+00:00,5.045532287977673,275732225393.20447,10.4134,3161462249603.716,PSAB_d_2025-07-14
C7,PSAB,2025-07-20T08:32:20Z,2025-07-20T08:32:30Z,2025-07-20 08:30:00+00:00,2025-07-20 08:35:00+00:00,5.045532287977673,275732225393.20447,10.4134,3161462249603.716,PSAB_d_2025-07-14
C7,PSAB,2025-07-20T08:32:30Z,2025-07-20T08:32:40Z,2025-07-20 08:30:00+00:00,2025-07-20 08:35:00+00:00,5.045532287977673,275732225393.20447,10.4134,3161462249603.716,PSAB_d_2025-07-14
C7,PSAB,2025-07-20T08:32:40Z,2025-07-20T08:32:50Z,2025-07-20 08:30:00+00:00,2025-07-20 08:35:00+00:00,5.045532287977673,275732225393.20447,10.4134,3161462249603.716,PSAB_d_2025-07-14
C7,PSAB,2025-07-20T08:32:50Z,2025-07-20T08:33:00Z,2025-07-20 08:30:00+00:00,2025-07-20 08:35:00+00:00,5.045532287977673,275732225393.20447,10.4134,3161462249603.716,PSAB_d_2025-07-14
C7,PSAB,2025-07-20T08:33:00Z,2025-07-20T08:33:10Z,2025-07-20 08:30:00+00:00,2025-07-20 08:35:00+00:00,5.045532287977673,275732225393.20447,10.4134,3161462249603.716,PSAB_d_2025-07-14
C7,PSAB,2025-07-20T08:33:10Z,2025-07-20T08:33:20Z,2025-07-20 08:30:00+00:00,2025-07-20 08:35:00+00:00,5.045532287977673,275732225393.20447,10.4134,3161462249603.716,PSAB_d_2025-07-14
C7,PSAB,2025-07-20T08:33:20Z,2025-07-20T08:33:30Z,2025-07-20 08:30:00+00:00,2025-07-20 08:35:00+00:00,5.045532287977673,275732225393.20447,10.4134,3161462249603.716,PSAB_d_2025-07-14
C7,PSAB,2025-07-20T08:33:30Z,2025-07-20T08:33:40Z,2025-07-20 08:30:00+00:00,2025-07-20 08:35:00+00:00,5.045532287977673,275732225393.20447,10.4134,3161462249603.716,PSAB_d_2025-07-14
C7,PSAB,2025-07-20T08:33:40Z,2025-07-20T08:33:50Z,2025-07-20 08:30:00+00:00,2025-07-20 08:35:00+00:00,5.045532287977673,275732225393.20447,10.4134,3161462249603.716,PSAB_d_2025-07-14
C7,PSAB,2025-07-20T08:33:50Z,2025-07-20T08:34:00Z,2025-07-20 08:30:00+00:00,2025-07-20 08:35:00+00:00,5.045532287977673,275732225393.20447,10.4134,3161462249603.716,PSAB_d_2025-07-14
C7,PSAB,2025-07-20T08:34:00Z,2025-07-20T08:34:10Z,2025-07-20 08:30:00+00:00,2025-07-20 08:35:00+00:00,5.045532287977673,275732225393.20447,10.4134,3161462249603.716,PSAB_d_2025-07-14
C7,PSAB,2025-07-20T08:34:10Z,2025-07-20T08:34:20Z,2025-07-20 08:30:00+00:00,2025-07-20 08:35:00+00:00,5.045532287977673,275732225393.20447,10.4134,3161462249603.716,PSAB_d_2025-07-14
C7,PSAB,2025-07-20T08:34:20Z,2025-07-20T08:34:30Z,2025-07-20 08:30:00+00:00,2025-07-20 08:35:00+00:00,5.045532287977673,275732225393.20447,10.4134,3161462249603.716,PSAB_d_2025-07-14
C7,PSAB,2025-07-20T08:34:30Z,2025-07-20T08:34:40Z,2025-07-20 08:30:00+00:00,2025-07-20 08:35:00+00:00,5.045532287977673,275732225393.20447,10.4134,3161462249603.716,PSAB_d_2025-07-14
C7,PSAB,2025-07-20T08:34:40Z,2025-07-20T08:34:50Z,2025-07-20 08:30:00+00:00,2025-07-20 08:35:00+00:00,5.045532287977673,275732225393.20447,10.4134,3161462249603.716,PSAB_d_2025-07-14
C7,PSAB,2025-07-20T08:34:50Z,2025-07-20T08:35:00Z,2025-07-20 08:30:00+00:00,2025-07-20 08:35:00+00:00,5.045532287977673,275732225393.20447,10.4134,3161462249603.716,PSAB_d_2025-07-14
C7,PSAB,2025-07-20T08:35:00Z,2025-07-20T08:35:10Z,2025-07-20 08:35:00+00:00,2025-07-20 08:40:00+00:00,0.2506802793218514,305605237340.1667,10.4134,3161462249603.716,PSAB_d_2025-07-14
C7,PSAB,2025-07-20T08:35:10Z,2025-07-20T08:35:20Z,2025-07-20 08:35:00+00:00,2025-07-20 08:40:00+00:00,4.720731534609113,267374840302.753,10.4134,3161462249603.716,PSAB_d_2025-07-14
C7,PSAB,2025-07-20T08:35:30Z,2025-07-20T08:35:40Z,2025-07-20 08:35:00+00:00,2025-07-20 08:40:00+00:00,5.045532287977673,275732225393.20447,10.4134,3161462249603.716,PSAB_d_2025-07-14
C7,PSAB,2025-07-20T08:35:40Z,2025-07-20T08:35:50Z,2025-07-20 08:35:00+00:00,2025-07-20 08:40:00+00:00,5.045532287977673,275732225393.20447,10.4134,3161462249603.716,PSAB_d_2025-07-14
C7,PSAB,2025-07-20T08:35:50Z,2025-07-20T08:36:00Z,2025-07-20 08:35:00+00:00,2025-07-20 08:40:00+00:00,5.045532287977673,275732225393.20447,10.4134,3161462249603.716,PSAB_d_2025-07-14
C7,PSAB,2025-07-20T08:36:00Z,2025-07-20T08:36:10Z,2025-07-20 08:35:00+00:00,2025-07-20 08:40:00+00:00,5.045532287977673,275732225393.20447,10.4134,3161462249603.716,PSAB_d_2025-07-14
C7,PSAB,2025-07-20T08:36:10Z,2025-07-20T08:36:20Z,2025-07-20 08:35:00+00:00,2025-07-20 08:40:00+00:00,5.045532287977673,275732225393.20447,10.4134,3161462249603.716,PSAB_d_2025-07-14
C7,PSAB,2025-07-20T08:36:20Z,2025-07-20T08:36:30Z,2025-07-20 08:35:00+00:00,2025-07-20 08:40:00+00:00,5.045532287977673,275732225393.20447,10.4134,3161462249603.716,PSAB_d_2025-07-14
C7,PSAB,2025-07-20T08:36:30Z,2025-07-20T08:36:40Z,2025-07-20 08:35:00+00:00,2025-07-20 08:40:00+00:00,5.045532287977673,275732225393.20447,10.4134,3161462249603.716,PSAB_d_2025-07-14
C7,PSAB,2025-07-20T08:36:40Z,2025-07-20T08:36:50Z,2025-07-20 08:35:00+00:00,2025-07-20 08:40:00+00:00,5.045532287977673,275732225393.20447,10.4134,3161462249603.716,PSAB_d_2025-07-14
C7,PSAB,2025-07-20T08:36:50Z,2025-07-20T08:37:00Z,2025-07-20 08:35:00+00:00,2025-07-20 08:40:00+00:00,5.045532287977673,275732225393.20447,10.4134,3161462249603.716,PSAB_d_2025-07-14
C7,PSAB,2025-07-20T08:37:00Z,2025-07-20T08:37:10Z,2025-07-20 08:35:00+00:00,2025-07-20 08:40:00+00:00,5.045532287977673,275732225393.20447,10.4134,3161462249603.716,PSAB_d_2025-07-14
C7,PSAB,2025-07-20T08:37:10Z,2025-07-20T08:37:20Z,2025-07-20 08:35:00+00:00,2025-07-20 08:40:00+00:00,5.045532287977673,275732225393.20447,10.4134,3161462249603.716,PSAB_d_2025-07-14
C7,PSAB,2025-07-20T08:37:20Z,2025-07-20T08:37:30Z,2025-07-20 08:35:00+00:00,2025-07-20 08:40:00+00:00,5.045532287977673,275732225393.20447,10.4134,3161462249603.716,PSAB_d_2025-07-14
C7,PSAB,2025-07-20T08:37:30Z,2025-07-20T08:37:40Z,2025-07-20 08:35:00+00:00,2025-07-20 08:40:00+00:00,5.045532287977673,275732225393.20447,10.4134,3161462249603.716,PSAB_d_2025-07-14
C7,PSAB,2025-07-20T08:37:40Z,2025-07-20T08:37:50Z,2025-07-20 08:35:00+00:00,2025-07-20 08:40:00+00:00,5.045532287977673,275732225393.20447,10.4134,3161462249603.716,PSAB_d_2025-07-14
C7,PSAB,2025-07-20T08:37:50Z,2025-07-20T08:38:00Z,2025-07-20 08:35:00+00:00,2025-07-20 08:40:00+00:00,5.045532287977673,275732225393.20447,10.4134,3161462249603.716,PSAB_d_2025-07-14
C7,PSAB,2025-07-20T08:38:00Z,2025-07-20T08:38:10Z,2025-07-20 08:35:00+00:00,2025-07-20 08:40:00+00:00,5.045532287977673,275732225393.20447,10.4134,3161462249603.716,PSAB_d_2025-07-14
C7,PSAB,2025-07-20T08:38:10Z,2025-07-20T08:38:20Z,2025-07-20 08:35:00+00:00,2025-07-20 08:40:00+00:00,5.045532287977673,275732225393.20447,10.4134,3161462249603.716,PSAB_d_2025-07-14
C7,PSAB,2025-07-20T08:38:20Z,2025-07-20T08:38:30Z,2025-07-20 08:35:00+00:00,2025-07-20 08:40:00+00:00,5.045532287977673,275732225393.20447,10.4134,3161462249603.716,PSAB_d_2025-07-14
C7,PSAB,2025-07-20T08:38:30Z,2025-07-20T08:38:40Z,2025-07-20 08:35:00+00:00,2025-07-20 08:40:00+00:00,5.045532287977673,275732225393.20447,10.4134,3161462249603.716,PSAB_d_2025-07-14
C7,PSAB,2025-07-20T08:38:50Z,2025-07-20T08:39:00Z,2025-07-20 08:35:00+00:00,2025-07-20 08:40:00+00:00,5.045532287977673,275732225393.20447,10.4134,3161462249603.716,PSAB_d_2025-07-14
C7,PSAB,2025-07-20T08:39:00Z,2025-07-20T08:39:10Z,2025-07-20 08:35:00+00:00,2025-07-20 08:40:00+00:00,5.045532287977673,275732225393.20447,10.4134,3161462249603.716,PSAB_d_2025-07-14
C7,PSAB,2025-07-20T08:39:10Z,2025-07-20T08:39:20Z,2025-07-20 08:35:00+00:00,2025-07-20 08:40:00+00:00,5.045532287977673,275732225393.20447,10.4134,3161462249603.716,PSAB_d_2025-07-14
C7,PSAB,2025-07-20T08:39:20Z,2025-07-20T08:39:30Z,2025-07-20 08:35:00+00:00,2025-07-20 08:40:00+00:00,5.045532287977673,275732225393.20447,10.4134,3161462249603.716,PSAB_d_2025-07-14
C7,PSAB,2025-07-20T08:39:50Z,2025-07-20T08:40:00Z,2025-07-20 08:35:00+00:00,2025-07-20 08:40:00+00:00,5.045532287977673,275732225393.20447,10.4134,3161462249603.716,PSAB_d_2025-07-14
C7,PPMA,2025-07-20T08:35:30Z,2025-07-20T08:35:40Z,2025-07-20 08:35:00+00:00,2025-07-20 08:40:00+00:00,1.7743222923511466,4751021171150.095,24.3766,4262592844214.596,PPMA_d_2025-07-14
C7,PPMA,2025-07-20T08:35:40Z,2025-07-20T08:35:50Z,2025-07-20 08:35:00+00:00,2025-07-20 08:40:00+00:00,3.7109208139422347,1848433885015.2266,24.3766,4262592844214.596,PPMA_d_2025-07-14
C7,PPMA,2025-07-20T08:35:50Z,2025-07-20T08:36:00Z,2025-07-20 08:35:00+00:00,2025-07-20 08:40:00+00:00,1.5834922627139094,1182881507186.3555,24.3766,4262592844214.596,PPMA_d_2025-07-14
C7,PPMA,2025-07-20T08:36:00Z,2025-07-20T08:36:10Z,2025-07-20 08:35:00+00:00,2025-07-20 08:40:00+00:00,3.3015663399165662,1544789852521.073,24.3766,4262592844214.596,PPMA_d_2025-07-14
C7,PPMA,2025-07-20T08:36:30Z,2025-07-20T08:36:40Z,2025-07-20 08:35:00+00:00,2025-07-20 08:40:00+00:00,2.4174114378895677,1766231331176.6714,24.3766,4262592844214.596,PPMA_d_2025-07-14
C7,PPMA,2025-07-20T08:36:40Z,2025-07-20T08:36:50Z,2025-07-20 08:35:00+00:00,2025-07-20 08:40:00+00:00,11.353823201117702,3758628550482.816,24.3766,4262592844214.596,PPMA_d_2025-07-14
C7,PPMA,2025-07-20T08:36:50Z,2025-07-20T08:37:00Z,2025-07-20 08:35:00+00:00,2025-07-20 08:40:00+00:00,1.4370508116983403,3203366585434.925,24.3766,4262592844214.596,PPMA_d_2025-07-14
C7,PPMA,2025-07-20T08:37:00Z,2025-07-20T08:37:10Z,2025-07-20 08:35:00+00:00,2025-07-20 08:40:00+00:00,6.158587950670227,2599897985215.863,24.3766,4262592844214.596,PPMA_d_2025-07-14
C7,PPMA,2025-07-20T08:37:10Z,2025-07-20T08:37:20Z,2025-07-20 08:35:00+00:00,2025-07-20 08:40:00+00:00,2.174022398342621,1992296141469.5586,24.3766,4262592844214.596,PPMA_d_2025-07-14
C7,PPMA,2025-07-20T08:37:20Z,2025-07-20T08:37:30Z,2025-07-20 08:35:00+00:00,2025-07-20 08:40:00+00:00,2.4651945269490914,3114115999843.17,24.3766,4262592844214.596,PPMA_d_2025-07-14
C7,PPMA,2025-07-20T08:37:30Z,2025-07-20T08:37:40Z,2025-07-20 08:35:00+00:00,2025-07-20 08:40:00+00:00,2.6023388496040223,2593606633707.817,24.3766,4262592844214.596,PPMA_d_2025-07-14
C7,PPMA,2025-07-20T08:37:40Z,2025-07-20T08:37:50Z,2025-07-20 08:35:00+00:00,2025-07-20 08:40:00+00:00,1.535490635563247,2449868235534.3184,24.3766,4262592844214.596,PPMA_d_2025-07-14
C7,PPMA,2025-07-20T08:37:50Z,2025-07-20T08:38:00Z,2025-07-20 08:35:00+00:00,2025-07-20 08:40:00+00:00,3.043494856897058,2186974831480.527,24.3766,4262592844214.596,PPMA_d_2025-07-14
C7,PPMA,2025-07-20T08:38:00Z,2025-07-20T08:38:10Z,2025-07-20 08:35:00+00:00,2025-07-20 08:40:00+00:00,12.169867177108898,4327496727027.7637,24.3766,4262592844214.596,PPMA_d_2025-07-14
C7,PPMA,2025-07-20T08:38:10Z,2025-07-20T08:38:20Z,2025-07-20 08:35:00+00:00,2025-07-20 08:40:00+00:00,4.49399662488864,3547292577193.2715,24.3766,4262592844214.596,PPMA_d_2025-07-14
C7,PPMA,2025-07-20T08:38:20Z,2025-07-20T08:38:30Z,2025-07-20 08:35:00+00:00,2025-07-20 08:40:00+00:00,1.6286213796555415,2249721025671.564,24.3766,4262592844214.596,PPMA_d_2025-07-14
C7,PPMA,2025-07-20T08:38:50Z,2025-07-20T08:39:00Z,2025-07-20 08:35:00+00:00,2025-07-20 08:40:00+00:00,0.49356001952933054,939370276448.635,24.3766,4262592844214.596,PPMA_d_2025-07-14
C7,PPMA,2025-07-20T08:39:00Z,2025-07-20T08:39:10Z,2025-07-20 08:35:00+00:00,2025-07-20 08:40:00+00:00,0.8122796216759274,389594897592.9749,24.3766,4262592844214.596,PPMA_d_2025-07-14
C7,PSAB,2025-07-20T08:41:00Z,2025-07-20T08:41:10Z,2025-07-20 08:40:00+00:00,2025-07-20 08:45:00+00:00,0.2506802793218514,305605237340.1667,10.4134,3161462249603.716,PSAB_d_2025-07-14
C7,PSAB,2025-07-20T08:41:10Z,2025-07-20T08:41:20Z,2025-07-20 08:40:00+00:00,2025-07-20 08:45:00+00:00,4.720731534609113,267374840302.753,10.4134,3161462249603.716,PSAB_d_2025-07-14
C7,PSAB,2025-07-20T08:41:20Z,2025-07-20T08:41:30Z,2025-07-20 08:40:00+00:00,2025-07-20 08:45:00+00:00,5.045532287977673,275732225393.20447,10.4134,3161462249603.716,PSAB_d_2025-07-14
C7,PSAB,2025-07-20T08:41:50Z,2025-07-20T08:42:00Z,2025-07-20 08:40:00+00:00,2025-07-20 08:45:00+00:00,5.045532287977673,275732225393.20447,10.4134,3161462249603.716,PSAB_d_2025-07-14
C7,PSAB,2025-07-20T08:42:00Z,2025-07-20T08:42:10Z,2025-07-20 08:40:00+00:00,2025-07-20 08:45:00+00:00,5.045532287977673,275732225393.20447,10.4134,3161462249603.716,PSAB_d_2025-07-14
C7,PSAB,2025-07-20T08:42:10Z,2025-07-20T08:42:20Z,2025-07-20 08:40:00+00:00,2025-07-20 08:45:00+00:00,5.045532287977673,275732225393.20447,10.4134,3161462249603.716,PSAB_d_2025-07-14
C7,PSAB,2025-07-20T08:42:30Z,2025-07-20T08:42:40Z,2025-07-20 08:40:00+00:00,2025-07-20 08:45:00+00:00,5.045532287977673,275732225393.20447,10.4134,3161462249603.716,PSAB_d_2025-07-14
C7,PSAB,2025-07-20T08:42:40Z,2025-07-20T08:42:50Z,2025-07-20 08:40:00+00:00,2025-07-20 08:45:00+00:00,5.045532287977673,275732225393.20447,10.4134,3161462249603.716,PSAB_d_2025-07-14
C7,PSAB,2025-07-20T08:42:50Z,2025-07-20T08:43:00Z,2025-07-20 08:40:00+00:00,2025-07-20 08:45:00+00:00,5.045532287977673,275732225393.20447,10.4134,3161462249603.716,PSAB_d_2025-07-14
C7,PSAB,2025-07-20T08:43:00Z,2025-07-20T08:43:10Z,2025-07-20 08:40:00+00:00,2025-07-20 08:45:00+00:00,5.045532287977673,275732225393.20447,10.4134,3161462249603.716,PSAB_d_2025-07-14
C7,PSAB,2025-07-20T08:43:20Z,2025-07-20T08:43:30Z,2025-07-20 08:40:00+00:00,2025-07-20 08:45:00+00:00,5.045532287977673,275732225393.20447,10.4134,3161462249603.716,PSAB_d_2025-07-14
C7,PSAB,2025-07-20T08:43:30Z,2025-07-20T08:43:40Z,2025-07-20 08:40:00+00:00,2025-07-20 08:45:00+00:00,5.045532287977673,275732225393.20447,10.4134,3161462249603.716,PSAB_d_2025-07-14
C7,PSAB,2025-07-20T08:43:40Z,2025-07-20T08:43:50Z,2025-07-20 08:40:00+00:00,2025-07-20 08:45:00+00:00,5.045532287977673,275732225393.20447,10.4134,3161462249603.716,PSAB_d_2025-07-14
C7,PSAB,2025-07-20T08:43:50Z,2025-07-20T08:44:00Z,2025-07-20 08:40:00+00:00,2025-07-20 08:45:00+00:00,5.045532287977673,275732225393.20447,10.4134,3161462249603.716,PSAB_d_2025-07-14
C7,PSAB,2025-07-20T08:44:30Z,2025-07-20T08:44:40Z,2025-07-20 08:40:00+00:00,2025-07-20 08:45:00+00:00,5.045532287977673,275732225393.20447,10.4134,3161462249603.716,PSAB_d_2025-07-14
C7,PSAB,2025-07-20T08:44:40Z,2025-07-20T08:44:50Z,2025-07-20 08:40:00+00:00,2025-07-20 08:45:00+00:00,5.045532287977673,275732225393.20447,10.4134,3161462249603.716,PSAB_d_2025-07-14
C7,PSAB,2025-07-20T08:44:50Z,2025-07-20T08:45:00Z,2025-07-20 08:40:00+00:00,2025-07-20 08:45:00+00:00,5.045532287977673,275732225393.20447,10.4134,3161462249603.716,PSAB_d_2025-07-14
C7,PPMA,2025-07-20T08:44:50Z,2025-07-20T08:45:00Z,2025-07-20 08:40:00+00:00,2025-07-20 08:45:00+00:00,1.7743222923511466,4751021171150.095,24.3766,4262592844214.596,PPMA_d_2025-07-14
C7,PPMA,2025-07-20T08:41:00Z,2025-07-20T08:41:10Z,2025-07-20 08:40:00+00:00,2025-07-20 08:45:00+00:00,3.7109208139422347,1848433885015.2266,24.3766,4262592844214.596,PPMA_d_2025-07-14
C7,PSAB,2025-07-20T08:45:00Z,2025-07-20T08:45:10Z,2025-07-20 08:45:00+00:00,2025-07-20 08:50:00+00:00,0.2506802793218514,305605237340.1667,10.4134,3161462249603.716,PSAB_d_2025-07-14
C7,PSAB,2025-07-20T08:45:10Z,2025-07-20T08:45:20Z,2025-07-20 08:45:00+00:00,2025-07-20 08:50:00+00:00,4.720731534609113,267374840302.753,10.4134,3161462249603.716,PSAB_d_2025-07-14
C7,PSAB,2025-07-20T08:46:10Z,2025-07-20T08:46:20Z,2025-07-20 08:45:00+00:00,2025-07-20 08:50:00+00:00,5.045532287977673,275732225393.20447,10.4134,3161462249603.716,PSAB_d_2025-07-14
C7,PSAB,2025-07-20T08:46:20Z,2025-07-20T08:46:30Z,2025-07-20 08:45:00+00:00,2025-07-20 08:50:00+00:00,5.045532287977673,275732225393.20447,10.4134,3161462249603.716,PSAB_d_2025-07-14
C7,PSAB,2025-07-20T08:46:30Z,2025-07-20T08:46:40Z,2025-07-20 08:45:00+00:00,2025-07-20 08:50:00+00:00,5.045532287977673,275732225393.20447,10.4134,3161462249603.716,PSAB_d_2025-07-14
C7,PSAB,2025-07-20T08:46:40Z,2025-07-20T08:46:50Z,2025-07-20 08:45:00+00:00,2025-07-20 08:50:00+00:00,5.045532287977673,275732225393.20447,10.4134,3161462249603.716,PSAB_d_2025-07-14
C7,PSAB,2025-07-20T08:46:50Z,2025-07-20T08:47:00Z,2025-07-20 08:45:00+00:00,2025-07-20 08:50:00+00:00,5.045532287977673,275732225393.20447,10.4134,3161462249603.716,PSAB_d_2025-07-14
C7,PSAB,2025-07-20T08:47:00Z,2025-07-20T08:47:10Z,2025-07-20 08:45:00+00:00,2025-07-20 08:50:00+00:00,5.045532287977673,275732225393.20447,10.4134,3161462249603.716,PSAB_d_2025-07-14
C7,PSAB,2025-07-20T08:47:10Z,2025-07-20T08:47:20Z,2025-07-20 08:45:00+00:00,2025-07-20 08:50:00+00:00,5.045532287977673,275732225393.20447,10.4134,3161462249603.716,PSAB_d_2025-07-14
C7,PSAB,2025-07-20T08:47:20Z,2025-07-20T08:47:30Z,2025-07-20 08:45:00+00:00,2025-07-20 08:50:00+00:00,5.045532287977673,275732225393.20447,10.4134,3161462249603.716,PSAB_d_2025-07-14
C7,PSAB,2025-07-20T08:47:50Z,2025-07-20T08:48:00Z,2025-07-20 08:45:00+00:00,2025-07-20 08:50:00+00:00,5.045532287977673,275732225393.20447,10.4134,3161462249603.716,PSAB_d_2025-07-14
C7,PSAB,2025-07-20T08:48:10Z,2025-07-20T08:48:20Z,2025-07-20 08:45:00+00:00,2025-07-20 08:50:00+00:00,5.045532287977673,275732225393.20447,10.4134,3161462249603.716,PSAB_d_2025-07-14
C7,PSAB,2025-07-20T08:48:40Z,2025-07-20T08:48:50Z,2025-07-20 08:45:00+00:00,2025-07-20 08:50:00+00:00,5.045532287977673,275732225393.20447,10.4134,3161462249603.716,PSAB_d_2025-07-14
C7,PSAB,2025-07-20T08:48:50Z,2025-07-20T08:49:00Z,2025-07-20 08:45:00+00:00,2025-07-20 08:50:00+00:00,5.045532287977673,275732225393.20447,10.4134,3161462249603.716,PSAB_d_2025-07-14
C7,PSAB,2025-07-20T08:49:00Z,2025-07-20T08:49:10Z,2025-07-20 08:45:00+00:00,2025-07-20 08:50:00+00:00,5.045532287977673,275732225393.20447,10.4134,3161462249603.716,PSAB_d_2025-07-14
C7,PSAB,2025-07-20T08:49:10Z,2025-07-20T08:49:20Z,2025-07-20 08:45:00+00:00,2025-07-20 08:50:00+00:00,5.045532287977673,275732225393.20447,10.4134,3161462249603.716,PSAB_d_2025-07-14
C7,PSAB,2025-07-20T08:49:20Z,2025-07-20T08:49:30Z,2025-07-20 08:45:00+00:00,2025-07-20 08:50:00+00:00,5.045532287977673,275732225393.20447,10.4134,3161462249603.716,PSAB_d_2025-07-14
C7,PSAB,2025-07-20T08:49:30Z,2025-07-20T08:49:40Z,2025-07-20 08:45:00+00:00,2025-07-20 08:50:00+00:00,5.045532287977673,275732225393.20447,10.4134,3161462249603.716,PSAB_d_2025-07-14
C7,PPMA,2025-07-20T08:45:00Z,2025-07-20T08:45:10Z,2025-07-20 08:45:00+00:00,2025-07-20 08:50:00+00:00,1.7743222923511466,4751021171150.095,24.3766,4262592844214.596,PPMA_d_2025-07-14
C7,PSAB,2025-07-20T08:50:00Z,2025-07-20T08:50:10Z,2025-07-20 08:50:00+00:00,2025-07-20 08:55:00+00:00,0.2506802793218514,305605237340.1667,10.4134,3161462249603.716,PSAB_d_2025-07-14
C7,PSAB,2025-07-20T08:50:10Z,2025-07-20T08:50:20Z,2025-07-20 08:50:00+00:00,2025-07-20 08:55:00+00:00,4.720731534609113,267374840302.753,10.4134,3161462249603.716,PSAB_d_2025-07-14
C7,PSAB,2025-07-20T08:50:40Z,2025-07-20T08:50:50Z,2025-07-20 08:50:00+00:00,2025-07-20 08:55:00+00:00,5.045532287977673,275732225393.20447,10.4134,3161462249603.716,PSAB_d_2025-07-14
C7,PSAB,2025-07-20T08:50:50Z,2025-07-20T08:51:00Z,2025-07-20 08:50:00+00:00,2025-07-20 08:55:00+00:00,5.045532287977673,275732225393.20447,10.4134,3161462249603.716,PSAB_d_2025-07-14
C7,PSAB,2025-07-20T08:51:00Z,2025-07-20T08:51:10Z,2025-07-20 08:50:00+00:00,2025-07-20 08:55:00+00:00,5.045532287977673,275732225393.20447,10.4134,3161462249603.716,PSAB_d_2025-07-14
C7,PSAB,2025-07-20T08:51:50Z,2025-07-20T08:52:00Z,2025-07-20 08:50:00+00:00,2025-07-20 08:55:00+00:00,5.045532287977673,275732225393.20447,10.4134,3161462249603.716,PSAB_d_2025-07-14
C7,PSAB,2025-07-20T08:52:40Z,2025-07-20T08:52:50Z,2025-07-20 08:50:00+00:00,2025-07-20 08:55:00+00:00,5.045532287977673,275732225393.20447,10.4134,3161462249603.716,PSAB_d_2025-07-14
C7,PSAB,2025-07-20T08:52:50Z,2025-07-20T08:53:00Z,2025-07-20 08:50:00+00:00,2025-07-20 08:55:00+00:00,5.045532287977673,275732225393.20447,10.4134,3161462249603.716,PSAB_d_2025-07-14
C7,PSAB,2025-07-20T08:53:10Z,2025-07-20T08:53:20Z,2025-07-20 08:50:00+00:00,2025-07-20 08:55:00+00:00,5.045532287977673,275732225393.20447,10.4134,3161462249603.716,PSAB_d_2025-07-14
C7,PSAB,2025-07-20T08:53:20Z,2025-07-20T08:53:30Z,2025-07-20 08:50:00+00:00,2025-07-20 08:55:00+00:00,5.045532287977673,275732225393.20447,10.4134,3161462249603.716,PSAB_d_2025-07-14
C7,PSAB,2025-07-20T08:53:30Z,2025-07-20T08:53:40Z,2025-07-20 08:50:00+00:00,2025-07-20 08:55:00+00:00,5.045532287977673,275732225393.20447,10.4134,3161462249603.716,PSAB_d_2025-07-14
C7,PSAB,2025-07-20T08:53:40Z,2025-07-20T08:53:50Z,2025-07-20 08:50:00+00:00,2025-07-20 08:55:00+00:00,5.045532287977673,275732225393.20447,10.4134,3161462249603.716,PSAB_d_2025-07-14
C7,PSAB,2025-07-20T08:53:50Z,2025-07-20T08:54:00Z,2025-07-20 08:50:00+00:00,2025-07-20 08:55:00+00:00,5.045532287977673,275732225393.20447,10.4134,3161462249603.716,PSAB_d_2025-07-14
C7,PSAB,2025-07-20T08:54:00Z,2025-07-20T08:54:10Z,2025-07-20 08:50:00+00:00,2025-07-20 08:55:00+00:00,5.045532287977673,275732225393.20447,10.4134,3161462249603.716,PSAB_d_2025-07-14
C7,PSAB,2025-07-20T08:54:10Z,2025-07-20T08:54:20Z,2025-07-20 08:50:00+00:00,2025-07-20 08:55:00+00:00,5.045532287977673,275732225393.20447,10.4134,3161462249603.716,PSAB_d_2025-07-14
C7,PSAB,2025-07-20T08:56:40Z,2025-07-20T08:56:50Z,2025-07-20 08:55:00+00:00,2025-07-20 09:00:00+00:00,0.2506802793218514,305605237340.1667,10.4134,3161462249603.716,PSAB_d_2025-07-14
C7,PSAB,2025-07-20T08:59:30Z,2025-07-20T08:59:40Z,2025-07-20 08:55:00+00:00,2025-07-20 09:00:00+00:00,4.720731534609113,267374840302.753,10.4134,3161462249603.716,PSAB_d_2025-07-14
C7,PSAB,2025-07-20T08:59:40Z,2025-07-20T08:59:50Z,2025-07-20 08:55:00+00:00,2025-07-20 09:00:00+00:00,5.045532287977673,275732225393.20447,10.4134,3161462249603.716,PSAB_d_2025-07-14
C7,PSAB,2025-07-20T08:57:10Z,2025-07-20T08:57:20Z,2025-07-20 08:55:00+00:00,2025-07-20 09:00:00+00:00,5.045532287977673,275732225393.20447,10.4134,3161462249603.716,PSAB_d_2025-07-14
C7,PSAB,2025-07-20T08:57:20Z,2025-07-20T08:57:30Z,2025-07-20 08:55:00+00:00,2025-07-20 09:00:00+00:00,5.045532287977673,275732225393.20447,10.4134,3161462249603.716,PSAB_d_2025-07-14
C7,PSAB,2025-07-20T09:01:30Z,2025-07-20T09:01:40Z,2025-07-20 09:00:00+00:00,2025-07-20 09:05:00+00:00,0.2506802793218514,305605237340.1667,10.4134,3161462249603.716,PSAB_d_2025-07-14
C7,PSAB,2025-07-20T09:01:40Z,2025-07-20T09:01:50Z,2025-07-20 09:00:00+00:00,2025-07-20 09:05:00+00:00,4.720731534609113,267374840302.753,10.4134,3161462249603.716,PSAB_d_2025-07-14
C7,PSAB,2025-07-20T09:01:50Z,2025-07-20T09:02:00Z,2025-07-20 09:00:00+00:00,2025-07-20 09:05:00+00:00,5.045532287977673,275732225393.20447,10.4134,3161462249603.716,PSAB_d_2025-07-14
C7,PSAB,2025-07-20T09:02:00Z,2025-07-20T09:02:10Z,2025-07-20 09:00:00+00:00,2025-07-20 09:05:00+00:00,5.045532287977673,275732225393.20447,10.4134,3161462249603.716,PSAB_d_2025-07-14
C7,PSAB,2025-07-20T09:02:10Z,2025-07-20T09:02:20Z,2025-07-20 09:00:00+00:00,2025-07-20 09:05:00+00:00,5.045532287977673,275732225393.20447,10.4134,3161462249603.716,PSAB_d_2025-07-14
C7,PSAB,2025-07-20T09:02:20Z,2025-07-20T09:02:30Z,2025-07-20 09:00:00+00:00,2025-07-20 09:05:00+00:00,5.045532287977673,275732225393.20447,10.4134,3161462249603.716,PSAB_d_2025-07-14
C7,PSAB,2025-07-20T09:03:30Z,2025-07-20T09:03:40Z,2025-07-20 09:00:00+00:00,2025-07-20 09:05:00+00:00,5.045532287977673,275732225393.20447,10.4134,3161462249603.716,PSAB_d_2025-07-14
C7,PSAB,2025-07-20T09:04:10Z,2025-07-20T09:04:20Z,2025-07-20 09:00:00+00:00,2025-07-20 09:05:00+00:00,5.045532287977673,275732225393.20447,10.4134,3161462249603.716,PSAB_d_2025-07-14
C7,PSAB,2025-07-20T09:04:20Z,2025-07-20T09:04:30Z,2025-07-20 09:00:00+00:00,2025-07-20 09:05:00+00:00,5.045532287977673,275732225393.20447,10.4134,3161462249603.716,PSAB_d_2025-07-14
C7,PSAB,2025-07-20T09:09:40Z,2025-07-20T09:09:50Z,2025-07-20 09:05:00+00:00,2025-07-20 09:10:00+00:00,0.2506802793218514,305605237340.1667,10.4134,3161462249603.716,PSAB_d_2025-07-14
C7,PSAB,2025-07-20T09:08:50Z,2025-07-20T09:09:00Z,2025-07-20 09:05:00+00:00,2025-07-20 09:10:00+00:00,4.720731534609113,267374840302.753,10.4134,3161462249603.716,PSAB_d_2025-07-14
C7,PSAB,2025-07-20T09:12:40Z,2025-07-20T09:12:50Z,2025-07-20 09:10:00+00:00,2025-07-20 09:15:00+00:00,0.2506802793218514,305605237340.1667,10.4134,3161462249603.716,PSAB_d_2025-07-14
C7,PSAB,2025-07-20T09:17:00Z,2025-07-20T09:17:10Z,2025-07-20 09:15:00+00:00,2025-07-20 09:20:00+00:00,0.2506802793218514,305605237340.1667,10.4134,3161462249603.716,PSAB_d_2025-07-14
C7,PSAB,2025-07-20T09:17:30Z,2025-07-20T09:17:40Z,2025-07-20 09:15:00+00:00,2025-07-20 09:20:00+00:00,4.720731534609113,267374840302.753,10.4134,3161462249603.716,PSAB_d_2025-07-14
C7,PSAB,2025-07-20T09:17:40Z,2025-07-20T09:17:50Z,2025-07-20 09:15:00+00:00,2025-07-20 09:20:00+00:00,5.045532287977673,275732225393.20447,10.4134,3161462249603.716,PSAB_d_2025-07-14
C7,PSAB,2025-07-20T09:17:50Z,2025-07-20T09:18:00Z,2025-07-20 09:15:00+00:00,2025-07-20 09:20:00+00:00,5.045532287977673,275732225393.20447,10.4134,3161462249603.716,PSAB_d_2025-07-14
C7,PSAB,2025-07-20T09:18:00Z,2025-07-20T09:18:10Z,2025-07-20 09:15:00+00:00,2025-07-20 09:20:00+00:00,5.045532287977673,275732225393.20447,10.4134,3161462249603.716,PSAB_d_2025-07-14
C7,PSAB,2025-07-20T09:18:10Z,2025-07-20T09:18:20Z,2025-07-20 09:15:00+00:00,2025-07-20 09:20:00+00:00,5.045532287977673,275732225393.20447,10.4134,3161462249603.716,PSAB_d_2025-07-14
C7,PSAB,2025-07-20T09:18:20Z,2025-07-20T09:18:30Z,2025-07-20 09:15:00+00:00,2025-07-20 09:20:00+00:00,5.045532287977673,275732225393.20447,10.4134,3161462249603.716,PSAB_d_2025-07-14
C7,PSAB,2025-07-20T09:18:30Z,2025-07-20T09:18:40Z,2025-07-20 09:15:00+00:00,2025-07-20 09:20:00+00:00,5.045532287977673,275732225393.20447,10.4134,3161462249603.716,PSAB_d_2025-07-14
C7,PSAB,2025-07-20T09:20:00Z,2025-07-20T09:20:10Z,2025-07-20 09:20:00+00:00,2025-07-20 09:25:00+00:00,0.2506802793218514,305605237340.1667,10.4134,3161462249603.716,PSAB_d_2025-07-14
C7,PSAB,2025-07-20T09:24:00Z,2025-07-20T09:24:10Z,2025-07-20 09:20:00+00:00,2025-07-20 09:25:00+00:00,4.720731534609113,267374840302.753,10.4134,3161462249603.716,PSAB_d_2025-07-14
C7,PSAB,2025-07-20T09:23:20Z,2025-07-20T09:23:30Z,2025-07-20 09:20:00+00:00,2025-07-20 09:25:00+00:00,5.045532287977673,275732225393.20447,10.4134,3161462249603.716,PSAB_d_2025-07-14
C7,PSAB,2025-07-20T09:26:30Z,2025-07-20T09:26:40Z,2025-07-20 09:25:00+00:00,2025-07-20 09:30:00+00:00,0.2506802793218514,305605237340.1667,10.4134,3161462249603.716,PSAB_d_2025-07-14
C7,PSAB,2025-07-20T09:27:40Z,2025-07-20T09:27:50Z,2025-07-20 09:25:00+00:00,2025-07-20 09:30:00+00:00,4.720731534609113,267374840302.753,10.4134,3161462249603.716,PSAB_d_2025-07-14
C7,PSAB,2025-07-20T09:27:50Z,2025-07-20T09:28:00Z,2025-07-20 09:25:00+00:00,2025-07-20 09:30:00+00:00,5.045532287977673,275732225393.20447,10.4134,3161462249603.716,PSAB_d_2025-07-14
C7,PSAB,2025-07-20T09:28:00Z,2025-07-20T09:28:10Z,2025-07-20 09:25:00+00:00,2025-07-20 09:30:00+00:00,5.045532287977673,275732225393.20447,10.4134,3161462249603.716,PSAB_d_2025-07-14
C7,PSAB,2025-07-20T09:28:10Z,2025-07-20T09:28:20Z,2025-07-20 09:25:00+00:00,2025-07-20 09:30:00+00:00,5.045532287977673,275732225393.20447,10.4134,3161462249603.716,PSAB_d_2025-07-14
C7,PSAB,2025-07-20T09:28:20Z,2025-07-20T09:28:30Z,2025-07-20 09:25:00+00:00,2025-07-20 09:30:00+00:00,5.045532287977673,275732225393.20447,10.4134,3161462249603.716,PSAB_d_2025-07-14
C7,PSAB,2025-07-20T09:28:30Z,2025-07-20T09:28:40Z,2025-07-20 09:25:00+00:00,2025-07-20 09:30:00+00:00,5.045532287977673,275732225393.20447,10.4134,3161462249603.716,PSAB_d_2025-07-14
C7,PSAB,2025-07-20T09:28:40Z,2025-07-20T09:28:50Z,2025-07-20 09:25:00+00:00,2025-07-20 09:30:00+00:00,5.045532287977673,275732225393.20447,10.4134,3161462249603.716,PSAB_d_2025-07-14
C7,PSAB,2025-07-20T09:53:50Z,2025-07-20T09:54:00Z,2025-07-20 09:50:00+00:00,2025-07-20 09:55:00+00:00,0.2506802793218514,305605237340.1667,10.4134,3161462249603.716,PSAB_d_2025-07-14
C7,PSAB,2025-07-20T09:54:00Z,2025-07-20T09:54:10Z,2025-07-20 09:50:00+00:00,2025-07-20 09:55:00+00:00,4.720731534609113,267374840302.753,10.4134,3161462249603.716,PSAB_d_2025-07-14
C7,PSAB,2025-07-20T09:54:10Z,2025-07-20T09:54:20Z,2025-07-20 09:50:00+00:00,2025-07-20 09:55:00+00:00,5.045532287977673,275732225393.20447,10.4134,3161462249603.716,PSAB_d_2025-07-14
C7,PSAB,2025-07-20T09:54:20Z,2025-07-20T09:54:30Z,2025-07-20 09:50:00+00:00,2025-07-20 09:55:00+00:00,5.045532287977673,275732225393.20447,10.4134,3161462249603.716,PSAB_d_2025-07-14
C7,PSAB,2025-07-20T09:54:30Z,2025-07-20T09:54:40Z,2025-07-20 09:50:00+00:00,2025-07-20 09:55:00+00:00,5.045532287977673,275732225393.20447,10.4134,3161462249603.716,PSAB_d_2025-07-14
C7,PSAB,2025-07-20T09:54:40Z,2025-07-20T09:54:50Z,2025-07-20 09:50:00+00:00,2025-07-20 09:55:00+00:00,5.045532287977673,275732225393.20447,10.4134,3161462249603.716,PSAB_d_2025-07-14
C7,PSAB,2025-07-20T09:54:50Z,2025-07-20T09:55:00Z,2025-07-20 09:50:00+00:00,2025-07-20 09:55:00+00:00,5.045532287977673,275732225393.20447,10.4134,3161462249603.716,PSAB_d_2025-07-14
C7,PSAB,2025-07-20T09:55:00Z,2025-07-20T09:55:10Z,2025-07-20 09:55:00+00:00,2025-07-20 10:00:00+00:00,0.2506802793218514,305605237340.1667,10.4134,3161462249603.716,PSAB_d_2025-07-14
C7,PSAB,2025-07-20T09:57:10Z,2025-07-20T09:57:20Z,2025-07-20 09:55:00+00:00,2025-07-20 10:00:00+00:00,4.720731534609113,267374840302.753,10.4134,3161462249603.716,PSAB_d_2025-07-14
C7,PSAB,2025-07-20T09:57:30Z,2025-07-20T09:57:40Z,2025-07-20 09:55:00+00:00,2025-07-20 10:00:00+00:00,5.045532287977673,275732225393.20447,10.4134,3161462249603.716,PSAB_d_2025-07-14
C7,PSAB,2025-07-20T10:21:40Z,2025-07-20T10:21:50Z,2025-07-20 10:20:00+00:00,2025-07-20 10:25:00+00:00,0.2506802793218514,305605237340.1667,10.4134,3161462249603.716,PSAB_d_2025-07-14
C7,PSAB,2025-07-20T10:23:00Z,2025-07-20T10:23:10Z,2025-07-20 10:20:00+00:00,2025-07-20 10:25:00+00:00,4.720731534609113,267374840302.753,10.4134,3161462249603.716,PSAB_d_2025-07-14
C7,PSAB,2025-07-20T10:23:10Z,2025-07-20T10:23:20Z,2025-07-20 10:20:00+00:00,2025-07-20 10:25:00+00:00,5.045532287977673,275732225393.20447,10.4134,3161462249603.716,PSAB_d_2025-07-14
C7,PSAB,2025-07-20T10:23:20Z,2025-07-20T10:23:30Z,2025-07-20 10:20:00+00:00,2025-07-20 10:25:00+00:00,5.045532287977673,275732225393.20447,10.4134,3161462249603.716,PSAB_d_2025-07-14
C7,PSAB,2025-07-20T10:23:30Z,2025-07-20T10:23:40Z,2025-07-20 10:20:00+00:00,2025-07-20 10:25:00+00:00,5.045532287977673,275732225393.20447,10.4134,3161462249603.716,PSAB_d_2025-07-14
C7,PSAB,2025-07-20T10:23:40Z,2025-07-20T10:23:50Z,2025-07-20 10:20:00+00:00,2025-07-20 10:25:00+00:00,5.045532287977673,275732225393.20447,10.4134,3161462249603.716,PSAB_d_2025-07-14
C7,PSAB,2025-07-20T10:23:50Z,2025-07-20T10:24:00Z,2025-07-20 10:20:00+00:00,2025-07-20 10:25:00+00:00,5.045532287977673,275732225393.20447,10.4134,3161462249603.716,PSAB_d_2025-07-14
C7,PSAB,2025-07-20T10:24:00Z,2025-07-20T10:24:10Z,2025-07-20 10:20:00+00:00,2025-07-20 10:25:00+00:00,5.045532287977673,275732225393.20447,10.4134,3161462249603.716,PSAB_d_2025-07-14
C7,PSAB,2025-07-20T10:24:50Z,2025-07-20T10:25:00Z,2025-07-20 10:20:00+00:00,2025-07-20 10:25:00+00:00,5.045532287977673,275732225393.20447,10.4134,3161462249603.716,PSAB_d_2025-07-14
C7,PSAB,2025-07-20T10:27:20Z,2025-07-20T10:27:30Z,2025-07-20 10:25:00+00:00,2025-07-20 10:30:00+00:00,0.2506802793218514,305605237340.1667,10.4134,3161462249603.716,PSAB_d_2025-07-14
C7,PSAB,2025-07-20T10:27:30Z,2025-07-20T10:27:40Z,2025-07-20 10:25:00+00:00,2025-07-20 10:30:00+00:00,4.720731534609113,267374840302.753,10.4134,3161462249603.716,PSAB_d_2025-07-14
C7,PSAB,2025-07-20T10:27:40Z,2025-07-20T10:27:50Z,2025-07-20 10:25:00+00:00,2025-07-20 10:30:00+00:00,5.045532287977673,275732225393.20447,10.4134,3161462249603.716,PSAB_d_2025-07-14
C7,PSAB,2025-07-20T10:27:50Z,2025-07-20T10:28:00Z,2025-07-20 10:25:00+00:00,2025-07-20 10:30:00+00:00,5.045532287977673,275732225393.20447,10.4134,3161462249603.716,PSAB_d_2025-07-14
C7,PSAB,2025-07-20T10:28:00Z,2025-07-20T10:28:10Z,2025-07-20 10:25:00+00:00,2025-07-20 10:30:00+00:00,5.045532287977673,275732225393.20447,10.4134,3161462249603.716,PSAB_d_2025-07-14
C7,PSAB,2025-07-20T10:28:10Z,2025-07-20T10:28:20Z,2025-07-20 10:25:00+00:00,2025-07-20 10:30:00+00:00,5.045532287977673,275732225393.20447,10.4134,3161462249603.716,PSAB_d_2025-07-14
C7,PSAB,2025-07-20T10:29:10Z,2025-07-20T10:29:20Z,2025-07-20 10:25:00+00:00,2025-07-20 10:30:00+00:00,5.045532287977673,275732225393.20447,10.4134,3161462249603.716,PSAB_d_2025-07-14
C7,PSAB,2025-07-20T10:38:10Z,2025-07-20T10:38:20Z,2025-07-20 10:35:00+00:00,2025-07-20 10:40:00+00:00,0.2506802793218514,305605237340.1667,10.4134,3161462249603.716,PSAB_d_2025-07-14
C7,PSAB,2025-07-20T11:09:10Z,2025-07-20T11:09:20Z,2025-07-20 11:05:00+00:00,2025-07-20 11:10:00+00:00,0.2506802793218514,305605237340.1667,10.4134,3161462249603.716,PSAB_d_2025-07-14
C7,PSAB,2025-07-20T11:09:20Z,2025-07-20T11:09:30Z,2025-07-20 11:05:00+00:00,2025-07-20 11:10:00+00:00,4.720731534609113,267374840302.753,10.4134,3161462249603.716,PSAB_d_2025-07-14
C7,PSAB,2025-07-20T11:09:30Z,2025-07-20T11:09:40Z,2025-07-20 11:05:00+00:00,2025-07-20 11:10:00+00:00,5.045532287977673,275732225393.20447,10.4134,3161462249603.716,PSAB_d_2025-07-14
C7,PSAB,2025-07-20T11:57:10Z,2025-07-20T11:57:20Z,2025-07-20 11:55:00+00:00,2025-07-20 12:00:00+00:00,0.2506802793218514,305605237340.1667,10.4134,3161462249603.716,PSAB_d_2025-07-14
C7,PSAB,2025-07-20T13:23:50Z,2025-07-20T13:24:00Z,2025-07-20 13:20:00+00:00,2025-07-20 13:25:00+00:00,0.2506802793218514,305605237340.1667,10.4134,3161462249603.716,PSAB_d_2025-07-14
C7,PSAB,2025-07-20T13:24:00Z,2025-07-20T13:24:10Z,2025-07-20 13:20:00+00:00,2025-07-20 13:25:00+00:00,4.720731534609113,267374840302.753,10.4134,3161462249603.716,PSAB_d_2025-07-14
C7,PSAB,2025-07-20T13:24:10Z,2025-07-20T13:24:20Z,2025-07-20 13:20:00+00:00,2025-07-20 13:25:00+00:00,5.045532287977673,275732225393.20447,10.4134,3161462249603.716,PSAB_d_2025-07-14
C7,PSAB,2025-07-20T13:24:20Z,2025-07-20T13:24:30Z,2025-07-20 13:20:00+00:00,2025-07-20 13:25:00+00:00,5.045532287977673,275732225393.20447,10.4134,3161462249603.716,PSAB_d_2025-07-14
C7,PSAB,2025-07-20T13:24:30Z,2025-07-20T13:24:40Z,2025-07-20 13:20:00+00:00,2025-07-20 13:25:00+00:00,5.045532287977673,275732225393.20447,10.4134,3161462249603.716,PSAB_d_2025-07-14
C7,PSAB,2025-07-20T13:24:40Z,2025-07-20T13:24:50Z,2025-07-20 13:20:00+00:00,2025-07-20 13:25:00+00:00,5.045532287977673,275732225393.20447,10.4134,3161462249603.716,PSAB_d_2025-07-14
C7,PSAB,2025-07-20T13:24:50Z,2025-07-20T13:25:00Z,2025-07-20 13:20:00+00:00,2025-07-20 13:25:00+00:00,5.045532287977673,275732225393.20447,10.4134,3161462249603.716,PSAB_d_2025-07-14
C7,PSAB,2025-07-20T13:25:00Z,2025-07-20T13:25:10Z,2025-07-20 13:25:00+00:00,2025-07-20 13:30:00+00:00,0.2506802793218514,305605237340.1667,10.4134,3161462249603.716,PSAB_d_2025-07-14
C7,PSAB,2025-07-20T13:25:10Z,2025-07-20T13:25:20Z,2025-07-20 13:25:00+00:00,2025-07-20 13:30:00+00:00,4.720731534609113,267374840302.753,10.4134,3161462249603.716,PSAB_d_2025-07-14
C7,PSAB,2025-07-20T13:25:20Z,2025-07-20T13:25:30Z,2025-07-20 13:25:00+00:00,2025-07-20 13:30:00+00:00,5.045532287977673,275732225393.20447,10.4134,3161462249603.716,PSAB_d_2025-07-14
C7,PSAB,2025-07-20T13:25:30Z,2025-07-20T13:25:40Z,2025-07-20 13:25:00+00:00,2025-07-20 13:30:00+00:00,5.045532287977673,275732225393.20447,10.4134,3161462249603.716,PSAB_d_2025-07-14
C7,PSAB,2025-07-20T13:25:40Z,2025-07-20T13:25:50Z,2025-07-20 13:25:00+00:00,2025-07-20 13:30:00+00:00,5.045532287977673,275732225393.20447,10.4134,3161462249603.716,PSAB_d_2025-07-14
C7,PSAB,2025-07-20T13:25:50Z,2025-07-20T13:26:00Z,2025-07-20 13:25:00+00:00,2025-07-20 13:30:00+00:00,5.045532287977673,275732225393.20447,10.4134,3161462249603.716,PSAB_d_2025-07-14
C7,PPMA,2025-07-20T15:14:10Z,2025-07-20T15:14:20Z,2025-07-20 15:10:00+00:00,2025-07-20 15:15:00+00:00,1.7743222923511466,4751021171150.095,24.3766,4262592844214.596,PPMA_d_2025-07-14
C7,PSAB,2025-07-20T15:28:40Z,2025-07-20T15:28:50Z,2025-07-20 15:25:00+00:00,2025-07-20 15:30:00+00:00,0.2506802793218514,305605237340.1667,10.4134,3161462249603.716,PSAB_d_2025-07-14
C7,PSAB,2025-07-20T15:28:50Z,2025-07-20T15:29:00Z,2025-07-20 15:25:00+00:00,2025-07-20 15:30:00+00:00,4.720731534609113,267374840302.753,10.4134,3161462249603.716,PSAB_d_2025-07-14
C7,PSAB,2025-07-20T15:29:00Z,2025-07-20T15:29:10Z,2025-07-20 15:25:00+00:00,2025-07-20 15:30:00+00:00,5.045532287977673,275732225393.20447,10.4134,3161462249603.716,PSAB_d_2025-07-14
C7,PSAB,2025-07-20T15:29:10Z,2025-07-20T15:29:20Z,2025-07-20 15:25:00+00:00,2025-07-20 15:30:00+00:00,5.045532287977673,275732225393.20447,10.4134,3161462249603.716,PSAB_d_2025-07-14
C7,PPMA,2025-07-20T19:22:20Z,2025-07-20T19:22:30Z,2025-07-20 19:20:00+00:00,2025-07-20 19:25:00+00:00,1.7743222923511466,4751021171150.095,24.3766,4262592844214.596,PPMA_d_2025-07-14
C7,PSAB,2025-07-20T19:21:50Z,2025-07-20T19:22:00Z,2025-07-20 19:20:00+00:00,2025-07-20 19:25:00+00:00,0.2506802793218514,305605237340.1667,10.4134,3161462249603.716,PSAB_d_2025-07-14
C7,PSAB,2025-07-20T19:22:00Z,2025-07-20T19:22:10Z,2025-07-20 19:20:00+00:00,2025-07-20 19:25:00+00:00,4.720731534609113,267374840302.753,10.4134,3161462249603.716,PSAB_d_2025-07-14
C7,PSAB,2025-07-20T19:22:10Z,2025-07-20T19:22:20Z,2025-07-20 19:20:00+00:00,2025-07-20 19:25:00+00:00,5.045532287977673,275732225393.20447,10.4134,3161462249603.716,PSAB_d_2025-07-14
C7,PSAB,2025-07-20T19:22:20Z,2025-07-20T19:22:30Z,2025-07-20 19:20:00+00:00,2025-07-20 19:25:00+00:00,5.045532287977673,275732225393.20447,10.4134,3161462249603.716,PSAB_d_2025-07-14
C7,PSAB,2025-07-20T19:22:30Z,2025-07-20T19:22:40Z,2025-07-20 19:20:00+00:00,2025-07-20 19:25:00+00:00,5.045532287977673,275732225393.20447,10.4134,3161462249603.716,PSAB_d_2025-07-14
C7,PSAB,2025-07-20T19:22:40Z,2025-07-20T19:22:50Z,2025-07-20 19:20:00+00:00,2025-07-20 19:25:00+00:00,5.045532287977673,275732225393.20447,10.4134,3161462249603.716,PSAB_d_2025-07-14
C7,PSAB,2025-07-20T19:22:50Z,2025-07-20T19:23:00Z,2025-07-20 19:20:00+00:00,2025-07-20 19:25:00+00:00,5.045532287977673,275732225393.20447,10.4134,3161462249603.716,PSAB_d_2025-07-14
C7,PSAB,2025-07-20T19:23:00Z,2025-07-20T19:23:10Z,2025-07-20 19:20:00+00:00,2025-07-20 19:25:00+00:00,5.045532287977673,275732225393.20447,10.4134,3161462249603.716,PSAB_d_2025-07-14
C7,PSAB,2025-07-20T21:53:40Z,2025-07-20T21:53:50Z,2025-07-20 21:50:00+00:00,2025-07-20 21:55:00+00:00,0.2506802793218514,305605237340.1667,10.4134,3161462249603.716,PSAB_d_2025-07-14
C7,PSAB,2025-07-20T21:53:50Z,2025-07-20T21:54:00Z,2025-07-20 21:50:00+00:00,2025-07-20 21:55:00+00:00,4.720731534609113,267374840302.753,10.4134,3161462249603.716,PSAB_d_2025-07-14
C7,PSAB,2025-07-20T22:09:50Z,2025-07-20T22:10:00Z,2025-07-20 22:05:00+00:00,2025-07-20 22:10:00+00:00,0.2506802793218514,305605237340.1667,10.4134,3161462249603.716,PSAB_d_2025-07-14
C7,PSAB,2025-07-20T22:12:20Z,2025-07-20T22:12:30Z,2025-07-20 22:10:00+00:00,2025-07-20 22:15:00+00:00,0.2506802793218514,305605237340.1667,10.4134,3161462249603.716,PSAB_d_2025-07-14
C7,PSAB,2025-07-20T22:53:50Z,2025-07-20T22:54:00Z,2025-07-20 22:50:00+00:00,2025-07-20 22:55:00+00:00,0.2506802793218514,305605237340.1667,10.4134,3161462249603.716,PSAB_d_2025-07-14
C7,PSAB,2025-07-20T22:58:10Z,2025-07-20T22:58:20Z,2025-07-20 22:55:00+00:00,2025-07-20 23:00:00+00:00,0.2506802793218514,305605237340.1667,10.4134,3161462249603.716,PSAB_d_2025-07-14
C7,PSAB,2025-07-20T23:32:50Z,2025-07-20T23:33:00Z,2025-07-20 23:30:00+00:00,2025-07-20 23:35:00+00:00,0.2506802793218514,305605237340.1667,10.4134,3161462249603.716,PSAB_d_2025-07-14
C7,PSAB,2025-07-20T23:41:10Z,2025-07-20T23:41:20Z,2025-07-20 23:40:00+00:00,2025-07-20 23:45:00+00:00,0.2506802793218514,305605237340.1667,10.4134,3161462249603.716,PSAB_d_2025-07-14
C7,PSAB,2025-07-21T00:08:50Z,2025-07-21T00:09:00Z,2025-07-21 00:05:00+00:00,2025-07-21 00:10:00+00:00,0.2506802793218514,305605237340.1667,10.4134,3161462249603.716,PSAB_d_2025-07-14
C7,PSAB,2025-07-21T00:37:20Z,2025-07-21T00:37:30Z,2025-07-21 00:35:00+00:00,2025-07-21 00:40:00+00:00,0.2506802793218514,305605237340.1667,10.4134,3161462249603.716,PSAB_d_2025-07-14
C7,PPMA,2025-07-21T02:11:50Z,2025-07-21T02:12:00Z,2025-07-21 02:10:00+00:00,2025-07-21 02:15:00+00:00,1.7743222923511466,4751021171150.095,24.3766,4262592844214.596,PPMA_d_2025-07-14
C7,PSAB,2025-07-21T02:39:00Z,2025-07-21T02:39:10Z,2025-07-21 02:35:00+00:00,2025-07-21 02:40:00+00:00,0.2506802793218514,305605237340.1667,10.4134,3161462249603.716,PSAB_d_2025-07-14
C7,PSAB,2025-07-21T02:52:30Z,2025-07-21T02:52:40Z,2025-07-21 02:50:00+00:00,2025-07-21 02:55:00+00:00,0.2506802793218514,305605237340.1667,10.4134,3161462249603.716,PSAB_d_2025-07-14
C7,PPMA,2025-07-21T03:49:20Z,2025-07-21T03:49:30Z,2025-07-21 03:45:00+00:00,2025-07-21 03:50:00+00:00,1.7743222923511466,4751021171150.095,24.3766,4262592844214.596,PPMA_d_2025-07-14
C7,PSAB,2025-07-21T04:07:50Z,2025-07-21T04:08:00Z,2025-07-21 04:05:00+00:00,2025-07-21 04:10:00+00:00,0.2506802793218514,305605237340.1667,10.4134,3161462249603.716,PSAB_d_2025-07-14
C7,PSAB,2025-07-21T04:11:00Z,2025-07-21T04:11:10Z,2025-07-21 04:10:00+00:00,2025-07-21 04:15:00+00:00,0.2506802793218514,305605237340.1667,10.4134,3161462249603.716,PSAB_d_2025-07-14
C7,PSAB,2025-07-21T04:28:10Z,2025-07-21T04:28:20Z,2025-07-21 04:25:00+00:00,2025-07-21 04:30:00+00:00,0.2506802793218514,305605237340.1667,10.4134,3161462249603.716,PSAB_d_2025-07-14
C7,PSAB,2025-07-21T04:32:50Z,2025-07-21T04:33:00Z,2025-07-21 04:30:00+00:00,2025-07-21 04:35:00+00:00,0.2506802793218514,305605237340.1667,10.4134,3161462249603.716,PSAB_d_2025-07-14
C7,PSAB,2025-07-21T05:29:50Z,2025-07-21T05:30:00Z,2025-07-21 05:25:00+00:00,2025-07-21 05:30:00+00:00,0.2506802793218514,305605237340.1667,10.4134,3161462249603.716,PSAB_d_2025-07-14
C7,PSAB,2025-07-21T05:26:10Z,2025-07-21T05:26:20Z,2025-07-21 05:25:00+00:00,2025-07-21 05:30:00+00:00,4.720731534609113,267374840302.753,10.4134,3161462249603.716,PSAB_d_2025-07-14
C7,PSAB,2025-07-21T06:03:40Z,2025-07-21T06:03:50Z,2025-07-21 06:00:00+00:00,2025-07-21 06:05:00+00:00,0.2506802793218514,305605237340.1667,10.4134,3161462249603.716,PSAB_d_2025-07-14
C7,PSAB,2025-07-21T06:37:40Z,2025-07-21T06:37:50Z,2025-07-21 06:35:00+00:00,2025-07-21 06:40:00+00:00,0.2506802793218514,305605237340.1667,10.4134,3161462249603.716,PSAB_d_2025-07-14
C7,PSAB,2025-07-21T06:45:50Z,2025-07-21T06:46:00Z,2025-07-21 06:45:00+00:00,2025-07-21 06:50:00+00:00,0.2506802793218514,305605237340.1667,10.4134,3161462249603.716,PSAB_d_2025-07-14
C7,PSAB,2025-07-21T07:04:20Z,2025-07-21T07:04:30Z,2025-07-21 07:00:00+00:00,2025-07-21 07:05:00+00:00,0.2506802793218514,305605237340.1667,10.4134,3161462249603.716,PSAB_d_2025-07-14
C7,PSAB,2025-07-21T07:10:10Z,2025-07-21T07:10:20Z,2025-07-21 07:10:00+00:00,2025-07-21 07:15:00+00:00,0.2506802793218514,305605237340.1667,10.4134,3161462249603.716,PSAB_d_2025-07-14
C7,PSAB,2025-07-21T07:10:20Z,2025-07-21T07:10:30Z,2025-07-21 07:10:00+00:00,2025-07-21 07:15:00+00:00,4.720731534609113,267374840302.753,10.4134,3161462249603.716,PSAB_d_2025-07-14
C7,PSAB,2025-07-21T07:15:40Z,2025-07-21T07:15:50Z,2025-07-21 07:15:00+00:00,2025-07-21 07:20:00+00:00,0.2506802793218514,305605237340.1667,10.4134,3161462249603.716,PSAB_d_2025-07-14
C7,PSAB,2025-07-21T07:15:50Z,2025-07-21T07:16:00Z,2025-07-21 07:15:00+00:00,2025-07-21 07:20:00+00:00,4.720731534609113,267374840302.753,10.4134,3161462249603.716,PSAB_d_2025-07-14
C7,PSAB,2025-07-21T07:24:00Z,2025-07-21T07:24:10Z,2025-07-21 07:20:00+00:00,2025-07-21 07:25:00+00:00,0.2506802793218514,305605237340.1667,10.4134,3161462249603.716,PSAB_d_2025-07-14
C7,PSAB,2025-07-21T07:20:20Z,2025-07-21T07:20:30Z,2025-07-21 07:20:00+00:00,2025-07-21 07:25:00+00:00,4.720731534609113,267374840302.753,10.4134,3161462249603.716,PSAB_d_2025-07-14
C7,PSAB,2025-07-21T07:22:00Z,2025-07-21T07:22:10Z,2025-07-21 07:20:00+00:00,2025-07-21 07:25:00+00:00,5.045532287977673,275732225393.20447,10.4134,3161462249603.716,PSAB_d_2025-07-14
C7,PSAB,2025-07-21T07:22:20Z,2025-07-21T07:22:30Z,2025-07-21 07:20:00+00:00,2025-07-21 07:25:00+00:00,5.045532287977673,275732225393.20447,10.4134,3161462249603.716,PSAB_d_2025-07-14
C7,PSAB,2025-07-21T08:07:20Z,2025-07-21T08:07:30Z,2025-07-21 08:05:00+00:00,2025-07-21 08:10:00+00:00,0.2506802793218514,305605237340.1667,10.4134,3161462249603.716,PSAB_d_2025-07-14
C7,PSAB,2025-07-21T09:22:30Z,2025-07-21T09:22:40Z,2025-07-21 09:20:00+00:00,2025-07-21 09:25:00+00:00,0.2506802793218514,305605237340.1667,10.4134,3161462249603.716,PSAB_d_2025-07-14
C7,PSAB,2025-07-21T09:28:00Z,2025-07-21T09:28:10Z,2025-07-21 09:25:00+00:00,2025-07-21 09:30:00+00:00,0.2506802793218514,305605237340.1667,10.4134,3161462249603.716,PSAB_d_2025-07-14
C7,PPMA,2025-07-21T09:46:40Z,2025-07-21T09:46:50Z,2025-07-21 09:45:00+00:00,2025-07-21 09:50:00+00:00,1.7743222923511466,4751021171150.095,24.3766,4262592844214.596,PPMA_d_2025-07-14
C7,PPMA,2025-07-21T09:50:30Z,2025-07-21T09:50:40Z,2025-07-21 09:50:00+00:00,2025-07-21 09:55:00+00:00,1.7743222923511466,4751021171150.095,24.3766,4262592844214.596,PPMA_d_2025-07-14
C7,PSAB,2025-07-21T10:07:00Z,2025-07-21T10:07:10Z,2025-07-21T10:05:00Z,2025-07-21T10:10:00Z,0.2506802793218514,305605237340.1667,10.4134,3161462249603.716,PSAB_d_2025-07-14
C7,PSAB,2025-07-21T10:07:10Z,2025-07-21T10:07:20Z,2025-07-21T10:05:00Z,2025-07-21T10:10:00Z,4.720731534609113,267374840302.753,10.4134,3161462249603.716,PSAB_d_2025-07-14
C7,PSAB,2025-07-21T10:07:20Z,2025-07-21T10:07:30Z,2025-07-21T10:05:00Z,2025-07-21T10:10:00Z,5.045532287977673,275732225393.20447,10.4134,3161462249603.716,PSAB_d_2025-07-14
C7,PSAB,2025-07-21T10:15:00Z,2025-07-21T10:15:10Z,2025-07-21T10:15:00Z,2025-07-21T10:20:00Z,0.2506802793218514,305605237340.1667,10.4134,3161462249603.716,PSAB_d_2025-07-14
C7,PSAB,2025-07-21T10:29:40Z,2025-07-21T10:29:50Z,2025-07-21T10:25:00Z,2025-07-21T10:30:00Z,0.2506802793218514,305605237340.1667,10.4134,3161462249603.716,PSAB_d_2025-07-14
C7,PPMA,2025-07-21T10:31:40Z,2025-07-21T10:31:50Z,2025-07-21T10:30:00Z,2025-07-21T10:35:00Z,1.7743222923511466,4751021171150.095,24.3766,4262592844214.596,PPMA_d_2025-07-14
C7,PPMA,2025-07-21T10:46:30Z,2025-07-21T10:46:40Z,2025-07-21T10:45:00Z,2025-07-21T10:50:00Z,1.7743222923511466,4751021171150.095,24.3766,4262592844214.596,PPMA_d_2025-07-14
C7,PPMA,2025-07-21T10:48:30Z,2025-07-21T10:48:40Z,2025-07-21T10:45:00Z,2025-07-21T10:50:00Z,3.7109208139422347,1848433885015.2266,24.3766,4262592844214.596,PPMA_d_2025-07-14
C7,PPMA,2025-07-21T10:52:10Z,2025-07-21T10:52:20Z,2025-07-21T10:50:00Z,2025-07-21T10:55:00Z,1.7743222923511466,4751021171150.095,24.3766,4262592844214.596,PPMA_d_2025-07-14
C7,PSAB,2025-07-21T10:51:20Z,2025-07-21T10:51:30Z,2025-07-21T10:50:00Z,2025-07-21T10:55:00Z,0.2506802793218514,305605237340.1667,10.4134,3161462249603.716,PSAB_d_2025-07-14
C7,PPMA,2025-07-21T11:12:40Z,2025-07-21T11:12:50Z,2025-07-21T11:10:00Z,2025-07-21T11:15:00Z,1.7743222923511466,4751021171150.095,24.3766,4262592844214.596,PPMA_d_2025-07-14
C7,PPMA,2025-07-21T11:11:40Z,2025-07-21T11:11:50Z,2025-07-21T11:10:00Z,2025-07-21T11:15:00Z,3.7109208139422347,1848433885015.2266,24.3766,4262592844214.596,PPMA_d_2025-07-14
C7,PPMA,2025-07-21T11:10:50Z,2025-07-21T11:11:00Z,2025-07-21T11:10:00Z,2025-07-21T11:15:00Z,1.5834922627139094,1182881507186.3555,24.3766,4262592844214.596,PPMA_d_2025-07-14
C7,PPMA,2025-07-21T11:19:30Z,2025-07-21T11:19:40Z,2025-07-21T11:15:00Z,2025-07-21T11:20:00Z,1.7743222923511466,4751021171150.095,24.3766,4262592844214.596,PPMA_d_2025-07-14
C7,PPMA,2025-07-21T11:15:40Z,2025-07-21T11:15:50Z,2025-07-21T11:15:00Z,2025-07-21T11:20:00Z,3.7109208139422347,1848433885015.2266,24.3766,4262592844214.596,PPMA_d_2025-07-14
C7,PPMA,2025-07-21T11:20:00Z,2025-07-21T11:20:10Z,2025-07-21T11:20:00Z,2025-07-21T11:25:00Z,1.7743222923511466,4751021171150.095,24.3766,4262592844214.596,PPMA_d_2025-07-14
C7,PPMA,2025-07-21T11:20:10Z,2025-07-21T11:20:20Z,2025-07-21T11:20:00Z,2025-07-21T11:25:00Z,3.7109208139422347,1848433885015.2266,24.3766,4262592844214.596,PPMA_d_2025-07-14
C7,PPMA,2025-07-21T11:21:20Z,2025-07-21T11:21:30Z,2025-07-21T11:20:00Z,2025-07-21T11:25:00Z,1.5834922627139094,1182881507186.3555,24.3766,4262592844214.596,PPMA_d_2025-07-14
C7,PPMA,2025-07-21T11:22:20Z,2025-07-21T11:22:30Z,2025-07-21T11:20:00Z,2025-07-21T11:25:00Z,3.3015663399165662,1544789852521.073,24.3766,4262592844214.596,PPMA_d_2025-07-14
C7,PPMA,2025-07-21T11:22:30Z,2025-07-21T11:22:40Z,2025-07-21T11:20:00Z,2025-07-21T11:25:00Z,2.4174114378895677,1766231331176.6714,24.3766,4262592844214.596,PPMA_d_2025-07-14
C7,PPMA,2025-07-21T11:22:50Z,2025-07-21T11:23:00Z,2025-07-21T11:20:00Z,2025-07-21T11:25:00Z,11.353823201117702,3758628550482.816,24.3766,4262592844214.596,PPMA_d_2025-07-14
C7,PPMA,2025-07-21T11:24:20Z,2025-07-21T11:24:30Z,2025-07-21T11:20:00Z,2025-07-21T11:25:00Z,1.4370508116983403,3203366585434.925,24.3766,4262592844214.596,PPMA_d_2025-07-14
C7,PPMA,2025-07-21T11:24:50Z,2025-07-21T11:25:00Z,2025-07-21T11:20:00Z,2025-07-21T11:25:00Z,6.158587950670227,2599897985215.863,24.3766,4262592844214.596,PPMA_d_2025-07-14
C7,PSAB,2025-07-21T11:29:40Z,2025-07-21T11:29:50Z,2025-07-21T11:25:00Z,2025-07-21T11:30:00Z,0.2506802793218514,305605237340.1667,10.4134,3161462249603.716,PSAB_d_2025-07-14
C7,PPMA,2025-07-21T11:25:00Z,2025-07-21T11:25:10Z,2025-07-21T11:25:00Z,2025-07-21T11:30:00Z,1.7743222923511466,4751021171150.095,24.3766,4262592844214.596,PPMA_d_2025-07-14
C7,PPMA,2025-07-21T11:25:30Z,2025-07-21T11:25:40Z,2025-07-21T11:25:00Z,2025-07-21T11:30:00Z,3.7109208139422347,1848433885015.2266,24.3766,4262592844214.596,PPMA_d_2025-07-14
C7,PPMA,2025-07-21T11:26:10Z,2025-07-21T11:26:20Z,2025-07-21T11:25:00Z,2025-07-21T11:30:00Z,1.5834922627139094,1182881507186.3555,24.3766,4262592844214.596,PPMA_d_2025-07-14
C7,PPMA,2025-07-21T11:26:40Z,2025-07-21T11:26:50Z,2025-07-21T11:25:00Z,2025-07-21T11:30:00Z,3.3015663399165662,1544789852521.073,24.3766,4262592844214.596,PPMA_d_2025-07-14
C7,PPMA,2025-07-21T11:26:50Z,2025-07-21T11:27:00Z,2025-07-21T11:25:00Z,2025-07-21T11:30:00Z,2.4174114378895677,1766231331176.6714,24.3766,4262592844214.596,PPMA_d_2025-07-14
C7,PPMA,2025-07-21T11:27:00Z,2025-07-21T11:27:10Z,2025-07-21T11:25:00Z,2025-07-21T11:30:00Z,11.353823201117702,3758628550482.816,24.3766,4262592844214.596,PPMA_d_2025-07-14
C7,PPMA,2025-07-21T11:27:10Z,2025-07-21T11:27:20Z,2025-07-21T11:25:00Z,2025-07-21T11:30:00Z,1.4370508116983403,3203366585434.925,24.3766,4262592844214.596,PPMA_d_2025-07-14
C7,PPMA,2025-07-21T11:27:20Z,2025-07-21T11:27:30Z,2025-07-21T11:25:00Z,2025-07-21T11:30:00Z,6.158587950670227,2599897985215.863,24.3766,4262592844214.596,PPMA_d_2025-07-14
C7,PPMA,2025-07-21T11:28:10Z,2025-07-21T11:28:20Z,2025-07-21T11:25:00Z,2025-07-21T11:30:00Z,2.174022398342621,1992296141469.5586,24.3766,4262592844214.596,PPMA_d_2025-07-14
C7,PPMA,2025-07-21T11:28:50Z,2025-07-21T11:29:00Z,2025-07-21T11:25:00Z,2025-07-21T11:30:00Z,2.4651945269490914,3114115999843.17,24.3766,4262592844214.596,PPMA_d_2025-07-14
C7,PPMA,2025-07-21T11:29:00Z,2025-07-21T11:29:10Z,2025-07-21T11:25:00Z,2025-07-21T11:30:00Z,2.6023388496040223,2593606633707.817,24.3766,4262592844214.596,PPMA_d_2025-07-14
C7,PPMA,2025-07-21T11:29:10Z,2025-07-21T11:29:20Z,2025-07-21T11:25:00Z,2025-07-21T11:30:00Z,1.535490635563247,2449868235534.3184,24.3766,4262592844214.596,PPMA_d_2025-07-14
C7,PPMA,2025-07-21T11:29:20Z,2025-07-21T11:29:30Z,2025-07-21T11:25:00Z,2025-07-21T11:30:00Z,3.043494856897058,2186974831480.527,24.3766,4262592844214.596,PPMA_d_2025-07-14
C7,PPMA,2025-07-21T11:30:00Z,2025-07-21T11:30:10Z,2025-07-21T11:30:00Z,2025-07-21T11:35:00Z,1.7743222923511466,4751021171150.095,24.3766,4262592844214.596,PPMA_d_2025-07-14
C7,PPMA,2025-07-21T11:30:10Z,2025-07-21T11:30:20Z,2025-07-21T11:30:00Z,2025-07-21T11:35:00Z,3.7109208139422347,1848433885015.2266,24.3766,4262592844214.596,PPMA_d_2025-07-14
C7,PPMA,2025-07-21T11:30:30Z,2025-07-21T11:30:40Z,2025-07-21T11:30:00Z,2025-07-21T11:35:00Z,1.5834922627139094,1182881507186.3555,24.3766,4262592844214.596,PPMA_d_2025-07-14
C7,PPMA,2025-07-21T11:30:50Z,2025-07-21T11:31:00Z,2025-07-21T11:30:00Z,2025-07-21T11:35:00Z,3.3015663399165662,1544789852521.073,24.3766,4262592844214.596,PPMA_d_2025-07-14
C7,PPMA,2025-07-21T11:31:10Z,2025-07-21T11:31:20Z,2025-07-21T11:30:00Z,2025-07-21T11:35:00Z,2.4174114378895677,1766231331176.6714,24.3766,4262592844214.596,PPMA_d_2025-07-14
C7,PPMA,2025-07-21T11:31:20Z,2025-07-21T11:31:30Z,2025-07-21T11:30:00Z,2025-07-21T11:35:00Z,11.353823201117702,3758628550482.816,24.3766,4262592844214.596,PPMA_d_2025-07-14
C7,PPMA,2025-07-21T11:31:40Z,2025-07-21T11:31:50Z,2025-07-21T11:30:00Z,2025-07-21T11:35:00Z,1.4370508116983403,3203366585434.925,24.3766,4262592844214.596,PPMA_d_2025-07-14
C7,PPMA,2025-07-21T11:31:50Z,2025-07-21T11:32:00Z,2025-07-21T11:30:00Z,2025-07-21T11:35:00Z,6.158587950670227,2599897985215.863,24.3766,4262592844214.596,PPMA_d_2025-07-14
C7,PPMA,2025-07-21T11:33:00Z,2025-07-21T11:33:10Z,2025-07-21T11:30:00Z,2025-07-21T11:35:00Z,2.174022398342621,1992296141469.5586,24.3766,4262592844214.596,PPMA_d_2025-07-14
C7,PPMA,2025-07-21T11:33:20Z,2025-07-21T11:33:30Z,2025-07-21T11:30:00Z,2025-07-21T11:35:00Z,2.4651945269490914,3114115999843.17,24.3766,4262592844214.596,PPMA_d_2025-07-14
C7,PPMA,2025-07-21T11:33:40Z,2025-07-21T11:33:50Z,2025-07-21T11:30:00Z,2025-07-21T11:35:00Z,2.6023388496040223,2593606633707.817,24.3766,4262592844214.596,PPMA_d_2025-07-14
C7,PPMA,2025-07-21T11:33:50Z,2025-07-21T11:34:00Z,2025-07-21T11:30:00Z,2025-07-21T11:35:00Z,1.535490635563247,2449868235534.3184,24.3766,4262592844214.596,PPMA_d_2025-07-14
C7,PPMA,2025-07-21T11:34:00Z,2025-07-21T11:34:10Z,2025-07-21T11:30:00Z,2025-07-21T11:35:00Z,3.043494856897058,2186974831480.527,24.3766,4262592844214.596,PPMA_d_2025-07-14
C7,PPMA,2025-07-21T11:34:10Z,2025-07-21T11:34:20Z,2025-07-21T11:30:00Z,2025-07-21T11:35:00Z,12.169867177108898,4327496727027.7637,24.3766,4262592844214.596,PPMA_d_2025-07-14
C7,PPMA,2025-07-21T11:34:20Z,2025-07-21T11:34:30Z,2025-07-21T11:30:00Z,2025-07-21T11:35:00Z,4.49399662488864,3547292577193.2715,24.3766,4262592844214.596,PPMA_d_2025-07-14
C7,PPMA,2025-07-21T11:36:30Z,2025-07-21T11:36:40Z,2025-07-21T11:35:00Z,2025-07-21T11:40:00Z,1.7743222923511466,4751021171150.095,24.3766,4262592844214.596,PPMA_d_2025-07-14
C7,PPMA,2025-07-21T11:37:10Z,2025-07-21T11:37:20Z,2025-07-21T11:35:00Z,2025-07-21T11:40:00Z,3.7109208139422347,1848433885015.2266,24.3766,4262592844214.596,PPMA_d_2025-07-14
C7,PPMA,2025-07-21T11:38:50Z,2025-07-21T11:39:00Z,2025-07-21T11:35:00Z,2025-07-21T11:40:00Z,1.5834922627139094,1182881507186.3555,24.3766,4262592844214.596,PPMA_d_2025-07-14
C7,PSAB,2025-07-21T11:45:30Z,2025-07-21T11:45:40Z,2025-07-21T11:45:00Z,2025-07-21T11:50:00Z,0.2506802793218514,305605237340.1667,10.4134,3161462249603.716,PSAB_d_2025-07-14
C7,PPMA,2025-07-21T11:45:00Z,2025-07-21T11:45:10Z,2025-07-21T11:45:00Z,2025-07-21T11:50:00Z,1.7743222923511466,4751021171150.095,24.3766,4262592844214.596,PPMA_d_2025-07-14
C7,PPMA,2025-07-21T11:47:00Z,2025-07-21T11:47:10Z,2025-07-21T11:45:00Z,2025-07-21T11:50:00Z,3.7109208139422347,1848433885015.2266,24.3766,4262592844214.596,PPMA_d_2025-07-14
C7,PPMA,2025-07-21T11:52:00Z,2025-07-21T11:52:10Z,2025-07-21T11:50:00Z,2025-07-21T11:55:00Z,1.7743222923511466,4751021171150.095,24.3766,4262592844214.596,PPMA_d_2025-07-14
C7,PPMA,2025-07-21T11:52:30Z,2025-07-21T11:52:40Z,2025-07-21T11:50:00Z,2025-07-21T11:55:00Z,3.7109208139422347,1848433885015.2266,24.3766,4262592844214.596,PPMA_d_2025-07-14
C7,PPMA,2025-07-21T11:59:30Z,2025-07-21T11:59:40Z,2025-07-21T11:55:00Z,2025-07-21T12:00:00Z,1.7743222923511466,4751021171150.095,24.3766,4262592844214.596,PPMA_d_2025-07-14
C7,PPMA,2025-07-21T11:59:40Z,2025-07-21T11:59:50Z,2025-07-21T11:55:00Z,2025-07-21T12:00:00Z,3.7109208139422347,1848433885015.2266,24.3766,4262592844214.596,PPMA_d_2025-07-14
C7,PPMA,2025-07-21T11:58:40Z,2025-07-21T11:58:50Z,2025-07-21T11:55:00Z,2025-07-21T12:00:00Z,1.5834922627139094,1182881507186.3555,24.3766,4262592844214.596,PPMA_d_2025-07-14
C7,PPMA,2025-07-21T11:57:30Z,2025-07-21T11:57:40Z,2025-07-21T11:55:00Z,2025-07-21T12:00:00Z,3.3015663399165662,1544789852521.073,24.3766,4262592844214.596,PPMA_d_2025-07-14
C7,PPMA,2025-07-21T12:00:10Z,2025-07-21T12:00:20Z,2025-07-21T12:00:00Z,2025-07-21T12:05:00Z,1.7743222923511466,4751021171150.095,24.3766,4262592844214.596,PPMA_d_2025-07-14
C7,PPMA,2025-07-21T12:00:20Z,2025-07-21T12:00:30Z,2025-07-21T12:00:00Z,2025-07-21T12:05:00Z,3.7109208139422347,1848433885015.2266,24.3766,4262592844214.596,PPMA_d_2025-07-14
C7,PPMA,2025-07-21T12:00:30Z,2025-07-21T12:00:40Z,2025-07-21T12:00:00Z,2025-07-21T12:05:00Z,1.5834922627139094,1182881507186.3555,24.3766,4262592844214.596,PPMA_d_2025-07-14
C7,PPMA,2025-07-21T12:01:00Z,2025-07-21T12:01:10Z,2025-07-21T12:00:00Z,2025-07-21T12:05:00Z,3.3015663399165662,1544789852521.073,24.3766,4262592844214.596,PPMA_d_2025-07-14
C7,PPMA,2025-07-21T12:01:40Z,2025-07-21T12:01:50Z,2025-07-21T12:00:00Z,2025-07-21T12:05:00Z,2.4174114378895677,1766231331176.6714,24.3766,4262592844214.596,PPMA_d_2025-07-14
C7,PPMA,2025-07-21T12:09:50Z,2025-07-21T12:10:00Z,2025-07-21T12:05:00Z,2025-07-21T12:10:00Z,1.7743222923511466,4751021171150.095,24.3766,4262592844214.596,PPMA_d_2025-07-14
C7,PPMA,2025-07-21T12:08:10Z,2025-07-21T12:08:20Z,2025-07-21T12:05:00Z,2025-07-21T12:10:00Z,3.7109208139422347,1848433885015.2266,24.3766,4262592844214.596,PPMA_d_2025-07-14
C7,PPMA,2025-07-21T12:09:00Z,2025-07-21T12:09:10Z,2025-07-21T12:05:00Z,2025-07-21T12:10:00Z,1.5834922627139094,1182881507186.3555,24.3766,4262592844214.596,PPMA_d_2025-07-14
C7,PPMA,2025-07-21T12:09:40Z,2025-07-21T12:09:50Z,2025-07-21T12:05:00Z,2025-07-21T12:10:00Z,3.3015663399165662,1544789852521.073,24.3766,4262592844214.596,PPMA_d_2025-07-14
C7,PPMA,2025-07-21T12:07:10Z,2025-07-21T12:07:20Z,2025-07-21T12:05:00Z,2025-07-21T12:10:00Z,2.4174114378895677,1766231331176.6714,24.3766,4262592844214.596,PPMA_d_2025-07-14
C7,PPMA,2025-07-21T12:07:20Z,2025-07-21T12:07:30Z,2025-07-21T12:05:00Z,2025-07-21T12:10:00Z,11.353823201117702,3758628550482.816,24.3766,4262592844214.596,PPMA_d_2025-07-14
C7,PPMA,2025-07-21T12:10:10Z,2025-07-21T12:10:20Z,2025-07-21T12:10:00Z,2025-07-21T12:15:00Z,1.7743222923511466,4751021171150.095,24.3766,4262592844214.596,PPMA_d_2025-07-14
C7,PPMA,2025-07-21T12:11:50Z,2025-07-21T12:12:00Z,2025-07-21T12:10:00Z,2025-07-21T12:15:00Z,3.7109208139422347,1848433885015.2266,24.3766,4262592844214.596,PPMA_d_2025-07-14
C7,PPMA,2025-07-21T12:12:50Z,2025-07-21T12:13:00Z,2025-07-21T12:10:00Z,2025-07-21T12:15:00Z,1.5834922627139094,1182881507186.3555,24.3766,4262592844214.596,PPMA_d_2025-07-14
C7,PPMA,2025-07-21T12:13:30Z,2025-07-21T12:13:40Z,2025-07-21T12:10:00Z,2025-07-21T12:15:00Z,3.3015663399165662,1544789852521.073,24.3766,4262592844214.596,PPMA_d_2025-07-14
C7,PPMA,2025-07-21T12:13:40Z,2025-07-21T12:13:50Z,2025-07-21T12:10:00Z,2025-07-21T12:15:00Z,2.4174114378895677,1766231331176.6714,24.3766,4262592844214.596,PPMA_d_2025-07-14
C7,PPMA,2025-07-21T12:13:50Z,2025-07-21T12:14:00Z,2025-07-21T12:10:00Z,2025-07-21T12:15:00Z,11.353823201117702,3758628550482.816,24.3766,4262592844214.596,PPMA_d_2025-07-14
C7,PPMA,2025-07-21T12:14:10Z,2025-07-21T12:14:20Z,2025-07-21T12:10:00Z,2025-07-21T12:15:00Z,1.4370508116983403,3203366585434.925,24.3766,4262592844214.596,PPMA_d_2025-07-14
C7,PPMA,2025-07-21T12:14:20Z,2025-07-21T12:14:30Z,2025-07-21T12:10:00Z,2025-07-21T12:15:00Z,6.158587950670227,2599897985215.863,24.3766,4262592844214.596,PPMA_d_2025-07-14
C7,PPMA,2025-07-21T12:15:00Z,2025-07-21T12:15:10Z,2025-07-21T12:15:00Z,2025-07-21T12:20:00Z,1.7743222923511466,4751021171150.095,24.3766,4262592844214.596,PPMA_d_2025-07-14
C7,PPMA,2025-07-21T12:15:10Z,2025-07-21T12:15:20Z,2025-07-21T12:15:00Z,2025-07-21T12:20:00Z,3.7109208139422347,1848433885015.2266,24.3766,4262592844214.596,PPMA_d_2025-07-14
C7,PPMA,2025-07-21T12:15:40Z,2025-07-21T12:15:50Z,2025-07-21T12:15:00Z,2025-07-21T12:20:00Z,1.5834922627139094,1182881507186.3555,24.3766,4262592844214.596,PPMA_d_2025-07-14
C7,PPMA,2025-07-21T12:15:50Z,2025-07-21T12:16:00Z,2025-07-21T12:15:00Z,2025-07-21T12:20:00Z,3.3015663399165662,1544789852521.073,24.3766,4262592844214.596,PPMA_d_2025-07-14
C7,PPMA,2025-07-21T12:16:00Z,2025-07-21T12:16:10Z,2025-07-21T12:15:00Z,2025-07-21T12:20:00Z,2.4174114378895677,1766231331176.6714,24.3766,4262592844214.596,PPMA_d_2025-07-14
C7,PPMA,2025-07-21T12:16:10Z,2025-07-21T12:16:20Z,2025-07-21T12:15:00Z,2025-07-21T12:20:00Z,11.353823201117702,3758628550482.816,24.3766,4262592844214.596,PPMA_d_2025-07-14
C7,PPMA,2025-07-21T12:17:00Z,2025-07-21T12:17:10Z,2025-07-21T12:15:00Z,2025-07-21T12:20:00Z,1.4370508116983403,3203366585434.925,24.3766,4262592844214.596,PPMA_d_2025-07-14
C7,PSAB,2025-07-21T12:16:50Z,2025-07-21T12:17:00Z,2025-07-21T12:15:00Z,2025-07-21T12:20:00Z,0.2506802793218514,305605237340.1667,10.4134,3161462249603.716,PSAB_d_2025-07-14
C7,PSAB,2025-07-21T12:17:00Z,2025-07-21T12:17:10Z,2025-07-21T12:15:00Z,2025-07-21T12:20:00Z,4.720731534609113,267374840302.753,10.4134,3161462249603.716,PSAB_d_2025-07-14
C7,PPMA,2025-07-21T12:25:00Z,2025-07-21T12:25:10Z,2025-07-21T12:25:00Z,2025-07-21T12:30:00Z,1.7743222923511466,4751021171150.095,24.3766,4262592844214.596,PPMA_d_2025-07-14
C7,PPMA,2025-07-21T12:25:10Z,2025-07-21T12:25:20Z,2025-07-21T12:25:00Z,2025-07-21T12:30:00Z,3.7109208139422347,1848433885015.2266,24.3766,4262592844214.596,PPMA_d_2025-07-14
C7,PPMA,2025-07-21T12:25:20Z,2025-07-21T12:25:30Z,2025-07-21T12:25:00Z,2025-07-21T12:30:00Z,1.5834922627139094,1182881507186.3555,24.3766,4262592844214.596,PPMA_d_2025-07-14
C7,PPMA,2025-07-21T12:25:50Z,2025-07-21T12:26:00Z,2025-07-21T12:25:00Z,2025-07-21T12:30:00Z,3.3015663399165662,1544789852521.073,24.3766,4262592844214.596,PPMA_d_2025-07-14
C7,PPMA,2025-07-21T12:26:10Z,2025-07-21T12:26:20Z,2025-07-21T12:25:00Z,2025-07-21T12:30:00Z,2.4174114378895677,1766231331176.6714,24.3766,4262592844214.596,PPMA_d_2025-07-14
C7,PPMA,2025-07-21T12:26:30Z,2025-07-21T12:26:40Z,2025-07-21T12:25:00Z,2025-07-21T12:30:00Z,11.353823201117702,3758628550482.816,24.3766,4262592844214.596,PPMA_d_2025-07-14
C7,PPMA,2025-07-21T12:26:40Z,2025-07-21T12:26:50Z,2025-07-21T12:25:00Z,2025-07-21T12:30:00Z,1.4370508116983403,3203366585434.925,24.3766,4262592844214.596,PPMA_d_2025-07-14
C7,PPMA,2025-07-21T12:27:20Z,2025-07-21T12:27:30Z,2025-07-21T12:25:00Z,2025-07-21T12:30:00Z,6.158587950670227,2599897985215.863,24.3766,4262592844214.596,PPMA_d_2025-07-14
C7,PPMA,2025-07-21T12:27:30Z,2025-07-21T12:27:40Z,2025-07-21T12:25:00Z,2025-07-21T12:30:00Z,2.174022398342621,1992296141469.5586,24.3766,4262592844214.596,PPMA_d_2025-07-14
C7,PPMA,2025-07-21T12:28:10Z,2025-07-21T12:28:20Z,2025-07-21T12:25:00Z,2025-07-21T12:30:00Z,2.4651945269490914,3114115999843.17,24.3766,4262592844214.596,PPMA_d_2025-07-14
C7,PPMA,2025-07-21T12:29:00Z,2025-07-21T12:29:10Z,2025-07-21T12:25:00Z,2025-07-21T12:30:00Z,2.6023388496040223,2593606633707.817,24.3766,4262592844214.596,PPMA_d_2025-07-14
C7,PPMA,2025-07-21T12:29:20Z,2025-07-21T12:29:30Z,2025-07-21T12:25:00Z,2025-07-21T12:30:00Z,1.535490635563247,2449868235534.3184,24.3766,4262592844214.596,PPMA_d_2025-07-14
C7,PPMA,2025-07-21T12:29:30Z,2025-07-21T12:29:40Z,2025-07-21T12:25:00Z,2025-07-21T12:30:00Z,3.043494856897058,2186974831480.527,24.3766,4262592844214.596,PPMA_d_2025-07-14
C7,PPMA,2025-07-21T12:29:40Z,2025-07-21T12:29:50Z,2025-07-21T12:25:00Z,2025-07-21T12:30:00Z,12.169867177108898,4327496727027.7637,24.3766,4262592844214.596,PPMA_d_2025-07-14
C7,PPMA,2025-07-21T12:30:00Z,2025-07-21T12:30:10Z,2025-07-21T12:30:00Z,2025-07-21T12:35:00Z,1.7743222923511466,4751021171150.095,24.3766,4262592844214.596,PPMA_d_2025-07-14
C7,PPMA,2025-07-21T12:30:40Z,2025-07-21T12:30:50Z,2025-07-21T12:30:00Z,2025-07-21T12:35:00Z,3.7109208139422347,1848433885015.2266,24.3766,4262592844214.596,PPMA_d_2025-07-14
C7,PPMA,2025-07-21T12:31:00Z,2025-07-21T12:31:10Z,2025-07-21T12:30:00Z,2025-07-21T12:35:00Z,1.5834922627139094,1182881507186.3555,24.3766,4262592844214.596,PPMA_d_2025-07-14
C7,PPMA,2025-07-21T12:31:30Z,2025-07-21T12:31:40Z,2025-07-21T12:30:00Z,2025-07-21T12:35:00Z,3.3015663399165662,1544789852521.073,24.3766,4262592844214.596,PPMA_d_2025-07-14
C7,PPMA,2025-07-21T12:32:10Z,2025-07-21T12:32:20Z,2025-07-21T12:30:00Z,2025-07-21T12:35:00Z,2.4174114378895677,1766231331176.6714,24.3766,4262592844214.596,PPMA_d_2025-07-14
C7,PPMA,2025-07-21T12:32:20Z,2025-07-21T12:32:30Z,2025-07-21T12:30:00Z,2025-07-21T12:35:00Z,11.353823201117702,3758628550482.816,24.3766,4262592844214.596,PPMA_d_2025-07-14
C7,PPMA,2025-07-21T12:33:40Z,2025-07-21T12:33:50Z,2025-07-21T12:30:00Z,2025-07-21T12:35:00Z,1.4370508116983403,3203366585434.925,24.3766,4262592844214.596,PPMA_d_2025-07-14
C7,PPMA,2025-07-21T12:34:00Z,2025-07-21T12:34:10Z,2025-07-21T12:30:00Z,2025-07-21T12:35:00Z,6.158587950670227,2599897985215.863,24.3766,4262592844214.596,PPMA_d_2025-07-14
C7,PPMA,2025-07-21T12:34:10Z,2025-07-21T12:34:20Z,2025-07-21T12:30:00Z,2025-07-21T12:35:00Z,2.174022398342621,1992296141469.5586,24.3766,4262592844214.596,PPMA_d_2025-07-14
C7,PPMA,2025-07-21T12:34:20Z,2025-07-21T12:34:30Z,2025-07-21T12:30:00Z,2025-07-21T12:35:00Z,2.4651945269490914,3114115999843.17,24.3766,4262592844214.596,PPMA_d_2025-07-14
C7,PPMA,2025-07-21T12:34:40Z,2025-07-21T12:34:50Z,2025-07-21T12:30:00Z,2025-07-21T12:35:00Z,2.6023388496040223,2593606633707.817,24.3766,4262592844214.596,PPMA_d_2025-07-14
C7,PPMA,2025-07-21T12:34:50Z,2025-07-21T12:35:00Z,2025-07-21T12:30:00Z,2025-07-21T12:35:00Z,1.535490635563247,2449868235534.3184,24.3766,4262592844214.596,PPMA_d_2025-07-14
C7,PSAB,2025-07-21T12:34:10Z,2025-07-21T12:34:20Z,2025-07-21T12:30:00Z,2025-07-21T12:35:00Z,0.2506802793218514,305605237340.1667,10.4134,3161462249603.716,PSAB_d_2025-07-14
C7,PSAB,2025-07-21T12:37:40Z,2025-07-21T12:37:50Z,2025-07-21T12:35:00Z,2025-07-21T12:40:00Z,0.2506802793218514,305605237340.1667,10.4134,3161462249603.716,PSAB_d_2025-07-14
C7,PSAB,2025-07-21T12:37:50Z,2025-07-21T12:38:00Z,2025-07-21T12:35:00Z,2025-07-21T12:40:00Z,4.720731534609113,267374840302.753,10.4134,3161462249603.716,PSAB_d_2025-07-14
C7,PSAB,2025-07-21T12:38:00Z,2025-07-21T12:38:10Z,2025-07-21T12:35:00Z,2025-07-21T12:40:00Z,5.045532287977673,275732225393.20447,10.4134,3161462249603.716,PSAB_d_2025-07-14
C7,PSAB,2025-07-21T12:38:10Z,2025-07-21T12:38:20Z,2025-07-21T12:35:00Z,2025-07-21T12:40:00Z,5.045532287977673,275732225393.20447,10.4134,3161462249603.716,PSAB_d_2025-07-14
C7,PSAB,2025-07-21T12:38:20Z,2025-07-21T12:38:30Z,2025-07-21T12:35:00Z,2025-07-21T12:40:00Z,5.045532287977673,275732225393.20447,10.4134,3161462249603.716,PSAB_d_2025-07-14
C7,PSAB,2025-07-21T12:38:30Z,2025-07-21T12:38:40Z,2025-07-21T12:35:00Z,2025-07-21T12:40:00Z,5.045532287977673,275732225393.20447,10.4134,3161462249603.716,PSAB_d_2025-07-14
C7,PSAB,2025-07-21T12:38:40Z,2025-07-21T12:38:50Z,2025-07-21T12:35:00Z,2025-07-21T12:40:00Z,5.045532287977673,275732225393.20447,10.4134,3161462249603.716,PSAB_d_2025-07-14
C7,PSAB,2025-07-21T12:38:50Z,2025-07-21T12:39:00Z,2025-07-21T12:35:00Z,2025-07-21T12:40:00Z,5.045532287977673,275732225393.20447,10.4134,3161462249603.716,PSAB_d_2025-07-14
C7,PSAB,2025-07-21T12:39:00Z,2025-07-21T12:39:10Z,2025-07-21T12:35:00Z,2025-07-21T12:40:00Z,5.045532287977673,275732225393.20447,10.4134,3161462249603.716,PSAB_d_2025-07-14
C7,PSAB,2025-07-21T12:39:10Z,2025-07-21T12:39:20Z,2025-07-21T12:35:00Z,2025-07-21T12:40:00Z,5.045532287977673,275732225393.20447,10.4134,3161462249603.716,PSAB_d_2025-07-14
C7,PSAB,2025-07-21T12:39:20Z,2025-07-21T12:39:30Z,2025-07-21T12:35:00Z,2025-07-21T12:40:00Z,5.045532287977673,275732225393.20447,10.4134,3161462249603.716,PSAB_d_2025-07-14
C7,PSAB,2025-07-21T12:39:30Z,2025-07-21T12:39:40Z,2025-07-21T12:35:00Z,2025-07-21T12:40:00Z,5.045532287977673,275732225393.20447,10.4134,3161462249603.716,PSAB_d_2025-07-14
C7,PSAB,2025-07-21T12:39:40Z,2025-07-21T12:39:50Z,2025-07-21T12:35:00Z,2025-07-21T12:40:00Z,5.045532287977673,275732225393.20447,10.4134,3161462249603.716,PSAB_d_2025-07-14
C7,PSAB,2025-07-21T12:39:50Z,2025-07-21T12:40:00Z,2025-07-21T12:35:00Z,2025-07-21T12:40:00Z,5.045532287977673,275732225393.20447,10.4134,3161462249603.716,PSAB_d_2025-07-14
C7,PPMA,2025-07-21T12:35:00Z,2025-07-21T12:35:10Z,2025-07-21T12:35:00Z,2025-07-21T12:40:00Z,1.7743222923511466,4751021171150.095,24.3766,4262592844214.596,PPMA_d_2025-07-14
C7,PPMA,2025-07-21T12:35:10Z,2025-07-21T12:35:20Z,2025-07-21T12:35:00Z,2025-07-21T12:40:00Z,3.7109208139422347,1848433885015.2266,24.3766,4262592844214.596,PPMA_d_2025-07-14
C7,PPMA,2025-07-21T12:35:20Z,2025-07-21T12:35:30Z,2025-07-21T12:35:00Z,2025-07-21T12:40:00Z,1.5834922627139094,1182881507186.3555,24.3766,4262592844214.596,PPMA_d_2025-07-14
C7,PPMA,2025-07-21T12:36:10Z,2025-07-21T12:36:20Z,2025-07-21T12:35:00Z,2025-07-21T12:40:00Z,3.3015663399165662,1544789852521.073,24.3766,4262592844214.596,PPMA_d_2025-07-14
C7,PPMA,2025-07-21T12:36:20Z,2025-07-21T12:36:30Z,2025-07-21T12:35:00Z,2025-07-21T12:40:00Z,2.4174114378895677,1766231331176.6714,24.3766,4262592844214.596,PPMA_d_2025-07-14
C7,PPMA,2025-07-21T12:36:50Z,2025-07-21T12:37:00Z,2025-07-21T12:35:00Z,2025-07-21T12:40:00Z,11.353823201117702,3758628550482.816,24.3766,4262592844214.596,PPMA_d_2025-07-14
C7,PPMA,2025-07-21T12:37:10Z,2025-07-21T12:37:20Z,2025-07-21T12:35:00Z,2025-07-21T12:40:00Z,1.4370508116983403,3203366585434.925,24.3766,4262592844214.596,PPMA_d_2025-07-14
C7,PPMA,2025-07-21T12:39:00Z,2025-07-21T12:39:10Z,2025-07-21T12:35:00Z,2025-07-21T12:40:00Z,6.158587950670227,2599897985215.863,24.3766,4262592844214.596,PPMA_d_2025-07-14
C7,PPMA,2025-07-21T12:41:50Z,2025-07-21T12:42:00Z,2025-07-21T12:40:00Z,2025-07-21T12:45:00Z,1.7743222923511466,4751021171150.095,24.3766,4262592844214.596,PPMA_d_2025-07-14
C7,PSAB,2025-07-21T12:40:10Z,2025-07-21T12:40:20Z,2025-07-21T12:40:00Z,2025-07-21T12:45:00Z,0.2506802793218514,305605237340.1667,10.4134,3161462249603.716,PSAB_d_2025-07-14
C7,PSAB,2025-07-21T12:40:40Z,2025-07-21T12:40:50Z,2025-07-21T12:40:00Z,2025-07-21T12:45:00Z,4.720731534609113,267374840302.753,10.4134,3161462249603.716,PSAB_d_2025-07-14
C7,PSAB,2025-07-21T12:45:30Z,2025-07-21T12:45:40Z,2025-07-21T12:45:00Z,2025-07-21T12:50:00Z,0.2506802793218514,305605237340.1667,10.4134,3161462249603.716,PSAB_d_2025-07-14
C7,PSAB,2025-07-21T12:45:40Z,2025-07-21T12:45:50Z,2025-07-21T12:45:00Z,2025-07-21T12:50:00Z,4.720731534609113,267374840302.753,10.4134,3161462249603.716,PSAB_d_2025-07-14
C7,PPMA,2025-07-21T12:46:20Z,2025-07-21T12:46:30Z,2025-07-21T12:45:00Z,2025-07-21T12:50:00Z,1.7743222923511466,4751021171150.095,24.3766,4262592844214.596,PPMA_d_2025-07-14
C7,PPMA,2025-07-21T12:46:40Z,2025-07-21T12:46:50Z,2025-07-21T12:45:00Z,2025-07-21T12:50:00Z,3.7109208139422347,1848433885015.2266,24.3766,4262592844214.596,PPMA_d_2025-07-14
C7,PPMA,2025-07-21T12:45:40Z,2025-07-21T12:45:50Z,2025-07-21T12:45:00Z,2025-07-21T12:50:00Z,1.5834922627139094,1182881507186.3555,24.3766,4262592844214.596,PPMA_d_2025-07-14
C7,PSAB,2025-07-21T13:09:20Z,2025-07-21T13:09:30Z,2025-07-21T13:05:00Z,2025-07-21T13:10:00Z,0.2506802793218514,305605237340.1667,10.4134,3161462249603.716,PSAB_d_2025-07-14
C7,PSAB,2025-07-21T13:10:00Z,2025-07-21T13:10:10Z,2025-07-21T13:10:00Z,2025-07-21T13:15:00Z,0.2506802793218514,305605237340.1667,10.4134,3161462249603.716,PSAB_d_2025-07-14
C7,PSAB,2025-07-21T13:10:10Z,2025-07-21T13:10:20Z,2025-07-21T13:10:00Z,2025-07-21T13:15:00Z,4.720731534609113,267374840302.753,10.4134,3161462249603.716,PSAB_d_2025-07-14
C7,PSAB,2025-07-21T13:10:20Z,2025-07-21T13:10:30Z,2025-07-21T13:10:00Z,2025-07-21T13:15:00Z,5.045532287977673,275732225393.20447,10.4134,3161462249603.716,PSAB_d_2025-07-14
C7,PSAB,2025-07-21T13:10:30Z,2025-07-21T13:10:40Z,2025-07-21T13:10:00Z,2025-07-21T13:15:00Z,5.045532287977673,275732225393.20447,10.4134,3161462249603.716,PSAB_d_2025-07-14
C7,PSAB,2025-07-21T13:10:40Z,2025-07-21T13:10:50Z,2025-07-21T13:10:00Z,2025-07-21T13:15:00Z,5.045532287977673,275732225393.20447,10.4134,3161462249603.716,PSAB_d_2025-07-14
C7,PSAB,2025-07-21T13:10:50Z,2025-07-21T13:11:00Z,2025-07-21T13:10:00Z,2025-07-21T13:15:00Z,5.045532287977673,275732225393.20447,10.4134,3161462249603.716,PSAB_d_2025-07-14
C7,PSAB,2025-07-21T13:11:00Z,2025-07-21T13:11:10Z,2025-07-21T13:10:00Z,2025-07-21T13:15:00Z,5.045532287977673,275732225393.20447,10.4134,3161462249603.716,PSAB_d_2025-07-14
C7,PSAB,2025-07-21T13:11:20Z,2025-07-21T13:11:30Z,2025-07-21T13:10:00Z,2025-07-21T13:15:00Z,5.045532287977673,275732225393.20447,10.4134,3161462249603.716,PSAB_d_2025-07-14
C7,PSAB,2025-07-21T13:11:30Z,2025-07-21T13:11:40Z,2025-07-21T13:10:00Z,2025-07-21T13:15:00Z,5.045532287977673,275732225393.20447,10.4134,3161462249603.716,PSAB_d_2025-07-14
C7,PSAB,2025-07-21T13:11:40Z,2025-07-21T13:11:50Z,2025-07-21T13:10:00Z,2025-07-21T13:15:00Z,5.045532287977673,275732225393.20447,10.4134,3161462249603.716,PSAB_d_2025-07-14
C7,PSAB,2025-07-21T13:12:00Z,2025-07-21T13:12:10Z,2025-07-21T13:10:00Z,2025-07-21T13:15:00Z,5.045532287977673,275732225393.20447,10.4134,3161462249603.716,PSAB_d_2025-07-14
C7,PSAB,2025-07-21T13:17:50Z,2025-07-21T13:18:00Z,2025-07-21T13:15:00Z,2025-07-21T13:20:00Z,0.2506802793218514,305605237340.1667,10.4134,3161462249603.716,PSAB_d_2025-07-14
C7,PSAB,2025-07-21T13:19:20Z,2025-07-21T13:19:30Z,2025-07-21T13:15:00Z,2025-07-21T13:20:00Z,4.720731534609113,267374840302.753,10.4134,3161462249603.716,PSAB_d_2025-07-14
C7,PSAB,2025-07-21T13:28:10Z,2025-07-21T13:28:20Z,2025-07-21T13:25:00Z,2025-07-21T13:30:00Z,0.2506802793218514,305605237340.1667,10.4134,3161462249603.716,PSAB_d_2025-07-14
C7,PPMA,2025-07-21T14:42:30Z,2025-07-21T14:42:40Z,2025-07-21T14:40:00Z,2025-07-21T14:45:00Z,1.7743222923511466,4751021171150.095,24.3766,4262592844214.596,PPMA_d_2025-07-14
C7,PSAB,2025-07-21T15:09:20Z,2025-07-21T15:09:30Z,2025-07-21T15:05:00Z,2025-07-21T15:10:00Z,0.09140557834961299,438257400040.8262,27.4735,8661609475623.228,PPMA_d_2025-07-21
C7,PSAB,2025-07-21T15:08:30Z,2025-07-21T15:08:40Z,2025-07-21T15:05:00Z,2025-07-21T15:10:00Z,0.1133524971476883,404239147780.62244,27.4735,8661609475623.228,PPMA_d_2025-07-21
C7,PSAB,2025-07-21T15:08:40Z,2025-07-21T15:08:50Z,2025-07-21T15:05:00Z,2025-07-21T15:10:00Z,0.05544057668683906,680485698924.9564,27.4735,8661609475623.228,PPMA_d_2025-07-21
C7,PSAB,2025-07-21T15:11:30Z,2025-07-21T15:11:40Z,2025-07-21T15:10:00Z,2025-07-21T15:15:00Z,0.09140557834961299,438257400040.8262,27.4735,8661609475623.228,PPMA_d_2025-07-21
C7,PSAB,2025-07-21T15:11:50Z,2025-07-21T15:12:00Z,2025-07-21T15:10:00Z,2025-07-21T15:15:00Z,0.1133524971476883,404239147780.62244,27.4735,8661609475623.228,PPMA_d_2025-07-21
C7,PSAB,2025-07-21T15:13:40Z,2025-07-21T15:13:50Z,2025-07-21T15:10:00Z,2025-07-21T15:15:00Z,0.05544057668683906,680485698924.9564,27.4735,8661609475623.228,PPMA_d_2025-07-21
C7,PSAB,2025-07-21T15:15:20Z,2025-07-21T15:15:30Z,2025-07-21T15:15:00Z,2025-07-21T15:20:00Z,0.09140557834961299,438257400040.8262,27.4735,8661609475623.228,PPMA_d_2025-07-21
C7,PSAB,2025-07-21T15:18:10Z,2025-07-21T15:18:20Z,2025-07-21T15:15:00Z,2025-07-21T15:20:00Z,0.1133524971476883,404239147780.62244,27.4735,8661609475623.228,PPMA_d_2025-07-21
C7,PSAB,2025-07-21T15:18:20Z,2025-07-21T15:18:30Z,2025-07-21T15:15:00Z,2025-07-21T15:20:00Z,0.05544057668683906,680485698924.9564,27.4735,8661609475623.228,PPMA_d_2025-07-21
C7,PSAB,2025-07-21T15:15:50Z,2025-07-21T15:16:00Z,2025-07-21T15:15:00Z,2025-07-21T15:20:00Z,0.05288794539170522,386116350550.6077,27.4735,8661609475623.228,PPMA_d_2025-07-21
C7,PSAB,2025-07-21T15:18:40Z,2025-07-21T15:18:50Z,2025-07-21T15:15:00Z,2025-07-21T15:20:00Z,0.04853913986299273,580462791384.2228,27.4735,8661609475623.228,PPMA_d_2025-07-21
C7,PSAB,2025-07-21T15:19:10Z,2025-07-21T15:19:20Z,2025-07-21T15:15:00Z,2025-07-21T15:20:00Z,0.050052981442351464,328488932103.1127,27.4735,8661609475623.228,PPMA_d_2025-07-21
C7,PSAB,2025-07-21T15:20:20Z,2025-07-21T15:20:30Z,2025-07-21T15:20:00Z,2025-07-21T15:25:00Z,0.09140557834961299,438257400040.8262,27.4735,8661609475623.228,PPMA_d_2025-07-21
C7,PSAB,2025-07-21T15:20:40Z,2025-07-21T15:20:50Z,2025-07-21T15:20:00Z,2025-07-21T15:25:00Z,0.1133524971476883,404239147780.62244,27.4735,8661609475623.228,PPMA_d_2025-07-21
C7,PSAB,2025-07-21T15:20:50Z,2025-07-21T15:21:00Z,2025-07-21T15:20:00Z,2025-07-21T15:25:00Z,0.05544057668683906,680485698924.9564,27.4735,8661609475623.228,PPMA_d_2025-07-21
C7,PSAB,2025-07-21T15:21:00Z,2025-07-21T15:21:10Z,2025-07-21T15:20:00Z,2025-07-21T15:25:00Z,0.05288794539170522,386116350550.6077,27.4735,8661609475623.228,PPMA_d_2025-07-21
C7,PSAB,2025-07-21T15:21:10Z,2025-07-21T15:21:20Z,2025-07-21T15:20:00Z,2025-07-21T15:25:00Z,0.04853913986299273,580462791384.2228,27.4735,8661609475623.228,PPMA_d_2025-07-21
C7,PSAB,2025-07-21T15:21:20Z,2025-07-21T15:21:30Z,2025-07-21T15:20:00Z,2025-07-21T15:25:00Z,0.050052981442351464,328488932103.1127,27.4735,8661609475623.228,PPMA_d_2025-07-21
C7,PSAB,2025-07-21T15:21:40Z,2025-07-21T15:21:50Z,2025-07-21T15:20:00Z,2025-07-21T15:25:00Z,0.09611862912725427,370984072298.2119,27.4735,8661609475623.228,PPMA_d_2025-07-21
C7,PSAB,2025-07-21T15:33:50Z,2025-07-21T15:34:00Z,2025-07-21T15:30:00Z,2025-07-21T15:35:00Z,0.09140557834961299,438257400040.8262,27.4735,8661609475623.228,PPMA_d_2025-07-21
C7,PSAB,2025-07-21T18:48:00Z,2025-07-21T18:48:10Z,2025-07-21T18:45:00Z,2025-07-21T18:50:00Z,0.5660607663086553,453009299253.7314,10.4534,2194203157232.6067,PSAB_d_2025-07-21
C7,PSAB,2025-07-21T18:48:10Z,2025-07-21T18:48:20Z,2025-07-21T18:45:00Z,2025-07-21T18:50:00Z,1.164259476353091,551001394422.1835,10.4534,2194203157232.6067,PSAB_d_2025-07-21
C7,PSAB,2025-07-21T18:48:20Z,2025-07-21T18:48:30Z,2025-07-21T18:45:00Z,2025-07-21T18:50:00Z,0.012238919384020722,662683280587.4926,10.4534,2194203157232.6067,PSAB_d_2025-07-21
C7,PSAB,2025-07-21T18:48:30Z,2025-07-21T18:48:40Z,2025-07-21T18:45:00Z,2025-07-21T18:50:00Z,0.08449857067284279,812744204509.4734,10.4534,2194203157232.6067,PSAB_d_2025-07-21
C7,PSAB,2025-07-21T18:48:40Z,2025-07-21T18:48:50Z,2025-07-21T18:45:00Z,2025-07-21T18:50:00Z,0.21680413991501535,508759667183.3646,10.4534,2194203157232.6067,PSAB_d_2025-07-21
C7,PSAB,2025-07-21T18:48:50Z,2025-07-21T18:49:00Z,2025-07-21T18:45:00Z,2025-07-21T18:50:00Z,0.013934220800989286,643096534000.6753,10.4534,2194203157232.6067,PSAB_d_2025-07-21
C7,PSAB,2025-07-21T18:49:10Z,2025-07-21T18:49:20Z,2025-07-21T18:45:00Z,2025-07-21T18:50:00Z,0.05397773239933556,522395888600.8714,10.4534,2194203157232.6067,PSAB_d_2025-07-21
C7,PSAB,2025-07-21T20:40:00Z,2025-07-21T20:40:10Z,2025-07-21T20:40:00Z,2025-07-21T20:45:00Z,0.5660607663086553,453009299253.7314,10.4534,2194203157232.6067,PSAB_d_2025-07-21
C7,PSAB,2025-07-21T20:41:40Z,2025-07-21T20:41:50Z,2025-07-21T20:40:00Z,2025-07-21T20:45:00Z,1.164259476353091,551001394422.1835,10.4534,2194203157232.6067,PSAB_d_2025-07-21
C7,PSAB,2025-07-21T20:56:40Z,2025-07-21T20:56:50Z,2025-07-21T20:55:00Z,2025-07-21T21:00:00Z,0.5660607663086553,453009299253.7314,10.4534,2194203157232.6067,PSAB_d_2025-07-21
C7,PSAB,2025-07-21T21:03:40Z,2025-07-21T21:03:50Z,2025-07-21T21:00:00Z,2025-07-21T21:05:00Z,0.5660607663086553,453009299253.7314,10.4534,2194203157232.6067,PSAB_d_2025-07-21
C7,PSAB,2025-07-21T21:14:00Z,2025-07-21T21:14:10Z,2025-07-21T21:10:00Z,2025-07-21T21:15:00Z,0.5660607663086553,453009299253.7314,10.4534,2194203157232.6067,PSAB_d_2025-07-21
C7,PSAB,2025-07-21T22:03:50Z,2025-07-21T22:04:00Z,2025-07-21T22:00:00Z,2025-07-21T22:05:00Z,0.5660607663086553,453009299253.7314,10.4534,2194203157232.6067,PSAB_d_2025-07-21
C7,PSAB,2025-07-21T22:11:10Z,2025-07-21T22:11:20Z,2025-07-21T22:10:00Z,2025-07-21T22:15:00Z,0.5660607663086553,453009299253.7314,10.4534,2194203157232.6067,PSAB_d_2025-07-21
C7,PSAB,2025-07-21T22:36:20Z,2025-07-21T22:36:30Z,2025-07-21T22:35:00Z,2025-07-21T22:40:00Z,0.5660607663086553,453009299253.7314,10.4534,2194203157232.6067,PSAB_d_2025-07-21
C7,PSAB,2025-07-21T22:36:20Z,2025-07-21T22:36:30Z,2025-07-21T22:35:00Z,2025-07-21T22:45:00Z,0.5660607663086553,453009299253.7314,10.4534,2194203157232.6067,PSAB_d_2025-07-21
C7,PSAB,2025-07-22T00:00:00Z,2025-07-22T00:00:10Z,2025-07-22T00:00:00Z,2025-07-22T00:05:00Z,0.5660607663086553,453009299253.7314,10.4534,2194203157232.6067,PSAB_d_2025-07-21
C7,PSAB,2025-07-22T00:04:10Z,2025-07-22T00:04:20Z,2025-07-22T00:00:00Z,2025-07-22T00:05:00Z,1.164259476353091,551001394422.1835,10.4534,2194203157232.6067,PSAB_d_2025-07-21
C7,PSAB,2025-07-22T00:00:30Z,2025-07-22T00:00:40Z,2025-07-22T00:00:00Z,2025-07-22T00:05:00Z,0.012238919384020722,662683280587.4926,10.4534,2194203157232.6067,PSAB_d_2025-07-21
C7,PSAB,2025-07-22T02:24:10Z,2025-07-22T02:24:20Z,2025-07-22T02:20:00Z,2025-07-22T02:25:00Z,0.5660607663086553,453009299253.7314,10.4534,2194203157232.6067,PSAB_d_2025-07-21
C7,PSAB,2025-07-22T02:24:50Z,2025-07-22T02:25:00Z,2025-07-22T02:20:00Z,2025-07-22T02:25:00Z,1.164259476353091,551001394422.1835,10.4534,2194203157232.6067,PSAB_d_2025-07-21
C7,PSAB,2025-07-22T02:25:20Z,2025-07-22T02:25:30Z,2025-07-22T02:25:00Z,2025-07-22T02:30:00Z,0.5660607663086553,453009299253.7314,10.4534,2194203157232.6067,PSAB_d_2025-07-21
C7,PSAB,2025-07-22T02:31:50Z,2025-07-22T02:32:00Z,2025-07-22T02:30:00Z,2025-07-22T02:35:00Z,0.5660607663086553,453009299253.7314,10.4534,2194203157232.6067,PSAB_d_2025-07-21
C7,PSAB,2025-07-22T02:31:10Z,2025-07-22T02:31:20Z,2025-07-22T02:30:00Z,2025-07-22T02:35:00Z,1.164259476353091,551001394422.1835,10.4534,2194203157232.6067,PSAB_d_2025-07-21
C7,PSAB,2025-07-22T02:54:50Z,2025-07-22T02:55:00Z,2025-07-22T02:50:00Z,2025-07-22T02:55:00Z,0.5660607663086553,453009299253.7314,10.4534,2194203157232.6067,PSAB_d_2025-07-21
C7,PSAB,2025-07-22T03:01:40Z,2025-07-22T03:01:50Z,2025-07-22T03:00:00Z,2025-07-22T03:05:00Z,0.5660607663086553,453009299253.7314,10.4534,2194203157232.6067,PSAB_d_2025-07-21
C7,PSAB,2025-07-22T03:03:00Z,2025-07-22T03:03:10Z,2025-07-22T03:00:00Z,2025-07-22T03:05:00Z,1.164259476353091,551001394422.1835,10.4534,2194203157232.6067,PSAB_d_2025-07-21
C7,PSAB,2025-07-22T03:04:50Z,2025-07-22T03:05:00Z,2025-07-22T03:00:00Z,2025-07-22T03:05:00Z,0.012238919384020722,662683280587.4926,10.4534,2194203157232.6067,PSAB_d_2025-07-21
C7,PSAB,2025-07-22T03:11:20Z,2025-07-22T03:11:30Z,2025-07-22T03:10:00Z,2025-07-22T03:15:00Z,0.5660607663086553,453009299253.7314,10.4534,2194203157232.6067,PSAB_d_2025-07-21
C7,PSAB,2025-07-22T04:21:30Z,2025-07-22T04:21:40Z,2025-07-22T04:20:00Z,2025-07-22T04:25:00Z,0.5660607663086553,453009299253.7314,10.4534,2194203157232.6067,PSAB_d_2025-07-21
C7,PSAB,2025-07-22T05:30:50Z,2025-07-22T05:31:00Z,2025-07-22T05:30:00Z,2025-07-22T05:35:00Z,0.5660607663086553,453009299253.7314,10.4534,2194203157232.6067,PSAB_d_2025-07-21
C7,PSAB,2025-07-22T06:14:00Z,2025-07-22T06:14:10Z,2025-07-22T06:10:00Z,2025-07-22T06:15:00Z,0.5660607663086553,453009299253.7314,10.4534,2194203157232.6067,PSAB_d_2025-07-21
C7,PSAB,2025-07-22T08:22:00Z,2025-07-22T08:22:10Z,2025-07-22T08:20:00Z,2025-07-22T08:25:00Z,0.5660607663086553,453009299253.7314,10.4534,2194203157232.6067,PSAB_d_2025-07-21
C7,PSAB,2025-07-22T08:22:10Z,2025-07-22T08:22:20Z,2025-07-22T08:20:00Z,2025-07-22T08:25:00Z,1.164259476353091,551001394422.1835,10.4534,2194203157232.6067,PSAB_d_2025-07-21
C7,PSAB,2025-07-22T08:22:20Z,2025-07-22T08:22:30Z,2025-07-22T08:20:00Z,2025-07-22T08:25:00Z,0.012238919384020722,662683280587.4926,10.4534,2194203157232.6067,PSAB_d_2025-07-21
C7,PSAB,2025-07-22T08:22:30Z,2025-07-22T08:22:40Z,2025-07-22T08:20:00Z,2025-07-22T08:25:00Z,0.08449857067284279,812744204509.4734,10.4534,2194203157232.6067,PSAB_d_2025-07-21
C7,PSAB,2025-07-22T08:22:40Z,2025-07-22T08:22:50Z,2025-07-22T08:20:00Z,2025-07-22T08:25:00Z,0.21680413991501535,508759667183.3646,10.4534,2194203157232.6067,PSAB_d_2025-07-21
C7,PSAB,2025-07-22T08:22:50Z,2025-07-22T08:23:00Z,2025-07-22T08:20:00Z,2025-07-22T08:25:00Z,0.013934220800989286,643096534000.6753,10.4534,2194203157232.6067,PSAB_d_2025-07-21
C7,PSAB,2025-07-22T08:23:00Z,2025-07-22T08:23:10Z,2025-07-22T08:20:00Z,2025-07-22T08:25:00Z,0.05397773239933556,522395888600.8714,10.4534,2194203157232.6067,PSAB_d_2025-07-21
C7,PSAB,2025-07-22T08:23:10Z,2025-07-22T08:23:20Z,2025-07-22T08:20:00Z,2025-07-22T08:25:00Z,0.08929006360425379,562980446769.5476,10.4534,2194203157232.6067,PSAB_d_2025-07-21
C7,PSAB,2025-07-22T08:24:20Z,2025-07-22T08:24:30Z,2025-07-22T08:20:00Z,2025-07-22T08:25:00Z,0.38356560634998993,437750785827.8252,10.4534,2194203157232.6067,PSAB_d_2025-07-21
C7,PSAB,2025-07-22T08:25:20Z,2025-07-22T08:25:30Z,2025-07-22T08:25:00Z,2025-07-22T08:30:00Z,0.09140557834961299,438257400040.8262,27.4735,8661609475623.228,PPMA_d_2025-07-21
C7,PSAB,2025-07-22T08:25:30Z,2025-07-22T08:25:40Z,2025-07-22T08:25:00Z,2025-07-22T08:30:00Z,0.1133524971476883,404239147780.62244,27.4735,8661609475623.228,PPMA_d_2025-07-21
C7,PSAB,2025-07-22T08:31:20Z,2025-07-22T08:31:30Z,2025-07-22T08:30:00Z,2025-07-22T08:35:00Z,0.5660607663086553,453009299253.7314,10.4534,2194203157232.6067,PSAB_d_2025-07-21
C7,PSAB,2025-07-22T08:32:20Z,2025-07-22T08:32:30Z,2025-07-22T08:30:00Z,2025-07-22T08:35:00Z,1.164259476353091,551001394422.1835,10.4534,2194203157232.6067,PSAB_d_2025-07-21
C7,PSAB,2025-07-22T08:32:30Z,2025-07-22T08:32:40Z,2025-07-22T08:30:00Z,2025-07-22T08:35:00Z,0.012238919384020722,662683280587.4926,10.4534,2194203157232.6067,PSAB_d_2025-07-21
C7,PSAB,2025-07-22T08:32:40Z,2025-07-22T08:32:50Z,2025-07-22T08:30:00Z,2025-07-22T08:35:00Z,0.08449857067284279,812744204509.4734,10.4534,2194203157232.6067,PSAB_d_2025-07-21
C7,PSAB,2025-07-22T08:32:50Z,2025-07-22T08:33:00Z,2025-07-22T08:30:00Z,2025-07-22T08:35:00Z,0.21680413991501535,508759667183.3646,10.4534,2194203157232.6067,PSAB_d_2025-07-21
C7,PSAB,2025-07-22T08:33:00Z,2025-07-22T08:33:10Z,2025-07-22T08:30:00Z,2025-07-22T08:35:00Z,0.013934220800989286,643096534000.6753,10.4534,2194203157232.6067,PSAB_d_2025-07-21
C7,PSAB,2025-07-22T08:33:10Z,2025-07-22T08:33:20Z,2025-07-22T08:30:00Z,2025-07-22T08:35:00Z,0.05397773239933556,522395888600.8714,10.4534,2194203157232.6067,PSAB_d_2025-07-21
C7,PSAB,2025-07-22T08:33:20Z,2025-07-22T08:33:30Z,2025-07-22T08:30:00Z,2025-07-22T08:35:00Z,0.08929006360425379,562980446769.5476,10.4534,2194203157232.6067,PSAB_d_2025-07-21
C7,PSAB,2025-07-22T08:33:30Z,2025-07-22T08:33:40Z,2025-07-22T08:30:00Z,2025-07-22T08:35:00Z,0.38356560634998993,437750785827.8252,10.4534,2194203157232.6067,PSAB_d_2025-07-21
C7,PSAB,2025-07-22T08:33:40Z,2025-07-22T08:33:50Z,2025-07-22T08:30:00Z,2025-07-22T08:35:00Z,1.4937298816549112,535410430125.2925,10.4534,2194203157232.6067,PSAB_d_2025-07-21
C7,PSAB,2025-07-22T09:37:20Z,2025-07-22T09:37:30Z,2025-07-22T09:35:00Z,2025-07-22T09:40:00Z,0.5660607663086553,453009299253.7314,10.4534,2194203157232.6067,PSAB_d_2025-07-21
C7,PSAB,2025-07-22T09:42:50Z,2025-07-22T09:43:00Z,2025-07-22T09:40:00Z,2025-07-22T09:45:00Z,0.5660607663086553,453009299253.7314,10.4534,2194203157232.6067,PSAB_d_2025-07-21
C7,PSAB,2025-07-22T09:41:40Z,2025-07-22T09:41:50Z,2025-07-22T09:40:00Z,2025-07-22T09:45:00Z,1.164259476353091,551001394422.1835,10.4534,2194203157232.6067,PSAB_d_2025-07-21
C7,PSAB,2025-07-22T10:45:20Z,2025-07-22T10:45:30Z,2025-07-22T10:45:00Z,2025-07-22T10:50:00Z,0.09140557834961299,438257400040.8262,27.4735,8661609475623.228,PPMA_d_2025-07-21
C7,PSAB,2025-07-22T10:45:30Z,2025-07-22T10:45:40Z,2025-07-22T10:45:00Z,2025-07-22T10:50:00Z,0.1133524971476883,404239147780.62244,27.4735,8661609475623.228,PPMA_d_2025-07-21
C7,PSAB,2025-07-22T10:45:40Z,2025-07-22T10:45:50Z,2025-07-22T10:45:00Z,2025-07-22T10:50:00Z,0.05544057668683906,680485698924.9564,27.4735,8661609475623.228,PPMA_d_2025-07-21
C7,PSAB,2025-07-22T10:45:50Z,2025-07-22T10:46:00Z,2025-07-22T10:45:00Z,2025-07-22T10:50:00Z,0.05288794539170522,386116350550.6077,27.4735,8661609475623.228,PPMA_d_2025-07-21
C7,PSAB,2025-07-22T10:46:00Z,2025-07-22T10:46:10Z,2025-07-22T10:45:00Z,2025-07-22T10:50:00Z,0.04853913986299273,580462791384.2228,27.4735,8661609475623.228,PPMA_d_2025-07-21
C7,PSAB,2025-07-22T10:46:10Z,2025-07-22T10:46:20Z,2025-07-22T10:45:00Z,2025-07-22T10:50:00Z,0.050052981442351464,328488932103.1127,27.4735,8661609475623.228,PPMA_d_2025-07-21
C7,PSAB,2025-07-22T10:46:20Z,2025-07-22T10:46:30Z,2025-07-22T10:45:00Z,2025-07-22T10:50:00Z,0.09611862912725427,370984072298.2119,27.4735,8661609475623.228,PPMA_d_2025-07-21
C7,PSAB,2025-07-22T10:46:40Z,2025-07-22T10:46:50Z,2025-07-22T10:45:00Z,2025-07-22T10:50:00Z,0.039433108649510544,575009906454.4622,27.4735,8661609475623.228,PPMA_d_2025-07-21
C7,PSAB,2025-07-22T10:47:00Z,2025-07-22T10:47:10Z,2025-07-22T10:45:00Z,2025-07-22T10:50:00Z,0.04344130390553534,530865035374.75574,27.4735,8661609475623.228,PPMA_d_2025-07-21
C7,PSAB,2025-07-22T10:48:20Z,2025-07-22T10:48:30Z,2025-07-22T10:45:00Z,2025-07-22T10:50:00Z,0.012731393472853365,598264752979.2428,27.4735,8661609475623.228,PPMA_d_2025-07-21
C7,PSAB,2025-07-22T10:49:50Z,2025-07-22T10:50:00Z,2025-07-22T10:45:00Z,2025-07-22T10:50:00Z,0.21009370259978266,980676118845.4547,27.4735,8661609475623.228,PPMA_d_2025-07-21
C7,PSAB,2025-07-22T10:50:10Z,2025-07-22T10:50:20Z,2025-07-22T10:50:00Z,2025-07-22T10:55:00Z,0.09140557834961299,438257400040.8262,27.4735,8661609475623.228,PPMA_d_2025-07-21
C7,PSAB,2025-07-22T10:50:20Z,2025-07-22T10:50:30Z,2025-07-22T10:50:00Z,2025-07-22T10:55:00Z,0.1133524971476883,404239147780.62244,27.4735,8661609475623.228,PPMA_d_2025-07-21
C7,PSAB,2025-07-22T10:50:30Z,2025-07-22T10:50:40Z,2025-07-22T10:50:00Z,2025-07-22T10:55:00Z,0.05544057668683906,680485698924.9564,27.4735,8661609475623.228,PPMA_d_2025-07-21
C7,PSAB,2025-07-22T10:50:40Z,2025-07-22T10:50:50Z,2025-07-22T10:50:00Z,2025-07-22T10:55:00Z,0.05288794539170522,386116350550.6077,27.4735,8661609475623.228,PPMA_d_2025-07-21
C7,PSAB,2025-07-22T10:50:50Z,2025-07-22T10:51:00Z,2025-07-22T10:50:00Z,2025-07-22T10:55:00Z,0.04853913986299273,580462791384.2228,27.4735,8661609475623.228,PPMA_d_2025-07-21
C7,PSAB,2025-07-22T10:51:20Z,2025-07-22T10:51:30Z,2025-07-22T10:50:00Z,2025-07-22T10:55:00Z,0.050052981442351464,328488932103.1127,27.4735,8661609475623.228,PPMA_d_2025-07-21
C7,PSAB,2025-07-22T10:51:30Z,2025-07-22T10:51:40Z,2025-07-22T10:50:00Z,2025-07-22T10:55:00Z,0.09611862912725427,370984072298.2119,27.4735,8661609475623.228,PPMA_d_2025-07-21
C7,PSAB,2025-07-22T10:51:50Z,2025-07-22T10:52:00Z,2025-07-22T10:50:00Z,2025-07-22T10:55:00Z,0.039433108649510544,575009906454.4622,27.4735,8661609475623.228,PPMA_d_2025-07-21
C7,PSAB,2025-07-22T10:52:00Z,2025-07-22T10:52:10Z,2025-07-22T10:50:00Z,2025-07-22T10:55:00Z,0.04344130390553534,530865035374.75574,27.4735,8661609475623.228,PPMA_d_2025-07-21
C7,PSAB,2025-07-22T10:52:50Z,2025-07-22T10:53:00Z,2025-07-22T10:50:00Z,2025-07-22T10:55:00Z,0.012731393472853365,598264752979.2428,27.4735,8661609475623.228,PPMA_d_2025-07-21
C7,PSAB,2025-07-22T10:53:10Z,2025-07-22T10:53:20Z,2025-07-22T10:50:00Z,2025-07-22T10:55:00Z,0.21009370259978266,980676118845.4547,27.4735,8661609475623.228,PPMA_d_2025-07-21
C7,PSAB,2025-07-22T10:54:00Z,2025-07-22T10:54:10Z,2025-07-22T10:50:00Z,2025-07-22T10:55:00Z,0.40136004316130636,983936374296.0818,27.4735,8661609475623.228,PPMA_d_2025-07-21
C7,PSAB,2025-07-22T10:54:10Z,2025-07-22T10:54:20Z,2025-07-22T10:50:00Z,2025-07-22T10:55:00Z,0.18882931690296348,547632606943.3853,27.4735,8661609475623.228,PPMA_d_2025-07-21
C7,PSAB,2025-07-22T10:55:20Z,2025-07-22T10:55:30Z,2025-07-22T10:55:00Z,2025-07-22T11:00:00Z,0.09140557834961299,438257400040.8262,27.4735,8661609475623.228,PPMA_d_2025-07-21
C7,PSAB,2025-07-22T11:03:10Z,2025-07-22T11:03:20Z,2025-07-22T11:00:00Z,2025-07-22T11:05:00Z,0.5660607663086553,453009299253.7314,10.4534,2194203157232.6067,PSAB_d_2025-07-21
C7,PSAB,2025-07-22T11:03:50Z,2025-07-22T11:04:00Z,2025-07-22T11:00:00Z,2025-07-22T11:05:00Z,1.164259476353091,551001394422.1835,10.4534,2194203157232.6067,PSAB_d_2025-07-21
C7,PSAB,2025-07-22T11:04:00Z,2025-07-22T11:04:10Z,2025-07-22T11:00:00Z,2025-07-22T11:05:00Z,0.012238919384020722,662683280587.4926,10.4534,2194203157232.6067,PSAB_d_2025-07-21
C7,PSAB,2025-07-22T11:04:40Z,2025-07-22T11:04:50Z,2025-07-22T11:00:00Z,2025-07-22T11:05:00Z,0.08449857067284279,812744204509.4734,10.4534,2194203157232.6067,PSAB_d_2025-07-21
C7,PSAB,2025-07-22T11:05:40Z,2025-07-22T11:05:50Z,2025-07-22T11:05:00Z,2025-07-22T11:10:00Z,0.09140557834961299,438257400040.8262,27.4735,8661609475623.228,PPMA_d_2025-07-21
C7,PSAB,2025-07-22T11:05:00Z,2025-07-22T11:05:10Z,2025-07-22T11:05:00Z,2025-07-22T11:10:00Z,0.5660607663086553,453009299253.7314,10.4534,2194203157232.6067,PSAB_d_2025-07-21
C7,PSAB,2025-07-22T11:05:30Z,2025-07-22T11:05:40Z,2025-07-22T11:05:00Z,2025-07-22T11:10:00Z,1.164259476353091,551001394422.1835,10.4534,2194203157232.6067,PSAB_d_2025-07-21
C7,PSAB,2025-07-22T11:05:40Z,2025-07-22T11:05:50Z,2025-07-22T11:05:00Z,2025-07-22T11:10:00Z,0.012238919384020722,662683280587.4926,10.4534,2194203157232.6067,PSAB_d_2025-07-21
C7,PSAB,2025-07-22T11:06:10Z,2025-07-22T11:06:20Z,2025-07-22T11:05:00Z,2025-07-22T11:10:00Z,0.08449857067284279,812744204509.4734,10.4534,2194203157232.6067,PSAB_d_2025-07-21
C7,PSAB,2025-07-22T11:06:20Z,2025-07-22T11:06:30Z,2025-07-22T11:05:00Z,2025-07-22T11:10:00Z,0.21680413991501535,508759667183.3646,10.4534,2194203157232.6067,PSAB_d_2025-07-21
C7,PSAB,2025-07-22T11:06:40Z,2025-07-22T11:06:50Z,2025-07-22T11:05:00Z,2025-07-22T11:10:00Z,0.013934220800989286,643096534000.6753,10.4534,2194203157232.6067,PSAB_d_2025-07-21
C7,PSAB,2025-07-22T11:06:50Z,2025-07-22T11:07:00Z,2025-07-22T11:05:00Z,2025-07-22T11:10:00Z,0.05397773239933556,522395888600.8714,10.4534,2194203157232.6067,PSAB_d_2025-07-21
C7,PSAB,2025-07-22T11:07:00Z,2025-07-22T11:07:10Z,2025-07-22T11:05:00Z,2025-07-22T11:10:00Z,0.08929006360425379,562980446769.5476,10.4534,2194203157232.6067,PSAB_d_2025-07-21
C7,PSAB,2025-07-22T11:07:10Z,2025-07-22T11:07:20Z,2025-07-22T11:05:00Z,2025-07-22T11:10:00Z,0.38356560634998993,437750785827.8252,10.4534,2194203157232.6067,PSAB_d_2025-07-21
C7,PSAB,2025-07-22T11:07:20Z,2025-07-22T11:07:30Z,2025-07-22T11:05:00Z,2025-07-22T11:10:00Z,1.4937298816549112,535410430125.2925,10.4534,2194203157232.6067,PSAB_d_2025-07-21
C7,PSAB,2025-07-22T11:07:30Z,2025-07-22T11:07:40Z,2025-07-22T11:05:00Z,2025-07-22T11:10:00Z,0.41574733534699637,559161559696.6351,10.4534,2194203157232.6067,PSAB_d_2025-07-21
C7,PSAB,2025-07-22T11:07:40Z,2025-07-22T11:07:50Z,2025-07-22T11:05:00Z,2025-07-22T11:10:00Z,0.48341255545313366,455033081697.1104,10.4534,2194203157232.6067,PSAB_d_2025-07-21
C7,PSAB,2025-07-22T11:07:50Z,2025-07-22T11:08:00Z,2025-07-22T11:05:00Z,2025-07-22T11:10:00Z,0.0825763012529812,482597442641.7732,10.4534,2194203157232.6067,PSAB_d_2025-07-21
C7,PSAB,2025-07-22T11:08:00Z,2025-07-22T11:08:10Z,2025-07-22T11:05:00Z,2025-07-22T11:10:00Z,0.0171729824531105,493227109145.62134,10.4534,2194203157232.6067,PSAB_d_2025-07-21
C7,PSAB,2025-07-22T11:08:10Z,2025-07-22T11:08:20Z,2025-07-22T11:05:00Z,2025-07-22T11:10:00Z,0.32234497709885035,622323435388.4038,10.4534,2194203157232.6067,PSAB_d_2025-07-21
C7,PSAB,2025-07-22T11:08:20Z,2025-07-22T11:08:30Z,2025-07-22T11:05:00Z,2025-07-22T11:10:00Z,0.2568058048637129,544514055386.96185,10.4534,2194203157232.6067,PSAB_d_2025-07-21
C7,PSAB,2025-07-22T11:08:40Z,2025-07-22T11:08:50Z,2025-07-22T11:05:00Z,2025-07-22T11:10:00Z,0.18421414082339205,607307007730.7954,10.4534,2194203157232.6067,PSAB_d_2025-07-21
C7,PSAB,2025-07-22T11:08:50Z,2025-07-22T11:09:00Z,2025-07-22T11:05:00Z,2025-07-22T11:10:00Z,0.053877067148335636,408767287610.241,10.4534,2194203157232.6067,PSAB_d_2025-07-21
C7,PSAB,2025-07-22T11:19:30Z,2025-07-22T11:19:40Z,2025-07-22T11:15:00Z,2025-07-22T11:20:00Z,0.09140557834961299,438257400040.8262,27.4735,8661609475623.228,PPMA_d_2025-07-21
C7,PSAB,2025-07-22T11:38:10Z,2025-07-22T11:38:20Z,2025-07-22T11:35:00Z,2025-07-22T11:40:00Z,0.09140557834961299,438257400040.8262,27.4735,8661609475623.228,PPMA_d_2025-07-21
C7,PSAB,2025-07-22T11:38:50Z,2025-07-22T11:39:00Z,2025-07-22T11:35:00Z,2025-07-22T11:40:00Z,0.1133524971476883,404239147780.62244,27.4735,8661609475623.228,PPMA_d_2025-07-21
C7,PSAB,2025-07-22T11:39:10Z,2025-07-22T11:39:20Z,2025-07-22T11:35:00Z,2025-07-22T11:40:00Z,0.05544057668683906,680485698924.9564,27.4735,8661609475623.228,PPMA_d_2025-07-21
C7,PSAB,2025-07-22T11:39:20Z,2025-07-22T11:39:30Z,2025-07-22T11:35:00Z,2025-07-22T11:40:00Z,0.05288794539170522,386116350550.6077,27.4735,8661609475623.228,PPMA_d_2025-07-21
C7,PSAB,2025-07-22T11:39:40Z,2025-07-22T11:39:50Z,2025-07-22T11:35:00Z,2025-07-22T11:40:00Z,0.04853913986299273,580462791384.2228,27.4735,8661609475623.228,PPMA_d_2025-07-21
C7,PSAB,2025-07-22T11:39:50Z,2025-07-22T11:40:00Z,2025-07-22T11:35:00Z,2025-07-22T11:40:00Z,0.050052981442351464,328488932103.1127,27.4735,8661609475623.228,PPMA_d_2025-07-21
C7,PSAB,2025-07-22T11:41:10Z,2025-07-22T11:41:20Z,2025-07-22T11:40:00Z,2025-07-22T11:45:00Z,0.09140557834961299,438257400040.8262,27.4735,8661609475623.228,PPMA_d_2025-07-21
C7,PSAB,2025-07-22T11:41:20Z,2025-07-22T11:41:30Z,2025-07-22T11:40:00Z,2025-07-22T11:45:00Z,0.1133524971476883,404239147780.62244,27.4735,8661609475623.228,PPMA_d_2025-07-21
C7,PSAB,2025-07-22T11:41:30Z,2025-07-22T11:41:40Z,2025-07-22T11:40:00Z,2025-07-22T11:45:00Z,0.05544057668683906,680485698924.9564,27.4735,8661609475623.228,PPMA_d_2025-07-21
C7,PSAB,2025-07-22T11:41:40Z,2025-07-22T11:41:50Z,2025-07-22T11:40:00Z,2025-07-22T11:45:00Z,0.05288794539170522,386116350550.6077,27.4735,8661609475623.228,PPMA_d_2025-07-21
C7,PSAB,2025-07-22T11:42:00Z,2025-07-22T11:42:10Z,2025-07-22T11:40:00Z,2025-07-22T11:45:00Z,0.04853913986299273,580462791384.2228,27.4735,8661609475623.228,PPMA_d_2025-07-21
C7,PSAB,2025-07-22T11:42:10Z,2025-07-22T11:42:20Z,2025-07-22T11:40:00Z,2025-07-22T11:45:00Z,0.050052981442351464,328488932103.1127,27.4735,8661609475623.228,PPMA_d_2025-07-21
C7,PSAB,2025-07-22T11:42:30Z,2025-07-22T11:42:40Z,2025-07-22T11:40:00Z,2025-07-22T11:45:00Z,0.09611862912725427,370984072298.2119,27.4735,8661609475623.228,PPMA_d_2025-07-21
C7,PSAB,2025-07-22T11:42:40Z,2025-07-22T11:42:50Z,2025-07-22T11:40:00Z,2025-07-22T11:45:00Z,0.039433108649510544,575009906454.4622,27.4735,8661609475623.228,PPMA_d_2025-07-21
C7,PSAB,2025-07-22T11:42:50Z,2025-07-22T11:43:00Z,2025-07-22T11:40:00Z,2025-07-22T11:45:00Z,0.04344130390553534,530865035374.75574,27.4735,8661609475623.228,PPMA_d_2025-07-21
C7,PSAB,2025-07-22T11:43:00Z,2025-07-22T11:43:10Z,2025-07-22T11:40:00Z,2025-07-22T11:45:00Z,0.012731393472853365,598264752979.2428,27.4735,8661609475623.228,PPMA_d_2025-07-21
C7,PSAB,2025-07-22T11:43:10Z,2025-07-22T11:43:20Z,2025-07-22T11:40:00Z,2025-07-22T11:45:00Z,0.21009370259978266,980676118845.4547,27.4735,8661609475623.228,PPMA_d_2025-07-21
C7,PSAB,2025-07-22T11:43:30Z,2025-07-22T11:43:40Z,2025-07-22T11:40:00Z,2025-07-22T11:45:00Z,0.40136004316130636,983936374296.0818,27.4735,8661609475623.228,PPMA_d_2025-07-21
C7,PSAB,2025-07-22T11:43:40Z,2025-07-22T11:43:50Z,2025-07-22T11:40:00Z,2025-07-22T11:45:00Z,0.18882931690296348,547632606943.3853,27.4735,8661609475623.228,PPMA_d_2025-07-21
C7,PSAB,2025-07-22T11:43:50Z,2025-07-22T11:44:00Z,2025-07-22T11:40:00Z,2025-07-22T11:45:00Z,0.046821188743330855,624399058245.3335,27.4735,8661609475623.228,PPMA_d_2025-07-21
C7,PSAB,2025-07-22T11:44:00Z,2025-07-22T11:44:10Z,2025-07-22T11:40:00Z,2025-07-22T11:45:00Z,0.08237302973416956,361353034467.88446,27.4735,8661609475623.228,PPMA_d_2025-07-21
C7,PSAB,2025-07-22T11:44:10Z,2025-07-22T11:44:20Z,2025-07-22T11:40:00Z,2025-07-22T11:45:00Z,0.07617117105009788,418885940442.8254,27.4735,8661609475623.228,PPMA_d_2025-07-21
C7,PSAB,2025-07-22T11:44:20Z,2025-07-22T11:44:30Z,2025-07-22T11:40:00Z,2025-07-22T11:45:00Z,0.02360753178799283,560320465484.971,27.4735,8661609475623.228,PPMA_d_2025-07-21
C7,PSAB,2025-07-22T11:44:30Z,2025-07-22T11:44:40Z,2025-07-22T11:40:00Z,2025-07-22T11:45:00Z,0.23942934742123317,501158734756.9643,27.4735,8661609475623.228,PPMA_d_2025-07-21
C7,PSAB,2025-07-22T11:44:40Z,2025-07-22T11:44:50Z,2025-07-22T11:40:00Z,2025-07-22T11:45:00Z,0.18910960882821204,524775792414.1217,27.4735,8661609475623.228,PPMA_d_2025-07-21
C7,PSAB,2025-07-22T11:44:50Z,2025-07-22T11:45:00Z,2025-07-22T11:40:00Z,2025-07-22T11:45:00Z,0.05930589124164263,485702653885.64655,27.4735,8661609475623.228,PPMA_d_2025-07-21
C7,PSAB,2025-07-22T11:45:00Z,2025-07-22T11:45:10Z,2025-07-22T11:45:00Z,2025-07-22T11:50:00Z,0.09140557834961299,438257400040.8262,27.4735,8661609475623.228,PPMA_d_2025-07-21
C7,PSAB,2025-07-22T11:45:20Z,2025-07-22T11:45:30Z,2025-07-22T11:45:00Z,2025-07-22T11:50:00Z,0.1133524971476883,404239147780.62244,27.4735,8661609475623.228,PPMA_d_2025-07-21
C7,PSAB,2025-07-22T11:45:30Z,2025-07-22T11:45:40Z,2025-07-22T11:45:00Z,2025-07-22T11:50:00Z,0.05544057668683906,680485698924.9564,27.4735,8661609475623.228,PPMA_d_2025-07-21
C7,PSAB,2025-07-22T11:46:00Z,2025-07-22T11:46:10Z,2025-07-22T11:45:00Z,2025-07-22T11:50:00Z,0.05288794539170522,386116350550.6077,27.4735,8661609475623.228,PPMA_d_2025-07-21
C7,PSAB,2025-07-22T11:46:10Z,2025-07-22T11:46:20Z,2025-07-22T11:45:00Z,2025-07-22T11:50:00Z,0.04853913986299273,580462791384.2228,27.4735,8661609475623.228,PPMA_d_2025-07-21
C7,PSAB,2025-07-22T11:46:20Z,2025-07-22T11:46:30Z,2025-07-22T11:45:00Z,2025-07-22T11:50:00Z,0.050052981442351464,328488932103.1127,27.4735,8661609475623.228,PPMA_d_2025-07-21
C7,PSAB,2025-07-22T11:46:30Z,2025-07-22T11:46:40Z,2025-07-22T11:45:00Z,2025-07-22T11:50:00Z,0.09611862912725427,370984072298.2119,27.4735,8661609475623.228,PPMA_d_2025-07-21
C7,PSAB,2025-07-22T11:46:40Z,2025-07-22T11:46:50Z,2025-07-22T11:45:00Z,2025-07-22T11:50:00Z,0.039433108649510544,575009906454.4622,27.4735,8661609475623.228,PPMA_d_2025-07-21
C7,PSAB,2025-07-22T11:46:50Z,2025-07-22T11:47:00Z,2025-07-22T11:45:00Z,2025-07-22T11:50:00Z,0.04344130390553534,530865035374.75574,27.4735,8661609475623.228,PPMA_d_2025-07-21
C7,PSAB,2025-07-22T11:47:10Z,2025-07-22T11:47:20Z,2025-07-22T11:45:00Z,2025-07-22T11:50:00Z,0.012731393472853365,598264752979.2428,27.4735,8661609475623.228,PPMA_d_2025-07-21
C7,PSAB,2025-07-22T11:47:20Z,2025-07-22T11:47:30Z,2025-07-22T11:45:00Z,2025-07-22T11:50:00Z,0.21009370259978266,980676118845.4547,27.4735,8661609475623.228,PPMA_d_2025-07-21
C7,PSAB,2025-07-22T11:47:30Z,2025-07-22T11:47:40Z,2025-07-22T11:45:00Z,2025-07-22T11:50:00Z,0.40136004316130636,983936374296.0818,27.4735,8661609475623.228,PPMA_d_2025-07-21
C7,PSAB,2025-07-22T11:47:40Z,2025-07-22T11:47:50Z,2025-07-22T11:45:00Z,2025-07-22T11:50:00Z,0.18882931690296348,547632606943.3853,27.4735,8661609475623.228,PPMA_d_2025-07-21
C7,PSAB,2025-07-22T11:47:50Z,2025-07-22T11:48:00Z,2025-07-22T11:45:00Z,2025-07-22T11:50:00Z,0.046821188743330855,624399058245.3335,27.4735,8661609475623.228,PPMA_d_2025-07-21
C7,PSAB,2025-07-22T11:48:00Z,2025-07-22T11:48:10Z,2025-07-22T11:45:00Z,2025-07-22T11:50:00Z,0.08237302973416956,361353034467.88446,27.4735,8661609475623.228,PPMA_d_2025-07-21
C7,PSAB,2025-07-22T11:48:10Z,2025-07-22T11:48:20Z,2025-07-22T11:45:00Z,2025-07-22T11:50:00Z,0.07617117105009788,418885940442.8254,27.4735,8661609475623.228,PPMA_d_2025-07-21
C7,PSAB,2025-07-22T11:48:20Z,2025-07-22T11:48:30Z,2025-07-22T11:45:00Z,2025-07-22T11:50:00Z,0.02360753178799283,560320465484.971,27.4735,8661609475623.228,PPMA_d_2025-07-21
C7,PSAB,2025-07-22T11:48:30Z,2025-07-22T11:48:40Z,2025-07-22T11:45:00Z,2025-07-22T11:50:00Z,0.23942934742123317,501158734756.9643,27.4735,8661609475623.228,PPMA_d_2025-07-21
C7,PSAB,2025-07-22T11:48:40Z,2025-07-22T11:48:50Z,2025-07-22T11:45:00Z,2025-07-22T11:50:00Z,0.18910960882821204,524775792414.1217,27.4735,8661609475623.228,PPMA_d_2025-07-21
C7,PSAB,2025-07-22T11:48:50Z,2025-07-22T11:49:00Z,2025-07-22T11:45:00Z,2025-07-22T11:50:00Z,0.05930589124164263,485702653885.64655,27.4735,8661609475623.228,PPMA_d_2025-07-21
C7,PSAB,2025-07-22T11:49:00Z,2025-07-22T11:49:10Z,2025-07-22T11:45:00Z,2025-07-22T11:50:00Z,0.03198459598014875,544675941170.26306,27.4735,8661609475623.228,PPMA_d_2025-07-21
C7,PSAB,2025-07-22T11:49:10Z,2025-07-22T11:49:20Z,2025-07-22T11:45:00Z,2025-07-22T11:50:00Z,0.1903783012166012,445054779751.6416,27.4735,8661609475623.228,PPMA_d_2025-07-21
C7,PSAB,2025-07-22T11:49:20Z,2025-07-22T11:49:30Z,2025-07-22T11:45:00Z,2025-07-22T11:50:00Z,0.3099379886920848,547299573526.164,27.4735,8661609475623.228,PPMA_d_2025-07-21
C7,PSAB,2025-07-22T11:49:40Z,2025-07-22T11:49:50Z,2025-07-22T11:45:00Z,2025-07-22T11:50:00Z,0.09895128708584228,656928168386.7224,27.4735,8661609475623.228,PPMA_d_2025-07-21
C7,PSAB,2025-07-22T11:49:50Z,2025-07-22T11:50:00Z,2025-07-22T11:45:00Z,2025-07-22T11:50:00Z,0.02780960888178472,591703937694.8462,27.4735,8661609475623.228,PPMA_d_2025-07-21
C7,PSAB,2025-07-22T11:50:00Z,2025-07-22T11:50:10Z,2025-07-22T11:50:00Z,2025-07-22T11:55:00Z,0.09140557834961299,438257400040.8262,27.4735,8661609475623.228,PPMA_d_2025-07-21
C7,PSAB,2025-07-22T11:50:10Z,2025-07-22T11:50:20Z,2025-07-22T11:50:00Z,2025-07-22T11:55:00Z,0.1133524971476883,404239147780.62244,27.4735,8661609475623.228,PPMA_d_2025-07-21
C7,PSAB,2025-07-22T11:50:20Z,2025-07-22T11:50:30Z,2025-07-22T11:50:00Z,2025-07-22T11:55:00Z,0.05544057668683906,680485698924.9564,27.4735,8661609475623.228,PPMA_d_2025-07-21
C7,PSAB,2025-07-22T11:50:30Z,2025-07-22T11:50:40Z,2025-07-22T11:50:00Z,2025-07-22T11:55:00Z,0.05288794539170522,386116350550.6077,27.4735,8661609475623.228,PPMA_d_2025-07-21
C7,PSAB,2025-07-22T11:50:40Z,2025-07-22T11:50:50Z,2025-07-22T11:50:00Z,2025-07-22T11:55:00Z,0.04853913986299273,580462791384.2228,27.4735,8661609475623.228,PPMA_d_2025-07-21
C7,PSAB,2025-07-22T11:50:50Z,2025-07-22T11:51:00Z,2025-07-22T11:50:00Z,2025-07-22T11:55:00Z,0.050052981442351464,328488932103.1127,27.4735,8661609475623.228,PPMA_d_2025-07-21
C7,PSAB,2025-07-22T11:51:00Z,2025-07-22T11:51:10Z,2025-07-22T11:50:00Z,2025-07-22T11:55:00Z,0.09611862912725427,370984072298.2119,27.4735,8661609475623.228,PPMA_d_2025-07-21
C7,PSAB,2025-07-22T11:51:10Z,2025-07-22T11:51:20Z,2025-07-22T11:50:00Z,2025-07-22T11:55:00Z,0.039433108649510544,575009906454.4622,27.4735,8661609475623.228,PPMA_d_2025-07-21
C7,PSAB,2025-07-22T11:51:20Z,2025-07-22T11:51:30Z,2025-07-22T11:50:00Z,2025-07-22T11:55:00Z,0.04344130390553534,530865035374.75574,27.4735,8661609475623.228,PPMA_d_2025-07-21
C7,PSAB,2025-07-22T11:51:40Z,2025-07-22T11:51:50Z,2025-07-22T11:50:00Z,2025-07-22T11:55:00Z,0.012731393472853365,598264752979.2428,27.4735,8661609475623.228,PPMA_d_2025-07-21
C7,PSAB,2025-07-22T11:51:50Z,2025-07-22T11:52:00Z,2025-07-22T11:50:00Z,2025-07-22T11:55:00Z,0.21009370259978266,980676118845.4547,27.4735,8661609475623.228,PPMA_d_2025-07-21
C7,PSAB,2025-07-22T11:52:00Z,2025-07-22T11:52:10Z,2025-07-22T11:50:00Z,2025-07-22T11:55:00Z,0.40136004316130636,983936374296.0818,27.4735,8661609475623.228,PPMA_d_2025-07-21
C7,PSAB,2025-07-22T11:52:10Z,2025-07-22T11:52:20Z,2025-07-22T11:50:00Z,2025-07-22T11:55:00Z,0.18882931690296348,547632606943.3853,27.4735,8661609475623.228,PPMA_d_2025-07-21
C7,PSAB,2025-07-22T11:52:20Z,2025-07-22T11:52:30Z,2025-07-22T11:50:00Z,2025-07-22T11:55:00Z,0.046821188743330855,624399058245.3335,27.4735,8661609475623.228,PPMA_d_2025-07-21
C7,PSAB,2025-07-22T11:52:30Z,2025-07-22T11:52:40Z,2025-07-22T11:50:00Z,2025-07-22T11:55:00Z,0.08237302973416956,361353034467.88446,27.4735,8661609475623.228,PPMA_d_2025-07-21
C7,PSAB,2025-07-22T11:52:40Z,2025-07-22T11:52:50Z,2025-07-22T11:50:00Z,2025-07-22T11:55:00Z,0.07617117105009788,418885940442.8254,27.4735,8661609475623.228,PPMA_d_2025-07-21
C7,PSAB,2025-07-22T11:52:50Z,2025-07-22T11:53:00Z,2025-07-22T11:50:00Z,2025-07-22T11:55:00Z,0.02360753178799283,560320465484.971,27.4735,8661609475623.228,PPMA_d_2025-07-21
C7,PSAB,2025-07-22T11:53:00Z,2025-07-22T11:53:10Z,2025-07-22T11:50:00Z,2025-07-22T11:55:00Z,0.23942934742123317,501158734756.9643,27.4735,8661609475623.228,PPMA_d_2025-07-21
C7,PSAB,2025-07-22T11:53:10Z,2025-07-22T11:53:20Z,2025-07-22T11:50:00Z,2025-07-22T11:55:00Z,0.18910960882821204,524775792414.1217,27.4735,8661609475623.228,PPMA_d_2025-07-21
C7,PSAB,2025-07-22T11:53:20Z,2025-07-22T11:53:30Z,2025-07-22T11:50:00Z,2025-07-22T11:55:00Z,0.05930589124164263,485702653885.64655,27.4735,8661609475623.228,PPMA_d_2025-07-21
C7,PSAB,2025-07-22T11:53:30Z,2025-07-22T11:53:40Z,2025-07-22T11:50:00Z,2025-07-22T11:55:00Z,0.03198459598014875,544675941170.26306,27.4735,8661609475623.228,PPMA_d_2025-07-21
C7,PSAB,2025-07-22T11:53:40Z,2025-07-22T11:53:50Z,2025-07-22T11:50:00Z,2025-07-22T11:55:00Z,0.1903783012166012,445054779751.6416,27.4735,8661609475623.228,PPMA_d_2025-07-21
C7,PSAB,2025-07-22T11:53:50Z,2025-07-22T11:54:00Z,2025-07-22T11:50:00Z,2025-07-22T11:55:00Z,0.3099379886920848,547299573526.164,27.4735,8661609475623.228,PPMA_d_2025-07-21
C7,PSAB,2025-07-22T11:54:00Z,2025-07-22T11:54:10Z,2025-07-22T11:50:00Z,2025-07-22T11:55:00Z,0.09895128708584228,656928168386.7224,27.4735,8661609475623.228,PPMA_d_2025-07-21
C7,PSAB,2025-07-22T11:54:10Z,2025-07-22T11:54:20Z,2025-07-22T11:50:00Z,2025-07-22T11:55:00Z,0.02780960888178472,591703937694.8462,27.4735,8661609475623.228,PPMA_d_2025-07-21
C7,PSAB,2025-07-22T11:54:20Z,2025-07-22T11:54:30Z,2025-07-22T11:50:00Z,2025-07-22T11:55:00Z,0.050943778979277425,313002518270.32477,27.4735,8661609475623.228,PPMA_d_2025-07-21
C7,PSAB,2025-07-22T11:54:30Z,2025-07-22T11:54:40Z,2025-07-22T11:50:00Z,2025-07-22T11:55:00Z,0.09256444576691701,704218030468.0126,27.4735,8661609475623.228,PPMA_d_2025-07-21
C7,PSAB,2025-07-22T11:54:40Z,2025-07-22T11:54:50Z,2025-07-22T11:50:00Z,2025-07-22T11:55:00Z,0.018283459061357376,1481236647253.2056,27.4735,8661609475623.228,PPMA_d_2025-07-21
C7,PSAB,2025-07-22T11:54:50Z,2025-07-22T11:55:00Z,2025-07-22T11:50:00Z,2025-07-22T11:55:00Z,0.094708515254373,530056859611.004,27.4735,8661609475623.228,PPMA_d_2025-07-21
C7,PSAB,2025-07-22T11:55:00Z,2025-07-22T11:55:10Z,2025-07-22T11:55:00Z,2025-07-22T12:00:00Z,0.09140557834961299,438257400040.8262,27.4735,8661609475623.228,PPMA_d_2025-07-21
C7,PSAB,2025-07-22T11:55:10Z,2025-07-22T11:55:20Z,2025-07-22T11:55:00Z,2025-07-22T12:00:00Z,0.1133524971476883,404239147780.62244,27.4735,8661609475623.228,PPMA_d_2025-07-21
C7,PSAB,2025-07-22T11:55:20Z,2025-07-22T11:55:30Z,2025-07-22T11:55:00Z,2025-07-22T12:00:00Z,0.05544057668683906,680485698924.9564,27.4735,8661609475623.228,PPMA_d_2025-07-21
C7,PSAB,2025-07-22T11:55:30Z,2025-07-22T11:55:40Z,2025-07-22T11:55:00Z,2025-07-22T12:00:00Z,0.05288794539170522,386116350550.6077,27.4735,8661609475623.228,PPMA_d_2025-07-21
C7,PSAB,2025-07-22T11:55:40Z,2025-07-22T11:55:50Z,2025-07-22T11:55:00Z,2025-07-22T12:00:00Z,0.04853913986299273,580462791384.2228,27.4735,8661609475623.228,PPMA_d_2025-07-21
C7,PSAB,2025-07-22T11:55:50Z,2025-07-22T11:56:00Z,2025-07-22T11:55:00Z,2025-07-22T12:00:00Z,0.050052981442351464,328488932103.1127,27.4735,8661609475623.228,PPMA_d_2025-07-21
C7,PSAB,2025-07-22T11:56:00Z,2025-07-22T11:56:10Z,2025-07-22T11:55:00Z,2025-07-22T12:00:00Z,0.09611862912725427,370984072298.2119,27.4735,8661609475623.228,PPMA_d_2025-07-21
C7,PSAB,2025-07-22T11:56:10Z,2025-07-22T11:56:20Z,2025-07-22T11:55:00Z,2025-07-22T12:00:00Z,0.039433108649510544,575009906454.4622,27.4735,8661609475623.228,PPMA_d_2025-07-21
C7,PSAB,2025-07-22T11:56:20Z,2025-07-22T11:56:30Z,2025-07-22T11:55:00Z,2025-07-22T12:00:00Z,0.04344130390553534,530865035374.75574,27.4735,8661609475623.228,PPMA_d_2025-07-21
C7,PSAB,2025-07-22T11:56:30Z,2025-07-22T11:56:40Z,2025-07-22T11:55:00Z,2025-07-22T12:00:00Z,0.012731393472853365,598264752979.2428,27.4735,8661609475623.228,PPMA_d_2025-07-21
C7,PSAB,2025-07-22T11:56:40Z,2025-07-22T11:56:50Z,2025-07-22T11:55:00Z,2025-07-22T12:00:00Z,0.21009370259978266,980676118845.4547,27.4735,8661609475623.228,PPMA_d_2025-07-21
C7,PSAB,2025-07-22T11:56:50Z,2025-07-22T11:57:00Z,2025-07-22T11:55:00Z,2025-07-22T12:00:00Z,0.40136004316130636,983936374296.0818,27.4735,8661609475623.228,PPMA_d_2025-07-21
C7,PSAB,2025-07-22T11:57:20Z,2025-07-22T11:57:30Z,2025-07-22T11:55:00Z,2025-07-22T12:00:00Z,0.18882931690296348,547632606943.3853,27.4735,8661609475623.228,PPMA_d_2025-07-21
C7,PSAB,2025-07-22T11:57:30Z,2025-07-22T11:57:40Z,2025-07-22T11:55:00Z,2025-07-22T12:00:00Z,0.046821188743330855,624399058245.3335,27.4735,8661609475623.228,PPMA_d_2025-07-21
C7,PSAB,2025-07-22T11:57:40Z,2025-07-22T11:57:50Z,2025-07-22T11:55:00Z,2025-07-22T12:00:00Z,0.08237302973416956,361353034467.88446,27.4735,8661609475623.228,PPMA_d_2025-07-21
C7,PSAB,2025-07-22T11:57:50Z,2025-07-22T11:58:00Z,2025-07-22T11:55:00Z,2025-07-22T12:00:00Z,0.07617117105009788,418885940442.8254,27.4735,8661609475623.228,PPMA_d_2025-07-21
C7,PSAB,2025-07-22T11:58:00Z,2025-07-22T11:58:10Z,2025-07-22T11:55:00Z,2025-07-22T12:00:00Z,0.02360753178799283,560320465484.971,27.4735,8661609475623.228,PPMA_d_2025-07-21
C7,PSAB,2025-07-22T11:58:10Z,2025-07-22T11:58:20Z,2025-07-22T11:55:00Z,2025-07-22T12:00:00Z,0.23942934742123317,501158734756.9643,27.4735,8661609475623.228,PPMA_d_2025-07-21
C7,PSAB,2025-07-22T11:58:20Z,2025-07-22T11:58:30Z,2025-07-22T11:55:00Z,2025-07-22T12:00:00Z,0.18910960882821204,524775792414.1217,27.4735,8661609475623.228,PPMA_d_2025-07-21
C7,PSAB,2025-07-22T11:58:30Z,2025-07-22T11:58:40Z,2025-07-22T11:55:00Z,2025-07-22T12:00:00Z,0.05930589124164263,485702653885.64655,27.4735,8661609475623.228,PPMA_d_2025-07-21
C7,PSAB,2025-07-22T11:58:40Z,2025-07-22T11:58:50Z,2025-07-22T11:55:00Z,2025-07-22T12:00:00Z,0.03198459598014875,544675941170.26306,27.4735,8661609475623.228,PPMA_d_2025-07-21
C7,PSAB,2025-07-22T11:58:50Z,2025-07-22T11:59:00Z,2025-07-22T11:55:00Z,2025-07-22T12:00:00Z,0.1903783012166012,445054779751.6416,27.4735,8661609475623.228,PPMA_d_2025-07-21
C7,PSAB,2025-07-22T11:59:00Z,2025-07-22T11:59:10Z,2025-07-22T11:55:00Z,2025-07-22T12:00:00Z,0.3099379886920848,547299573526.164,27.4735,8661609475623.228,PPMA_d_2025-07-21
C7,PSAB,2025-07-22T11:59:10Z,2025-07-22T11:59:20Z,2025-07-22T11:55:00Z,2025-07-22T12:00:00Z,0.09895128708584228,656928168386.7224,27.4735,8661609475623.228,PPMA_d_2025-07-21
C7,PSAB,2025-07-22T11:59:20Z,2025-07-22T11:59:30Z,2025-07-22T11:55:00Z,2025-07-22T12:00:00Z,0.02780960888178472,591703937694.8462,27.4735,8661609475623.228,PPMA_d_2025-07-21
C7,PSAB,2025-07-22T11:59:30Z,2025-07-22T11:59:40Z,2025-07-22T11:55:00Z,2025-07-22T12:00:00Z,0.050943778979277425,313002518270.32477,27.4735,8661609475623.228,PPMA_d_2025-07-21
C7,PSAB,2025-07-22T11:59:40Z,2025-07-22T11:59:50Z,2025-07-22T11:55:00Z,2025-07-22T12:00:00Z,0.09256444576691701,704218030468.0126,27.4735,8661609475623.228,PPMA_d_2025-07-21
C7,PSAB,2025-07-22T11:59:50Z,2025-07-22T12:00:00Z,2025-07-22T11:55:00Z,2025-07-22T12:00:00Z,0.018283459061357376,1481236647253.2056,27.4735,8661609475623.228,PPMA_d_2025-07-21
C7,PSAB,2025-07-22T12:00:00Z,2025-07-22T12:00:10Z,2025-07-22T12:00:00Z,2025-07-22T12:05:00Z,0.09140557834961299,438257400040.8262,27.4735,8661609475623.228,PPMA_d_2025-07-21
C7,PSAB,2025-07-22T12:00:10Z,2025-07-22T12:00:20Z,2025-07-22T12:00:00Z,2025-07-22T12:05:00Z,0.1133524971476883,404239147780.62244,27.4735,8661609475623.228,PPMA_d_2025-07-21
C7,PSAB,2025-07-22T12:00:20Z,2025-07-22T12:00:30Z,2025-07-22T12:00:00Z,2025-07-22T12:05:00Z,0.05544057668683906,680485698924.9564,27.4735,8661609475623.228,PPMA_d_2025-07-21
C7,PSAB,2025-07-22T12:00:30Z,2025-07-22T12:00:40Z,2025-07-22T12:00:00Z,2025-07-22T12:05:00Z,0.05288794539170522,386116350550.6077,27.4735,8661609475623.228,PPMA_d_2025-07-21
C7,PSAB,2025-07-22T12:00:40Z,2025-07-22T12:00:50Z,2025-07-22T12:00:00Z,2025-07-22T12:05:00Z,0.04853913986299273,580462791384.2228,27.4735,8661609475623.228,PPMA_d_2025-07-21
C7,PSAB,2025-07-22T12:00:50Z,2025-07-22T12:01:00Z,2025-07-22T12:00:00Z,2025-07-22T12:05:00Z,0.050052981442351464,328488932103.1127,27.4735,8661609475623.228,PPMA_d_2025-07-21
C7,PSAB,2025-07-22T12:01:00Z,2025-07-22T12:01:10Z,2025-07-22T12:00:00Z,2025-07-22T12:05:00Z,0.09611862912725427,370984072298.2119,27.4735,8661609475623.228,PPMA_d_2025-07-21
C7,PSAB,2025-07-22T12:01:10Z,2025-07-22T12:01:20Z,2025-07-22T12:00:00Z,2025-07-22T12:05:00Z,0.039433108649510544,575009906454.4622,27.4735,8661609475623.228,PPMA_d_2025-07-21
C7,PSAB,2025-07-22T12:01:20Z,2025-07-22T12:01:30Z,2025-07-22T12:00:00Z,2025-07-22T12:05:00Z,0.04344130390553534,530865035374.75574,27.4735,8661609475623.228,PPMA_d_2025-07-21
C7,PSAB,2025-07-22T12:01:30Z,2025-07-22T12:01:40Z,2025-07-22T12:00:00Z,2025-07-22T12:05:00Z,0.012731393472853365,598264752979.2428,27.4735,8661609475623.228,PPMA_d_2025-07-21
C7,PSAB,2025-07-22T12:01:40Z,2025-07-22T12:01:50Z,2025-07-22T12:00:00Z,2025-07-22T12:05:00Z,0.21009370259978266,980676118845.4547,27.4735,8661609475623.228,PPMA_d_2025-07-21
C7,PSAB,2025-07-22T12:01:50Z,2025-07-22T12:02:00Z,2025-07-22T12:00:00Z,2025-07-22T12:05:00Z,0.40136004316130636,983936374296.0818,27.4735,8661609475623.228,PPMA_d_2025-07-21
C7,PSAB,2025-07-22T12:02:00Z,2025-07-22T12:02:10Z,2025-07-22T12:00:00Z,2025-07-22T12:05:00Z,0.18882931690296348,547632606943.3853,27.4735,8661609475623.228,PPMA_d_2025-07-21
C7,PSAB,2025-07-22T12:02:10Z,2025-07-22T12:02:20Z,2025-07-22T12:00:00Z,2025-07-22T12:05:00Z,0.046821188743330855,624399058245.3335,27.4735,8661609475623.228,PPMA_d_2025-07-21
C7,PSAB,2025-07-22T12:02:20Z,2025-07-22T12:02:30Z,2025-07-22T12:00:00Z,2025-07-22T12:05:00Z,0.08237302973416956,361353034467.88446,27.4735,8661609475623.228,PPMA_d_2025-07-21
C7,PSAB,2025-07-22T12:02:30Z,2025-07-22T12:02:40Z,2025-07-22T12:00:00Z,2025-07-22T12:05:00Z,0.07617117105009788,418885940442.8254,27.4735,8661609475623.228,PPMA_d_2025-07-21
C7,PSAB,2025-07-22T12:02:40Z,2025-07-22T12:02:50Z,2025-07-22T12:00:00Z,2025-07-22T12:05:00Z,0.02360753178799283,560320465484.971,27.4735,8661609475623.228,PPMA_d_2025-07-21
C7,PSAB,2025-07-22T12:02:50Z,2025-07-22T12:03:00Z,2025-07-22T12:00:00Z,2025-07-22T12:05:00Z,0.23942934742123317,501158734756.9643,27.4735,8661609475623.228,PPMA_d_2025-07-21
C7,PSAB,2025-07-22T12:03:00Z,2025-07-22T12:03:10Z,2025-07-22T12:00:00Z,2025-07-22T12:05:00Z,0.18910960882821204,524775792414.1217,27.4735,8661609475623.228,PPMA_d_2025-07-21
C7,PSAB,2025-07-22T12:03:10Z,2025-07-22T12:03:20Z,2025-07-22T12:00:00Z,2025-07-22T12:05:00Z,0.05930589124164263,485702653885.64655,27.4735,8661609475623.228,PPMA_d_2025-07-21
C7,PSAB,2025-07-22T12:03:20Z,2025-07-22T12:03:30Z,2025-07-22T12:00:00Z,2025-07-22T12:05:00Z,0.03198459598014875,544675941170.26306,27.4735,8661609475623.228,PPMA_d_2025-07-21
C7,PSAB,2025-07-22T12:03:30Z,2025-07-22T12:03:40Z,2025-07-22T12:00:00Z,2025-07-22T12:05:00Z,0.1903783012166012,445054779751.6416,27.4735,8661609475623.228,PPMA_d_2025-07-21
C7,PSAB,2025-07-22T12:03:40Z,2025-07-22T12:03:50Z,2025-07-22T12:00:00Z,2025-07-22T12:05:00Z,0.3099379886920848,547299573526.164,27.4735,8661609475623.228,PPMA_d_2025-07-21
C7,PSAB,2025-07-22T12:03:50Z,2025-07-22T12:04:00Z,2025-07-22T12:00:00Z,2025-07-22T12:05:00Z,0.09895128708584228,656928168386.7224,27.4735,8661609475623.228,PPMA_d_2025-07-21
C7,PSAB,2025-07-22T12:04:00Z,2025-07-22T12:04:10Z,2025-07-22T12:00:00Z,2025-07-22T12:05:00Z,0.02780960888178472,591703937694.8462,27.4735,8661609475623.228,PPMA_d_2025-07-21
C7,PSAB,2025-07-22T12:04:10Z,2025-07-22T12:04:20Z,2025-07-22T12:00:00Z,2025-07-22T12:05:00Z,0.050943778979277425,313002518270.32477,27.4735,8661609475623.228,PPMA_d_2025-07-21
C7,PSAB,2025-07-22T12:04:20Z,2025-07-22T12:04:30Z,2025-07-22T12:00:00Z,2025-07-22T12:05:00Z,0.09256444576691701,704218030468.0126,27.4735,8661609475623.228,PPMA_d_2025-07-21
C7,PSAB,2025-07-22T12:04:30Z,2025-07-22T12:04:40Z,2025-07-22T12:00:00Z,2025-07-22T12:05:00Z,0.018283459061357376,1481236647253.2056,27.4735,8661609475623.228,PPMA_d_2025-07-21
C7,PSAB,2025-07-22T12:04:40Z,2025-07-22T12:04:50Z,2025-07-22T12:00:00Z,2025-07-22T12:05:00Z,0.094708515254373,530056859611.004,27.4735,8661609475623.228,PPMA_d_2025-07-21
C7,PSAB,2025-07-22T12:04:50Z,2025-07-22T12:05:00Z,2025-07-22T12:00:00Z,2025-07-22T12:05:00Z,0.13296701787074877,340097973265.6981,27.4735,8661609475623.228,PPMA_d_2025-07-21
C7,PSAB,2025-07-22T12:05:00Z,2025-07-22T12:05:10Z,2025-07-22T12:05:00Z,2025-07-22T12:10:00Z,0.09140557834961299,438257400040.8262,27.4735,8661609475623.228,PPMA_d_2025-07-21
C7,PSAB,2025-07-22T12:05:10Z,2025-07-22T12:05:20Z,2025-07-22T12:05:00Z,2025-07-22T12:10:00Z,0.1133524971476883,404239147780.62244,27.4735,8661609475623.228,PPMA_d_2025-07-21
C7,PSAB,2025-07-22T12:05:20Z,2025-07-22T12:05:30Z,2025-07-22T12:05:00Z,2025-07-22T12:10:00Z,0.05544057668683906,680485698924.9564,27.4735,8661609475623.228,PPMA_d_2025-07-21
C7,PSAB,2025-07-22T12:05:30Z,2025-07-22T12:05:40Z,2025-07-22T12:05:00Z,2025-07-22T12:10:00Z,0.05288794539170522,386116350550.6077,27.4735,8661609475623.228,PPMA_d_2025-07-21
C7,PSAB,2025-07-22T12:05:40Z,2025-07-22T12:05:50Z,2025-07-22T12:05:00Z,2025-07-22T12:10:00Z,0.04853913986299273,580462791384.2228,27.4735,8661609475623.228,PPMA_d_2025-07-21
C7,PSAB,2025-07-22T12:05:50Z,2025-07-22T12:06:00Z,2025-07-22T12:05:00Z,2025-07-22T12:10:00Z,0.050052981442351464,328488932103.1127,27.4735,8661609475623.228,PPMA_d_2025-07-21
C7,PSAB,2025-07-22T12:06:00Z,2025-07-22T12:06:10Z,2025-07-22T12:05:00Z,2025-07-22T12:10:00Z,0.09611862912725427,370984072298.2119,27.4735,8661609475623.228,PPMA_d_2025-07-21
C7,PSAB,2025-07-22T12:06:10Z,2025-07-22T12:06:20Z,2025-07-22T12:05:00Z,2025-07-22T12:10:00Z,0.039433108649510544,575009906454.4622,27.4735,8661609475623.228,PPMA_d_2025-07-21
C7,PSAB,2025-07-22T12:06:20Z,2025-07-22T12:06:30Z,2025-07-22T12:05:00Z,2025-07-22T12:10:00Z,0.04344130390553534,530865035374.75574,27.4735,8661609475623.228,PPMA_d_2025-07-21
C7,PSAB,2025-07-22T12:06:30Z,2025-07-22T12:06:40Z,2025-07-22T12:05:00Z,2025-07-22T12:10:00Z,0.012731393472853365,598264752979.2428,27.4735,8661609475623.228,PPMA_d_2025-07-21
C7,PSAB,2025-07-22T12:06:40Z,2025-07-22T12:06:50Z,2025-07-22T12:05:00Z,2025-07-22T12:10:00Z,0.21009370259978266,980676118845.4547,27.4735,8661609475623.228,PPMA_d_2025-07-21
C7,PSAB,2025-07-22T12:06:50Z,2025-07-22T12:07:00Z,2025-07-22T12:05:00Z,2025-07-22T12:10:00Z,0.40136004316130636,983936374296.0818,27.4735,8661609475623.228,PPMA_d_2025-07-21
C7,PSAB,2025-07-22T12:07:00Z,2025-07-22T12:07:10Z,2025-07-22T12:05:00Z,2025-07-22T12:10:00Z,0.18882931690296348,547632606943.3853,27.4735,8661609475623.228,PPMA_d_2025-07-21
C7,PSAB,2025-07-22T12:07:10Z,2025-07-22T12:07:20Z,2025-07-22T12:05:00Z,2025-07-22T12:10:00Z,0.046821188743330855,624399058245.3335,27.4735,8661609475623.228,PPMA_d_2025-07-21
C7,PSAB,2025-07-22T12:07:20Z,2025-07-22T12:07:30Z,2025-07-22T12:05:00Z,2025-07-22T12:10:00Z,0.08237302973416956,361353034467.88446,27.4735,8661609475623.228,PPMA_d_2025-07-21
C7,PSAB,2025-07-22T12:07:30Z,2025-07-22T12:07:40Z,2025-07-22T12:05:00Z,2025-07-22T12:10:00Z,0.07617117105009788,418885940442.8254,27.4735,8661609475623.228,PPMA_d_2025-07-21
C7,PSAB,2025-07-22T12:07:40Z,2025-07-22T12:07:50Z,2025-07-22T12:05:00Z,2025-07-22T12:10:00Z,0.02360753178799283,560320465484.971,27.4735,8661609475623.228,PPMA_d_2025-07-21
C7,PSAB,2025-07-22T12:07:50Z,2025-07-22T12:08:00Z,2025-07-22T12:05:00Z,2025-07-22T12:10:00Z,0.23942934742123317,501158734756.9643,27.4735,8661609475623.228,PPMA_d_2025-07-21
C7,PSAB,2025-07-22T12:08:00Z,2025-07-22T12:08:10Z,2025-07-22T12:05:00Z,2025-07-22T12:10:00Z,0.18910960882821204,524775792414.1217,27.4735,8661609475623.228,PPMA_d_2025-07-21
C7,PSAB,2025-07-22T12:08:10Z,2025-07-22T12:08:20Z,2025-07-22T12:05:00Z,2025-07-22T12:10:00Z,0.05930589124164263,485702653885.64655,27.4735,8661609475623.228,PPMA_d_2025-07-21
C7,PSAB,2025-07-22T12:08:20Z,2025-07-22T12:08:30Z,2025-07-22T12:05:00Z,2025-07-22T12:10:00Z,0.03198459598014875,544675941170.26306,27.4735,8661609475623.228,PPMA_d_2025-07-21
C7,PSAB,2025-07-22T12:08:30Z,2025-07-22T12:08:40Z,2025-07-22T12:05:00Z,2025-07-22T12:10:00Z,0.1903783012166012,445054779751.6416,27.4735,8661609475623.228,PPMA_d_2025-07-21
C7,PSAB,2025-07-22T12:08:40Z,2025-07-22T12:08:50Z,2025-07-22T12:05:00Z,2025-07-22T12:10:00Z,0.3099379886920848,547299573526.164,27.4735,8661609475623.228,PPMA_d_2025-07-21
C7,PSAB,2025-07-22T12:09:00Z,2025-07-22T12:09:10Z,2025-07-22T12:05:00Z,2025-07-22T12:10:00Z,0.09895128708584228,656928168386.7224,27.4735,8661609475623.228,PPMA_d_2025-07-21
C7,PSAB,2025-07-22T12:09:10Z,2025-07-22T12:09:20Z,2025-07-22T12:05:00Z,2025-07-22T12:10:00Z,0.02780960888178472,591703937694.8462,27.4735,8661609475623.228,PPMA_d_2025-07-21
C7,PSAB,2025-07-22T12:09:20Z,2025-07-22T12:09:30Z,2025-07-22T12:05:00Z,2025-07-22T12:10:00Z,0.050943778979277425,313002518270.32477,27.4735,8661609475623.228,PPMA_d_2025-07-21
C7,PSAB,2025-07-22T12:09:30Z,2025-07-22T12:09:40Z,2025-07-22T12:05:00Z,2025-07-22T12:10:00Z,0.09256444576691701,704218030468.0126,27.4735,8661609475623.228,PPMA_d_2025-07-21
C7,PSAB,2025-07-22T12:09:50Z,2025-07-22T12:10:00Z,2025-07-22T12:05:00Z,2025-07-22T12:10:00Z,0.018283459061357376,1481236647253.2056,27.4735,8661609475623.228,PPMA_d_2025-07-21
C7,PSAB,2025-07-22T12:10:00Z,2025-07-22T12:10:10Z,2025-07-22T12:10:00Z,2025-07-22T12:15:00Z,0.09140557834961299,438257400040.8262,27.4735,8661609475623.228,PPMA_d_2025-07-21
C7,PSAB,2025-07-22T12:10:10Z,2025-07-22T12:10:20Z,2025-07-22T12:10:00Z,2025-07-22T12:15:00Z,0.1133524971476883,404239147780.62244,27.4735,8661609475623.228,PPMA_d_2025-07-21
C7,PSAB,2025-07-22T12:10:20Z,2025-07-22T12:10:30Z,2025-07-22T12:10:00Z,2025-07-22T12:15:00Z,0.05544057668683906,680485698924.9564,27.4735,8661609475623.228,PPMA_d_2025-07-21
C7,PSAB,2025-07-22T12:10:30Z,2025-07-22T12:10:40Z,2025-07-22T12:10:00Z,2025-07-22T12:15:00Z,0.05288794539170522,386116350550.6077,27.4735,8661609475623.228,PPMA_d_2025-07-21
C7,PSAB,2025-07-22T12:10:40Z,2025-07-22T12:10:50Z,2025-07-22T12:10:00Z,2025-07-22T12:15:00Z,0.04853913986299273,580462791384.2228,27.4735,8661609475623.228,PPMA_d_2025-07-21
C7,PSAB,2025-07-22T12:10:50Z,2025-07-22T12:11:00Z,2025-07-22T12:10:00Z,2025-07-22T12:15:00Z,0.050052981442351464,328488932103.1127,27.4735,8661609475623.228,PPMA_d_2025-07-21
C7,PSAB,2025-07-22T12:11:00Z,2025-07-22T12:11:10Z,2025-07-22T12:10:00Z,2025-07-22T12:15:00Z,0.09611862912725427,370984072298.2119,27.4735,8661609475623.228,PPMA_d_2025-07-21
C7,PSAB,2025-07-22T12:11:20Z,2025-07-22T12:11:30Z,2025-07-22T12:10:00Z,2025-07-22T12:15:00Z,0.039433108649510544,575009906454.4622,27.4735,8661609475623.228,PPMA_d_2025-07-21
C7,PSAB,2025-07-22T12:11:40Z,2025-07-22T12:11:50Z,2025-07-22T12:10:00Z,2025-07-22T12:15:00Z,0.04344130390553534,530865035374.75574,27.4735,8661609475623.228,PPMA_d_2025-07-21
C7,PSAB,2025-07-22T12:11:50Z,2025-07-22T12:12:00Z,2025-07-22T12:10:00Z,2025-07-22T12:15:00Z,0.012731393472853365,598264752979.2428,27.4735,8661609475623.228,PPMA_d_2025-07-21
C7,PSAB,2025-07-22T12:12:00Z,2025-07-22T12:12:10Z,2025-07-22T12:10:00Z,2025-07-22T12:15:00Z,0.21009370259978266,980676118845.4547,27.4735,8661609475623.228,PPMA_d_2025-07-21
C7,PSAB,2025-07-22T12:12:10Z,2025-07-22T12:12:20Z,2025-07-22T12:10:00Z,2025-07-22T12:15:00Z,0.40136004316130636,983936374296.0818,27.4735,8661609475623.228,PPMA_d_2025-07-21
C7,PSAB,2025-07-22T12:12:20Z,2025-07-22T12:12:30Z,2025-07-22T12:10:00Z,2025-07-22T12:15:00Z,0.18882931690296348,547632606943.3853,27.4735,8661609475623.228,PPMA_d_2025-07-21
C7,PSAB,2025-07-22T12:12:30Z,2025-07-22T12:12:40Z,2025-07-22T12:10:00Z,2025-07-22T12:15:00Z,0.046821188743330855,624399058245.3335,27.4735,8661609475623.228,PPMA_d_2025-07-21
C7,PSAB,2025-07-22T12:12:40Z,2025-07-22T12:12:50Z,2025-07-22T12:10:00Z,2025-07-22T12:15:00Z,0.08237302973416956,361353034467.88446,27.4735,8661609475623.228,PPMA_d_2025-07-21
C7,PSAB,2025-07-22T12:12:50Z,2025-07-22T12:13:00Z,2025-07-22T12:10:00Z,2025-07-22T12:15:00Z,0.07617117105009788,418885940442.8254,27.4735,8661609475623.228,PPMA_d_2025-07-21
C7,PSAB,2025-07-22T12:13:00Z,2025-07-22T12:13:10Z,2025-07-22T12:10:00Z,2025-07-22T12:15:00Z,0.02360753178799283,560320465484.971,27.4735,8661609475623.228,PPMA_d_2025-07-21
C7,PSAB,2025-07-22T12:13:10Z,2025-07-22T12:13:20Z,2025-07-22T12:10:00Z,2025-07-22T12:15:00Z,0.23942934742123317,501158734756.9643,27.4735,8661609475623.228,PPMA_d_2025-07-21
C7,PSAB,2025-07-22T12:13:20Z,2025-07-22T12:13:30Z,2025-07-22T12:10:00Z,2025-07-22T12:15:00Z,0.18910960882821204,524775792414.1217,27.4735,8661609475623.228,PPMA_d_2025-07-21
C7,PSAB,2025-07-22T12:13:30Z,2025-07-22T12:13:40Z,2025-07-22T12:10:00Z,2025-07-22T12:15:00Z,0.05930589124164263,485702653885.64655,27.4735,8661609475623.228,PPMA_d_2025-07-21
C7,PSAB,2025-07-22T12:13:40Z,2025-07-22T12:13:50Z,2025-07-22T12:10:00Z,2025-07-22T12:15:00Z,0.03198459598014875,544675941170.26306,27.4735,8661609475623.228,PPMA_d_2025-07-21
C7,PSAB,2025-07-22T12:13:50Z,2025-07-22T12:14:00Z,2025-07-22T12:10:00Z,2025-07-22T12:15:00Z,0.1903783012166012,445054779751.6416,27.4735,8661609475623.228,PPMA_d_2025-07-21
C7,PSAB,2025-07-22T12:14:00Z,2025-07-22T12:14:10Z,2025-07-22T12:10:00Z,2025-07-22T12:15:00Z,0.3099379886920848,547299573526.164,27.4735,8661609475623.228,PPMA_d_2025-07-21
C7,PSAB,2025-07-22T12:14:10Z,2025-07-22T12:14:20Z,2025-07-22T12:10:00Z,2025-07-22T12:15:00Z,0.09895128708584228,656928168386.7224,27.4735,8661609475623.228,PPMA_d_2025-07-21
C7,PSAB,2025-07-22T12:14:20Z,2025-07-22T12:14:30Z,2025-07-22T12:10:00Z,2025-07-22T12:15:00Z,0.02780960888178472,591703937694.8462,27.4735,8661609475623.228,PPMA_d_2025-07-21
C7,PSAB,2025-07-22T12:14:30Z,2025-07-22T12:14:40Z,2025-07-22T12:10:00Z,2025-07-22T12:15:00Z,0.050943778979277425,313002518270.32477,27.4735,8661609475623.228,PPMA_d_2025-07-21
C7,PSAB,2025-07-22T12:14:40Z,2025-07-22T12:14:50Z,2025-07-22T12:10:00Z,2025-07-22T12:15:00Z,0.09256444576691701,704218030468.0126,27.4735,8661609475623.228,PPMA_d_2025-07-21
C7,PSAB,2025-07-22T12:14:50Z,2025-07-22T12:15:00Z,2025-07-22T12:10:00Z,2025-07-22T12:15:00Z,0.018283459061357376,1481236647253.2056,27.4735,8661609475623.228,PPMA_d_2025-07-21
C7,PSAB,2025-07-22T12:15:00Z,2025-07-22T12:15:10Z,2025-07-22T12:15:00Z,2025-07-22T12:20:00Z,0.09140557834961299,438257400040.8262,27.4735,8661609475623.228,PPMA_d_2025-07-21
C7,PSAB,2025-07-22T12:15:10Z,2025-07-22T12:15:20Z,2025-07-22T12:15:00Z,2025-07-22T12:20:00Z,0.1133524971476883,404239147780.62244,27.4735,8661609475623.228,PPMA_d_2025-07-21
C7,PSAB,2025-07-22T12:15:20Z,2025-07-22T12:15:30Z,2025-07-22T12:15:00Z,2025-07-22T12:20:00Z,0.05544057668683906,680485698924.9564,27.4735,8661609475623.228,PPMA_d_2025-07-21
C7,PSAB,2025-07-22T12:15:30Z,2025-07-22T12:15:40Z,2025-07-22T12:15:00Z,2025-07-22T12:20:00Z,0.05288794539170522,386116350550.6077,27.4735,8661609475623.228,PPMA_d_2025-07-21
C7,PSAB,2025-07-22T12:15:40Z,2025-07-22T12:15:50Z,2025-07-22T12:15:00Z,2025-07-22T12:20:00Z,0.04853913986299273,580462791384.2228,27.4735,8661609475623.228,PPMA_d_2025-07-21
C7,PSAB,2025-07-22T12:15:50Z,2025-07-22T12:16:00Z,2025-07-22T12:15:00Z,2025-07-22T12:20:00Z,0.050052981442351464,328488932103.1127,27.4735,8661609475623.228,PPMA_d_2025-07-21
C7,PSAB,2025-07-22T12:16:00Z,2025-07-22T12:16:10Z,2025-07-22T12:15:00Z,2025-07-22T12:20:00Z,0.09611862912725427,370984072298.2119,27.4735,8661609475623.228,PPMA_d_2025-07-21
C7,PSAB,2025-07-22T12:16:10Z,2025-07-22T12:16:20Z,2025-07-22T12:15:00Z,2025-07-22T12:20:00Z,0.039433108649510544,575009906454.4622,27.4735,8661609475623.228,PPMA_d_2025-07-21
C7,PSAB,2025-07-22T12:16:20Z,2025-07-22T12:16:30Z,2025-07-22T12:15:00Z,2025-07-22T12:20:00Z,0.04344130390553534,530865035374.75574,27.4735,8661609475623.228,PPMA_d_2025-07-21
C7,PSAB,2025-07-22T12:16:30Z,2025-07-22T12:16:40Z,2025-07-22T12:15:00Z,2025-07-22T12:20:00Z,0.012731393472853365,598264752979.2428,27.4735,8661609475623.228,PPMA_d_2025-07-21
C7,PSAB,2025-07-22T12:16:40Z,2025-07-22T12:16:50Z,2025-07-22T12:15:00Z,2025-07-22T12:20:00Z,0.21009370259978266,980676118845.4547,27.4735,8661609475623.228,PPMA_d_2025-07-21
C7,PSAB,2025-07-22T12:16:50Z,2025-07-22T12:17:00Z,2025-07-22T12:15:00Z,2025-07-22T12:20:00Z,0.40136004316130636,983936374296.0818,27.4735,8661609475623.228,PPMA_d_2025-07-21
C7,PSAB,2025-07-22T12:17:00Z,2025-07-22T12:17:10Z,2025-07-22T12:15:00Z,2025-07-22T12:20:00Z,0.18882931690296348,547632606943.3853,27.4735,8661609475623.228,PPMA_d_2025-07-21
C7,PSAB,2025-07-22T12:17:10Z,2025-07-22T12:17:20Z,2025-07-22T12:15:00Z,2025-07-22T12:20:00Z,0.046821188743330855,624399058245.3335,27.4735,8661609475623.228,PPMA_d_2025-07-21
C7,PSAB,2025-07-22T12:17:20Z,2025-07-22T12:17:30Z,2025-07-22T12:15:00Z,2025-07-22T12:20:00Z,0.08237302973416956,361353034467.88446,27.4735,8661609475623.228,PPMA_d_2025-07-21
C7,PSAB,2025-07-22T12:17:30Z,2025-07-22T12:17:40Z,2025-07-22T12:15:00Z,2025-07-22T12:20:00Z,0.07617117105009788,418885940442.8254,27.4735,8661609475623.228,PPMA_d_2025-07-21
C7,PSAB,2025-07-22T12:17:40Z,2025-07-22T12:17:50Z,2025-07-22T12:15:00Z,2025-07-22T12:20:00Z,0.02360753178799283,560320465484.971,27.4735,8661609475623.228,PPMA_d_2025-07-21
C7,PSAB,2025-07-22T12:17:50Z,2025-07-22T12:18:00Z,2025-07-22T12:15:00Z,2025-07-22T12:20:00Z,0.23942934742123317,501158734756.9643,27.4735,8661609475623.228,PPMA_d_2025-07-21
C7,PSAB,2025-07-22T12:18:00Z,2025-07-22T12:18:10Z,2025-07-22T12:15:00Z,2025-07-22T12:20:00Z,0.18910960882821204,524775792414.1217,27.4735,8661609475623.228,PPMA_d_2025-07-21
C7,PSAB,2025-07-22T12:18:30Z,2025-07-22T12:18:40Z,2025-07-22T12:15:00Z,2025-07-22T12:20:00Z,0.05930589124164263,485702653885.64655,27.4735,8661609475623.228,PPMA_d_2025-07-21
C7,PSAB,2025-07-22T12:18:40Z,2025-07-22T12:18:50Z,2025-07-22T12:15:00Z,2025-07-22T12:20:00Z,0.03198459598014875,544675941170.26306,27.4735,8661609475623.228,PPMA_d_2025-07-21
C7,PSAB,2025-07-22T12:18:50Z,2025-07-22T12:19:00Z,2025-07-22T12:15:00Z,2025-07-22T12:20:00Z,0.1903783012166012,445054779751.6416,27.4735,8661609475623.228,PPMA_d_2025-07-21
C7,PSAB,2025-07-22T12:19:00Z,2025-07-22T12:19:10Z,2025-07-22T12:15:00Z,2025-07-22T12:20:00Z,0.3099379886920848,547299573526.164,27.4735,8661609475623.228,PPMA_d_2025-07-21
C7,PSAB,2025-07-22T12:19:10Z,2025-07-22T12:19:20Z,2025-07-22T12:15:00Z,2025-07-22T12:20:00Z,0.09895128708584228,656928168386.7224,27.4735,8661609475623.228,PPMA_d_2025-07-21
C7,PSAB,2025-07-22T12:19:30Z,2025-07-22T12:19:40Z,2025-07-22T12:15:00Z,2025-07-22T12:20:00Z,0.02780960888178472,591703937694.8462,27.4735,8661609475623.228,PPMA_d_2025-07-21
C7,PSAB,2025-07-22T12:22:50Z,2025-07-22T12:23:00Z,2025-07-22T12:20:00Z,2025-07-22T12:25:00Z,0.09140557834961299,438257400040.8262,27.4735,8661609475623.228,PPMA_d_2025-07-21
C7,PSAB,2025-07-22T12:22:00Z,2025-07-22T12:22:10Z,2025-07-22T12:20:00Z,2025-07-22T12:25:00Z,0.1133524971476883,404239147780.62244,27.4735,8661609475623.228,PPMA_d_2025-07-21
C7,PSAB,2025-07-22T12:23:20Z,2025-07-22T12:23:30Z,2025-07-22T12:20:00Z,2025-07-22T12:25:00Z,0.05544057668683906,680485698924.9564,27.4735,8661609475623.228,PPMA_d_2025-07-21
C7,PSAB,2025-07-22T12:27:40Z,2025-07-22T12:27:50Z,2025-07-22T12:25:00Z,2025-07-22T12:30:00Z,0.09140557834961299,438257400040.8262,27.4735,8661609475623.228,PPMA_d_2025-07-21
C7,PSAB,2025-07-22T12:29:40Z,2025-07-22T12:29:50Z,2025-07-22T12:25:00Z,2025-07-22T12:30:00Z,0.1133524971476883,404239147780.62244,27.4735,8661609475623.228,PPMA_d_2025-07-21
C7,PSAB,2025-07-22T12:28:20Z,2025-07-22T12:28:30Z,2025-07-22T12:25:00Z,2025-07-22T12:30:00Z,0.05544057668683906,680485698924.9564,27.4735,8661609475623.228,PPMA_d_2025-07-21
C7,PSAB,2025-07-22T12:25:50Z,2025-07-22T12:26:00Z,2025-07-22T12:25:00Z,2025-07-22T12:30:00Z,0.05288794539170522,386116350550.6077,27.4735,8661609475623.228,PPMA_d_2025-07-21
C7,PSAB,2025-07-22T12:30:10Z,2025-07-22T12:30:20Z,2025-07-22T12:30:00Z,2025-07-22T12:35:00Z,0.09140557834961299,438257400040.8262,27.4735,8661609475623.228,PPMA_d_2025-07-21
C7,PSAB,2025-07-22T12:31:00Z,2025-07-22T12:31:10Z,2025-07-22T12:30:00Z,2025-07-22T12:35:00Z,0.1133524971476883,404239147780.62244,27.4735,8661609475623.228,PPMA_d_2025-07-21
C7,PSAB,2025-07-22T12:31:50Z,2025-07-22T12:32:00Z,2025-07-22T12:30:00Z,2025-07-22T12:35:00Z,0.05544057668683906,680485698924.9564,27.4735,8661609475623.228,PPMA_d_2025-07-21
C7,PSAB,2025-07-22T12:32:00Z,2025-07-22T12:32:10Z,2025-07-22T12:30:00Z,2025-07-22T12:35:00Z,0.05288794539170522,386116350550.6077,27.4735,8661609475623.228,PPMA_d_2025-07-21
C7,PSAB,2025-07-22T12:32:10Z,2025-07-22T12:32:20Z,2025-07-22T12:30:00Z,2025-07-22T12:35:00Z,0.04853913986299273,580462791384.2228,27.4735,8661609475623.228,PPMA_d_2025-07-21
C7,PSAB,2025-07-22T12:32:20Z,2025-07-22T12:32:30Z,2025-07-22T12:30:00Z,2025-07-22T12:35:00Z,0.050052981442351464,328488932103.1127,27.4735,8661609475623.228,PPMA_d_2025-07-21
C7,PSAB,2025-07-22T12:32:30Z,2025-07-22T12:32:40Z,2025-07-22T12:30:00Z,2025-07-22T12:35:00Z,0.09611862912725427,370984072298.2119,27.4735,8661609475623.228,PPMA_d_2025-07-21
C7,PSAB,2025-07-22T12:32:40Z,2025-07-22T12:32:50Z,2025-07-22T12:30:00Z,2025-07-22T12:35:00Z,0.039433108649510544,575009906454.4622,27.4735,8661609475623.228,PPMA_d_2025-07-21
C7,PSAB,2025-07-22T12:32:50Z,2025-07-22T12:33:00Z,2025-07-22T12:30:00Z,2025-07-22T12:35:00Z,0.04344130390553534,530865035374.75574,27.4735,8661609475623.228,PPMA_d_2025-07-21
C7,PSAB,2025-07-22T12:33:10Z,2025-07-22T12:33:20Z,2025-07-22T12:30:00Z,2025-07-22T12:35:00Z,0.012731393472853365,598264752979.2428,27.4735,8661609475623.228,PPMA_d_2025-07-21
C7,PSAB,2025-07-22T12:33:20Z,2025-07-22T12:33:30Z,2025-07-22T12:30:00Z,2025-07-22T12:35:00Z,0.21009370259978266,980676118845.4547,27.4735,8661609475623.228,PPMA_d_2025-07-21
C7,PSAB,2025-07-22T12:33:30Z,2025-07-22T12:33:40Z,2025-07-22T12:30:00Z,2025-07-22T12:35:00Z,0.40136004316130636,983936374296.0818,27.4735,8661609475623.228,PPMA_d_2025-07-21
C7,PSAB,2025-07-22T12:34:00Z,2025-07-22T12:34:10Z,2025-07-22T12:30:00Z,2025-07-22T12:35:00Z,0.18882931690296348,547632606943.3853,27.4735,8661609475623.228,PPMA_d_2025-07-21
C7,PSAB,2025-07-22T12:34:30Z,2025-07-22T12:34:40Z,2025-07-22T12:30:00Z,2025-07-22T12:35:00Z,0.046821188743330855,624399058245.3335,27.4735,8661609475623.228,PPMA_d_2025-07-21
C7,PSAB,2025-07-22T12:34:40Z,2025-07-22T12:34:50Z,2025-07-22T12:30:00Z,2025-07-22T12:35:00Z,0.08237302973416956,361353034467.88446,27.4735,8661609475623.228,PPMA_d_2025-07-21
C7,PSAB,2025-07-22T12:34:50Z,2025-07-22T12:35:00Z,2025-07-22T12:30:00Z,2025-07-22T12:35:00Z,0.07617117105009788,418885940442.8254,27.4735,8661609475623.228,PPMA_d_2025-07-21
C7,PSAB,2025-07-22T12:35:30Z,2025-07-22T12:35:40Z,2025-07-22T12:35:00Z,2025-07-22T12:40:00Z,0.09140557834961299,438257400040.8262,27.4735,8661609475623.228,PPMA_d_2025-07-21
C7,PSAB,2025-07-22T12:35:50Z,2025-07-22T12:36:00Z,2025-07-22T12:35:00Z,2025-07-22T12:40:00Z,0.1133524971476883,404239147780.62244,27.4735,8661609475623.228,PPMA_d_2025-07-21
C7,PSAB,2025-07-22T12:36:00Z,2025-07-22T12:36:10Z,2025-07-22T12:35:00Z,2025-07-22T12:40:00Z,0.05544057668683906,680485698924.9564,27.4735,8661609475623.228,PPMA_d_2025-07-21
C7,PSAB,2025-07-22T12:39:30Z,2025-07-22T12:39:40Z,2025-07-22T12:35:00Z,2025-07-22T12:40:00Z,0.05288794539170522,386116350550.6077,27.4735,8661609475623.228,PPMA_d_2025-07-21
C7,PSAB,2025-07-22T12:36:50Z,2025-07-22T12:37:00Z,2025-07-22T12:35:00Z,2025-07-22T12:40:00Z,0.04853913986299273,580462791384.2228,27.4735,8661609475623.228,PPMA_d_2025-07-21
C7,PSAB,2025-07-22T12:39:50Z,2025-07-22T12:40:00Z,2025-07-22T12:35:00Z,2025-07-22T12:40:00Z,0.050052981442351464,328488932103.1127,27.4735,8661609475623.228,PPMA_d_2025-07-21
C7,PSAB,2025-07-22T12:37:30Z,2025-07-22T12:37:40Z,2025-07-22T12:35:00Z,2025-07-22T12:40:00Z,0.09611862912725427,370984072298.2119,27.4735,8661609475623.228,PPMA_d_2025-07-21
C7,PSAB,2025-07-22T12:43:10Z,2025-07-22T12:43:20Z,2025-07-22T12:40:00Z,2025-07-22T12:45:00Z,0.5660607663086553,453009299253.7314,10.4534,2194203157232.6067,PSAB_d_2025-07-21
C7,PSAB,2025-07-22T12:43:20Z,2025-07-22T12:43:30Z,2025-07-22T12:40:00Z,2025-07-22T12:45:00Z,1.164259476353091,551001394422.1835,10.4534,2194203157232.6067,PSAB_d_2025-07-21
C7,PSAB,2025-07-22T12:43:30Z,2025-07-22T12:43:40Z,2025-07-22T12:40:00Z,2025-07-22T12:45:00Z,0.012238919384020722,662683280587.4926,10.4534,2194203157232.6067,PSAB_d_2025-07-21
C7,PSAB,2025-07-22T12:43:40Z,2025-07-22T12:43:50Z,2025-07-22T12:40:00Z,2025-07-22T12:45:00Z,0.08449857067284279,812744204509.4734,10.4534,2194203157232.6067,PSAB_d_2025-07-21
C7,PSAB,2025-07-22T12:43:50Z,2025-07-22T12:44:00Z,2025-07-22T12:40:00Z,2025-07-22T12:45:00Z,0.21680413991501535,508759667183.3646,10.4534,2194203157232.6067,PSAB_d_2025-07-21
C7,PSAB,2025-07-22T12:44:00Z,2025-07-22T12:44:10Z,2025-07-22T12:40:00Z,2025-07-22T12:45:00Z,0.013934220800989286,643096534000.6753,10.4534,2194203157232.6067,PSAB_d_2025-07-21
C7,PSAB,2025-07-22T12:44:10Z,2025-07-22T12:44:20Z,2025-07-22T12:40:00Z,2025-07-22T12:45:00Z,0.05397773239933556,522395888600.8714,10.4534,2194203157232.6067,PSAB_d_2025-07-21
C7,PSAB,2025-07-22T12:44:20Z,2025-07-22T12:44:30Z,2025-07-22T12:40:00Z,2025-07-22T12:45:00Z,0.08929006360425379,562980446769.5476,10.4534,2194203157232.6067,PSAB_d_2025-07-21
C7,PSAB,2025-07-22T12:44:30Z,2025-07-22T12:44:40Z,2025-07-22T12:40:00Z,2025-07-22T12:45:00Z,0.38356560634998993,437750785827.8252,10.4534,2194203157232.6067,PSAB_d_2025-07-21
C7,PSAB,2025-07-22T12:40:00Z,2025-07-22T12:40:10Z,2025-07-22T12:40:00Z,2025-07-22T12:45:00Z,0.09140557834961299,438257400040.8262,27.4735,8661609475623.228,PPMA_d_2025-07-21
C7,PSAB,2025-07-22T12:40:10Z,2025-07-22T12:40:20Z,2025-07-22T12:40:00Z,2025-07-22T12:45:00Z,0.1133524971476883,404239147780.62244,27.4735,8661609475623.228,PPMA_d_2025-07-21
C7,PSAB,2025-07-22T12:40:20Z,2025-07-22T12:40:30Z,2025-07-22T12:40:00Z,2025-07-22T12:45:00Z,0.05544057668683906,680485698924.9564,27.4735,8661609475623.228,PPMA_d_2025-07-21
C7,PSAB,2025-07-22T12:40:30Z,2025-07-22T12:40:40Z,2025-07-22T12:40:00Z,2025-07-22T12:45:00Z,0.05288794539170522,386116350550.6077,27.4735,8661609475623.228,PPMA_d_2025-07-21
C7,PSAB,2025-07-22T12:40:40Z,2025-07-22T12:40:50Z,2025-07-22T12:40:00Z,2025-07-22T12:45:00Z,0.04853913986299273,580462791384.2228,27.4735,8661609475623.228,PPMA_d_2025-07-21
C7,PSAB,2025-07-22T12:40:50Z,2025-07-22T12:41:00Z,2025-07-22T12:40:00Z,2025-07-22T12:45:00Z,0.050052981442351464,328488932103.1127,27.4735,8661609475623.228,PPMA_d_2025-07-21
C7,PSAB,2025-07-22T12:41:00Z,2025-07-22T12:41:10Z,2025-07-22T12:40:00Z,2025-07-22T12:45:00Z,0.09611862912725427,370984072298.2119,27.4735,8661609475623.228,PPMA_d_2025-07-21
C7,PSAB,2025-07-22T12:41:10Z,2025-07-22T12:41:20Z,2025-07-22T12:40:00Z,2025-07-22T12:45:00Z,0.039433108649510544,575009906454.4622,27.4735,8661609475623.228,PPMA_d_2025-07-21
C7,PSAB,2025-07-22T12:41:20Z,2025-07-22T12:41:30Z,2025-07-22T12:40:00Z,2025-07-22T12:45:00Z,0.04344130390553534,530865035374.75574,27.4735,8661609475623.228,PPMA_d_2025-07-21
C7,PSAB,2025-07-22T12:41:30Z,2025-07-22T12:41:40Z,2025-07-22T12:40:00Z,2025-07-22T12:45:00Z,0.012731393472853365,598264752979.2428,27.4735,8661609475623.228,PPMA_d_2025-07-21
C7,PSAB,2025-07-22T12:41:40Z,2025-07-22T12:41:50Z,2025-07-22T12:40:00Z,2025-07-22T12:45:00Z,0.21009370259978266,980676118845.4547,27.4735,8661609475623.228,PPMA_d_2025-07-21
C7,PSAB,2025-07-22T12:41:50Z,2025-07-22T12:42:00Z,2025-07-22T12:40:00Z,2025-07-22T12:45:00Z,0.40136004316130636,983936374296.0818,27.4735,8661609475623.228,PPMA_d_2025-07-21
C7,PSAB,2025-07-22T12:42:40Z,2025-07-22T12:42:50Z,2025-07-22T12:40:00Z,2025-07-22T12:45:00Z,0.18882931690296348,547632606943.3853,27.4735,8661609475623.228,PPMA_d_2025-07-21
C7,PSAB,2025-07-22T12:43:00Z,2025-07-22T12:43:10Z,2025-07-22T12:40:00Z,2025-07-22T12:45:00Z,0.046821188743330855,624399058245.3335,27.4735,8661609475623.228,PPMA_d_2025-07-21
C7,PSAB,2025-07-22T12:43:30Z,2025-07-22T12:43:40Z,2025-07-22T12:40:00Z,2025-07-22T12:45:00Z,0.08237302973416956,361353034467.88446,27.4735,8661609475623.228,PPMA_d_2025-07-21
C7,PSAB,2025-07-22T12:43:40Z,2025-07-22T12:43:50Z,2025-07-22T12:40:00Z,2025-07-22T12:45:00Z,0.07617117105009788,418885940442.8254,27.4735,8661609475623.228,PPMA_d_2025-07-21
C7,PSAB,2025-07-22T12:44:20Z,2025-07-22T12:44:30Z,2025-07-22T12:40:00Z,2025-07-22T12:45:00Z,0.02360753178799283,560320465484.971,27.4735,8661609475623.228,PPMA_d_2025-07-21
C7,PSAB,2025-07-22T12:44:40Z,2025-07-22T12:44:50Z,2025-07-22T12:40:00Z,2025-07-22T12:45:00Z,0.23942934742123317,501158734756.9643,27.4735,8661609475623.228,PPMA_d_2025-07-21
C7,PSAB,2025-07-22T12:44:50Z,2025-07-22T12:45:00Z,2025-07-22T12:40:00Z,2025-07-22T12:45:00Z,0.18910960882821204,524775792414.1217,27.4735,8661609475623.228,PPMA_d_2025-07-21
C7,PSAB,2025-07-22T12:45:10Z,2025-07-22T12:45:20Z,2025-07-22T12:45:00Z,2025-07-22T12:50:00Z,0.5660607663086553,453009299253.7314,10.4534,2194203157232.6067,PSAB_d_2025-07-21
C7,PSAB,2025-07-22T12:45:30Z,2025-07-22T12:45:40Z,2025-07-22T12:45:00Z,2025-07-22T12:50:00Z,1.164259476353091,551001394422.1835,10.4534,2194203157232.6067,PSAB_d_2025-07-21
C7,PSAB,2025-07-22T12:45:10Z,2025-07-22T12:45:20Z,2025-07-22T12:45:00Z,2025-07-22T12:50:00Z,0.09140557834961299,438257400040.8262,27.4735,8661609475623.228,PPMA_d_2025-07-21
C7,PSAB,2025-07-22T12:45:40Z,2025-07-22T12:45:50Z,2025-07-22T12:45:00Z,2025-07-22T12:50:00Z,0.1133524971476883,404239147780.62244,27.4735,8661609475623.228,PPMA_d_2025-07-21
C7,PSAB,2025-07-22T12:45:50Z,2025-07-22T12:46:00Z,2025-07-22T12:45:00Z,2025-07-22T12:50:00Z,0.05544057668683906,680485698924.9564,27.4735,8661609475623.228,PPMA_d_2025-07-21
C7,PSAB,2025-07-22T12:46:40Z,2025-07-22T12:46:50Z,2025-07-22T12:45:00Z,2025-07-22T12:50:00Z,0.05288794539170522,386116350550.6077,27.4735,8661609475623.228,PPMA_d_2025-07-21
C7,PSAB,2025-07-22T12:46:50Z,2025-07-22T12:47:00Z,2025-07-22T12:45:00Z,2025-07-22T12:50:00Z,0.04853913986299273,580462791384.2228,27.4735,8661609475623.228,PPMA_d_2025-07-21
C7,PSAB,2025-07-22T12:47:00Z,2025-07-22T12:47:10Z,2025-07-22T12:45:00Z,2025-07-22T12:50:00Z,0.050052981442351464,328488932103.1127,27.4735,8661609475623.228,PPMA_d_2025-07-21
C7,PSAB,2025-07-22T12:47:10Z,2025-07-22T12:47:20Z,2025-07-22T12:45:00Z,2025-07-22T12:50:00Z,0.09611862912725427,370984072298.2119,27.4735,8661609475623.228,PPMA_d_2025-07-21
C7,PSAB,2025-07-22T12:47:20Z,2025-07-22T12:47:30Z,2025-07-22T12:45:00Z,2025-07-22T12:50:00Z,0.039433108649510544,575009906454.4622,27.4735,8661609475623.228,PPMA_d_2025-07-21
C7,PSAB,2025-07-22T12:48:40Z,2025-07-22T12:48:50Z,2025-07-22T12:45:00Z,2025-07-22T12:50:00Z,0.04344130390553534,530865035374.75574,27.4735,8661609475623.228,PPMA_d_2025-07-21
C7,PSAB,2025-07-22T12:49:10Z,2025-07-22T12:49:20Z,2025-07-22T12:45:00Z,2025-07-22T12:50:00Z,0.012731393472853365,598264752979.2428,27.4735,8661609475623.228,PPMA_d_2025-07-21
C7,PSAB,2025-07-22T12:49:30Z,2025-07-22T12:49:40Z,2025-07-22T12:45:00Z,2025-07-22T12:50:00Z,0.21009370259978266,980676118845.4547,27.4735,8661609475623.228,PPMA_d_2025-07-21
C7,PSAB,2025-07-22T12:49:40Z,2025-07-22T12:49:50Z,2025-07-22T12:45:00Z,2025-07-22T12:50:00Z,0.40136004316130636,983936374296.0818,27.4735,8661609475623.228,PPMA_d_2025-07-21
C7,PSAB,2025-07-22T12:49:50Z,2025-07-22T12:50:00Z,2025-07-22T12:45:00Z,2025-07-22T12:50:00Z,0.18882931690296348,547632606943.3853,27.4735,8661609475623.228,PPMA_d_2025-07-21
C7,PSAB,2025-07-22T12:50:00Z,2025-07-22T12:50:10Z,2025-07-22T12:50:00Z,2025-07-22T12:55:00Z,0.09140557834961299,438257400040.8262,27.4735,8661609475623.228,PPMA_d_2025-07-21
C7,PSAB,2025-07-22T12:50:20Z,2025-07-22T12:50:30Z,2025-07-22T12:50:00Z,2025-07-22T12:55:00Z,0.1133524971476883,404239147780.62244,27.4735,8661609475623.228,PPMA_d_2025-07-21
C7,PSAB,2025-07-22T12:50:40Z,2025-07-22T12:50:50Z,2025-07-22T12:50:00Z,2025-07-22T12:55:00Z,0.05544057668683906,680485698924.9564,27.4735,8661609475623.228,PPMA_d_2025-07-21
C7,PSAB,2025-07-22T12:50:50Z,2025-07-22T12:51:00Z,2025-07-22T12:50:00Z,2025-07-22T12:55:00Z,0.05288794539170522,386116350550.6077,27.4735,8661609475623.228,PPMA_d_2025-07-21
C7,PSAB,2025-07-22T12:51:00Z,2025-07-22T12:51:10Z,2025-07-22T12:50:00Z,2025-07-22T12:55:00Z,0.04853913986299273,580462791384.2228,27.4735,8661609475623.228,PPMA_d_2025-07-21
C7,PSAB,2025-07-22T12:51:40Z,2025-07-22T12:51:50Z,2025-07-22T12:50:00Z,2025-07-22T12:55:00Z,0.050052981442351464,328488932103.1127,27.4735,8661609475623.228,PPMA_d_2025-07-21
C7,PSAB,2025-07-22T12:51:50Z,2025-07-22T12:52:00Z,2025-07-22T12:50:00Z,2025-07-22T12:55:00Z,0.09611862912725427,370984072298.2119,27.4735,8661609475623.228,PPMA_d_2025-07-21
C7,PSAB,2025-07-22T12:52:00Z,2025-07-22T12:52:10Z,2025-07-22T12:50:00Z,2025-07-22T12:55:00Z,0.039433108649510544,575009906454.4622,27.4735,8661609475623.228,PPMA_d_2025-07-21
C7,PSAB,2025-07-22T12:52:20Z,2025-07-22T12:52:30Z,2025-07-22T12:50:00Z,2025-07-22T12:55:00Z,0.04344130390553534,530865035374.75574,27.4735,8661609475623.228,PPMA_d_2025-07-21
C7,PSAB,2025-07-22T12:52:30Z,2025-07-22T12:52:40Z,2025-07-22T12:50:00Z,2025-07-22T12:55:00Z,0.012731393472853365,598264752979.2428,27.4735,8661609475623.228,PPMA_d_2025-07-21
C7,PSAB,2025-07-22T12:52:40Z,2025-07-22T12:52:50Z,2025-07-22T12:50:00Z,2025-07-22T12:55:00Z,0.21009370259978266,980676118845.4547,27.4735,8661609475623.228,PPMA_d_2025-07-21
C7,PSAB,2025-07-22T12:52:50Z,2025-07-22T12:53:00Z,2025-07-22T12:50:00Z,2025-07-22T12:55:00Z,0.40136004316130636,983936374296.0818,27.4735,8661609475623.228,PPMA_d_2025-07-21
C7,PSAB,2025-07-22T12:53:00Z,2025-07-22T12:53:10Z,2025-07-22T12:50:00Z,2025-07-22T12:55:00Z,0.18882931690296348,547632606943.3853,27.4735,8661609475623.228,PPMA_d_2025-07-21
C7,PSAB,2025-07-22T12:53:20Z,2025-07-22T12:53:30Z,2025-07-22T12:50:00Z,2025-07-22T12:55:00Z,0.046821188743330855,624399058245.3335,27.4735,8661609475623.228,PPMA_d_2025-07-21
C7,PSAB,2025-07-22T12:53:40Z,2025-07-22T12:53:50Z,2025-07-22T12:50:00Z,2025-07-22T12:55:00Z,0.08237302973416956,361353034467.88446,27.4735,8661609475623.228,PPMA_d_2025-07-21
C7,PSAB,2025-07-22T12:53:50Z,2025-07-22T12:54:00Z,2025-07-22T12:50:00Z,2025-07-22T12:55:00Z,0.07617117105009788,418885940442.8254,27.4735,8661609475623.228,PPMA_d_2025-07-21
C7,PSAB,2025-07-22T12:54:10Z,2025-07-22T12:54:20Z,2025-07-22T12:50:00Z,2025-07-22T12:55:00Z,0.02360753178799283,560320465484.971,27.4735,8661609475623.228,PPMA_d_2025-07-21
C7,PSAB,2025-07-22T12:54:50Z,2025-07-22T12:55:00Z,2025-07-22T12:50:00Z,2025-07-22T12:55:00Z,0.23942934742123317,501158734756.9643,27.4735,8661609475623.228,PPMA_d_2025-07-21
C7,PSAB,2025-07-22T12:55:00Z,2025-07-22T12:55:10Z,2025-07-22T12:55:00Z,2025-07-22T13:00:00Z,0.09140557834961299,438257400040.8262,27.4735,8661609475623.228,PPMA_d_2025-07-21
C7,PSAB,2025-07-22T12:55:10Z,2025-07-22T12:55:20Z,2025-07-22T12:55:00Z,2025-07-22T13:00:00Z,0.1133524971476883,404239147780.62244,27.4735,8661609475623.228,PPMA_d_2025-07-21
C7,PSAB,2025-07-22T13:21:40Z,2025-07-22T13:21:50Z,2025-07-22T13:20:00Z,2025-07-22T13:25:00Z,0.09140557834961299,438257400040.8262,27.4735,8661609475623.228,PPMA_d_2025-07-21
C7,PSAB,2025-07-22T13:33:40Z,2025-07-22T13:33:50Z,2025-07-22T13:30:00Z,2025-07-22T13:35:00Z,0.09140557834961299,438257400040.8262,27.4735,8661609475623.228,PPMA_d_2025-07-21
C7,PSAB,2025-07-22T13:33:50Z,2025-07-22T13:34:00Z,2025-07-22T13:30:00Z,2025-07-22T13:35:00Z,0.1133524971476883,404239147780.62244,27.4735,8661609475623.228,PPMA_d_2025-07-21
C7,PSAB,2025-07-22T13:38:00Z,2025-07-22T13:38:10Z,2025-07-22T13:35:00Z,2025-07-22T13:40:00Z,0.09140557834961299,438257400040.8262,27.4735,8661609475623.228,PPMA_d_2025-07-21
C7,PPMA,2025-07-22T14:41:10Z,2025-07-22T14:41:20Z,2025-07-22T14:40:00Z,2025-07-22T14:45:00Z,5.462414613767766,836462383311.7688,15.35,4378890841487.094,PSAB_d_2025-07-22
C7,PPMA,2025-07-22T14:41:20Z,2025-07-22T14:41:30Z,2025-07-22T14:40:00Z,2025-07-22T14:45:00Z,3.6821427174454304,750957526578.6547,15.35,4378890841487.094,PSAB_d_2025-07-22
C7,PPMA,2025-07-22T14:44:10Z,2025-07-22T14:44:20Z,2025-07-22T14:40:00Z,2025-07-22T14:45:00Z,14.638687705857405,910280260570.6234,15.35,4378890841487.094,PSAB_d_2025-07-22
C7,PPMA,2025-07-22T14:41:50Z,2025-07-22T14:42:00Z,2025-07-22T14:40:00Z,2025-07-22T14:45:00Z,1.4469675982506405,966029686896.2986,15.35,4378890841487.094,PSAB_d_2025-07-22
C7,PPMA,2025-07-22T14:42:20Z,2025-07-22T14:42:30Z,2025-07-22T14:40:00Z,2025-07-22T14:45:00Z,8.373186816250392,990240099610.3721,15.35,4378890841487.094,PSAB_d_2025-07-22
C7,PPMA,2025-07-22T14:49:00Z,2025-07-22T14:49:10Z,2025-07-22T14:45:00Z,2025-07-22T14:50:00Z,5.462414613767766,836462383311.7688,15.35,4378890841487.094,PSAB_d_2025-07-22
C7,PPMA,2025-07-22T14:47:50Z,2025-07-22T14:48:00Z,2025-07-22T14:45:00Z,2025-07-22T14:50:00Z,3.6821427174454304,750957526578.6547,15.35,4378890841487.094,PSAB_d_2025-07-22
C7,PPMA,2025-07-22T14:47:10Z,2025-07-22T14:47:20Z,2025-07-22T14:45:00Z,2025-07-22T14:50:00Z,14.638687705857405,910280260570.6234,15.35,4378890841487.094,PSAB_d_2025-07-22
C7,PPMA,2025-07-22T14:51:10Z,2025-07-22T14:51:20Z,2025-07-22T14:50:00Z,2025-07-22T14:55:00Z,5.462414613767766,836462383311.7688,15.35,4378890841487.094,PSAB_d_2025-07-22
C7,PPMA,2025-07-22T14:55:00Z,2025-07-22T14:55:10Z,2025-07-22T14:55:00Z,2025-07-22T15:00:00Z,5.462414613767766,836462383311.7688,15.35,4378890841487.094,PSAB_d_2025-07-22
C7,PPMA,2025-07-22T22:42:30Z,2025-07-22T22:42:40Z,2025-07-22T22:40:00Z,2025-07-22T22:45:00Z,5.462414613767766,836462383311.7688,15.35,4378890841487.094,PSAB_d_2025-07-22
C7,PPMA,2025-07-22T23:43:20Z,2025-07-22T23:43:30Z,2025-07-22T23:40:00Z,2025-07-22T23:45:00Z,5.462414613767766,836462383311.7688,15.35,4378890841487.094,PSAB_d_2025-07-22
C7,PPMA,2025-07-22T23:43:30Z,2025-07-22T23:43:40Z,2025-07-22T23:40:00Z,2025-07-22T23:45:00Z,3.6821427174454304,750957526578.6547,15.35,4378890841487.094,PSAB_d_2025-07-22
C7,PPMA,2025-07-22T23:45:40Z,2025-07-22T23:45:50Z,2025-07-22T23:45:00Z,2025-07-22T23:50:00Z,5.462414613767766,836462383311.7688,15.35,4378890841487.094,PSAB_d_2025-07-22
C7,PPMA,2025-07-23T00:11:10Z,2025-07-23T00:11:20Z,2025-07-23T00:05:00Z,2025-07-23T00:15:00Z,5.462414613767766,836462383311.7688,15.35,4378890841487.094,PSAB_d_2025-07-22
C7,PPMA,2025-07-23T00:20:40Z,2025-07-23T00:20:50Z,2025-07-23T00:20:00Z,2025-07-23T00:25:00Z,5.462414613767766,836462383311.7688,15.35,4378890841487.094,PSAB_d_2025-07-22
C7,PPMA,2025-07-23T00:44:20Z,2025-07-23T00:44:30Z,2025-07-23T00:40:00Z,2025-07-23T00:45:00Z,5.462414613767766,836462383311.7688,15.35,4378890841487.094,PSAB_d_2025-07-22
C7,PPMA,2025-07-23T00:49:00Z,2025-07-23T00:49:10Z,2025-07-23T00:45:00Z,2025-07-23T00:50:00Z,5.462414613767766,836462383311.7688,15.35,4378890841487.094,PSAB_d_2025-07-22
C7,PPMA,2025-07-23T00:48:20Z,2025-07-23T00:48:30Z,2025-07-23T00:45:00Z,2025-07-23T00:50:00Z,3.6821427174454304,750957526578.6547,15.35,4378890841487.094,PSAB_d_2025-07-22
C7,PPMA,2025-07-23T00:48:30Z,2025-07-23T00:48:40Z,2025-07-23T00:45:00Z,2025-07-23T00:50:00Z,14.638687705857405,910280260570.6234,15.35,4378890841487.094,PSAB_d_2025-07-22
C7,PPMA,2025-07-23T00:48:40Z,2025-07-23T00:48:50Z,2025-07-23T00:45:00Z,2025-07-23T00:50:00Z,1.4469675982506405,966029686896.2986,15.35,4378890841487.094,PSAB_d_2025-07-22
C7,PPMA,2025-07-23T00:59:10Z,2025-07-23T00:59:20Z,2025-07-23T00:55:00Z,2025-07-23T01:00:00Z,5.462414613767766,836462383311.7688,15.35,4378890841487.094,PSAB_d_2025-07-22
C7,PPMA,2025-07-23T00:55:30Z,2025-07-23T00:55:40Z,2025-07-23T00:55:00Z,2025-07-23T01:00:00Z,3.6821427174454304,750957526578.6547,15.35,4378890841487.094,PSAB_d_2025-07-22
C7,PPMA,2025-07-23T01:06:40Z,2025-07-23T01:06:50Z,2025-07-23T01:05:00Z,2025-07-23T01:10:00Z,5.462414613767766,836462383311.7688,15.35,4378890841487.094,PSAB_d_2025-07-22
C7,PPMA,2025-07-23T01:31:10Z,2025-07-23T01:31:20Z,2025-07-23T01:30:00Z,2025-07-23T01:35:00Z,5.462414613767766,836462383311.7688,15.35,4378890841487.094,PSAB_d_2025-07-22
C7,PPMA,2025-07-23T01:41:30Z,2025-07-23T01:41:40Z,2025-07-23T01:40:00Z,2025-07-23T01:45:00Z,5.462414613767766,836462383311.7688,15.35,4378890841487.094,PSAB_d_2025-07-22
C7,PPMA,2025-07-23T02:03:00Z,2025-07-23T02:03:10Z,2025-07-23T02:00:00Z,2025-07-23T02:05:00Z,5.462414613767766,836462383311.7688,15.35,4378890841487.094,PSAB_d_2025-07-22
C7,PPMA,2025-07-23T02:24:00Z,2025-07-23T02:24:10Z,2025-07-23T02:20:00Z,2025-07-23T02:25:00Z,5.462414613767766,836462383311.7688,15.35,4378890841487.094,PSAB_d_2025-07-22
C7,PPMA,2025-07-23T02:24:30Z,2025-07-23T02:24:40Z,2025-07-23T02:20:00Z,2025-07-23T02:25:00Z,3.6821427174454304,750957526578.6547,15.35,4378890841487.094,PSAB_d_2025-07-22
C7,PPMA,2025-07-23T02:28:40Z,2025-07-23T02:28:50Z,2025-07-23T02:25:00Z,2025-07-23T02:30:00Z,5.462414613767766,836462383311.7688,15.35,4378890841487.094,PSAB_d_2025-07-22
C7,PPMA,2025-07-23T02:41:40Z,2025-07-23T02:41:50Z,2025-07-23T02:40:00Z,2025-07-23T02:45:00Z,5.462414613767766,836462383311.7688,15.35,4378890841487.094,PSAB_d_2025-07-22
C7,PPMA,2025-07-23T02:40:50Z,2025-07-23T02:41:00Z,2025-07-23T02:40:00Z,2025-07-23T02:45:00Z,3.6821427174454304,750957526578.6547,15.35,4378890841487.094,PSAB_d_2025-07-22
C7,PPMA,2025-07-23T02:47:00Z,2025-07-23T02:47:10Z,2025-07-23T02:45:00Z,2025-07-23T02:50:00Z,5.462414613767766,836462383311.7688,15.35,4378890841487.094,PSAB_d_2025-07-22
C7,PPMA,2025-07-23T02:51:50Z,2025-07-23T02:52:00Z,2025-07-23T02:50:00Z,2025-07-23T02:55:00Z,5.462414613767766,836462383311.7688,15.35,4378890841487.094,PSAB_d_2025-07-22
C7,PPMA,2025-07-23T02:58:30Z,2025-07-23T02:58:40Z,2025-07-23T02:55:00Z,2025-07-23T03:00:00Z,5.462414613767766,836462383311.7688,15.35,4378890841487.094,PSAB_d_2025-07-22
C7,PPMA,2025-07-23T03:03:20Z,2025-07-23T03:03:30Z,2025-07-23T03:00:00Z,2025-07-23T03:05:00Z,5.462414613767766,836462383311.7688,15.35,4378890841487.094,PSAB_d_2025-07-22
C7,PPMA,2025-07-23T03:03:50Z,2025-07-23T03:04:00Z,2025-07-23T03:00:00Z,2025-07-23T03:05:00Z,3.6821427174454304,750957526578.6547,15.35,4378890841487.094,PSAB_d_2025-07-22
C7,PPMA,2025-07-23T03:13:00Z,2025-07-23T03:13:10Z,2025-07-23T03:10:00Z,2025-07-23T03:15:00Z,5.462414613767766,836462383311.7688,15.35,4378890841487.094,PSAB_d_2025-07-22
C7,PPMA,2025-07-23T03:19:40Z,2025-07-23T03:19:50Z,2025-07-23T03:15:00Z,2025-07-23T03:20:00Z,5.462414613767766,836462383311.7688,15.35,4378890841487.094,PSAB_d_2025-07-22
C7,PPMA,2025-07-23T03:17:30Z,2025-07-23T03:17:40Z,2025-07-23T03:15:00Z,2025-07-23T03:20:00Z,3.6821427174454304,750957526578.6547,15.35,4378890841487.094,PSAB_d_2025-07-22
C7,PPMA,2025-07-23T03:20:20Z,2025-07-23T03:20:30Z,2025-07-23T03:20:00Z,2025-07-23T03:25:00Z,5.462414613767766,836462383311.7688,15.35,4378890841487.094,PSAB_d_2025-07-22
C7,PPMA,2025-07-23T03:20:50Z,2025-07-23T03:21:00Z,2025-07-23T03:20:00Z,2025-07-23T03:25:00Z,3.6821427174454304,750957526578.6547,15.35,4378890841487.094,PSAB_d_2025-07-22
C7,PPMA,2025-07-23T03:34:10Z,2025-07-23T03:34:20Z,2025-07-23T03:30:00Z,2025-07-23T03:35:00Z,5.462414613767766,836462383311.7688,15.35,4378890841487.094,PSAB_d_2025-07-22
C7,PPMA,2025-07-23T03:31:50Z,2025-07-23T03:32:00Z,2025-07-23T03:30:00Z,2025-07-23T03:35:00Z,3.6821427174454304,750957526578.6547,15.35,4378890841487.094,PSAB_d_2025-07-22
C7,PPMA,2025-07-23T03:37:10Z,2025-07-23T03:37:20Z,2025-07-23T03:35:00Z,2025-07-23T03:40:00Z,5.462414613767766,836462383311.7688,15.35,4378890841487.094,PSAB_d_2025-07-22
C7,PPMA,2025-07-23T03:37:20Z,2025-07-23T03:37:30Z,2025-07-23T03:35:00Z,2025-07-23T03:40:00Z,3.6821427174454304,750957526578.6547,15.35,4378890841487.094,PSAB_d_2025-07-22
C7,PPMA,2025-07-23T03:43:00Z,2025-07-23T03:43:10Z,2025-07-23T03:40:00Z,2025-07-23T03:45:00Z,5.462414613767766,836462383311.7688,15.35,4378890841487.094,PSAB_d_2025-07-22
C7,PPMA,2025-07-23T03:54:40Z,2025-07-23T03:54:50Z,2025-07-23T03:50:00Z,2025-07-23T03:55:00Z,5.462414613767766,836462383311.7688,15.35,4378890841487.094,PSAB_d_2025-07-22
C7,PPMA,2025-07-23T03:53:50Z,2025-07-23T03:54:00Z,2025-07-23T03:50:00Z,2025-07-23T03:55:00Z,3.6821427174454304,750957526578.6547,15.35,4378890841487.094,PSAB_d_2025-07-22
C7,PPMA,2025-07-23T04:06:40Z,2025-07-23T04:06:50Z,2025-07-23T04:05:00Z,2025-07-23T04:10:00Z,5.462414613767766,836462383311.7688,15.35,4378890841487.094,PSAB_d_2025-07-22
C7,PPMA,2025-07-23T04:09:40Z,2025-07-23T04:09:50Z,2025-07-23T04:05:00Z,2025-07-23T04:10:00Z,3.6821427174454304,750957526578.6547,15.35,4378890841487.094,PSAB_d_2025-07-22
C7,PPMA,2025-07-23T04:10:20Z,2025-07-23T04:10:30Z,2025-07-23T04:10:00Z,2025-07-23T04:15:00Z,5.462414613767766,836462383311.7688,15.35,4378890841487.094,PSAB_d_2025-07-22
C7,PPMA,2025-07-23T06:34:40Z,2025-07-23T06:34:50Z,2025-07-23T06:30:00Z,2025-07-23T06:35:00Z,5.462414613767766,836462383311.7688,15.35,4378890841487.094,PSAB_d_2025-07-22
C7,PPMA,2025-07-23T07:47:20Z,2025-07-23T07:47:30Z,2025-07-23T07:45:00Z,2025-07-23T07:50:00Z,5.462414613767766,836462383311.7688,15.35,4378890841487.094,PSAB_d_2025-07-22
C7,PPMA,2025-07-23T07:47:30Z,2025-07-23T07:47:40Z,2025-07-23T07:45:00Z,2025-07-23T07:50:00Z,3.6821427174454304,750957526578.6547,15.35,4378890841487.094,PSAB_d_2025-07-22
C7,PPMA,2025-07-23T07:47:40Z,2025-07-23T07:47:50Z,2025-07-23T07:45:00Z,2025-07-23T07:50:00Z,14.638687705857405,910280260570.6234,15.35,4378890841487.094,PSAB_d_2025-07-22
C7,PPMA,2025-07-23T07:47:50Z,2025-07-23T07:48:00Z,2025-07-23T07:45:00Z,2025-07-23T07:50:00Z,1.4469675982506405,966029686896.2986,15.35,4378890841487.094,PSAB_d_2025-07-22
C7,PPMA,2025-07-23T07:48:00Z,2025-07-23T07:48:10Z,2025-07-23T07:45:00Z,2025-07-23T07:50:00Z,8.373186816250392,990240099610.3721,15.35,4378890841487.094,PSAB_d_2025-07-22
C7,PPMA,2025-07-23T07:48:10Z,2025-07-23T07:48:20Z,2025-07-23T07:45:00Z,2025-07-23T07:50:00Z,12.384898884096764,776185546876.0961,15.35,4378890841487.094,PSAB_d_2025-07-22
C7,PPMA,2025-07-23T07:48:20Z,2025-07-23T07:48:30Z,2025-07-23T07:45:00Z,2025-07-23T07:50:00Z,10.106792377221266,696193273094.6326,15.35,4378890841487.094,PSAB_d_2025-07-22
C7,PPMA,2025-07-23T08:15:30Z,2025-07-23T08:15:40Z,2025-07-23T08:15:00Z,2025-07-23T08:20:00Z,5.462414613767766,836462383311.7688,15.35,4378890841487.094,PSAB_d_2025-07-22
C7,PPMA,2025-07-23T09:11:30Z,2025-07-23T09:11:40Z,2025-07-23T09:10:00Z,2025-07-23T09:15:00Z,5.462414613767766,836462383311.7688,15.35,4378890841487.094,PSAB_d_2025-07-22
C7,PPMA,2025-07-23T09:27:30Z,2025-07-23T09:27:40Z,2025-07-23T09:25:00Z,2025-07-23T09:30:00Z,5.462414613767766,836462383311.7688,15.35,4378890841487.094,PSAB_d_2025-07-22
C7,PPMA,2025-07-23T09:27:40Z,2025-07-23T09:27:50Z,2025-07-23T09:25:00Z,2025-07-23T09:30:00Z,3.6821427174454304,750957526578.6547,15.35,4378890841487.094,PSAB_d_2025-07-22
C7,PPMA,2025-07-23T09:27:50Z,2025-07-23T09:28:00Z,2025-07-23T09:25:00Z,2025-07-23T09:30:00Z,14.638687705857405,910280260570.6234,15.35,4378890841487.094,PSAB_d_2025-07-22
C7,PPMA,2025-07-23T09:28:00Z,2025-07-23T09:28:10Z,2025-07-23T09:25:00Z,2025-07-23T09:30:00Z,1.4469675982506405,966029686896.2986,15.35,4378890841487.094,PSAB_d_2025-07-22
C7,PPMA,2025-07-23T09:28:10Z,2025-07-23T09:28:20Z,2025-07-23T09:25:00Z,2025-07-23T09:30:00Z,8.373186816250392,990240099610.3721,15.35,4378890841487.094,PSAB_d_2025-07-22
C7,PPMA,2025-07-23T09:28:20Z,2025-07-23T09:28:30Z,2025-07-23T09:25:00Z,2025-07-23T09:30:00Z,12.384898884096764,776185546876.0961,15.35,4378890841487.094,PSAB_d_2025-07-22
C7,PPMA,2025-07-23T09:28:30Z,2025-07-23T09:28:40Z,2025-07-23T09:25:00Z,2025-07-23T09:30:00Z,10.106792377221266,696193273094.6326,15.35,4378890841487.094,PSAB_d_2025-07-22
C7,PPMA,2025-07-23T09:28:40Z,2025-07-23T09:28:50Z,2025-07-23T09:25:00Z,2025-07-23T09:30:00Z,16.338121272979798,754638587670.1178,15.35,4378890841487.094,PSAB_d_2025-07-22
C7,PPMA,2025-07-23T09:28:50Z,2025-07-23T09:29:00Z,2025-07-23T09:25:00Z,2025-07-23T09:30:00Z,16.539122252430005,748234091518.9276,15.35,4378890841487.094,PSAB_d_2025-07-22
C7,PPMA,2025-07-23T09:34:20Z,2025-07-23T09:34:30Z,2025-07-23T09:30:00Z,2025-07-23T09:35:00Z,5.462414613767766,836462383311.7688,15.35,4378890841487.094,PSAB_d_2025-07-22
C7,PPMA,2025-07-23T09:53:50Z,2025-07-23T09:54:00Z,2025-07-23T09:50:00Z,2025-07-23T09:55:00Z,5.462414613767766,836462383311.7688,15.35,4378890841487.094,PSAB_d_2025-07-22
C7,PPMA,2025-07-23T09:54:00Z,2025-07-23T09:54:10Z,2025-07-23T09:50:00Z,2025-07-23T09:55:00Z,3.6821427174454304,750957526578.6547,15.35,4378890841487.094,PSAB_d_2025-07-22
C7,PPMA,2025-07-23T09:54:10Z,2025-07-23T09:54:20Z,2025-07-23T09:50:00Z,2025-07-23T09:55:00Z,14.638687705857405,910280260570.6234,15.35,4378890841487.094,PSAB_d_2025-07-22
C7,PPMA,2025-07-23T09:54:20Z,2025-07-23T09:54:30Z,2025-07-23T09:50:00Z,2025-07-23T09:55:00Z,1.4469675982506405,966029686896.2986,15.35,4378890841487.094,PSAB_d_2025-07-22
C7,PPMA,2025-07-23T09:54:30Z,2025-07-23T09:54:40Z,2025-07-23T09:50:00Z,2025-07-23T09:55:00Z,8.373186816250392,990240099610.3721,15.35,4378890841487.094,PSAB_d_2025-07-22
C7,PPMA,2025-07-23T09:54:40Z,2025-07-23T09:54:50Z,2025-07-23T09:50:00Z,2025-07-23T09:55:00Z,12.384898884096764,776185546876.0961,15.35,4378890841487.094,PSAB_d_2025-07-22
C7,PPMA,2025-07-23T09:54:50Z,2025-07-23T09:55:00Z,2025-07-23T09:50:00Z,2025-07-23T09:55:00Z,10.106792377221266,696193273094.6326,15.35,4378890841487.094,PSAB_d_2025-07-22
C7,PPMA,2025-07-23T09:55:00Z,2025-07-23T09:55:10Z,2025-07-23T09:55:00Z,2025-07-23T10:00:00Z,5.462414613767766,836462383311.7688,15.35,4378890841487.094,PSAB_d_2025-07-22
C7,PPMA,2025-07-23T09:55:50Z,2025-07-23T09:56:00Z,2025-07-23T09:55:00Z,2025-07-23T10:00:00Z,3.6821427174454304,750957526578.6547,15.35,4378890841487.094,PSAB_d_2025-07-22
C7,PPMA,2025-07-23T09:56:10Z,2025-07-23T09:56:20Z,2025-07-23T09:55:00Z,2025-07-23T10:00:00Z,14.638687705857405,910280260570.6234,15.35,4378890841487.094,PSAB_d_2025-07-22
C7,PPMA,2025-07-23T10:46:30Z,2025-07-23T10:46:40Z,2025-07-23T10:40:00Z,2025-07-23T10:50:00Z,5.462414613767766,836462383311.7688,15.35,4378890841487.094,PSAB_d_2025-07-22
C7,PPMA,2025-07-23T10:42:30Z,2025-07-23T10:42:40Z,2025-07-23T10:40:00Z,2025-07-23T10:50:00Z,3.6821427174454304,750957526578.6547,15.35,4378890841487.094,PSAB_d_2025-07-22
C7,PPMA,2025-07-23T11:41:20Z,2025-07-23T11:41:30Z,2025-07-23T11:40:00Z,2025-07-23T11:45:00Z,5.462414613767766,836462383311.7688,15.35,4378890841487.094,PSAB_d_2025-07-22
C7,PPMA,2025-07-23T11:44:40Z,2025-07-23T11:44:50Z,2025-07-23T11:40:00Z,2025-07-23T11:45:00Z,3.6821427174454304,750957526578.6547,15.35,4378890841487.094,PSAB_d_2025-07-22
C7,PPMA,2025-07-23T11:41:10Z,2025-07-23T11:41:20Z,2025-07-23T11:40:00Z,2025-07-23T11:45:00Z,14.638687705857405,910280260570.6234,15.35,4378890841487.094,PSAB_d_2025-07-22
C7,PPMA,2025-07-23T11:47:40Z,2025-07-23T11:47:50Z,2025-07-23T11:45:00Z,2025-07-23T11:50:00Z,5.462414613767766,836462383311.7688,15.35,4378890841487.094,PSAB_d_2025-07-22
C7,PPMA,2025-07-23T11:48:10Z,2025-07-23T11:48:20Z,2025-07-23T11:45:00Z,2025-07-23T11:50:00Z,3.6821427174454304,750957526578.6547,15.35,4378890841487.094,PSAB_d_2025-07-22
C7,PPMA,2025-07-23T12:03:10Z,2025-07-23T12:03:20Z,2025-07-23T12:00:00Z,2025-07-23T12:05:00Z,5.462414613767766,836462383311.7688,15.35,4378890841487.094,PSAB_d_2025-07-22
C7,PPMA,2025-07-23T12:02:20Z,2025-07-23T12:02:30Z,2025-07-23T12:00:00Z,2025-07-23T12:05:00Z,3.6821427174454304,750957526578.6547,15.35,4378890841487.094,PSAB_d_2025-07-22
C7,PPMA,2025-07-23T12:49:00Z,2025-07-23T12:49:10Z,2025-07-23T12:45:00Z,2025-07-23T12:50:00Z,5.462414613767766,836462383311.7688,15.35,4378890841487.094,PSAB_d_2025-07-22
C7,PPMA,2025-07-23T12:51:30Z,2025-07-23T12:51:40Z,2025-07-23T12:50:00Z,2025-07-23T12:55:00Z,5.462414613767766,836462383311.7688,15.35,4378890841487.094,PSAB_d_2025-07-22
C7,PPMA,2025-07-23T12:54:30Z,2025-07-23T12:54:40Z,2025-07-23T12:50:00Z,2025-07-23T12:55:00Z,3.6821427174454304,750957526578.6547,15.35,4378890841487.094,PSAB_d_2025-07-22
C7,PPMA,2025-07-23T12:57:20Z,2025-07-23T12:57:30Z,2025-07-23T12:55:00Z,2025-07-23T13:00:00Z,5.462414613767766,836462383311.7688,15.35,4378890841487.094,PSAB_d_2025-07-22
C7,PPMA,2025-07-23T13:10:00Z,2025-07-23T13:10:10Z,2025-07-23T13:10:00Z,2025-07-23T13:15:00Z,5.462414613767766,836462383311.7688,15.35,4378890841487.094,PSAB_d_2025-07-22
C7,PPMA,2025-07-23T13:26:00Z,2025-07-23T13:26:10Z,2025-07-23T13:25:00Z,2025-07-23T13:30:00Z,5.462414613767766,836462383311.7688,15.35,4378890841487.094,PSAB_d_2025-07-22
C7,PPMA,2025-07-23T13:32:30Z,2025-07-23T13:32:40Z,2025-07-23T13:30:00Z,2025-07-23T13:35:00Z,5.462414613767766,836462383311.7688,15.35,4378890841487.094,PSAB_d_2025-07-22
C7,PPMA,2025-07-23T13:36:50Z,2025-07-23T13:37:00Z,2025-07-23T13:35:00Z,2025-07-23T13:40:00Z,5.462414613767766,836462383311.7688,15.35,4378890841487.094,PSAB_d_2025-07-22
C7,PPMA,2025-07-23T13:46:30Z,2025-07-23T13:46:40Z,2025-07-23T13:45:00Z,2025-07-23T13:50:00Z,5.462414613767766,836462383311.7688,15.35,4378890841487.094,PSAB_d_2025-07-22
C7,PPMA,2025-07-23T13:53:40Z,2025-07-23T13:53:50Z,2025-07-23T13:50:00Z,2025-07-23T13:55:00Z,5.462414613767766,836462383311.7688,15.35,4378890841487.094,PSAB_d_2025-07-22
C7,PPMA,2025-07-23T14:00:00Z,2025-07-23T14:00:10Z,2025-07-23T14:00:00Z,2025-07-23T14:05:00Z,5.462414613767766,836462383311.7688,15.35,4378890841487.094,PSAB_d_2025-07-22
C7,PPMA,2025-07-23T14:25:50Z,2025-07-23T14:26:00Z,2025-07-23T14:25:00Z,2025-07-23T14:30:00Z,5.462414613767766,836462383311.7688,15.35,4378890841487.094,PSAB_d_2025-07-22
C7,PPMA,2025-07-23T14:26:00Z,2025-07-23T14:26:10Z,2025-07-23T14:25:00Z,2025-07-23T14:30:00Z,3.6821427174454304,750957526578.6547,15.35,4378890841487.094,PSAB_d_2025-07-22
C7,PSAB,2025-07-23T15:27:30Z,2025-07-23T15:27:40Z,2025-07-23T15:25:00Z,2025-07-23T15:30:00Z,0.7085197603858131,670164928577.4333,11.0301,2433905579426.0654,PPMA_d_2025-07-23
C7,PSAB,2025-07-23T16:26:50Z,2025-07-23T16:27:00Z,2025-07-23T16:25:00Z,2025-07-23T16:30:00Z,0.7085197603858131,670164928577.4333,11.0301,2433905579426.0654,PPMA_d_2025-07-23
C7,PSAB,2025-07-23T16:27:00Z,2025-07-23T16:27:10Z,2025-07-23T16:25:00Z,2025-07-23T16:30:00Z,9.48119564325935,2186616858562.3333,11.0301,2433905579426.0654,PPMA_d_2025-07-23
C7,PSAB,2025-07-23T16:27:10Z,2025-07-23T16:27:20Z,2025-07-23T16:25:00Z,2025-07-23T16:30:00Z,1.6045744825654142,999464104825.2411,11.0301,2433905579426.0654,PPMA_d_2025-07-23
C7,PSAB,2025-07-23T16:46:50Z,2025-07-23T16:47:00Z,2025-07-23T16:45:00Z,2025-07-23T16:50:00Z,0.7085197603858131,670164928577.4333,11.0301,2433905579426.0654,PPMA_d_2025-07-23
C7,PSAB,2025-07-23T16:47:00Z,2025-07-23T16:47:10Z,2025-07-23T16:45:00Z,2025-07-23T16:50:00Z,9.48119564325935,2186616858562.3333,11.0301,2433905579426.0654,PPMA_d_2025-07-23
C7,PSAB,2025-07-23T16:47:10Z,2025-07-23T16:47:20Z,2025-07-23T16:45:00Z,2025-07-23T16:50:00Z,1.6045744825654142,999464104825.2411,11.0301,2433905579426.0654,PPMA_d_2025-07-23
C7,PSAB,2025-07-23T16:47:20Z,2025-07-23T16:47:30Z,2025-07-23T16:45:00Z,2025-07-23T16:50:00Z,0.5068939602406675,784080102842.7778,11.0301,2433905579426.0654,PPMA_d_2025-07-23
C7,PSAB,2025-07-23T16:47:30Z,2025-07-23T16:47:40Z,2025-07-23T16:45:00Z,2025-07-23T16:50:00Z,0.05422913031451214,748668653834.5159,11.0301,2433905579426.0654,PPMA_d_2025-07-23
C7,PSAB,2025-07-23T19:42:20Z,2025-07-23T19:42:30Z,2025-07-23T19:40:00Z,2025-07-23T19:45:00Z,0.7085197603858131,670164928577.4333,11.0301,2433905579426.0654,PPMA_d_2025-07-23
C7,PSAB,2025-07-23T20:09:50Z,2025-07-23T20:10:00Z,2025-07-23T20:05:00Z,2025-07-23T20:10:00Z,0.7085197603858131,670164928577.4333,11.0301,2433905579426.0654,PPMA_d_2025-07-23
C7,PSAB,2025-07-23T21:04:20Z,2025-07-23T21:04:30Z,2025-07-23T21:00:00Z,2025-07-23T21:05:00Z,0.7085197603858131,670164928577.4333,11.0301,2433905579426.0654,PPMA_d_2025-07-23
C7,PSAB,2025-07-23T21:09:10Z,2025-07-23T21:09:20Z,2025-07-23T21:05:00Z,2025-07-23T21:10:00Z,0.7085197603858131,670164928577.4333,11.0301,2433905579426.0654,PPMA_d_2025-07-23
C7,PSAB,2025-07-23T21:12:00Z,2025-07-23T21:12:10Z,2025-07-23T21:10:00Z,2025-07-23T21:15:00Z,0.7085197603858131,670164928577.4333,11.0301,2433905579426.0654,PPMA_d_2025-07-23
C7,PSAB,2025-07-23T21:35:50Z,2025-07-23T21:36:00Z,2025-07-23T21:35:00Z,2025-07-23T21:40:00Z,0.7085197603858131,670164928577.4333,11.0301,2433905579426.0654,PPMA_d_2025-07-23
C7,PSAB,2025-07-23T21:45:40Z,2025-07-23T21:45:50Z,2025-07-23T21:45:00Z,2025-07-23T21:50:00Z,0.7085197603858131,670164928577.4333,11.0301,2433905579426.0654,PPMA_d_2025-07-23
C7,PSAB,2025-07-23T21:59:20Z,2025-07-23T21:59:30Z,2025-07-23T21:55:00Z,2025-07-23T22:00:00Z,0.7085197603858131,670164928577.4333,11.0301,2433905579426.0654,PPMA_d_2025-07-23
C7,PSAB,2025-07-23T21:57:00Z,2025-07-23T21:57:10Z,2025-07-23T21:55:00Z,2025-07-23T22:00:00Z,9.48119564325935,2186616858562.3333,11.0301,2433905579426.0654,PPMA_d_2025-07-23
C7,PSAB,2025-07-23T22:03:00Z,2025-07-23T22:03:10Z,2025-07-23T22:00:00Z,2025-07-23T22:05:00Z,0.7085197603858131,670164928577.4333,11.0301,2433905579426.0654,PPMA_d_2025-07-23
C7,PSAB,2025-07-23T22:08:50Z,2025-07-23T22:09:00Z,2025-07-23T22:05:00Z,2025-07-23T22:10:00Z,0.7085197603858131,670164928577.4333,11.0301,2433905579426.0654,PPMA_d_2025-07-23
C7,PSAB,2025-07-23T22:11:50Z,2025-07-23T22:12:00Z,2025-07-23T22:10:00Z,2025-07-23T22:15:00Z,0.7085197603858131,670164928577.4333,11.0301,2433905579426.0654,PPMA_d_2025-07-23
C7,PSAB,2025-07-23T22:24:40Z,2025-07-23T22:24:50Z,2025-07-23T22:20:00Z,2025-07-23T22:25:00Z,0.7085197603858131,670164928577.4333,11.0301,2433905579426.0654,PPMA_d_2025-07-23
C7,PSAB,2025-07-23T22:31:40Z,2025-07-23T22:31:50Z,2025-07-23T22:30:00Z,2025-07-23T22:35:00Z,0.7085197603858131,670164928577.4333,11.0301,2433905579426.0654,PPMA_d_2025-07-23
C7,PSAB,2025-07-23T22:46:40Z,2025-07-23T22:46:50Z,2025-07-23T22:45:00Z,2025-07-23T22:50:00Z,0.7085197603858131,670164928577.4333,11.0301,2433905579426.0654,PPMA_d_2025-07-23
C7,PSAB,2025-07-23T22:57:10Z,2025-07-23T22:57:20Z,2025-07-23T22:55:00Z,2025-07-23T23:00:00Z,0.7085197603858131,670164928577.4333,11.0301,2433905579426.0654,PPMA_d_2025-07-23
C7,PSAB,2025-07-23T22:57:20Z,2025-07-23T22:57:30Z,2025-07-23T22:55:00Z,2025-07-23T23:00:00Z,9.48119564325935,2186616858562.3333,11.0301,2433905579426.0654,PPMA_d_2025-07-23
C7,PSAB,2025-07-23T23:16:00Z,2025-07-23T23:16:10Z,2025-07-23T23:15:00Z,2025-07-23T23:20:00Z,0.7085197603858131,670164928577.4333,11.0301,2433905579426.0654,PPMA_d_2025-07-23
C7,PSAB,2025-07-23T23:16:10Z,2025-07-23T23:16:20Z,2025-07-23T23:15:00Z,2025-07-23T23:20:00Z,9.48119564325935,2186616858562.3333,11.0301,2433905579426.0654,PPMA_d_2025-07-23
C7,PSAB,2025-07-23T23:26:20Z,2025-07-23T23:26:30Z,2025-07-23T23:25:00Z,2025-07-23T23:30:00Z,0.7085197603858131,670164928577.4333,11.0301,2433905579426.0654,PPMA_d_2025-07-23
C7,PSAB,2025-07-23T23:29:20Z,2025-07-23T23:29:30Z,2025-07-23T23:25:00Z,2025-07-23T23:30:00Z,9.48119564325935,2186616858562.3333,11.0301,2433905579426.0654,PPMA_d_2025-07-23
C7,PSAB,2025-07-23T23:54:50Z,2025-07-23T23:55:00Z,2025-07-23T23:50:00Z,2025-07-23T23:55:00Z,0.7085197603858131,670164928577.4333,11.0301,2433905579426.0654,PPMA_d_2025-07-23
C7,PSAB,2025-07-24T00:03:40Z,2025-07-24T00:03:50Z,2025-07-24T00:00:00Z,2025-07-24T00:05:00Z,0.7085197603858131,670164928577.4333,11.0301,2433905579426.0654,PPMA_d_2025-07-23
C7,PSAB,2025-07-24T00:06:30Z,2025-07-24T00:06:40Z,2025-07-24T00:05:00Z,2025-07-24T00:10:00Z,0.7085197603858131,670164928577.4333,11.0301,2433905579426.0654,PPMA_d_2025-07-23
C7,PSAB,2025-07-24T00:06:40Z,2025-07-24T00:06:50Z,2025-07-24T00:05:00Z,2025-07-24T00:10:00Z,9.48119564325935,2186616858562.3333,11.0301,2433905579426.0654,PPMA_d_2025-07-23
C7,PSAB,2025-07-24T00:13:00Z,2025-07-24T00:13:10Z,2025-07-24T00:10:00Z,2025-07-24T00:15:00Z,0.7085197603858131,670164928577.4333,11.0301,2433905579426.0654,PPMA_d_2025-07-23
C7,PSAB,2025-07-24T00:13:10Z,2025-07-24T00:13:20Z,2025-07-24T00:10:00Z,2025-07-24T00:15:00Z,9.48119564325935,2186616858562.3333,11.0301,2433905579426.0654,PPMA_d_2025-07-23
C7,PSAB,2025-07-24T00:13:20Z,2025-07-24T00:13:30Z,2025-07-24T00:10:00Z,2025-07-24T00:15:00Z,1.6045744825654142,999464104825.2411,11.0301,2433905579426.0654,PPMA_d_2025-07-23
C7,PSAB,2025-07-24T00:13:30Z,2025-07-24T00:13:40Z,2025-07-24T00:10:00Z,2025-07-24T00:15:00Z,0.5068939602406675,784080102842.7778,11.0301,2433905579426.0654,PPMA_d_2025-07-23
C7,PSAB,2025-07-24T00:13:40Z,2025-07-24T00:13:50Z,2025-07-24T00:10:00Z,2025-07-24T00:15:00Z,0.05422913031451214,748668653834.5159,11.0301,2433905579426.0654,PPMA_d_2025-07-23
C7,PSAB,2025-07-24T00:13:50Z,2025-07-24T00:14:00Z,2025-07-24T00:10:00Z,2025-07-24T00:15:00Z,0.13700248303015092,1010543371614.4663,11.0301,2433905579426.0654,PPMA_d_2025-07-23
C7,PSAB,2025-07-24T00:14:00Z,2025-07-24T00:14:10Z,2025-07-24T00:10:00Z,2025-07-24T00:15:00Z,0.256256782678128,894801022268.1477,11.0301,2433905579426.0654,PPMA_d_2025-07-23
C7,PSAB,2025-07-24T00:14:10Z,2025-07-24T00:14:20Z,2025-07-24T00:10:00Z,2025-07-24T00:15:00Z,0.6561765896711353,1009443900447.4534,11.0301,2433905579426.0654,PPMA_d_2025-07-23
C7,PSAB,2025-07-24T00:14:20Z,2025-07-24T00:14:30Z,2025-07-24T00:10:00Z,2025-07-24T00:15:00Z,0.46752200369606345,784723076132.3956,11.0301,2433905579426.0654,PPMA_d_2025-07-23
C7,PSAB,2025-07-24T00:14:30Z,2025-07-24T00:14:40Z,2025-07-24T00:10:00Z,2025-07-24T00:15:00Z,1.270602228535419,859848516175.4348,11.0301,2433905579426.0654,PPMA_d_2025-07-23
C7,PSAB,2025-07-24T00:14:40Z,2025-07-24T00:14:50Z,2025-07-24T00:10:00Z,2025-07-24T00:15:00Z,1.734711154936139,1997755005153.875,11.0301,2433905579426.0654,PPMA_d_2025-07-23
C7,PSAB,2025-07-24T00:14:50Z,2025-07-24T00:15:00Z,2025-07-24T00:10:00Z,2025-07-24T00:15:00Z,0.4599200363632626,1157451105244.5996,11.0301,2433905579426.0654,PPMA_d_2025-07-23
C7,PSAB,2025-07-24T00:20:10Z,2025-07-24T00:20:20Z,2025-07-24T00:20:00Z,2025-07-24T00:25:00Z,0.7085197603858131,670164928577.4333,11.0301,2433905579426.0654,PPMA_d_2025-07-23
C7,PSAB,2025-07-24T00:20:20Z,2025-07-24T00:20:30Z,2025-07-24T00:20:00Z,2025-07-24T00:25:00Z,9.48119564325935,2186616858562.3333,11.0301,2433905579426.0654,PPMA_d_2025-07-23
C7,PSAB,2025-07-24T00:23:40Z,2025-07-24T00:23:50Z,2025-07-24T00:20:00Z,2025-07-24T00:25:00Z,1.6045744825654142,999464104825.2411,11.0301,2433905579426.0654,PPMA_d_2025-07-23
C7,PSAB,2025-07-24T00:27:50Z,2025-07-24T00:28:00Z,2025-07-24T00:25:00Z,2025-07-24T00:30:00Z,0.7085197603858131,670164928577.4333,11.0301,2433905579426.0654,PPMA_d_2025-07-23
C7,PSAB,2025-07-24T00:32:00Z,2025-07-24T00:32:10Z,2025-07-24T00:30:00Z,2025-07-24T00:35:00Z,0.7085197603858131,670164928577.4333,11.0301,2433905579426.0654,PPMA_d_2025-07-23
C7,PSAB,2025-07-24T00:44:10Z,2025-07-24T00:44:20Z,2025-07-24T00:40:00Z,2025-07-24T00:45:00Z,0.7085197603858131,670164928577.4333,11.0301,2433905579426.0654,PPMA_d_2025-07-23
C7,PSAB,2025-07-24T00:40:50Z,2025-07-24T00:41:00Z,2025-07-24T00:40:00Z,2025-07-24T00:45:00Z,9.48119564325935,2186616858562.3333,11.0301,2433905579426.0654,PPMA_d_2025-07-23
C7,PSAB,2025-07-24T00:46:40Z,2025-07-24T00:46:50Z,2025-07-24T00:45:00Z,2025-07-24T00:50:00Z,0.7085197603858131,670164928577.4333,11.0301,2433905579426.0654,PPMA_d_2025-07-23
C7,PSAB,2025-07-24T00:49:30Z,2025-07-24T00:49:40Z,2025-07-24T00:45:00Z,2025-07-24T00:50:00Z,9.48119564325935,2186616858562.3333,11.0301,2433905579426.0654,PPMA_d_2025-07-23
C7,PSAB,2025-07-24T00:47:10Z,2025-07-24T00:47:20Z,2025-07-24T00:45:00Z,2025-07-24T00:50:00Z,1.6045744825654142,999464104825.2411,11.0301,2433905579426.0654,PPMA_d_2025-07-23
C7,PSAB,2025-07-24T00:51:30Z,2025-07-24T00:51:40Z,2025-07-24T00:50:00Z,2025-07-24T00:55:00Z,0.7085197603858131,670164928577.4333,11.0301,2433905579426.0654,PPMA_d_2025-07-23
C7,PSAB,2025-07-24T00:54:30Z,2025-07-24T00:54:40Z,2025-07-24T00:50:00Z,2025-07-24T00:55:00Z,9.48119564325935,2186616858562.3333,11.0301,2433905579426.0654,PPMA_d_2025-07-23
C7,PSAB,2025-07-24T00:54:40Z,2025-07-24T00:54:50Z,2025-07-24T00:50:00Z,2025-07-24T00:55:00Z,1.6045744825654142,999464104825.2411,11.0301,2433905579426.0654,PPMA_d_2025-07-23
C7,PSAB,2025-07-24T00:55:50Z,2025-07-24T00:56:00Z,2025-07-24T00:55:00Z,2025-07-24T01:00:00Z,0.7085197603858131,670164928577.4333,11.0301,2433905579426.0654,PPMA_d_2025-07-23
C7,PSAB,2025-07-24T01:06:20Z,2025-07-24T01:06:30Z,2025-07-24T01:05:00Z,2025-07-24T01:10:00Z,0.7085197603858131,670164928577.4333,11.0301,2433905579426.0654,PPMA_d_2025-07-23
C7,PSAB,2025-07-24T01:06:30Z,2025-07-24T01:06:40Z,2025-07-24T01:05:00Z,2025-07-24T01:10:00Z,9.48119564325935,2186616858562.3333,11.0301,2433905579426.0654,PPMA_d_2025-07-23
C7,PSAB,2025-07-24T01:06:40Z,2025-07-24T01:06:50Z,2025-07-24T01:05:00Z,2025-07-24T01:10:00Z,1.6045744825654142,999464104825.2411,11.0301,2433905579426.0654,PPMA_d_2025-07-23
C7,PSAB,2025-07-24T01:06:50Z,2025-07-24T01:07:00Z,2025-07-24T01:05:00Z,2025-07-24T01:10:00Z,0.5068939602406675,784080102842.7778,11.0301,2433905579426.0654,PPMA_d_2025-07-23
C7,PSAB,2025-07-24T01:07:00Z,2025-07-24T01:07:10Z,2025-07-24T01:05:00Z,2025-07-24T01:10:00Z,0.05422913031451214,748668653834.5159,11.0301,2433905579426.0654,PPMA_d_2025-07-23
C7,PSAB,2025-07-24T01:07:10Z,2025-07-24T01:07:20Z,2025-07-24T01:05:00Z,2025-07-24T01:10:00Z,0.13700248303015092,1010543371614.4663,11.0301,2433905579426.0654,PPMA_d_2025-07-23
C7,PSAB,2025-07-24T01:07:20Z,2025-07-24T01:07:30Z,2025-07-24T01:05:00Z,2025-07-24T01:10:00Z,0.256256782678128,894801022268.1477,11.0301,2433905579426.0654,PPMA_d_2025-07-23
C7,PSAB,2025-07-24T01:07:30Z,2025-07-24T01:07:40Z,2025-07-24T01:05:00Z,2025-07-24T01:10:00Z,0.6561765896711353,1009443900447.4534,11.0301,2433905579426.0654,PPMA_d_2025-07-23
C7,PSAB,2025-07-24T01:07:40Z,2025-07-24T01:07:50Z,2025-07-24T01:05:00Z,2025-07-24T01:10:00Z,0.46752200369606345,784723076132.3956,11.0301,2433905579426.0654,PPMA_d_2025-07-23
C7,PSAB,2025-07-24T01:07:50Z,2025-07-24T01:08:00Z,2025-07-24T01:05:00Z,2025-07-24T01:10:00Z,1.270602228535419,859848516175.4348,11.0301,2433905579426.0654,PPMA_d_2025-07-23
C7,PSAB,2025-07-24T01:08:00Z,2025-07-24T01:08:10Z,2025-07-24T01:05:00Z,2025-07-24T01:10:00Z,1.734711154936139,1997755005153.875,11.0301,2433905579426.0654,PPMA_d_2025-07-23
C7,PSAB,2025-07-24T01:08:10Z,2025-07-24T01:08:20Z,2025-07-24T01:05:00Z,2025-07-24T01:10:00Z,0.4599200363632626,1157451105244.5996,11.0301,2433905579426.0654,PPMA_d_2025-07-23
C7,PSAB,2025-07-24T01:08:20Z,2025-07-24T01:08:30Z,2025-07-24T01:05:00Z,2025-07-24T01:10:00Z,0.10422705244670784,1045075408663.9207,11.0301,2433905579426.0654,PPMA_d_2025-07-23
C7,PSAB,2025-07-24T01:08:30Z,2025-07-24T01:08:40Z,2025-07-24T01:05:00Z,2025-07-24T01:10:00Z,5.928722611918817,1043383346666.0323,11.0301,2433905579426.0654,PPMA_d_2025-07-23
C7,PSAB,2025-07-24T01:08:40Z,2025-07-24T01:08:50Z,2025-07-24T01:05:00Z,2025-07-24T01:10:00Z,2.20876176855856,1154895761119.326,11.0301,2433905579426.0654,PPMA_d_2025-07-23
C7,PSAB,2025-07-24T01:08:50Z,2025-07-24T01:09:00Z,2025-07-24T01:05:00Z,2025-07-24T01:10:00Z,0.5484365286943131,920743778894.033,11.0301,2433905579426.0654,PPMA_d_2025-07-23
C7,PSAB,2025-07-24T01:09:00Z,2025-07-24T01:09:10Z,2025-07-24T01:05:00Z,2025-07-24T01:10:00Z,0.4840901520263314,750264437202.2688,11.0301,2433905579426.0654,PPMA_d_2025-07-23
C7,PSAB,2025-07-24T01:09:10Z,2025-07-24T01:09:20Z,2025-07-24T01:05:00Z,2025-07-24T01:10:00Z,0.35142535850233253,672267018543.1116,11.0301,2433905579426.0654,PPMA_d_2025-07-23
C7,PSAB,2025-07-24T01:09:20Z,2025-07-24T01:09:30Z,2025-07-24T01:05:00Z,2025-07-24T01:10:00Z,0.8771239298689895,835974479880.1714,11.0301,2433905579426.0654,PPMA_d_2025-07-23
C7,PSAB,2025-07-24T01:09:30Z,2025-07-24T01:09:40Z,2025-07-24T01:05:00Z,2025-07-24T01:10:00Z,0.8678732171651762,907996015655.2986,11.0301,2433905579426.0654,PPMA_d_2025-07-23
C7,PSAB,2025-07-24T01:09:40Z,2025-07-24T01:09:50Z,2025-07-24T01:05:00Z,2025-07-24T01:10:00Z,0.30447386579878977,1027381492626.0474,11.0301,2433905579426.0654,PPMA_d_2025-07-23
C7,PSAB,2025-07-24T01:09:50Z,2025-07-24T01:10:00Z,2025-07-24T01:05:00Z,2025-07-24T01:10:00Z,0.09443073477549377,782683283852.3245,11.0301,2433905579426.0654,PPMA_d_2025-07-23
C7,PSAB,2025-07-24T01:11:50Z,2025-07-24T01:12:00Z,2025-07-24T01:05:00Z,2025-07-24T01:15:00Z,0.7085197603858131,670164928577.4333,11.0301,2433905579426.0654,PPMA_d_2025-07-23
C7,PSAB,2025-07-24T01:12:00Z,2025-07-24T01:12:10Z,2025-07-24T01:05:00Z,2025-07-24T01:15:00Z,9.48119564325935,2186616858562.3333,11.0301,2433905579426.0654,PPMA_d_2025-07-23
C7,PSAB,2025-07-24T01:06:50Z,2025-07-24T01:07:00Z,2025-07-24T01:05:00Z,2025-07-24T01:15:00Z,1.6045744825654142,999464104825.2411,11.0301,2433905579426.0654,PPMA_d_2025-07-23
C7,PSAB,2025-07-24T01:07:30Z,2025-07-24T01:07:40Z,2025-07-24T01:05:00Z,2025-07-24T01:15:00Z,0.5068939602406675,784080102842.7778,11.0301,2433905579426.0654,PPMA_d_2025-07-23
C7,PSAB,2025-07-24T01:21:30Z,2025-07-24T01:21:40Z,2025-07-24T01:20:00Z,2025-07-24T01:25:00Z,0.7085197603858131,670164928577.4333,11.0301,2433905579426.0654,PPMA_d_2025-07-23
C7,PSAB,2025-07-24T01:24:20Z,2025-07-24T01:24:30Z,2025-07-24T01:20:00Z,2025-07-24T01:25:00Z,9.48119564325935,2186616858562.3333,11.0301,2433905579426.0654,PPMA_d_2025-07-23
C7,PSAB,2025-07-24T01:24:30Z,2025-07-24T01:24:40Z,2025-07-24T01:20:00Z,2025-07-24T01:25:00Z,1.6045744825654142,999464104825.2411,11.0301,2433905579426.0654,PPMA_d_2025-07-23
C7,PSAB,2025-07-24T01:24:10Z,2025-07-24T01:24:20Z,2025-07-24T01:20:00Z,2025-07-24T01:25:00Z,0.5068939602406675,784080102842.7778,11.0301,2433905579426.0654,PPMA_d_2025-07-23
C7,PSAB,2025-07-24T01:29:00Z,2025-07-24T01:29:10Z,2025-07-24T01:25:00Z,2025-07-24T01:30:00Z,0.7085197603858131,670164928577.4333,11.0301,2433905579426.0654,PPMA_d_2025-07-23
C7,PSAB,2025-07-24T01:29:10Z,2025-07-24T01:29:20Z,2025-07-24T01:25:00Z,2025-07-24T01:30:00Z,9.48119564325935,2186616858562.3333,11.0301,2433905579426.0654,PPMA_d_2025-07-23
C7,PSAB,2025-07-24T01:29:20Z,2025-07-24T01:29:30Z,2025-07-24T01:25:00Z,2025-07-24T01:30:00Z,1.6045744825654142,999464104825.2411,11.0301,2433905579426.0654,PPMA_d_2025-07-23
C7,PSAB,2025-07-24T01:30:50Z,2025-07-24T01:31:00Z,2025-07-24T01:30:00Z,2025-07-24T01:35:00Z,0.7085197603858131,670164928577.4333,11.0301,2433905579426.0654,PPMA_d_2025-07-23
C7,PSAB,2025-07-24T01:31:10Z,2025-07-24T01:31:20Z,2025-07-24T01:30:00Z,2025-07-24T01:35:00Z,9.48119564325935,2186616858562.3333,11.0301,2433905579426.0654,PPMA_d_2025-07-23
C7,PSAB,2025-07-24T01:31:20Z,2025-07-24T01:31:30Z,2025-07-24T01:30:00Z,2025-07-24T01:35:00Z,1.6045744825654142,999464104825.2411,11.0301,2433905579426.0654,PPMA_d_2025-07-23
C7,PSAB,2025-07-24T01:31:30Z,2025-07-24T01:31:40Z,2025-07-24T01:30:00Z,2025-07-24T01:35:00Z,0.5068939602406675,784080102842.7778,11.0301,2433905579426.0654,PPMA_d_2025-07-23
C7,PSAB,2025-07-24T01:31:40Z,2025-07-24T01:31:50Z,2025-07-24T01:30:00Z,2025-07-24T01:35:00Z,0.05422913031451214,748668653834.5159,11.0301,2433905579426.0654,PPMA_d_2025-07-23
C7,PSAB,2025-07-24T01:34:50Z,2025-07-24T01:35:00Z,2025-07-24T01:30:00Z,2025-07-24T01:35:00Z,0.13700248303015092,1010543371614.4663,11.0301,2433905579426.0654,PPMA_d_2025-07-23
C7,PSAB,2025-07-24T01:35:00Z,2025-07-24T01:35:10Z,2025-07-24T01:35:00Z,2025-07-24T01:40:00Z,0.7085197603858131,670164928577.4333,11.0301,2433905579426.0654,PPMA_d_2025-07-23
C7,PSAB,2025-07-24T01:35:10Z,2025-07-24T01:35:20Z,2025-07-24T01:35:00Z,2025-07-24T01:40:00Z,9.48119564325935,2186616858562.3333,11.0301,2433905579426.0654,PPMA_d_2025-07-23
C7,PSAB,2025-07-24T01:38:20Z,2025-07-24T01:38:30Z,2025-07-24T01:35:00Z,2025-07-24T01:40:00Z,1.6045744825654142,999464104825.2411,11.0301,2433905579426.0654,PPMA_d_2025-07-23
C7,PSAB,2025-07-24T01:38:50Z,2025-07-24T01:39:00Z,2025-07-24T01:35:00Z,2025-07-24T01:40:00Z,0.5068939602406675,784080102842.7778,11.0301,2433905579426.0654,PPMA_d_2025-07-23
C7,PSAB,2025-07-24T01:41:50Z,2025-07-24T01:42:00Z,2025-07-24T01:40:00Z,2025-07-24T01:45:00Z,0.7085197603858131,670164928577.4333,11.0301,2433905579426.0654,PPMA_d_2025-07-23
C7,PSAB,2025-07-24T01:42:00Z,2025-07-24T01:42:10Z,2025-07-24T01:40:00Z,2025-07-24T01:45:00Z,9.48119564325935,2186616858562.3333,11.0301,2433905579426.0654,PPMA_d_2025-07-23
C7,PSAB,2025-07-24T01:54:00Z,2025-07-24T01:54:10Z,2025-07-24T01:50:00Z,2025-07-24T01:55:00Z,0.7085197603858131,670164928577.4333,11.0301,2433905579426.0654,PPMA_d_2025-07-23
C7,PSAB,2025-07-24T01:50:40Z,2025-07-24T01:50:50Z,2025-07-24T01:50:00Z,2025-07-24T01:55:00Z,9.48119564325935,2186616858562.3333,11.0301,2433905579426.0654,PPMA_d_2025-07-23
C7,PSAB,2025-07-24T01:58:40Z,2025-07-24T01:58:50Z,2025-07-24T01:55:00Z,2025-07-24T02:00:00Z,0.7085197603858131,670164928577.4333,11.0301,2433905579426.0654,PPMA_d_2025-07-23
C7,PSAB,2025-07-24T01:56:20Z,2025-07-24T01:56:30Z,2025-07-24T01:55:00Z,2025-07-24T02:00:00Z,9.48119564325935,2186616858562.3333,11.0301,2433905579426.0654,PPMA_d_2025-07-23
C7,PSAB,2025-07-24T01:59:10Z,2025-07-24T01:59:20Z,2025-07-24T01:55:00Z,2025-07-24T02:00:00Z,1.6045744825654142,999464104825.2411,11.0301,2433905579426.0654,PPMA_d_2025-07-23
C7,PSAB,2025-07-24T01:56:40Z,2025-07-24T01:56:50Z,2025-07-24T01:55:00Z,2025-07-24T02:00:00Z,0.5068939602406675,784080102842.7778,11.0301,2433905579426.0654,PPMA_d_2025-07-23
C7,PSAB,2025-07-24T01:57:00Z,2025-07-24T01:57:10Z,2025-07-24T01:55:00Z,2025-07-24T02:00:00Z,0.05422913031451214,748668653834.5159,11.0301,2433905579426.0654,PPMA_d_2025-07-23
C7,PSAB,2025-07-24T02:03:50Z,2025-07-24T02:04:00Z,2025-07-24T02:00:00Z,2025-07-24T02:05:00Z,0.7085197603858131,670164928577.4333,11.0301,2433905579426.0654,PPMA_d_2025-07-23
C7,PSAB,2025-07-24T02:11:30Z,2025-07-24T02:11:40Z,2025-07-24T02:10:00Z,2025-07-24T02:15:00Z,0.7085197603858131,670164928577.4333,11.0301,2433905579426.0654,PPMA_d_2025-07-23
C7,PSAB,2025-07-24T02:11:40Z,2025-07-24T02:11:50Z,2025-07-24T02:10:00Z,2025-07-24T02:15:00Z,9.48119564325935,2186616858562.3333,11.0301,2433905579426.0654,PPMA_d_2025-07-23
C7,PSAB,2025-07-24T02:12:10Z,2025-07-24T02:12:20Z,2025-07-24T02:10:00Z,2025-07-24T02:15:00Z,1.6045744825654142,999464104825.2411,11.0301,2433905579426.0654,PPMA_d_2025-07-23
C7,PSAB,2025-07-24T02:15:00Z,2025-07-24T02:15:10Z,2025-07-24T02:15:00Z,2025-07-24T02:20:00Z,0.7085197603858131,670164928577.4333,11.0301,2433905579426.0654,PPMA_d_2025-07-23
C7,PSAB,2025-07-24T02:16:50Z,2025-07-24T02:17:00Z,2025-07-24T02:15:00Z,2025-07-24T02:20:00Z,9.48119564325935,2186616858562.3333,11.0301,2433905579426.0654,PPMA_d_2025-07-23
C7,PSAB,2025-07-24T02:15:50Z,2025-07-24T02:16:00Z,2025-07-24T02:15:00Z,2025-07-24T02:20:00Z,1.6045744825654142,999464104825.2411,11.0301,2433905579426.0654,PPMA_d_2025-07-23
C7,PSAB,2025-07-24T02:16:00Z,2025-07-24T02:16:10Z,2025-07-24T02:15:00Z,2025-07-24T02:20:00Z,0.5068939602406675,784080102842.7778,11.0301,2433905579426.0654,PPMA_d_2025-07-23
C7,PSAB,2025-07-24T02:21:40Z,2025-07-24T02:21:50Z,2025-07-24T02:20:00Z,2025-07-24T02:25:00Z,0.7085197603858131,670164928577.4333,11.0301,2433905579426.0654,PPMA_d_2025-07-23
C7,PSAB,2025-07-24T02:27:40Z,2025-07-24T02:27:50Z,2025-07-24T02:25:00Z,2025-07-24T02:30:00Z,0.7085197603858131,670164928577.4333,11.0301,2433905579426.0654,PPMA_d_2025-07-23
C7,PSAB,2025-07-24T02:29:30Z,2025-07-24T02:29:40Z,2025-07-24T02:25:00Z,2025-07-24T02:30:00Z,9.48119564325935,2186616858562.3333,11.0301,2433905579426.0654,PPMA_d_2025-07-23
C7,PSAB,2025-07-24T02:31:40Z,2025-07-24T02:31:50Z,2025-07-24T02:30:00Z,2025-07-24T02:35:00Z,0.7085197603858131,670164928577.4333,11.0301,2433905579426.0654,PPMA_d_2025-07-23
C7,PSAB,2025-07-24T02:34:40Z,2025-07-24T02:34:50Z,2025-07-24T02:30:00Z,2025-07-24T02:35:00Z,9.48119564325935,2186616858562.3333,11.0301,2433905579426.0654,PPMA_d_2025-07-23
C7,PSAB,2025-07-24T02:35:00Z,2025-07-24T02:35:10Z,2025-07-24T02:35:00Z,2025-07-24T02:40:00Z,0.7085197603858131,670164928577.4333,11.0301,2433905579426.0654,PPMA_d_2025-07-23
C7,PSAB,2025-07-24T02:35:10Z,2025-07-24T02:35:20Z,2025-07-24T02:35:00Z,2025-07-24T02:40:00Z,9.48119564325935,2186616858562.3333,11.0301,2433905579426.0654,PPMA_d_2025-07-23
C7,PSAB,2025-07-24T02:38:20Z,2025-07-24T02:38:30Z,2025-07-24T02:35:00Z,2025-07-24T02:40:00Z,1.6045744825654142,999464104825.2411,11.0301,2433905579426.0654,PPMA_d_2025-07-23
C7,PSAB,2025-07-24T02:44:00Z,2025-07-24T02:44:10Z,2025-07-24T02:40:00Z,2025-07-24T02:45:00Z,0.7085197603858131,670164928577.4333,11.0301,2433905579426.0654,PPMA_d_2025-07-23
C7,PSAB,2025-07-24T02:54:00Z,2025-07-24T02:54:10Z,2025-07-24T02:50:00Z,2025-07-24T02:55:00Z,0.7085197603858131,670164928577.4333,11.0301,2433905579426.0654,PPMA_d_2025-07-23
C7,PSAB,2025-07-24T02:54:10Z,2025-07-24T02:54:20Z,2025-07-24T02:50:00Z,2025-07-24T02:55:00Z,9.48119564325935,2186616858562.3333,11.0301,2433905579426.0654,PPMA_d_2025-07-23
C7,PSAB,2025-07-24T02:57:00Z,2025-07-24T02:57:10Z,2025-07-24T02:55:00Z,2025-07-24T03:00:00Z,0.7085197603858131,670164928577.4333,11.0301,2433905579426.0654,PPMA_d_2025-07-23
C7,PSAB,2025-07-24T03:08:10Z,2025-07-24T03:08:20Z,2025-07-24T03:05:00Z,2025-07-24T03:10:00Z,0.7085197603858131,670164928577.4333,11.0301,2433905579426.0654,PPMA_d_2025-07-23
C7,PSAB,2025-07-24T03:08:20Z,2025-07-24T03:08:30Z,2025-07-24T03:05:00Z,2025-07-24T03:10:00Z,9.48119564325935,2186616858562.3333,11.0301,2433905579426.0654,PPMA_d_2025-07-23
C7,PSAB,2025-07-24T03:08:40Z,2025-07-24T03:08:50Z,2025-07-24T03:05:00Z,2025-07-24T03:10:00Z,1.6045744825654142,999464104825.2411,11.0301,2433905579426.0654,PPMA_d_2025-07-23
C7,PSAB,2025-07-24T03:08:50Z,2025-07-24T03:09:00Z,2025-07-24T03:05:00Z,2025-07-24T03:10:00Z,0.5068939602406675,784080102842.7778,11.0301,2433905579426.0654,PPMA_d_2025-07-23
C7,PSAB,2025-07-24T03:12:10Z,2025-07-24T03:12:20Z,2025-07-24T03:10:00Z,2025-07-24T03:15:00Z,0.7085197603858131,670164928577.4333,11.0301,2433905579426.0654,PPMA_d_2025-07-23
C7,PSAB,2025-07-24T03:16:10Z,2025-07-24T03:16:20Z,2025-07-24T03:15:00Z,2025-07-24T03:20:00Z,0.7085197603858131,670164928577.4333,11.0301,2433905579426.0654,PPMA_d_2025-07-23
C7,PSAB,2025-07-24T03:16:20Z,2025-07-24T03:16:30Z,2025-07-24T03:15:00Z,2025-07-24T03:20:00Z,9.48119564325935,2186616858562.3333,11.0301,2433905579426.0654,PPMA_d_2025-07-23
C7,PSAB,2025-07-24T03:17:20Z,2025-07-24T03:17:30Z,2025-07-24T03:15:00Z,2025-07-24T03:20:00Z,1.6045744825654142,999464104825.2411,11.0301,2433905579426.0654,PPMA_d_2025-07-23
C7,PSAB,2025-07-24T03:17:30Z,2025-07-24T03:17:40Z,2025-07-24T03:15:00Z,2025-07-24T03:20:00Z,0.5068939602406675,784080102842.7778,11.0301,2433905579426.0654,PPMA_d_2025-07-23
C7,PSAB,2025-07-24T03:17:40Z,2025-07-24T03:17:50Z,2025-07-24T03:15:00Z,2025-07-24T03:20:00Z,0.05422913031451214,748668653834.5159,11.0301,2433905579426.0654,PPMA_d_2025-07-23
C7,PSAB,2025-07-24T03:17:50Z,2025-07-24T03:18:00Z,2025-07-24T03:15:00Z,2025-07-24T03:20:00Z,0.13700248303015092,1010543371614.4663,11.0301,2433905579426.0654,PPMA_d_2025-07-23
C7,PSAB,2025-07-24T03:18:40Z,2025-07-24T03:18:50Z,2025-07-24T03:15:00Z,2025-07-24T03:20:00Z,0.256256782678128,894801022268.1477,11.0301,2433905579426.0654,PPMA_d_2025-07-23
C7,PSAB,2025-07-24T03:19:00Z,2025-07-24T03:19:10Z,2025-07-24T03:15:00Z,2025-07-24T03:20:00Z,0.6561765896711353,1009443900447.4534,11.0301,2433905579426.0654,PPMA_d_2025-07-23
C7,PSAB,2025-07-24T03:19:10Z,2025-07-24T03:19:20Z,2025-07-24T03:15:00Z,2025-07-24T03:20:00Z,0.46752200369606345,784723076132.3956,11.0301,2433905579426.0654,PPMA_d_2025-07-23
C7,PSAB,2025-07-24T03:27:10Z,2025-07-24T03:27:20Z,2025-07-24T03:25:00Z,2025-07-24T03:30:00Z,0.7085197603858131,670164928577.4333,11.0301,2433905579426.0654,PPMA_d_2025-07-23
C7,PSAB,2025-07-24T03:27:20Z,2025-07-24T03:27:30Z,2025-07-24T03:25:00Z,2025-07-24T03:30:00Z,9.48119564325935,2186616858562.3333,11.0301,2433905579426.0654,PPMA_d_2025-07-23
C7,PSAB,2025-07-24T03:28:50Z,2025-07-24T03:29:00Z,2025-07-24T03:25:00Z,2025-07-24T03:30:00Z,1.6045744825654142,999464104825.2411,11.0301,2433905579426.0654,PPMA_d_2025-07-23
C7,PSAB,2025-07-24T03:33:10Z,2025-07-24T03:33:20Z,2025-07-24T03:30:00Z,2025-07-24T03:35:00Z,0.7085197603858131,670164928577.4333,11.0301,2433905579426.0654,PPMA_d_2025-07-23
C7,PSAB,2025-07-24T03:33:40Z,2025-07-24T03:33:50Z,2025-07-24T03:30:00Z,2025-07-24T03:35:00Z,9.48119564325935,2186616858562.3333,11.0301,2433905579426.0654,PPMA_d_2025-07-23
C7,PSAB,2025-07-24T03:31:10Z,2025-07-24T03:31:20Z,2025-07-24T03:30:00Z,2025-07-24T03:35:00Z,1.6045744825654142,999464104825.2411,11.0301,2433905579426.0654,PPMA_d_2025-07-23
C7,PSAB,2025-07-24T03:39:50Z,2025-07-24T03:40:00Z,2025-07-24T03:35:00Z,2025-07-24T03:40:00Z,0.7085197603858131,670164928577.4333,11.0301,2433905579426.0654,PPMA_d_2025-07-23
C7,PSAB,2025-07-24T03:38:40Z,2025-07-24T03:38:50Z,2025-07-24T03:35:00Z,2025-07-24T03:40:00Z,9.48119564325935,2186616858562.3333,11.0301,2433905579426.0654,PPMA_d_2025-07-23
C7,PSAB,2025-07-24T03:40:00Z,2025-07-24T03:40:10Z,2025-07-24T03:40:00Z,2025-07-24T03:45:00Z,0.7085197603858131,670164928577.4333,11.0301,2433905579426.0654,PPMA_d_2025-07-23
C7,PSAB,2025-07-24T03:41:20Z,2025-07-24T03:41:30Z,2025-07-24T03:40:00Z,2025-07-24T03:45:00Z,9.48119564325935,2186616858562.3333,11.0301,2433905579426.0654,PPMA_d_2025-07-23
C7,PSAB,2025-07-24T03:44:10Z,2025-07-24T03:44:20Z,2025-07-24T03:40:00Z,2025-07-24T03:45:00Z,1.6045744825654142,999464104825.2411,11.0301,2433905579426.0654,PPMA_d_2025-07-23
C7,PSAB,2025-07-24T03:41:40Z,2025-07-24T03:41:50Z,2025-07-24T03:40:00Z,2025-07-24T03:45:00Z,0.5068939602406675,784080102842.7778,11.0301,2433905579426.0654,PPMA_d_2025-07-23
C7,PSAB,2025-07-24T03:42:20Z,2025-07-24T03:42:30Z,2025-07-24T03:40:00Z,2025-07-24T03:45:00Z,0.05422913031451214,748668653834.5159,11.0301,2433905579426.0654,PPMA_d_2025-07-23
C7,PSAB,2025-07-24T03:42:30Z,2025-07-24T03:42:40Z,2025-07-24T03:40:00Z,2025-07-24T03:45:00Z,0.13700248303015092,1010543371614.4663,11.0301,2433905579426.0654,PPMA_d_2025-07-23
C7,PSAB,2025-07-24T03:52:10Z,2025-07-24T03:52:20Z,2025-07-24T03:50:00Z,2025-07-24T03:55:00Z,0.7085197603858131,670164928577.4333,11.0301,2433905579426.0654,PPMA_d_2025-07-23
C7,PSAB,2025-07-24T03:52:20Z,2025-07-24T03:52:30Z,2025-07-24T03:50:00Z,2025-07-24T03:55:00Z,9.48119564325935,2186616858562.3333,11.0301,2433905579426.0654,PPMA_d_2025-07-23
C7,PSAB,2025-07-24T03:58:40Z,2025-07-24T03:58:50Z,2025-07-24T03:55:00Z,2025-07-24T04:00:00Z,0.7085197603858131,670164928577.4333,11.0301,2433905579426.0654,PPMA_d_2025-07-23
C7,PSAB,2025-07-24T04:00:00Z,2025-07-24T04:00:10Z,2025-07-24T04:00:00Z,2025-07-24T04:05:00Z,0.7085197603858131,670164928577.4333,11.0301,2433905579426.0654,PPMA_d_2025-07-23
C7,PSAB,2025-07-24T04:09:20Z,2025-07-24T04:09:30Z,2025-07-24T04:05:00Z,2025-07-24T04:10:00Z,0.7085197603858131,670164928577.4333,11.0301,2433905579426.0654,PPMA_d_2025-07-23
C7,PSAB,2025-07-24T04:09:30Z,2025-07-24T04:09:40Z,2025-07-24T04:05:00Z,2025-07-24T04:10:00Z,9.48119564325935,2186616858562.3333,11.0301,2433905579426.0654,PPMA_d_2025-07-23
C7,PSAB,2025-07-24T04:09:40Z,2025-07-24T04:09:50Z,2025-07-24T04:05:00Z,2025-07-24T04:10:00Z,1.6045744825654142,999464104825.2411,11.0301,2433905579426.0654,PPMA_d_2025-07-23
C7,PSAB,2025-07-24T04:13:00Z,2025-07-24T04:13:10Z,2025-07-24T04:10:00Z,2025-07-24T04:15:00Z,0.7085197603858131,670164928577.4333,11.0301,2433905579426.0654,PPMA_d_2025-07-23
C7,PSAB,2025-07-24T04:13:40Z,2025-07-24T04:13:50Z,2025-07-24T04:10:00Z,2025-07-24T04:15:00Z,9.48119564325935,2186616858562.3333,11.0301,2433905579426.0654,PPMA_d_2025-07-23
C7,PSAB,2025-07-24T04:12:30Z,2025-07-24T04:12:40Z,2025-07-24T04:10:00Z,2025-07-24T04:15:00Z,1.6045744825654142,999464104825.2411,11.0301,2433905579426.0654,PPMA_d_2025-07-23
C7,PSAB,2025-07-24T04:17:40Z,2025-07-24T04:17:50Z,2025-07-24T04:15:00Z,2025-07-24T04:20:00Z,0.7085197603858131,670164928577.4333,11.0301,2433905579426.0654,PPMA_d_2025-07-23
C7,PSAB,2025-07-24T04:15:20Z,2025-07-24T04:15:30Z,2025-07-24T04:15:00Z,2025-07-24T04:20:00Z,9.48119564325935,2186616858562.3333,11.0301,2433905579426.0654,PPMA_d_2025-07-23
C7,PSAB,2025-07-24T04:20:30Z,2025-07-24T04:20:40Z,2025-07-24T04:20:00Z,2025-07-24T04:25:00Z,0.7085197603858131,670164928577.4333,11.0301,2433905579426.0654,PPMA_d_2025-07-23
C7,PSAB,2025-07-24T04:21:10Z,2025-07-24T04:21:20Z,2025-07-24T04:20:00Z,2025-07-24T04:25:00Z,9.48119564325935,2186616858562.3333,11.0301,2433905579426.0654,PPMA_d_2025-07-23
C7,PSAB,2025-07-24T04:26:50Z,2025-07-24T04:27:00Z,2025-07-24T04:25:00Z,2025-07-24T04:30:00Z,0.7085197603858131,670164928577.4333,11.0301,2433905579426.0654,PPMA_d_2025-07-23
C7,PSAB,2025-07-24T04:28:50Z,2025-07-24T04:29:00Z,2025-07-24T04:25:00Z,2025-07-24T04:30:00Z,9.48119564325935,2186616858562.3333,11.0301,2433905579426.0654,PPMA_d_2025-07-23
C7,PSAB,2025-07-24T04:33:00Z,2025-07-24T04:33:10Z,2025-07-24T04:30:00Z,2025-07-24T04:35:00Z,0.7085197603858131,670164928577.4333,11.0301,2433905579426.0654,PPMA_d_2025-07-23
C7,PSAB,2025-07-24T04:31:50Z,2025-07-24T04:32:00Z,2025-07-24T04:30:00Z,2025-07-24T04:35:00Z,9.48119564325935,2186616858562.3333,11.0301,2433905579426.0654,PPMA_d_2025-07-23
C7,PSAB,2025-07-24T04:33:50Z,2025-07-24T04:34:00Z,2025-07-24T04:30:00Z,2025-07-24T04:35:00Z,1.6045744825654142,999464104825.2411,11.0301,2433905579426.0654,PPMA_d_2025-07-23
C7,PSAB,2025-07-24T04:35:00Z,2025-07-24T04:35:10Z,2025-07-24T04:35:00Z,2025-07-24T04:40:00Z,0.7085197603858131,670164928577.4333,11.0301,2433905579426.0654,PPMA_d_2025-07-23
C7,PSAB,2025-07-24T04:39:20Z,2025-07-24T04:39:30Z,2025-07-24T04:35:00Z,2025-07-24T04:40:00Z,9.48119564325935,2186616858562.3333,11.0301,2433905579426.0654,PPMA_d_2025-07-23
C7,PSAB,2025-07-24T04:39:30Z,2025-07-24T04:39:40Z,2025-07-24T04:35:00Z,2025-07-24T04:40:00Z,1.6045744825654142,999464104825.2411,11.0301,2433905579426.0654,PPMA_d_2025-07-23
C7,PSAB,2025-07-24T04:38:50Z,2025-07-24T04:39:00Z,2025-07-24T04:35:00Z,2025-07-24T04:40:00Z,0.5068939602406675,784080102842.7778,11.0301,2433905579426.0654,PPMA_d_2025-07-23
C7,PSAB,2025-07-24T04:40:10Z,2025-07-24T04:40:20Z,2025-07-24T04:40:00Z,2025-07-24T04:45:00Z,0.7085197603858131,670164928577.4333,11.0301,2433905579426.0654,PPMA_d_2025-07-23
C7,PSAB,2025-07-24T04:46:40Z,2025-07-24T04:46:50Z,2025-07-24T04:45:00Z,2025-07-24T04:50:00Z,0.7085197603858131,670164928577.4333,11.0301,2433905579426.0654,PPMA_d_2025-07-23
C7,PSAB,2025-07-24T04:46:50Z,2025-07-24T04:47:00Z,2025-07-24T04:45:00Z,2025-07-24T04:50:00Z,9.48119564325935,2186616858562.3333,11.0301,2433905579426.0654,PPMA_d_2025-07-23
C7,PSAB,2025-07-24T04:50:20Z,2025-07-24T04:50:30Z,2025-07-24T04:50:00Z,2025-07-24T04:55:00Z,0.7085197603858131,670164928577.4333,11.0301,2433905579426.0654,PPMA_d_2025-07-23
C7,PSAB,2025-07-24T04:50:30Z,2025-07-24T04:50:40Z,2025-07-24T04:50:00Z,2025-07-24T04:55:00Z,9.48119564325935,2186616858562.3333,11.0301,2433905579426.0654,PPMA_d_2025-07-23
C7,PSAB,2025-07-24T04:55:30Z,2025-07-24T04:55:40Z,2025-07-24T04:55:00Z,2025-07-24T05:00:00Z,0.7085197603858131,670164928577.4333,11.0301,2433905579426.0654,PPMA_d_2025-07-23
C7,PSAB,2025-07-24T04:57:20Z,2025-07-24T04:57:30Z,2025-07-24T04:55:00Z,2025-07-24T05:00:00Z,9.48119564325935,2186616858562.3333,11.0301,2433905579426.0654,PPMA_d_2025-07-23
C7,PSAB,2025-07-24T04:56:10Z,2025-07-24T04:56:20Z,2025-07-24T04:55:00Z,2025-07-24T05:00:00Z,1.6045744825654142,999464104825.2411,11.0301,2433905579426.0654,PPMA_d_2025-07-23
C7,PSAB,2025-07-24T05:03:20Z,2025-07-24T05:03:30Z,2025-07-24T05:00:00Z,2025-07-24T05:05:00Z,0.7085197603858131,670164928577.4333,11.0301,2433905579426.0654,PPMA_d_2025-07-23
C7,PSAB,2025-07-24T05:01:20Z,2025-07-24T05:01:30Z,2025-07-24T05:00:00Z,2025-07-24T05:05:00Z,9.48119564325935,2186616858562.3333,11.0301,2433905579426.0654,PPMA_d_2025-07-23
C7,PSAB,2025-07-24T05:04:20Z,2025-07-24T05:04:30Z,2025-07-24T05:00:00Z,2025-07-24T05:05:00Z,1.6045744825654142,999464104825.2411,11.0301,2433905579426.0654,PPMA_d_2025-07-23
C7,PSAB,2025-07-24T05:01:50Z,2025-07-24T05:02:00Z,2025-07-24T05:00:00Z,2025-07-24T05:05:00Z,0.5068939602406675,784080102842.7778,11.0301,2433905579426.0654,PPMA_d_2025-07-23
C7,PSAB,2025-07-24T05:04:50Z,2025-07-24T05:05:00Z,2025-07-24T05:00:00Z,2025-07-24T05:05:00Z,0.05422913031451214,748668653834.5159,11.0301,2433905579426.0654,PPMA_d_2025-07-23
C7,PSAB,2025-07-24T05:02:20Z,2025-07-24T05:02:30Z,2025-07-24T05:00:00Z,2025-07-24T05:05:00Z,0.13700248303015092,1010543371614.4663,11.0301,2433905579426.0654,PPMA_d_2025-07-23
C7,PSAB,2025-07-24T05:02:30Z,2025-07-24T05:02:40Z,2025-07-24T05:00:00Z,2025-07-24T05:05:00Z,0.256256782678128,894801022268.1477,11.0301,2433905579426.0654,PPMA_d_2025-07-23
C7,PSAB,2025-07-24T05:08:20Z,2025-07-24T05:08:30Z,2025-07-24T05:05:00Z,2025-07-24T05:10:00Z,0.7085197603858131,670164928577.4333,11.0301,2433905579426.0654,PPMA_d_2025-07-23
C7,PSAB,2025-07-24T05:08:30Z,2025-07-24T05:08:40Z,2025-07-24T05:05:00Z,2025-07-24T05:10:00Z,9.48119564325935,2186616858562.3333,11.0301,2433905579426.0654,PPMA_d_2025-07-23
C7,PSAB,2025-07-24T05:06:00Z,2025-07-24T05:06:10Z,2025-07-24T05:05:00Z,2025-07-24T05:10:00Z,1.6045744825654142,999464104825.2411,11.0301,2433905579426.0654,PPMA_d_2025-07-23
C7,PSAB,2025-07-24T05:08:40Z,2025-07-24T05:08:50Z,2025-07-24T05:05:00Z,2025-07-24T05:10:00Z,0.5068939602406675,784080102842.7778,11.0301,2433905579426.0654,PPMA_d_2025-07-23
C7,PSAB,2025-07-24T05:14:10Z,2025-07-24T05:14:20Z,2025-07-24T05:10:00Z,2025-07-24T05:15:00Z,0.7085197603858131,670164928577.4333,11.0301,2433905579426.0654,PPMA_d_2025-07-23
C7,PSAB,2025-07-24T05:10:20Z,2025-07-24T05:10:30Z,2025-07-24T05:10:00Z,2025-07-24T05:15:00Z,9.48119564325935,2186616858562.3333,11.0301,2433905579426.0654,PPMA_d_2025-07-23
C7,PSAB,2025-07-24T05:11:40Z,2025-07-24T05:11:50Z,2025-07-24T05:10:00Z,2025-07-24T05:15:00Z,1.6045744825654142,999464104825.2411,11.0301,2433905579426.0654,PPMA_d_2025-07-23
C7,PSAB,2025-07-24T05:24:20Z,2025-07-24T05:24:30Z,2025-07-24T05:20:00Z,2025-07-24T05:25:00Z,0.7085197603858131,670164928577.4333,11.0301,2433905579426.0654,PPMA_d_2025-07-23
C7,PSAB,2025-07-24T05:24:50Z,2025-07-24T05:25:00Z,2025-07-24T05:20:00Z,2025-07-24T05:25:00Z,9.48119564325935,2186616858562.3333,11.0301,2433905579426.0654,PPMA_d_2025-07-23
C7,PSAB,2025-07-24T05:22:00Z,2025-07-24T05:22:10Z,2025-07-24T05:20:00Z,2025-07-24T05:25:00Z,1.6045744825654142,999464104825.2411,11.0301,2433905579426.0654,PPMA_d_2025-07-23
C7,PSAB,2025-07-24T05:24:40Z,2025-07-24T05:24:50Z,2025-07-24T05:20:00Z,2025-07-24T05:25:00Z,0.5068939602406675,784080102842.7778,11.0301,2433905579426.0654,PPMA_d_2025-07-23
C7,PSAB,2025-07-24T05:25:20Z,2025-07-24T05:25:30Z,2025-07-24T05:25:00Z,2025-07-24T05:30:00Z,0.7085197603858131,670164928577.4333,11.0301,2433905579426.0654,PPMA_d_2025-07-23
C7,PSAB,2025-07-24T05:29:50Z,2025-07-24T05:30:00Z,2025-07-24T05:25:00Z,2025-07-24T05:30:00Z,9.48119564325935,2186616858562.3333,11.0301,2433905579426.0654,PPMA_d_2025-07-23
C7,PSAB,2025-07-24T05:31:40Z,2025-07-24T05:31:50Z,2025-07-24T05:30:00Z,2025-07-24T05:35:00Z,0.7085197603858131,670164928577.4333,11.0301,2433905579426.0654,PPMA_d_2025-07-23
C7,PSAB,2025-07-24T05:31:50Z,2025-07-24T05:32:00Z,2025-07-24T05:30:00Z,2025-07-24T05:35:00Z,9.48119564325935,2186616858562.3333,11.0301,2433905579426.0654,PPMA_d_2025-07-23
C7,PSAB,2025-07-24T05:30:40Z,2025-07-24T05:30:50Z,2025-07-24T05:30:00Z,2025-07-24T05:35:00Z,1.6045744825654142,999464104825.2411,11.0301,2433905579426.0654,PPMA_d_2025-07-23
C7,PSAB,2025-07-24T05:32:00Z,2025-07-24T05:32:10Z,2025-07-24T05:30:00Z,2025-07-24T05:35:00Z,0.5068939602406675,784080102842.7778,11.0301,2433905579426.0654,PPMA_d_2025-07-23
C7,PSAB,2025-07-24T05:37:40Z,2025-07-24T05:37:50Z,2025-07-24T05:35:00Z,2025-07-24T05:40:00Z,0.7085197603858131,670164928577.4333,11.0301,2433905579426.0654,PPMA_d_2025-07-23
C7,PSAB,2025-07-24T05:38:10Z,2025-07-24T05:38:20Z,2025-07-24T05:35:00Z,2025-07-24T05:40:00Z,9.48119564325935,2186616858562.3333,11.0301,2433905579426.0654,PPMA_d_2025-07-23
C7,PSAB,2025-07-24T05:36:50Z,2025-07-24T05:37:00Z,2025-07-24T05:35:00Z,2025-07-24T05:40:00Z,1.6045744825654142,999464104825.2411,11.0301,2433905579426.0654,PPMA_d_2025-07-23
C7,PSAB,2025-07-24T05:39:00Z,2025-07-24T05:39:10Z,2025-07-24T05:35:00Z,2025-07-24T05:40:00Z,0.5068939602406675,784080102842.7778,11.0301,2433905579426.0654,PPMA_d_2025-07-23
C7,PSAB,2025-07-24T05:41:30Z,2025-07-24T05:41:40Z,2025-07-24T05:40:00Z,2025-07-24T05:45:00Z,0.7085197603858131,670164928577.4333,11.0301,2433905579426.0654,PPMA_d_2025-07-23
C7,PSAB,2025-07-24T05:44:30Z,2025-07-24T05:44:40Z,2025-07-24T05:40:00Z,2025-07-24T05:45:00Z,9.48119564325935,2186616858562.3333,11.0301,2433905579426.0654,PPMA_d_2025-07-23
C7,PSAB,2025-07-24T05:40:40Z,2025-07-24T05:40:50Z,2025-07-24T05:40:00Z,2025-07-24T05:45:00Z,1.6045744825654142,999464104825.2411,11.0301,2433905579426.0654,PPMA_d_2025-07-23
C7,PSAB,2025-07-24T05:49:10Z,2025-07-24T05:49:20Z,2025-07-24T05:45:00Z,2025-07-24T05:50:00Z,0.7085197603858131,670164928577.4333,11.0301,2433905579426.0654,PPMA_d_2025-07-23
C7,PSAB,2025-07-24T05:48:00Z,2025-07-24T05:48:10Z,2025-07-24T05:45:00Z,2025-07-24T05:50:00Z,9.48119564325935,2186616858562.3333,11.0301,2433905579426.0654,PPMA_d_2025-07-23
C7,PSAB,2025-07-24T05:47:10Z,2025-07-24T05:47:20Z,2025-07-24T05:45:00Z,2025-07-24T05:50:00Z,1.6045744825654142,999464104825.2411,11.0301,2433905579426.0654,PPMA_d_2025-07-23
C7,PSAB,2025-07-24T05:51:50Z,2025-07-24T05:52:00Z,2025-07-24T05:50:00Z,2025-07-24T05:55:00Z,0.7085197603858131,670164928577.4333,11.0301,2433905579426.0654,PPMA_d_2025-07-23
C7,PSAB,2025-07-24T05:52:00Z,2025-07-24T05:52:10Z,2025-07-24T05:50:00Z,2025-07-24T05:55:00Z,9.48119564325935,2186616858562.3333,11.0301,2433905579426.0654,PPMA_d_2025-07-23
C7,PSAB,2025-07-24T05:53:30Z,2025-07-24T05:53:40Z,2025-07-24T05:50:00Z,2025-07-24T05:55:00Z,1.6045744825654142,999464104825.2411,11.0301,2433905579426.0654,PPMA_d_2025-07-23
C7,PSAB,2025-07-24T05:55:30Z,2025-07-24T05:55:40Z,2025-07-24T05:55:00Z,2025-07-24T06:00:00Z,0.7085197603858131,670164928577.4333,11.0301,2433905579426.0654,PPMA_d_2025-07-23
C7,PSAB,2025-07-24T05:57:00Z,2025-07-24T05:57:10Z,2025-07-24T05:55:00Z,2025-07-24T06:00:00Z,9.48119564325935,2186616858562.3333,11.0301,2433905579426.0654,PPMA_d_2025-07-23
C7,PSAB,2025-07-24T05:57:10Z,2025-07-24T05:57:20Z,2025-07-24T05:55:00Z,2025-07-24T06:00:00Z,1.6045744825654142,999464104825.2411,11.0301,2433905579426.0654,PPMA_d_2025-07-23
C7,PSAB,2025-07-24T06:09:10Z,2025-07-24T06:09:20Z,2025-07-24T06:05:00Z,2025-07-24T06:10:00Z,0.7085197603858131,670164928577.4333,11.0301,2433905579426.0654,PPMA_d_2025-07-23
C7,PSAB,2025-07-24T06:09:20Z,2025-07-24T06:09:30Z,2025-07-24T06:05:00Z,2025-07-24T06:10:00Z,9.48119564325935,2186616858562.3333,11.0301,2433905579426.0654,PPMA_d_2025-07-23
C7,PSAB,2025-07-24T06:09:40Z,2025-07-24T06:09:50Z,2025-07-24T06:05:00Z,2025-07-24T06:10:00Z,1.6045744825654142,999464104825.2411,11.0301,2433905579426.0654,PPMA_d_2025-07-23
C7,PSAB,2025-07-24T06:09:50Z,2025-07-24T06:10:00Z,2025-07-24T06:05:00Z,2025-07-24T06:10:00Z,0.5068939602406675,784080102842.7778,11.0301,2433905579426.0654,PPMA_d_2025-07-23
C7,PSAB,2025-07-24T07:11:30Z,2025-07-24T07:11:40Z,2025-07-24T07:10:00Z,2025-07-24T07:15:00Z,0.7085197603858131,670164928577.4333,11.0301,2433905579426.0654,PPMA_d_2025-07-23
C7,PSAB,2025-07-24T07:19:10Z,2025-07-24T07:19:20Z,2025-07-24T07:15:00Z,2025-07-24T07:20:00Z,0.7085197603858131,670164928577.4333,11.0301,2433905579426.0654,PPMA_d_2025-07-23
C7,PSAB,2025-07-24T07:18:00Z,2025-07-24T07:18:10Z,2025-07-24T07:15:00Z,2025-07-24T07:20:00Z,9.48119564325935,2186616858562.3333,11.0301,2433905579426.0654,PPMA_d_2025-07-23
C7,PSAB,2025-07-24T07:19:20Z,2025-07-24T07:19:30Z,2025-07-24T07:15:00Z,2025-07-24T07:20:00Z,1.6045744825654142,999464104825.2411,11.0301,2433905579426.0654,PPMA_d_2025-07-23
C7,PSAB,2025-07-24T07:18:40Z,2025-07-24T07:18:50Z,2025-07-24T07:15:00Z,2025-07-24T07:20:00Z,0.5068939602406675,784080102842.7778,11.0301,2433905579426.0654,PPMA_d_2025-07-23
C7,PSAB,2025-07-24T07:21:30Z,2025-07-24T07:21:40Z,2025-07-24T07:20:00Z,2025-07-24T07:25:00Z,0.7085197603858131,670164928577.4333,11.0301,2433905579426.0654,PPMA_d_2025-07-23
C7,PSAB,2025-07-24T07:31:20Z,2025-07-24T07:31:30Z,2025-07-24T07:30:00Z,2025-07-24T07:35:00Z,0.7085197603858131,670164928577.4333,11.0301,2433905579426.0654,PPMA_d_2025-07-23
C7,PSAB,2025-07-24T07:31:00Z,2025-07-24T07:31:10Z,2025-07-24T07:30:00Z,2025-07-24T07:35:00Z,9.48119564325935,2186616858562.3333,11.0301,2433905579426.0654,PPMA_d_2025-07-23
C7,PSAB,2025-07-24T07:36:20Z,2025-07-24T07:36:30Z,2025-07-24T07:35:00Z,2025-07-24T07:40:00Z,0.7085197603858131,670164928577.4333,11.0301,2433905579426.0654,PPMA_d_2025-07-23
C7,PSAB,2025-07-24T07:37:20Z,2025-07-24T07:37:30Z,2025-07-24T07:35:00Z,2025-07-24T07:40:00Z,9.48119564325935,2186616858562.3333,11.0301,2433905579426.0654,PPMA_d_2025-07-23
C7,PSAB,2025-07-24T07:41:40Z,2025-07-24T07:41:50Z,2025-07-24T07:40:00Z,2025-07-24T07:45:00Z,0.7085197603858131,670164928577.4333,11.0301,2433905579426.0654,PPMA_d_2025-07-23
C7,PSAB,2025-07-24T07:45:00Z,2025-07-24T07:45:10Z,2025-07-24T07:45:00Z,2025-07-24T07:50:00Z,0.7085197603858131,670164928577.4333,11.0301,2433905579426.0654,PPMA_d_2025-07-23
C7,PSAB,2025-07-24T07:45:10Z,2025-07-24T07:45:20Z,2025-07-24T07:45:00Z,2025-07-24T07:50:00Z,9.48119564325935,2186616858562.3333,11.0301,2433905579426.0654,PPMA_d_2025-07-23
C7,PSAB,2025-07-24T07:46:30Z,2025-07-24T07:46:40Z,2025-07-24T07:45:00Z,2025-07-24T07:50:00Z,1.6045744825654142,999464104825.2411,11.0301,2433905579426.0654,PPMA_d_2025-07-23
C7,PSAB,2025-07-24T07:49:20Z,2025-07-24T07:49:30Z,2025-07-24T07:45:00Z,2025-07-24T07:50:00Z,0.5068939602406675,784080102842.7778,11.0301,2433905579426.0654,PPMA_d_2025-07-23
C7,PSAB,2025-07-24T07:49:30Z,2025-07-24T07:49:40Z,2025-07-24T07:45:00Z,2025-07-24T07:50:00Z,0.05422913031451214,748668653834.5159,11.0301,2433905579426.0654,PPMA_d_2025-07-23
C7,PSAB,2025-07-24T07:54:10Z,2025-07-24T07:54:20Z,2025-07-24T07:50:00Z,2025-07-24T07:55:00Z,0.7085197603858131,670164928577.4333,11.0301,2433905579426.0654,PPMA_d_2025-07-23
C7,PSAB,2025-07-24T07:56:50Z,2025-07-24T07:57:00Z,2025-07-24T07:55:00Z,2025-07-24T08:00:00Z,0.7085197603858131,670164928577.4333,11.0301,2433905579426.0654,PPMA_d_2025-07-23
C7,PSAB,2025-07-24T07:58:40Z,2025-07-24T07:58:50Z,2025-07-24T07:55:00Z,2025-07-24T08:00:00Z,9.48119564325935,2186616858562.3333,11.0301,2433905579426.0654,PPMA_d_2025-07-23
C7,PSAB,2025-07-24T08:03:30Z,2025-07-24T08:03:40Z,2025-07-24T08:00:00Z,2025-07-24T08:05:00Z,0.7085197603858131,670164928577.4333,11.0301,2433905579426.0654,PPMA_d_2025-07-23
C7,PSAB,2025-07-24T08:03:40Z,2025-07-24T08:03:50Z,2025-07-24T08:00:00Z,2025-07-24T08:05:00Z,9.48119564325935,2186616858562.3333,11.0301,2433905579426.0654,PPMA_d_2025-07-23
C7,PSAB,2025-07-24T08:08:10Z,2025-07-24T08:08:20Z,2025-07-24T08:05:00Z,2025-07-24T08:10:00Z,0.7085197603858131,670164928577.4333,11.0301,2433905579426.0654,PPMA_d_2025-07-23
C7,PSAB,2025-07-24T08:07:10Z,2025-07-24T08:07:20Z,2025-07-24T08:05:00Z,2025-07-24T08:10:00Z,9.48119564325935,2186616858562.3333,11.0301,2433905579426.0654,PPMA_d_2025-07-23
C7,PSAB,2025-07-24T08:10:40Z,2025-07-24T08:10:50Z,2025-07-24T08:10:00Z,2025-07-24T08:15:00Z,0.7085197603858131,670164928577.4333,11.0301,2433905579426.0654,PPMA_d_2025-07-23
C7,PSAB,2025-07-24T08:15:10Z,2025-07-24T08:15:20Z,2025-07-24T08:15:00Z,2025-07-24T08:20:00Z,0.7085197603858131,670164928577.4333,11.0301,2433905579426.0654,PPMA_d_2025-07-23
C7,PSAB,2025-07-24T08:19:10Z,2025-07-24T08:19:20Z,2025-07-24T08:15:00Z,2025-07-24T08:20:00Z,9.48119564325935,2186616858562.3333,11.0301,2433905579426.0654,PPMA_d_2025-07-23
C7,PSAB,2025-07-24T08:16:50Z,2025-07-24T08:17:00Z,2025-07-24T08:15:00Z,2025-07-24T08:20:00Z,1.6045744825654142,999464104825.2411,11.0301,2433905579426.0654,PPMA_d_2025-07-23
C7,PSAB,2025-07-24T08:17:00Z,2025-07-24T08:17:10Z,2025-07-24T08:15:00Z,2025-07-24T08:20:00Z,0.5068939602406675,784080102842.7778,11.0301,2433905579426.0654,PPMA_d_2025-07-23
C7,PSAB,2025-07-24T08:17:20Z,2025-07-24T08:17:30Z,2025-07-24T08:15:00Z,2025-07-24T08:20:00Z,0.05422913031451214,748668653834.5159,11.0301,2433905579426.0654,PPMA_d_2025-07-23
C7,PSAB,2025-07-24T08:20:00Z,2025-07-24T08:20:10Z,2025-07-24T08:20:00Z,2025-07-24T08:25:00Z,0.7085197603858131,670164928577.4333,11.0301,2433905579426.0654,PPMA_d_2025-07-23
C7,PSAB,2025-07-24T08:29:10Z,2025-07-24T08:29:20Z,2025-07-24T08:25:00Z,2025-07-24T08:30:00Z,0.7085197603858131,670164928577.4333,11.0301,2433905579426.0654,PPMA_d_2025-07-23
C7,PSAB,2025-07-24T08:32:20Z,2025-07-24T08:32:30Z,2025-07-24T08:30:00Z,2025-07-24T08:35:00Z,0.7085197603858131,670164928577.4333,11.0301,2433905579426.0654,PPMA_d_2025-07-23
C7,PSAB,2025-07-24T08:35:50Z,2025-07-24T08:36:00Z,2025-07-24T08:35:00Z,2025-07-24T08:40:00Z,0.7085197603858131,670164928577.4333,11.0301,2433905579426.0654,PPMA_d_2025-07-23
C7,PSAB,2025-07-24T08:36:20Z,2025-07-24T08:36:30Z,2025-07-24T08:35:00Z,2025-07-24T08:40:00Z,9.48119564325935,2186616858562.3333,11.0301,2433905579426.0654,PPMA_d_2025-07-23
C7,PSAB,2025-07-24T08:36:50Z,2025-07-24T08:37:00Z,2025-07-24T08:35:00Z,2025-07-24T08:40:00Z,1.6045744825654142,999464104825.2411,11.0301,2433905579426.0654,PPMA_d_2025-07-23
C7,PSAB,2025-07-24T08:37:00Z,2025-07-24T08:37:10Z,2025-07-24T08:35:00Z,2025-07-24T08:40:00Z,0.5068939602406675,784080102842.7778,11.0301,2433905579426.0654,PPMA_d_2025-07-23
C7,PSAB,2025-07-24T08:37:10Z,2025-07-24T08:37:20Z,2025-07-24T08:35:00Z,2025-07-24T08:40:00Z,0.05422913031451214,748668653834.5159,11.0301,2433905579426.0654,PPMA_d_2025-07-23
C7,PSAB,2025-07-24T08:37:20Z,2025-07-24T08:37:30Z,2025-07-24T08:35:00Z,2025-07-24T08:40:00Z,0.13700248303015092,1010543371614.4663,11.0301,2433905579426.0654,PPMA_d_2025-07-23
C7,PSAB,2025-07-24T08:37:30Z,2025-07-24T08:37:40Z,2025-07-24T08:35:00Z,2025-07-24T08:40:00Z,0.256256782678128,894801022268.1477,11.0301,2433905579426.0654,PPMA_d_2025-07-23
C7,PSAB,2025-07-24T08:37:40Z,2025-07-24T08:37:50Z,2025-07-24T08:35:00Z,2025-07-24T08:40:00Z,0.6561765896711353,1009443900447.4534,11.0301,2433905579426.0654,PPMA_d_2025-07-23
C7,PSAB,2025-07-24T08:37:50Z,2025-07-24T08:38:00Z,2025-07-24T08:35:00Z,2025-07-24T08:40:00Z,0.46752200369606345,784723076132.3956,11.0301,2433905579426.0654,PPMA_d_2025-07-23
C7,PSAB,2025-07-24T08:38:00Z,2025-07-24T08:38:10Z,2025-07-24T08:35:00Z,2025-07-24T08:40:00Z,1.270602228535419,859848516175.4348,11.0301,2433905579426.0654,PPMA_d_2025-07-23
C7,PSAB,2025-07-24T08:38:10Z,2025-07-24T08:38:20Z,2025-07-24T08:35:00Z,2025-07-24T08:40:00Z,1.734711154936139,1997755005153.875,11.0301,2433905579426.0654,PPMA_d_2025-07-23
C7,PSAB,2025-07-24T08:38:20Z,2025-07-24T08:38:30Z,2025-07-24T08:35:00Z,2025-07-24T08:40:00Z,0.4599200363632626,1157451105244.5996,11.0301,2433905579426.0654,PPMA_d_2025-07-23
C7,PSAB,2025-07-24T08:38:40Z,2025-07-24T08:38:50Z,2025-07-24T08:35:00Z,2025-07-24T08:40:00Z,0.10422705244670784,1045075408663.9207,11.0301,2433905579426.0654,PPMA_d_2025-07-23
C7,PSAB,2025-07-24T08:41:30Z,2025-07-24T08:41:40Z,2025-07-24T08:40:00Z,2025-07-24T08:45:00Z,0.7085197603858131,670164928577.4333,11.0301,2433905579426.0654,PPMA_d_2025-07-23
C7,PSAB,2025-07-24T08:44:20Z,2025-07-24T08:44:30Z,2025-07-24T08:40:00Z,2025-07-24T08:45:00Z,9.48119564325935,2186616858562.3333,11.0301,2433905579426.0654,PPMA_d_2025-07-23
C7,PSAB,2025-07-24T08:44:30Z,2025-07-24T08:44:40Z,2025-07-24T08:40:00Z,2025-07-24T08:45:00Z,1.6045744825654142,999464104825.2411,11.0301,2433905579426.0654,PPMA_d_2025-07-23
C7,PSAB,2025-07-24T08:49:30Z,2025-07-24T08:49:40Z,2025-07-24T08:45:00Z,2025-07-24T08:50:00Z,0.7085197603858131,670164928577.4333,11.0301,2433905579426.0654,PPMA_d_2025-07-23
C7,PSAB,2025-07-24T08:49:50Z,2025-07-24T08:50:00Z,2025-07-24T08:45:00Z,2025-07-24T08:50:00Z,9.48119564325935,2186616858562.3333,11.0301,2433905579426.0654,PPMA_d_2025-07-23
C7,PSAB,2025-07-24T08:50:00Z,2025-07-24T08:50:10Z,2025-07-24T08:50:00Z,2025-07-24T08:55:00Z,0.7085197603858131,670164928577.4333,11.0301,2433905579426.0654,PPMA_d_2025-07-23
C7,PSAB,2025-07-24T08:50:10Z,2025-07-24T08:50:20Z,2025-07-24T08:50:00Z,2025-07-24T08:55:00Z,9.48119564325935,2186616858562.3333,11.0301,2433905579426.0654,PPMA_d_2025-07-23
C7,PSAB,2025-07-24T08:54:50Z,2025-07-24T08:55:00Z,2025-07-24T08:50:00Z,2025-07-24T08:55:00Z,1.6045744825654142,999464104825.2411,11.0301,2433905579426.0654,PPMA_d_2025-07-23
C7,PSAB,2025-07-24T08:52:30Z,2025-07-24T08:52:40Z,2025-07-24T08:50:00Z,2025-07-24T08:55:00Z,0.5068939602406675,784080102842.7778,11.0301,2433905579426.0654,PPMA_d_2025-07-23
C7,PSAB,2025-07-24T09:00:20Z,2025-07-24T09:00:30Z,2025-07-24T09:00:00Z,2025-07-24T09:05:00Z,0.7085197603858131,670164928577.4333,11.0301,2433905579426.0654,PPMA_d_2025-07-23
C7,PSAB,2025-07-24T09:07:40Z,2025-07-24T09:07:50Z,2025-07-24T09:05:00Z,2025-07-24T09:10:00Z,0.7085197603858131,670164928577.4333,11.0301,2433905579426.0654,PPMA_d_2025-07-23
C7,PSAB,2025-07-24T09:07:10Z,2025-07-24T09:07:20Z,2025-07-24T09:05:00Z,2025-07-24T09:10:00Z,9.48119564325935,2186616858562.3333,11.0301,2433905579426.0654,PPMA_d_2025-07-23
C7,PSAB,2025-07-24T09:11:50Z,2025-07-24T09:12:00Z,2025-07-24T09:10:00Z,2025-07-24T09:15:00Z,0.7085197603858131,670164928577.4333,11.0301,2433905579426.0654,PPMA_d_2025-07-23
C7,PSAB,2025-07-24T09:15:00Z,2025-07-24T09:15:10Z,2025-07-24T09:15:00Z,2025-07-24T09:20:00Z,0.7085197603858131,670164928577.4333,11.0301,2433905579426.0654,PPMA_d_2025-07-23
C7,PSAB,2025-07-24T09:18:30Z,2025-07-24T09:18:40Z,2025-07-24T09:15:00Z,2025-07-24T09:20:00Z,9.48119564325935,2186616858562.3333,11.0301,2433905579426.0654,PPMA_d_2025-07-23
C7,PSAB,2025-07-24T09:16:00Z,2025-07-24T09:16:10Z,2025-07-24T09:15:00Z,2025-07-24T09:20:00Z,1.6045744825654142,999464104825.2411,11.0301,2433905579426.0654,PPMA_d_2025-07-23
C7,PSAB,2025-07-24T09:18:40Z,2025-07-24T09:18:50Z,2025-07-24T09:15:00Z,2025-07-24T09:20:00Z,0.5068939602406675,784080102842.7778,11.0301,2433905579426.0654,PPMA_d_2025-07-23
C7,PSAB,2025-07-24T09:16:30Z,2025-07-24T09:16:40Z,2025-07-24T09:15:00Z,2025-07-24T09:20:00Z,0.05422913031451214,748668653834.5159,11.0301,2433905579426.0654,PPMA_d_2025-07-23
C7,PSAB,2025-07-24T09:24:30Z,2025-07-24T09:24:40Z,2025-07-24T09:20:00Z,2025-07-24T09:25:00Z,0.7085197603858131,670164928577.4333,11.0301,2433905579426.0654,PPMA_d_2025-07-23
C7,PSAB,2025-07-24T09:21:40Z,2025-07-24T09:21:50Z,2025-07-24T09:20:00Z,2025-07-24T09:25:00Z,9.48119564325935,2186616858562.3333,11.0301,2433905579426.0654,PPMA_d_2025-07-23
C7,PSAB,2025-07-24T09:24:20Z,2025-07-24T09:24:30Z,2025-07-24T09:20:00Z,2025-07-24T09:25:00Z,1.6045744825654142,999464104825.2411,11.0301,2433905579426.0654,PPMA_d_2025-07-23
C7,PSAB,2025-07-24T09:29:10Z,2025-07-24T09:29:20Z,2025-07-24T09:25:00Z,2025-07-24T09:30:00Z,0.7085197603858131,670164928577.4333,11.0301,2433905579426.0654,PPMA_d_2025-07-23
C7,PSAB,2025-07-24T09:26:40Z,2025-07-24T09:26:50Z,2025-07-24T09:25:00Z,2025-07-24T09:30:00Z,9.48119564325935,2186616858562.3333,11.0301,2433905579426.0654,PPMA_d_2025-07-23
C7,PSAB,2025-07-24T09:28:30Z,2025-07-24T09:28:40Z,2025-07-24T09:25:00Z,2025-07-24T09:30:00Z,1.6045744825654142,999464104825.2411,11.0301,2433905579426.0654,PPMA_d_2025-07-23
C7,PSAB,2025-07-24T09:27:20Z,2025-07-24T09:27:30Z,2025-07-24T09:25:00Z,2025-07-24T09:30:00Z,0.5068939602406675,784080102842.7778,11.0301,2433905579426.0654,PPMA_d_2025-07-23
C7,PSAB,2025-07-24T09:33:00Z,2025-07-24T09:33:10Z,2025-07-24T09:30:00Z,2025-07-24T09:35:00Z,0.7085197603858131,670164928577.4333,11.0301,2433905579426.0654,PPMA_d_2025-07-23
C7,PSAB,2025-07-24T09:30:40Z,2025-07-24T09:30:50Z,2025-07-24T09:30:00Z,2025-07-24T09:35:00Z,9.48119564325935,2186616858562.3333,11.0301,2433905579426.0654,PPMA_d_2025-07-23
C7,PSAB,2025-07-24T09:35:20Z,2025-07-24T09:35:30Z,2025-07-24T09:35:00Z,2025-07-24T09:40:00Z,0.7085197603858131,670164928577.4333,11.0301,2433905579426.0654,PPMA_d_2025-07-23
C7,PSAB,2025-07-24T09:38:20Z,2025-07-24T09:38:30Z,2025-07-24T09:35:00Z,2025-07-24T09:40:00Z,9.48119564325935,2186616858562.3333,11.0301,2433905579426.0654,PPMA_d_2025-07-23
C7,PSAB,2025-07-24T09:36:50Z,2025-07-24T09:37:00Z,2025-07-24T09:35:00Z,2025-07-24T09:40:00Z,1.6045744825654142,999464104825.2411,11.0301,2433905579426.0654,PPMA_d_2025-07-23
C7,PSAB,2025-07-24T09:39:50Z,2025-07-24T09:40:00Z,2025-07-24T09:35:00Z,2025-07-24T09:40:00Z,0.5068939602406675,784080102842.7778,11.0301,2433905579426.0654,PPMA_d_2025-07-23
C7,PSAB,2025-07-24T09:42:00Z,2025-07-24T09:42:10Z,2025-07-24T09:40:00Z,2025-07-24T09:45:00Z,0.7085197603858131,670164928577.4333,11.0301,2433905579426.0654,PPMA_d_2025-07-23
C7,PSAB,2025-07-24T09:46:40Z,2025-07-24T09:46:50Z,2025-07-24T09:45:00Z,2025-07-24T09:50:00Z,0.7085197603858131,670164928577.4333,11.0301,2433905579426.0654,PPMA_d_2025-07-23
C7,PSAB,2025-07-24T09:47:10Z,2025-07-24T09:47:20Z,2025-07-24T09:45:00Z,2025-07-24T09:50:00Z,9.48119564325935,2186616858562.3333,11.0301,2433905579426.0654,PPMA_d_2025-07-23
C7,PSAB,2025-07-24T09:51:20Z,2025-07-24T09:51:30Z,2025-07-24T09:50:00Z,2025-07-24T09:55:00Z,0.7085197603858131,670164928577.4333,11.0301,2433905579426.0654,PPMA_d_2025-07-23
C7,PSAB,2025-07-24T09:58:30Z,2025-07-24T09:58:40Z,2025-07-24T09:55:00Z,2025-07-24T10:00:00Z,0.7085197603858131,670164928577.4333,11.0301,2433905579426.0654,PPMA_d_2025-07-23
C7,PSAB,2025-07-24T09:57:20Z,2025-07-24T09:57:30Z,2025-07-24T09:55:00Z,2025-07-24T10:00:00Z,9.48119564325935,2186616858562.3333,11.0301,2433905579426.0654,PPMA_d_2025-07-23
C7,PSAB,2025-07-24T10:00:20Z,2025-07-24T10:00:30Z,2025-07-24T10:00:00Z,2025-07-24T10:05:00Z,0.7085197603858131,670164928577.4333,11.0301,2433905579426.0654,PPMA_d_2025-07-23
C7,PSAB,2025-07-24T10:02:10Z,2025-07-24T10:02:20Z,2025-07-24T10:00:00Z,2025-07-24T10:05:00Z,9.48119564325935,2186616858562.3333,11.0301,2433905579426.0654,PPMA_d_2025-07-23
C7,PSAB,2025-07-24T10:02:50Z,2025-07-24T10:03:00Z,2025-07-24T10:00:00Z,2025-07-24T10:05:00Z,1.6045744825654142,999464104825.2411,11.0301,2433905579426.0654,PPMA_d_2025-07-23
C7,PSAB,2025-07-24T10:03:00Z,2025-07-24T10:03:10Z,2025-07-24T10:00:00Z,2025-07-24T10:05:00Z,0.5068939602406675,784080102842.7778,11.0301,2433905579426.0654,PPMA_d_2025-07-23
C7,PSAB,2025-07-24T10:03:10Z,2025-07-24T10:03:20Z,2025-07-24T10:00:00Z,2025-07-24T10:05:00Z,0.05422913031451214,748668653834.5159,11.0301,2433905579426.0654,PPMA_d_2025-07-23
C7,PSAB,2025-07-24T10:03:30Z,2025-07-24T10:03:40Z,2025-07-24T10:00:00Z,2025-07-24T10:05:00Z,0.13700248303015092,1010543371614.4663,11.0301,2433905579426.0654,PPMA_d_2025-07-23
C7,PSAB,2025-07-24T10:04:40Z,2025-07-24T10:04:50Z,2025-07-24T10:00:00Z,2025-07-24T10:05:00Z,0.256256782678128,894801022268.1477,11.0301,2433905579426.0654,PPMA_d_2025-07-23
C7,PSAB,2025-07-24T10:05:20Z,2025-07-24T10:05:30Z,2025-07-24T10:05:00Z,2025-07-24T10:10:00Z,0.7085197603858131,670164928577.4333,11.0301,2433905579426.0654,PPMA_d_2025-07-23
C7,PSAB,2025-07-24T10:05:40Z,2025-07-24T10:05:50Z,2025-07-24T10:05:00Z,2025-07-24T10:10:00Z,9.48119564325935,2186616858562.3333,11.0301,2433905579426.0654,PPMA_d_2025-07-23
C7,PSAB,2025-07-24T10:09:50Z,2025-07-24T10:10:00Z,2025-07-24T10:05:00Z,2025-07-24T10:10:00Z,1.6045744825654142,999464104825.2411,11.0301,2433905579426.0654,PPMA_d_2025-07-23
C7,PSAB,2025-07-24T10:10:00Z,2025-07-24T10:10:10Z,2025-07-24T10:10:00Z,2025-07-24T10:15:00Z,0.7085197603858131,670164928577.4333,11.0301,2433905579426.0654,PPMA_d_2025-07-23
C7,PSAB,2025-07-24T10:10:50Z,2025-07-24T10:11:00Z,2025-07-24T10:10:00Z,2025-07-24T10:15:00Z,9.48119564325935,2186616858562.3333,11.0301,2433905579426.0654,PPMA_d_2025-07-23
C7,PSAB,2025-07-24T10:11:30Z,2025-07-24T10:11:40Z,2025-07-24T10:10:00Z,2025-07-24T10:15:00Z,1.6045744825654142,999464104825.2411,11.0301,2433905579426.0654,PPMA_d_2025-07-23
C7,PSAB,2025-07-24T10:14:30Z,2025-07-24T10:14:40Z,2025-07-24T10:10:00Z,2025-07-24T10:15:00Z,0.5068939602406675,784080102842.7778,11.0301,2433905579426.0654,PPMA_d_2025-07-23
C7,PSAB,2025-07-24T10:12:20Z,2025-07-24T10:12:30Z,2025-07-24T10:10:00Z,2025-07-24T10:15:00Z,0.05422913031451214,748668653834.5159,11.0301,2433905579426.0654,PPMA_d_2025-07-23
C7,PSAB,2025-07-24T10:16:40Z,2025-07-24T10:16:50Z,2025-07-24T10:15:00Z,2025-07-24T10:20:00Z,0.7085197603858131,670164928577.4333,11.0301,2433905579426.0654,PPMA_d_2025-07-23
C7,PSAB,2025-07-24T10:19:40Z,2025-07-24T10:19:50Z,2025-07-24T10:15:00Z,2025-07-24T10:20:00Z,9.48119564325935,2186616858562.3333,11.0301,2433905579426.0654,PPMA_d_2025-07-23
C7,PSAB,2025-07-24T10:17:20Z,2025-07-24T10:17:30Z,2025-07-24T10:15:00Z,2025-07-24T10:20:00Z,1.6045744825654142,999464104825.2411,11.0301,2433905579426.0654,PPMA_d_2025-07-23
C7,PSAB,2025-07-24T10:16:10Z,2025-07-24T10:16:20Z,2025-07-24T10:15:00Z,2025-07-24T10:20:00Z,0.5068939602406675,784080102842.7778,11.0301,2433905579426.0654,PPMA_d_2025-07-23
C7,PSAB,2025-07-24T10:20:50Z,2025-07-24T10:21:00Z,2025-07-24T10:20:00Z,2025-07-24T10:25:00Z,0.7085197603858131,670164928577.4333,11.0301,2433905579426.0654,PPMA_d_2025-07-23
C7,PSAB,2025-07-24T10:24:50Z,2025-07-24T10:25:00Z,2025-07-24T10:20:00Z,2025-07-24T10:25:00Z,9.48119564325935,2186616858562.3333,11.0301,2433905579426.0654,PPMA_d_2025-07-23
C7,PSAB,2025-07-24T10:21:00Z,2025-07-24T10:21:10Z,2025-07-24T10:20:00Z,2025-07-24T10:25:00Z,1.6045744825654142,999464104825.2411,11.0301,2433905579426.0654,PPMA_d_2025-07-23
C7,PSAB,2025-07-24T10:25:00Z,2025-07-24T10:25:10Z,2025-07-24T10:25:00Z,2025-07-24T10:30:00Z,0.7085197603858131,670164928577.4333,11.0301,2433905579426.0654,PPMA_d_2025-07-23
C7,PSAB,2025-07-24T10:29:50Z,2025-07-24T10:30:00Z,2025-07-24T10:25:00Z,2025-07-24T10:30:00Z,9.48119564325935,2186616858562.3333,11.0301,2433905579426.0654,PPMA_d_2025-07-23
C7,PSAB,2025-07-24T10:30:00Z,2025-07-24T10:30:10Z,2025-07-24T10:30:00Z,2025-07-24T10:35:00Z,0.7085197603858131,670164928577.4333,11.0301,2433905579426.0654,PPMA_d_2025-07-23
C7,PSAB,2025-07-24T10:41:10Z,2025-07-24T10:41:20Z,2025-07-24T10:40:00Z,2025-07-24T10:45:00Z,0.7085197603858131,670164928577.4333,11.0301,2433905579426.0654,PPMA_d_2025-07-23
C7,PSAB,2025-07-24T10:45:00Z,2025-07-24T10:45:10Z,2025-07-24T10:45:00Z,2025-07-24T10:50:00Z,0.7085197603858131,670164928577.4333,11.0301,2433905579426.0654,PPMA_d_2025-07-23
C7,PSAB,2025-07-24T10:48:30Z,2025-07-24T10:48:40Z,2025-07-24T10:45:00Z,2025-07-24T10:50:00Z,9.48119564325935,2186616858562.3333,11.0301,2433905579426.0654,PPMA_d_2025-07-23
C7,PSAB,2025-07-24T10:55:20Z,2025-07-24T10:55:30Z,2025-07-24T10:55:00Z,2025-07-24T11:00:00Z,0.7085197603858131,670164928577.4333,11.0301,2433905579426.0654,PPMA_d_2025-07-23
C7,PSAB,2025-07-24T10:56:00Z,2025-07-24T10:56:10Z,2025-07-24T10:55:00Z,2025-07-24T11:00:00Z,9.48119564325935,2186616858562.3333,11.0301,2433905579426.0654,PPMA_d_2025-07-23
C7,PSAB,2025-07-24T11:07:40Z,2025-07-24T11:07:50Z,2025-07-24T11:05:00Z,2025-07-24T11:10:00Z,0.7085197603858131,670164928577.4333,11.0301,2433905579426.0654,PPMA_d_2025-07-23
C7,PSAB,2025-07-24T11:07:30Z,2025-07-24T11:07:40Z,2025-07-24T11:05:00Z,2025-07-24T11:10:00Z,9.48119564325935,2186616858562.3333,11.0301,2433905579426.0654,PPMA_d_2025-07-23
C7,PSAB,2025-07-24T11:10:30Z,2025-07-24T11:10:40Z,2025-07-24T11:10:00Z,2025-07-24T11:15:00Z,0.7085197603858131,670164928577.4333,11.0301,2433905579426.0654,PPMA_d_2025-07-23
C7,PSAB,2025-07-24T11:10:50Z,2025-07-24T11:11:00Z,2025-07-24T11:10:00Z,2025-07-24T11:15:00Z,9.48119564325935,2186616858562.3333,11.0301,2433905579426.0654,PPMA_d_2025-07-23
C7,PSAB,2025-07-24T11:11:00Z,2025-07-24T11:11:10Z,2025-07-24T11:10:00Z,2025-07-24T11:15:00Z,1.6045744825654142,999464104825.2411,11.0301,2433905579426.0654,PPMA_d_2025-07-23
C7,PSAB,2025-07-24T11:14:50Z,2025-07-24T11:15:00Z,2025-07-24T11:10:00Z,2025-07-24T11:15:00Z,0.5068939602406675,784080102842.7778,11.0301,2433905579426.0654,PPMA_d_2025-07-23
C7,PSAB,2025-07-24T11:17:50Z,2025-07-24T11:18:00Z,2025-07-24T11:15:00Z,2025-07-24T11:20:00Z,0.7085197603858131,670164928577.4333,11.0301,2433905579426.0654,PPMA_d_2025-07-23
C7,PSAB,2025-07-24T11:18:00Z,2025-07-24T11:18:10Z,2025-07-24T11:15:00Z,2025-07-24T11:20:00Z,9.48119564325935,2186616858562.3333,11.0301,2433905579426.0654,PPMA_d_2025-07-23
C7,PSAB,2025-07-24T11:15:40Z,2025-07-24T11:15:50Z,2025-07-24T11:15:00Z,2025-07-24T11:20:00Z,1.6045744825654142,999464104825.2411,11.0301,2433905579426.0654,PPMA_d_2025-07-23
C7,PSAB,2025-07-24T11:17:30Z,2025-07-24T11:17:40Z,2025-07-24T11:15:00Z,2025-07-24T11:20:00Z,0.5068939602406675,784080102842.7778,11.0301,2433905579426.0654,PPMA_d_2025-07-23
C7,PSAB,2025-07-24T11:24:20Z,2025-07-24T11:24:30Z,2025-07-24T11:20:00Z,2025-07-24T11:25:00Z,0.7085197603858131,670164928577.4333,11.0301,2433905579426.0654,PPMA_d_2025-07-23
C7,PSAB,2025-07-24T11:23:20Z,2025-07-24T11:23:30Z,2025-07-24T11:20:00Z,2025-07-24T11:25:00Z,9.48119564325935,2186616858562.3333,11.0301,2433905579426.0654,PPMA_d_2025-07-23
C7,PSAB,2025-07-24T11:25:20Z,2025-07-24T11:25:30Z,2025-07-24T11:25:00Z,2025-07-24T11:30:00Z,0.7085197603858131,670164928577.4333,11.0301,2433905579426.0654,PPMA_d_2025-07-23
C7,PSAB,2025-07-24T11:29:40Z,2025-07-24T11:29:50Z,2025-07-24T11:25:00Z,2025-07-24T11:30:00Z,9.48119564325935,2186616858562.3333,11.0301,2433905579426.0654,PPMA_d_2025-07-23
C7,PSAB,2025-07-24T11:33:10Z,2025-07-24T11:33:20Z,2025-07-24T11:30:00Z,2025-07-24T11:35:00Z,0.7085197603858131,670164928577.4333,11.0301,2433905579426.0654,PPMA_d_2025-07-23
C7,PSAB,2025-07-24T11:38:00Z,2025-07-24T11:38:10Z,2025-07-24T11:35:00Z,2025-07-24T11:40:00Z,0.7085197603858131,670164928577.4333,11.0301,2433905579426.0654,PPMA_d_2025-07-23
C7,PSAB,2025-07-24T11:38:40Z,2025-07-24T11:38:50Z,2025-07-24T11:35:00Z,2025-07-24T11:40:00Z,9.48119564325935,2186616858562.3333,11.0301,2433905579426.0654,PPMA_d_2025-07-23
C7,PSAB,2025-07-24T11:36:10Z,2025-07-24T11:36:20Z,2025-07-24T11:35:00Z,2025-07-24T11:40:00Z,1.6045744825654142,999464104825.2411,11.0301,2433905579426.0654,PPMA_d_2025-07-23
C7,PSAB,2025-07-24T11:43:50Z,2025-07-24T11:44:00Z,2025-07-24T11:40:00Z,2025-07-24T11:45:00Z,0.7085197603858131,670164928577.4333,11.0301,2433905579426.0654,PPMA_d_2025-07-23
C7,PSAB,2025-07-24T11:41:20Z,2025-07-24T11:41:30Z,2025-07-24T11:40:00Z,2025-07-24T11:45:00Z,9.48119564325935,2186616858562.3333,11.0301,2433905579426.0654,PPMA_d_2025-07-23
C7,PSAB,2025-07-24T11:41:30Z,2025-07-24T11:41:40Z,2025-07-24T11:40:00Z,2025-07-24T11:45:00Z,1.6045744825654142,999464104825.2411,11.0301,2433905579426.0654,PPMA_d_2025-07-23
C7,PSAB,2025-07-24T11:44:20Z,2025-07-24T11:44:30Z,2025-07-24T11:40:00Z,2025-07-24T11:45:00Z,0.5068939602406675,784080102842.7778,11.0301,2433905579426.0654,PPMA_d_2025-07-23
C7,PSAB,2025-07-24T11:44:30Z,2025-07-24T11:44:40Z,2025-07-24T11:40:00Z,2025-07-24T11:45:00Z,0.05422913031451214,748668653834.5159,11.0301,2433905579426.0654,PPMA_d_2025-07-23
C7,PSAB,2025-07-24T11:48:30Z,2025-07-24T11:48:40Z,2025-07-24T11:45:00Z,2025-07-24T11:50:00Z,0.7085197603858131,670164928577.4333,11.0301,2433905579426.0654,PPMA_d_2025-07-23
C7,PSAB,2025-07-24T11:49:50Z,2025-07-24T11:50:00Z,2025-07-24T11:45:00Z,2025-07-24T11:50:00Z,9.48119564325935,2186616858562.3333,11.0301,2433905579426.0654,PPMA_d_2025-07-23
C7,PSAB,2025-07-24T11:48:40Z,2025-07-24T11:48:50Z,2025-07-24T11:45:00Z,2025-07-24T11:50:00Z,1.6045744825654142,999464104825.2411,11.0301,2433905579426.0654,PPMA_d_2025-07-23
C7,PSAB,2025-07-24T11:50:00Z,2025-07-24T11:50:10Z,2025-07-24T11:50:00Z,2025-07-24T11:55:00Z,0.7085197603858131,670164928577.4333,11.0301,2433905579426.0654,PPMA_d_2025-07-23
C7,PSAB,2025-07-24T11:54:40Z,2025-07-24T11:54:50Z,2025-07-24T11:50:00Z,2025-07-24T11:55:00Z,9.48119564325935,2186616858562.3333,11.0301,2433905579426.0654,PPMA_d_2025-07-23
C7,PSAB,2025-07-24T11:55:00Z,2025-07-24T11:55:10Z,2025-07-24T11:55:00Z,2025-07-24T12:00:00Z,0.7085197603858131,670164928577.4333,11.0301,2433905579426.0654,PPMA_d_2025-07-23
C7,PSAB,2025-07-24T11:55:10Z,2025-07-24T11:55:20Z,2025-07-24T11:55:00Z,2025-07-24T12:00:00Z,9.48119564325935,2186616858562.3333,11.0301,2433905579426.0654,PPMA_d_2025-07-23
C7,PSAB,2025-07-24T11:56:10Z,2025-07-24T11:56:20Z,2025-07-24T11:55:00Z,2025-07-24T12:00:00Z,1.6045744825654142,999464104825.2411,11.0301,2433905579426.0654,PPMA_d_2025-07-23
C7,PSAB,2025-07-24T11:57:30Z,2025-07-24T11:57:40Z,2025-07-24T11:55:00Z,2025-07-24T12:00:00Z,0.5068939602406675,784080102842.7778,11.0301,2433905579426.0654,PPMA_d_2025-07-23
C7,PSAB,2025-07-24T11:57:40Z,2025-07-24T11:57:50Z,2025-07-24T11:55:00Z,2025-07-24T12:00:00Z,0.05422913031451214,748668653834.5159,11.0301,2433905579426.0654,PPMA_d_2025-07-23
C7,PSAB,2025-07-24T11:57:50Z,2025-07-24T11:58:00Z,2025-07-24T11:55:00Z,2025-07-24T12:00:00Z,0.13700248303015092,1010543371614.4663,11.0301,2433905579426.0654,PPMA_d_2025-07-23
C7,PSAB,2025-07-24T11:58:00Z,2025-07-24T11:58:10Z,2025-07-24T11:55:00Z,2025-07-24T12:00:00Z,0.256256782678128,894801022268.1477,11.0301,2433905579426.0654,PPMA_d_2025-07-23
C7,PSAB,2025-07-24T11:58:10Z,2025-07-24T11:58:20Z,2025-07-24T11:55:00Z,2025-07-24T12:00:00Z,0.6561765896711353,1009443900447.4534,11.0301,2433905579426.0654,PPMA_d_2025-07-23
C7,PSAB,2025-07-24T11:58:20Z,2025-07-24T11:58:30Z,2025-07-24T11:55:00Z,2025-07-24T12:00:00Z,0.46752200369606345,784723076132.3956,11.0301,2433905579426.0654,PPMA_d_2025-07-23
C7,PSAB,2025-07-24T11:58:30Z,2025-07-24T11:58:40Z,2025-07-24T11:55:00Z,2025-07-24T12:00:00Z,1.270602228535419,859848516175.4348,11.0301,2433905579426.0654,PPMA_d_2025-07-23
C7,PSAB,2025-07-24T11:58:40Z,2025-07-24T11:58:50Z,2025-07-24T11:55:00Z,2025-07-24T12:00:00Z,1.734711154936139,1997755005153.875,11.0301,2433905579426.0654,PPMA_d_2025-07-23
C7,PSAB,2025-07-24T11:58:50Z,2025-07-24T11:59:00Z,2025-07-24T11:55:00Z,2025-07-24T12:00:00Z,0.4599200363632626,1157451105244.5996,11.0301,2433905579426.0654,PPMA_d_2025-07-23
C7,PSAB,2025-07-24T11:59:30Z,2025-07-24T11:59:40Z,2025-07-24T11:55:00Z,2025-07-24T12:00:00Z,0.10422705244670784,1045075408663.9207,11.0301,2433905579426.0654,PPMA_d_2025-07-23
C7,PSAB,2025-07-24T11:59:40Z,2025-07-24T11:59:50Z,2025-07-24T11:55:00Z,2025-07-24T12:00:00Z,5.928722611918817,1043383346666.0323,11.0301,2433905579426.0654,PPMA_d_2025-07-23
C7,PSAB,2025-07-24T11:59:50Z,2025-07-24T12:00:00Z,2025-07-24T11:55:00Z,2025-07-24T12:00:00Z,2.20876176855856,1154895761119.326,11.0301,2433905579426.0654,PPMA_d_2025-07-23
C7,PSAB,2025-07-24T12:00:00Z,2025-07-24T12:00:10Z,2025-07-24T12:00:00Z,2025-07-24T12:05:00Z,0.7085197603858131,670164928577.4333,11.0301,2433905579426.0654,PPMA_d_2025-07-23
C7,PSAB,2025-07-24T12:00:10Z,2025-07-24T12:00:20Z,2025-07-24T12:00:00Z,2025-07-24T12:05:00Z,9.48119564325935,2186616858562.3333,11.0301,2433905579426.0654,PPMA_d_2025-07-23
C7,PSAB,2025-07-24T12:00:30Z,2025-07-24T12:00:40Z,2025-07-24T12:00:00Z,2025-07-24T12:05:00Z,1.6045744825654142,999464104825.2411,11.0301,2433905579426.0654,PPMA_d_2025-07-23
C7,PSAB,2025-07-24T12:00:40Z,2025-07-24T12:00:50Z,2025-07-24T12:00:00Z,2025-07-24T12:05:00Z,0.5068939602406675,784080102842.7778,11.0301,2433905579426.0654,PPMA_d_2025-07-23
C7,PSAB,2025-07-24T12:00:50Z,2025-07-24T12:01:00Z,2025-07-24T12:00:00Z,2025-07-24T12:05:00Z,0.05422913031451214,748668653834.5159,11.0301,2433905579426.0654,PPMA_d_2025-07-23
C7,PSAB,2025-07-24T12:01:00Z,2025-07-24T12:01:10Z,2025-07-24T12:00:00Z,2025-07-24T12:05:00Z,0.13700248303015092,1010543371614.4663,11.0301,2433905579426.0654,PPMA_d_2025-07-23
C7,PSAB,2025-07-24T12:01:10Z,2025-07-24T12:01:20Z,2025-07-24T12:00:00Z,2025-07-24T12:05:00Z,0.256256782678128,894801022268.1477,11.0301,2433905579426.0654,PPMA_d_2025-07-23
C7,PSAB,2025-07-24T12:01:20Z,2025-07-24T12:01:30Z,2025-07-24T12:00:00Z,2025-07-24T12:05:00Z,0.6561765896711353,1009443900447.4534,11.0301,2433905579426.0654,PPMA_d_2025-07-23
C7,PSAB,2025-07-24T12:01:30Z,2025-07-24T12:01:40Z,2025-07-24T12:00:00Z,2025-07-24T12:05:00Z,0.46752200369606345,784723076132.3956,11.0301,2433905579426.0654,PPMA_d_2025-07-23
C7,PSAB,2025-07-24T12:01:40Z,2025-07-24T12:01:50Z,2025-07-24T12:00:00Z,2025-07-24T12:05:00Z,1.270602228535419,859848516175.4348,11.0301,2433905579426.0654,PPMA_d_2025-07-23
C7,PSAB,2025-07-24T12:01:50Z,2025-07-24T12:02:00Z,2025-07-24T12:00:00Z,2025-07-24T12:05:00Z,1.734711154936139,1997755005153.875,11.0301,2433905579426.0654,PPMA_d_2025-07-23
C7,PSAB,2025-07-24T12:02:00Z,2025-07-24T12:02:10Z,2025-07-24T12:00:00Z,2025-07-24T12:05:00Z,0.4599200363632626,1157451105244.5996,11.0301,2433905579426.0654,PPMA_d_2025-07-23
C7,PSAB,2025-07-24T12:02:10Z,2025-07-24T12:02:20Z,2025-07-24T12:00:00Z,2025-07-24T12:05:00Z,0.10422705244670784,1045075408663.9207,11.0301,2433905579426.0654,PPMA_d_2025-07-23
C7,PSAB,2025-07-24T12:02:20Z,2025-07-24T12:02:30Z,2025-07-24T12:00:00Z,2025-07-24T12:05:00Z,5.928722611918817,1043383346666.0323,11.0301,2433905579426.0654,PPMA_d_2025-07-23
C7,PSAB,2025-07-24T12:02:30Z,2025-07-24T12:02:40Z,2025-07-24T12:00:00Z,2025-07-24T12:05:00Z,2.20876176855856,1154895761119.326,11.0301,2433905579426.0654,PPMA_d_2025-07-23
C7,PSAB,2025-07-24T12:02:40Z,2025-07-24T12:02:50Z,2025-07-24T12:00:00Z,2025-07-24T12:05:00Z,0.5484365286943131,920743778894.033,11.0301,2433905579426.0654,PPMA_d_2025-07-23
C7,PSAB,2025-07-24T12:02:50Z,2025-07-24T12:03:00Z,2025-07-24T12:00:00Z,2025-07-24T12:05:00Z,0.4840901520263314,750264437202.2688,11.0301,2433905579426.0654,PPMA_d_2025-07-23
C7,PSAB,2025-07-24T12:03:10Z,2025-07-24T12:03:20Z,2025-07-24T12:00:00Z,2025-07-24T12:05:00Z,0.35142535850233253,672267018543.1116,11.0301,2433905579426.0654,PPMA_d_2025-07-23
C7,PSAB,2025-07-24T12:03:20Z,2025-07-24T12:03:30Z,2025-07-24T12:00:00Z,2025-07-24T12:05:00Z,0.8771239298689895,835974479880.1714,11.0301,2433905579426.0654,PPMA_d_2025-07-23
C7,PSAB,2025-07-24T12:03:30Z,2025-07-24T12:03:40Z,2025-07-24T12:00:00Z,2025-07-24T12:05:00Z,0.8678732171651762,907996015655.2986,11.0301,2433905579426.0654,PPMA_d_2025-07-23
C7,PSAB,2025-07-24T12:03:40Z,2025-07-24T12:03:50Z,2025-07-24T12:00:00Z,2025-07-24T12:05:00Z,0.30447386579878977,1027381492626.0474,11.0301,2433905579426.0654,PPMA_d_2025-07-23
C7,PSAB,2025-07-24T12:07:40Z,2025-07-24T12:07:50Z,2025-07-24T12:05:00Z,2025-07-24T12:10:00Z,0.7085197603858131,670164928577.4333,11.0301,2433905579426.0654,PPMA_d_2025-07-23
C7,PSAB,2025-07-24T12:05:40Z,2025-07-24T12:05:50Z,2025-07-24T12:05:00Z,2025-07-24T12:10:00Z,9.48119564325935,2186616858562.3333,11.0301,2433905579426.0654,PPMA_d_2025-07-23
C7,PSAB,2025-07-24T12:08:30Z,2025-07-24T12:08:40Z,2025-07-24T12:05:00Z,2025-07-24T12:10:00Z,1.6045744825654142,999464104825.2411,11.0301,2433905579426.0654,PPMA_d_2025-07-23
C7,PSAB,2025-07-24T12:05:50Z,2025-07-24T12:06:00Z,2025-07-24T12:05:00Z,2025-07-24T12:10:00Z,0.5068939602406675,784080102842.7778,11.0301,2433905579426.0654,PPMA_d_2025-07-23
C7,PSAB,2025-07-24T12:09:10Z,2025-07-24T12:09:20Z,2025-07-24T12:05:00Z,2025-07-24T12:10:00Z,0.05422913031451214,748668653834.5159,11.0301,2433905579426.0654,PPMA_d_2025-07-23
C7,PSAB,2025-07-24T12:07:10Z,2025-07-24T12:07:20Z,2025-07-24T12:05:00Z,2025-07-24T12:10:00Z,0.13700248303015092,1010543371614.4663,11.0301,2433905579426.0654,PPMA_d_2025-07-23
C7,PSAB,2025-07-24T12:18:00Z,2025-07-24T12:18:10Z,2025-07-24T12:15:00Z,2025-07-24T12:20:00Z,0.7085197603858131,670164928577.4333,11.0301,2433905579426.0654,PPMA_d_2025-07-23
C7,PSAB,2025-07-24T12:19:10Z,2025-07-24T12:19:20Z,2025-07-24T12:15:00Z,2025-07-24T12:20:00Z,9.48119564325935,2186616858562.3333,11.0301,2433905579426.0654,PPMA_d_2025-07-23
C7,PSAB,2025-07-24T12:19:40Z,2025-07-24T12:19:50Z,2025-07-24T12:15:00Z,2025-07-24T12:20:00Z,1.6045744825654142,999464104825.2411,11.0301,2433905579426.0654,PPMA_d_2025-07-23
C7,PSAB,2025-07-24T12:17:20Z,2025-07-24T12:17:30Z,2025-07-24T12:15:00Z,2025-07-24T12:20:00Z,0.5068939602406675,784080102842.7778,11.0301,2433905579426.0654,PPMA_d_2025-07-23
C7,PSAB,2025-07-24T12:21:20Z,2025-07-24T12:21:30Z,2025-07-24T12:20:00Z,2025-07-24T12:25:00Z,0.7085197603858131,670164928577.4333,11.0301,2433905579426.0654,PPMA_d_2025-07-23
C7,PSAB,2025-07-24T12:21:30Z,2025-07-24T12:21:40Z,2025-07-24T12:20:00Z,2025-07-24T12:25:00Z,9.48119564325935,2186616858562.3333,11.0301,2433905579426.0654,PPMA_d_2025-07-23
C7,PSAB,2025-07-24T12:22:00Z,2025-07-24T12:22:10Z,2025-07-24T12:20:00Z,2025-07-24T12:25:00Z,1.6045744825654142,999464104825.2411,11.0301,2433905579426.0654,PPMA_d_2025-07-23
C7,PSAB,2025-07-24T12:22:10Z,2025-07-24T12:22:20Z,2025-07-24T12:20:00Z,2025-07-24T12:25:00Z,0.5068939602406675,784080102842.7778,11.0301,2433905579426.0654,PPMA_d_2025-07-23
C7,PSAB,2025-07-24T12:22:20Z,2025-07-24T12:22:30Z,2025-07-24T12:20:00Z,2025-07-24T12:25:00Z,0.05422913031451214,748668653834.5159,11.0301,2433905579426.0654,PPMA_d_2025-07-23
C7,PSAB,2025-07-24T12:22:40Z,2025-07-24T12:22:50Z,2025-07-24T12:20:00Z,2025-07-24T12:25:00Z,0.13700248303015092,1010543371614.4663,11.0301,2433905579426.0654,PPMA_d_2025-07-23
C7,PSAB,2025-07-24T12:23:10Z,2025-07-24T12:23:20Z,2025-07-24T12:20:00Z,2025-07-24T12:25:00Z,0.256256782678128,894801022268.1477,11.0301,2433905579426.0654,PPMA_d_2025-07-23
C7,PSAB,2025-07-24T12:23:20Z,2025-07-24T12:23:30Z,2025-07-24T12:20:00Z,2025-07-24T12:25:00Z,0.6561765896711353,1009443900447.4534,11.0301,2433905579426.0654,PPMA_d_2025-07-23
C7,PSAB,2025-07-24T12:27:50Z,2025-07-24T12:28:00Z,2025-07-24T12:25:00Z,2025-07-24T12:30:00Z,0.7085197603858131,670164928577.4333,11.0301,2433905579426.0654,PPMA_d_2025-07-23
C7,PSAB,2025-07-24T12:25:40Z,2025-07-24T12:25:50Z,2025-07-24T12:25:00Z,2025-07-24T12:30:00Z,9.48119564325935,2186616858562.3333,11.0301,2433905579426.0654,PPMA_d_2025-07-23
C7,PSAB,2025-07-24T12:25:50Z,2025-07-24T12:26:00Z,2025-07-24T12:25:00Z,2025-07-24T12:30:00Z,1.6045744825654142,999464104825.2411,11.0301,2433905579426.0654,PPMA_d_2025-07-23
C7,PSAB,2025-07-24T12:26:00Z,2025-07-24T12:26:10Z,2025-07-24T12:25:00Z,2025-07-24T12:30:00Z,0.5068939602406675,784080102842.7778,11.0301,2433905579426.0654,PPMA_d_2025-07-23
C7,PSAB,2025-07-24T12:28:50Z,2025-07-24T12:29:00Z,2025-07-24T12:25:00Z,2025-07-24T12:30:00Z,0.05422913031451214,748668653834.5159,11.0301,2433905579426.0654,PPMA_d_2025-07-23
C7,PSAB,2025-07-24T12:30:10Z,2025-07-24T12:30:20Z,2025-07-24T12:30:00Z,2025-07-24T12:35:00Z,0.7085197603858131,670164928577.4333,11.0301,2433905579426.0654,PPMA_d_2025-07-23
C7,PSAB,2025-07-24T12:31:40Z,2025-07-24T12:31:50Z,2025-07-24T12:30:00Z,2025-07-24T12:35:00Z,9.48119564325935,2186616858562.3333,11.0301,2433905579426.0654,PPMA_d_2025-07-23
C7,PSAB,2025-07-24T12:33:00Z,2025-07-24T12:33:10Z,2025-07-24T12:30:00Z,2025-07-24T12:35:00Z,1.6045744825654142,999464104825.2411,11.0301,2433905579426.0654,PPMA_d_2025-07-23
C7,PSAB,2025-07-24T12:39:20Z,2025-07-24T12:39:30Z,2025-07-24T12:35:00Z,2025-07-24T12:40:00Z,0.7085197603858131,670164928577.4333,11.0301,2433905579426.0654,PPMA_d_2025-07-23
C7,PSAB,2025-07-24T12:36:00Z,2025-07-24T12:36:10Z,2025-07-24T12:35:00Z,2025-07-24T12:40:00Z,9.48119564325935,2186616858562.3333,11.0301,2433905579426.0654,PPMA_d_2025-07-23
C7,PSAB,2025-07-24T12:39:00Z,2025-07-24T12:39:10Z,2025-07-24T12:35:00Z,2025-07-24T12:40:00Z,1.6045744825654142,999464104825.2411,11.0301,2433905579426.0654,PPMA_d_2025-07-23
C7,PSAB,2025-07-24T12:36:40Z,2025-07-24T12:36:50Z,2025-07-24T12:35:00Z,2025-07-24T12:40:00Z,0.5068939602406675,784080102842.7778,11.0301,2433905579426.0654,PPMA_d_2025-07-23
C7,PSAB,2025-07-24T12:39:30Z,2025-07-24T12:39:40Z,2025-07-24T12:35:00Z,2025-07-24T12:40:00Z,0.05422913031451214,748668653834.5159,11.0301,2433905579426.0654,PPMA_d_2025-07-23
C7,PSAB,2025-07-24T12:39:50Z,2025-07-24T12:40:00Z,2025-07-24T12:35:00Z,2025-07-24T12:40:00Z,0.13700248303015092,1010543371614.4663,11.0301,2433905579426.0654,PPMA_d_2025-07-23
C7,PSAB,2025-07-24T12:40:00Z,2025-07-24T12:40:10Z,2025-07-24T12:40:00Z,2025-07-24T12:45:00Z,0.7085197603858131,670164928577.4333,11.0301,2433905579426.0654,PPMA_d_2025-07-23
C7,PSAB,2025-07-24T12:40:10Z,2025-07-24T12:40:20Z,2025-07-24T12:40:00Z,2025-07-24T12:45:00Z,9.48119564325935,2186616858562.3333,11.0301,2433905579426.0654,PPMA_d_2025-07-23
C7,PSAB,2025-07-24T12:40:20Z,2025-07-24T12:40:30Z,2025-07-24T12:40:00Z,2025-07-24T12:45:00Z,1.6045744825654142,999464104825.2411,11.0301,2433905579426.0654,PPMA_d_2025-07-23
C7,PSAB,2025-07-24T12:40:30Z,2025-07-24T12:40:40Z,2025-07-24T12:40:00Z,2025-07-24T12:45:00Z,0.5068939602406675,784080102842.7778,11.0301,2433905579426.0654,PPMA_d_2025-07-23
C7,PSAB,2025-07-24T12:40:40Z,2025-07-24T12:40:50Z,2025-07-24T12:40:00Z,2025-07-24T12:45:00Z,0.05422913031451214,748668653834.5159,11.0301,2433905579426.0654,PPMA_d_2025-07-23
C7,PSAB,2025-07-24T12:40:50Z,2025-07-24T12:41:00Z,2025-07-24T12:40:00Z,2025-07-24T12:45:00Z,0.13700248303015092,1010543371614.4663,11.0301,2433905579426.0654,PPMA_d_2025-07-23
C7,PSAB,2025-07-24T12:41:00Z,2025-07-24T12:41:10Z,2025-07-24T12:40:00Z,2025-07-24T12:45:00Z,0.256256782678128,894801022268.1477,11.0301,2433905579426.0654,PPMA_d_2025-07-23
C7,PSAB,2025-07-24T12:41:10Z,2025-07-24T12:41:20Z,2025-07-24T12:40:00Z,2025-07-24T12:45:00Z,0.6561765896711353,1009443900447.4534,11.0301,2433905579426.0654,PPMA_d_2025-07-23
C7,PSAB,2025-07-24T12:41:30Z,2025-07-24T12:41:40Z,2025-07-24T12:40:00Z,2025-07-24T12:45:00Z,0.46752200369606345,784723076132.3956,11.0301,2433905579426.0654,PPMA_d_2025-07-23
C7,PSAB,2025-07-24T12:41:40Z,2025-07-24T12:41:50Z,2025-07-24T12:40:00Z,2025-07-24T12:45:00Z,1.270602228535419,859848516175.4348,11.0301,2433905579426.0654,PPMA_d_2025-07-23
C7,PSAB,2025-07-24T12:41:50Z,2025-07-24T12:42:00Z,2025-07-24T12:40:00Z,2025-07-24T12:45:00Z,1.734711154936139,1997755005153.875,11.0301,2433905579426.0654,PPMA_d_2025-07-23
C7,PSAB,2025-07-24T12:42:10Z,2025-07-24T12:42:20Z,2025-07-24T12:40:00Z,2025-07-24T12:45:00Z,0.4599200363632626,1157451105244.5996,11.0301,2433905579426.0654,PPMA_d_2025-07-23
C7,PSAB,2025-07-24T12:42:20Z,2025-07-24T12:42:30Z,2025-07-24T12:40:00Z,2025-07-24T12:45:00Z,0.10422705244670784,1045075408663.9207,11.0301,2433905579426.0654,PPMA_d_2025-07-23
C7,PSAB,2025-07-24T12:42:40Z,2025-07-24T12:42:50Z,2025-07-24T12:40:00Z,2025-07-24T12:45:00Z,5.928722611918817,1043383346666.0323,11.0301,2433905579426.0654,PPMA_d_2025-07-23
C7,PSAB,2025-07-24T12:43:20Z,2025-07-24T12:43:30Z,2025-07-24T12:40:00Z,2025-07-24T12:45:00Z,2.20876176855856,1154895761119.326,11.0301,2433905579426.0654,PPMA_d_2025-07-23
C7,PSAB,2025-07-24T12:43:40Z,2025-07-24T12:43:50Z,2025-07-24T12:40:00Z,2025-07-24T12:45:00Z,0.5484365286943131,920743778894.033,11.0301,2433905579426.0654,PPMA_d_2025-07-23
C7,PSAB,2025-07-24T12:45:50Z,2025-07-24T12:46:00Z,2025-07-24T12:45:00Z,2025-07-24T12:50:00Z,0.7085197603858131,670164928577.4333,11.0301,2433905579426.0654,PPMA_d_2025-07-23
C7,PSAB,2025-07-24T12:46:10Z,2025-07-24T12:46:20Z,2025-07-24T12:45:00Z,2025-07-24T12:50:00Z,9.48119564325935,2186616858562.3333,11.0301,2433905579426.0654,PPMA_d_2025-07-23
C7,PSAB,2025-07-24T12:46:20Z,2025-07-24T12:46:30Z,2025-07-24T12:45:00Z,2025-07-24T12:50:00Z,1.6045744825654142,999464104825.2411,11.0301,2433905579426.0654,PPMA_d_2025-07-23
C7,PSAB,2025-07-24T12:46:30Z,2025-07-24T12:46:40Z,2025-07-24T12:45:00Z,2025-07-24T12:50:00Z,0.5068939602406675,784080102842.7778,11.0301,2433905579426.0654,PPMA_d_2025-07-23
C7,PSAB,2025-07-24T12:46:40Z,2025-07-24T12:46:50Z,2025-07-24T12:45:00Z,2025-07-24T12:50:00Z,0.05422913031451214,748668653834.5159,11.0301,2433905579426.0654,PPMA_d_2025-07-23
C7,PSAB,2025-07-24T12:46:50Z,2025-07-24T12:47:00Z,2025-07-24T12:45:00Z,2025-07-24T12:50:00Z,0.13700248303015092,1010543371614.4663,11.0301,2433905579426.0654,PPMA_d_2025-07-23
C7,PSAB,2025-07-24T12:47:00Z,2025-07-24T12:47:10Z,2025-07-24T12:45:00Z,2025-07-24T12:50:00Z,0.256256782678128,894801022268.1477,11.0301,2433905579426.0654,PPMA_d_2025-07-23
C7,PSAB,2025-07-24T12:47:20Z,2025-07-24T12:47:30Z,2025-07-24T12:45:00Z,2025-07-24T12:50:00Z,0.6561765896711353,1009443900447.4534,11.0301,2433905579426.0654,PPMA_d_2025-07-23
C7,PSAB,2025-07-24T12:47:30Z,2025-07-24T12:47:40Z,2025-07-24T12:45:00Z,2025-07-24T12:50:00Z,0.46752200369606345,784723076132.3956,11.0301,2433905579426.0654,PPMA_d_2025-07-23
C7,PSAB,2025-07-24T12:48:10Z,2025-07-24T12:48:20Z,2025-07-24T12:45:00Z,2025-07-24T12:50:00Z,1.270602228535419,859848516175.4348,11.0301,2433905579426.0654,PPMA_d_2025-07-23
C7,PSAB,2025-07-24T12:48:20Z,2025-07-24T12:48:30Z,2025-07-24T12:45:00Z,2025-07-24T12:50:00Z,1.734711154936139,1997755005153.875,11.0301,2433905579426.0654,PPMA_d_2025-07-23
C7,PSAB,2025-07-24T12:48:30Z,2025-07-24T12:48:40Z,2025-07-24T12:45:00Z,2025-07-24T12:50:00Z,0.4599200363632626,1157451105244.5996,11.0301,2433905579426.0654,PPMA_d_2025-07-23
C7,PSAB,2025-07-24T12:48:40Z,2025-07-24T12:48:50Z,2025-07-24T12:45:00Z,2025-07-24T12:50:00Z,0.10422705244670784,1045075408663.9207,11.0301,2433905579426.0654,PPMA_d_2025-07-23
C7,PSAB,2025-07-24T12:48:50Z,2025-07-24T12:49:00Z,2025-07-24T12:45:00Z,2025-07-24T12:50:00Z,5.928722611918817,1043383346666.0323,11.0301,2433905579426.0654,PPMA_d_2025-07-23
C7,PSAB,2025-07-24T12:49:00Z,2025-07-24T12:49:10Z,2025-07-24T12:45:00Z,2025-07-24T12:50:00Z,2.20876176855856,1154895761119.326,11.0301,2433905579426.0654,PPMA_d_2025-07-23
C7,PSAB,2025-07-24T12:49:20Z,2025-07-24T12:49:30Z,2025-07-24T12:45:00Z,2025-07-24T12:50:00Z,0.5484365286943131,920743778894.033,11.0301,2433905579426.0654,PPMA_d_2025-07-23
C7,PSAB,2025-07-24T12:49:40Z,2025-07-24T12:49:50Z,2025-07-24T12:45:00Z,2025-07-24T12:50:00Z,0.4840901520263314,750264437202.2688,11.0301,2433905579426.0654,PPMA_d_2025-07-23
C7,PSAB,2025-07-24T12:49:50Z,2025-07-24T12:50:00Z,2025-07-24T12:45:00Z,2025-07-24T12:50:00Z,0.35142535850233253,672267018543.1116,11.0301,2433905579426.0654,PPMA_d_2025-07-23
C7,PSAB,2025-07-24T12:50:10Z,2025-07-24T12:50:20Z,2025-07-24T12:50:00Z,2025-07-24T12:55:00Z,0.7085197603858131,670164928577.4333,11.0301,2433905579426.0654,PPMA_d_2025-07-23
C7,PSAB,2025-07-24T12:50:20Z,2025-07-24T12:50:30Z,2025-07-24T12:50:00Z,2025-07-24T12:55:00Z,9.48119564325935,2186616858562.3333,11.0301,2433905579426.0654,PPMA_d_2025-07-23
C7,PSAB,2025-07-24T12:50:30Z,2025-07-24T12:50:40Z,2025-07-24T12:50:00Z,2025-07-24T12:55:00Z,1.6045744825654142,999464104825.2411,11.0301,2433905579426.0654,PPMA_d_2025-07-23
C7,PSAB,2025-07-24T12:51:40Z,2025-07-24T12:51:50Z,2025-07-24T12:50:00Z,2025-07-24T12:55:00Z,0.5068939602406675,784080102842.7778,11.0301,2433905579426.0654,PPMA_d_2025-07-23
C7,PSAB,2025-07-24T12:51:50Z,2025-07-24T12:52:00Z,2025-07-24T12:50:00Z,2025-07-24T12:55:00Z,0.05422913031451214,748668653834.5159,11.0301,2433905579426.0654,PPMA_d_2025-07-23
C7,PSAB,2025-07-24T12:52:00Z,2025-07-24T12:52:10Z,2025-07-24T12:50:00Z,2025-07-24T12:55:00Z,0.13700248303015092,1010543371614.4663,11.0301,2433905579426.0654,PPMA_d_2025-07-23
C7,PSAB,2025-07-24T12:52:10Z,2025-07-24T12:52:20Z,2025-07-24T12:50:00Z,2025-07-24T12:55:00Z,0.256256782678128,894801022268.1477,11.0301,2433905579426.0654,PPMA_d_2025-07-23
C7,PSAB,2025-07-24T12:52:20Z,2025-07-24T12:52:30Z,2025-07-24T12:50:00Z,2025-07-24T12:55:00Z,0.6561765896711353,1009443900447.4534,11.0301,2433905579426.0654,PPMA_d_2025-07-23
C7,PSAB,2025-07-24T12:52:40Z,2025-07-24T12:52:50Z,2025-07-24T12:50:00Z,2025-07-24T12:55:00Z,0.46752200369606345,784723076132.3956,11.0301,2433905579426.0654,PPMA_d_2025-07-23
C7,PSAB,2025-07-24T12:52:50Z,2025-07-24T12:53:00Z,2025-07-24T12:50:00Z,2025-07-24T12:55:00Z,1.270602228535419,859848516175.4348,11.0301,2433905579426.0654,PPMA_d_2025-07-23
C7,PSAB,2025-07-24T12:53:00Z,2025-07-24T12:53:10Z,2025-07-24T12:50:00Z,2025-07-24T12:55:00Z,1.734711154936139,1997755005153.875,11.0301,2433905579426.0654,PPMA_d_2025-07-23
C7,PSAB,2025-07-24T12:53:10Z,2025-07-24T12:53:20Z,2025-07-24T12:50:00Z,2025-07-24T12:55:00Z,0.4599200363632626,1157451105244.5996,11.0301,2433905579426.0654,PPMA_d_2025-07-23
C7,PSAB,2025-07-24T12:53:20Z,2025-07-24T12:53:30Z,2025-07-24T12:50:00Z,2025-07-24T12:55:00Z,0.10422705244670784,1045075408663.9207,11.0301,2433905579426.0654,PPMA_d_2025-07-23
C7,PSAB,2025-07-24T12:53:30Z,2025-07-24T12:53:40Z,2025-07-24T12:50:00Z,2025-07-24T12:55:00Z,5.928722611918817,1043383346666.0323,11.0301,2433905579426.0654,PPMA_d_2025-07-23
C7,PSAB,2025-07-24T12:53:40Z,2025-07-24T12:53:50Z,2025-07-24T12:50:00Z,2025-07-24T12:55:00Z,2.20876176855856,1154895761119.326,11.0301,2433905579426.0654,PPMA_d_2025-07-23
C7,PSAB,2025-07-24T12:54:00Z,2025-07-24T12:54:10Z,2025-07-24T12:50:00Z,2025-07-24T12:55:00Z,0.5484365286943131,920743778894.033,11.0301,2433905579426.0654,PPMA_d_2025-07-23
C7,PSAB,2025-07-24T12:54:10Z,2025-07-24T12:54:20Z,2025-07-24T12:50:00Z,2025-07-24T12:55:00Z,0.4840901520263314,750264437202.2688,11.0301,2433905579426.0654,PPMA_d_2025-07-23
C7,PSAB,2025-07-24T12:54:40Z,2025-07-24T12:54:50Z,2025-07-24T12:50:00Z,2025-07-24T12:55:00Z,0.35142535850233253,672267018543.1116,11.0301,2433905579426.0654,PPMA_d_2025-07-23
C7,PSAB,2025-07-24T12:54:50Z,2025-07-24T12:55:00Z,2025-07-24T12:50:00Z,2025-07-24T12:55:00Z,0.8771239298689895,835974479880.1714,11.0301,2433905579426.0654,PPMA_d_2025-07-23
C7,PSAB,2025-07-24T12:55:00Z,2025-07-24T12:55:10Z,2025-07-24T12:55:00Z,2025-07-24T13:00:00Z,0.7085197603858131,670164928577.4333,11.0301,2433905579426.0654,PPMA_d_2025-07-23
C7,PSAB,2025-07-24T12:55:20Z,2025-07-24T12:55:30Z,2025-07-24T12:55:00Z,2025-07-24T13:00:00Z,9.48119564325935,2186616858562.3333,11.0301,2433905579426.0654,PPMA_d_2025-07-23
C7,PSAB,2025-07-24T12:56:30Z,2025-07-24T12:56:40Z,2025-07-24T12:55:00Z,2025-07-24T13:00:00Z,1.6045744825654142,999464104825.2411,11.0301,2433905579426.0654,PPMA_d_2025-07-23
C7,PSAB,2025-07-24T12:56:40Z,2025-07-24T12:56:50Z,2025-07-24T12:55:00Z,2025-07-24T13:00:00Z,0.5068939602406675,784080102842.7778,11.0301,2433905579426.0654,PPMA_d_2025-07-23
C7,PSAB,2025-07-24T12:57:00Z,2025-07-24T12:57:10Z,2025-07-24T12:55:00Z,2025-07-24T13:00:00Z,0.05422913031451214,748668653834.5159,11.0301,2433905579426.0654,PPMA_d_2025-07-23
C7,PSAB,2025-07-24T12:57:20Z,2025-07-24T12:57:30Z,2025-07-24T12:55:00Z,2025-07-24T13:00:00Z,0.13700248303015092,1010543371614.4663,11.0301,2433905579426.0654,PPMA_d_2025-07-23
C7,PSAB,2025-07-24T12:59:30Z,2025-07-24T12:59:40Z,2025-07-24T12:55:00Z,2025-07-24T13:00:00Z,0.256256782678128,894801022268.1477,11.0301,2433905579426.0654,PPMA_d_2025-07-23
C7,PSAB,2025-07-24T12:59:40Z,2025-07-24T12:59:50Z,2025-07-24T12:55:00Z,2025-07-24T13:00:00Z,0.6561765896711353,1009443900447.4534,11.0301,2433905579426.0654,PPMA_d_2025-07-23
C7,PSAB,2025-07-24T13:03:30Z,2025-07-24T13:03:40Z,2025-07-24T13:00:00Z,2025-07-24T13:05:00Z,0.7085197603858131,670164928577.4333,11.0301,2433905579426.0654,PPMA_d_2025-07-23
C7,PSAB,2025-07-24T13:05:00Z,2025-07-24T13:05:10Z,2025-07-24T13:05:00Z,2025-07-24T13:10:00Z,0.7085197603858131,670164928577.4333,11.0301,2433905579426.0654,PPMA_d_2025-07-23
C7,PSAB,2025-07-24T13:05:10Z,2025-07-24T13:05:20Z,2025-07-24T13:05:00Z,2025-07-24T13:10:00Z,9.48119564325935,2186616858562.3333,11.0301,2433905579426.0654,PPMA_d_2025-07-23
C7,PSAB,2025-07-24T13:06:40Z,2025-07-24T13:06:50Z,2025-07-24T13:05:00Z,2025-07-24T13:10:00Z,1.6045744825654142,999464104825.2411,11.0301,2433905579426.0654,PPMA_d_2025-07-23
C7,PSAB,2025-07-24T13:06:50Z,2025-07-24T13:07:00Z,2025-07-24T13:05:00Z,2025-07-24T13:10:00Z,0.5068939602406675,784080102842.7778,11.0301,2433905579426.0654,PPMA_d_2025-07-23
C7,PSAB,2025-07-24T13:07:30Z,2025-07-24T13:07:40Z,2025-07-24T13:05:00Z,2025-07-24T13:10:00Z,0.05422913031451214,748668653834.5159,11.0301,2433905579426.0654,PPMA_d_2025-07-23
C7,PSAB,2025-07-24T13:07:40Z,2025-07-24T13:07:50Z,2025-07-24T13:05:00Z,2025-07-24T13:10:00Z,0.13700248303015092,1010543371614.4663,11.0301,2433905579426.0654,PPMA_d_2025-07-23
C7,PSAB,2025-07-24T13:07:50Z,2025-07-24T13:08:00Z,2025-07-24T13:05:00Z,2025-07-24T13:10:00Z,0.256256782678128,894801022268.1477,11.0301,2433905579426.0654,PPMA_d_2025-07-23
C7,PSAB,2025-07-24T13:08:00Z,2025-07-24T13:08:10Z,2025-07-24T13:05:00Z,2025-07-24T13:10:00Z,0.6561765896711353,1009443900447.4534,11.0301,2433905579426.0654,PPMA_d_2025-07-23
C7,PSAB,2025-07-24T13:09:50Z,2025-07-24T13:10:00Z,2025-07-24T13:05:00Z,2025-07-24T13:10:00Z,0.46752200369606345,784723076132.3956,11.0301,2433905579426.0654,PPMA_d_2025-07-23
C7,PSAB,2025-07-24T13:10:20Z,2025-07-24T13:10:30Z,2025-07-24T13:10:00Z,2025-07-24T13:15:00Z,0.7085197603858131,670164928577.4333,11.0301,2433905579426.0654,PPMA_d_2025-07-23
C7,PSAB,2025-07-24T13:10:30Z,2025-07-24T13:10:40Z,2025-07-24T13:10:00Z,2025-07-24T13:15:00Z,9.48119564325935,2186616858562.3333,11.0301,2433905579426.0654,PPMA_d_2025-07-23
C7,PSAB,2025-07-24T13:11:00Z,2025-07-24T13:11:10Z,2025-07-24T13:10:00Z,2025-07-24T13:15:00Z,1.6045744825654142,999464104825.2411,11.0301,2433905579426.0654,PPMA_d_2025-07-23
C7,PSAB,2025-07-24T13:11:30Z,2025-07-24T13:11:40Z,2025-07-24T13:10:00Z,2025-07-24T13:15:00Z,0.5068939602406675,784080102842.7778,11.0301,2433905579426.0654,PPMA_d_2025-07-23
C7,PSAB,2025-07-24T13:13:50Z,2025-07-24T13:14:00Z,2025-07-24T13:10:00Z,2025-07-24T13:15:00Z,0.05422913031451214,748668653834.5159,11.0301,2433905579426.0654,PPMA_d_2025-07-23
C7,PSAB,2025-07-24T13:14:00Z,2025-07-24T13:14:10Z,2025-07-24T13:10:00Z,2025-07-24T13:15:00Z,0.13700248303015092,1010543371614.4663,11.0301,2433905579426.0654,PPMA_d_2025-07-23
C7,PSAB,2025-07-24T13:14:10Z,2025-07-24T13:14:20Z,2025-07-24T13:10:00Z,2025-07-24T13:15:00Z,0.256256782678128,894801022268.1477,11.0301,2433905579426.0654,PPMA_d_2025-07-23
C7,PSAB,2025-07-24T13:14:20Z,2025-07-24T13:14:30Z,2025-07-24T13:10:00Z,2025-07-24T13:15:00Z,0.6561765896711353,1009443900447.4534,11.0301,2433905579426.0654,PPMA_d_2025-07-23
C7,PSAB,2025-07-24T13:14:30Z,2025-07-24T13:14:40Z,2025-07-24T13:10:00Z,2025-07-24T13:15:00Z,0.46752200369606345,784723076132.3956,11.0301,2433905579426.0654,PPMA_d_2025-07-23
C7,PSAB,2025-07-24T13:15:20Z,2025-07-24T13:15:30Z,2025-07-24T13:15:00Z,2025-07-24T13:20:00Z,0.7085197603858131,670164928577.4333,11.0301,2433905579426.0654,PPMA_d_2025-07-23
C7,PSAB,2025-07-24T13:19:30Z,2025-07-24T13:19:40Z,2025-07-24T13:15:00Z,2025-07-24T13:20:00Z,9.48119564325935,2186616858562.3333,11.0301,2433905579426.0654,PPMA_d_2025-07-23
C7,PSAB,2025-07-24T13:17:20Z,2025-07-24T13:17:30Z,2025-07-24T13:15:00Z,2025-07-24T13:20:00Z,1.6045744825654142,999464104825.2411,11.0301,2433905579426.0654,PPMA_d_2025-07-23
C7,PSAB,2025-07-24T13:22:40Z,2025-07-24T13:22:50Z,2025-07-24T13:20:00Z,2025-07-24T13:25:00Z,0.7085197603858131,670164928577.4333,11.0301,2433905579426.0654,PPMA_d_2025-07-23
C7,PSAB,2025-07-24T13:22:50Z,2025-07-24T13:23:00Z,2025-07-24T13:20:00Z,2025-07-24T13:25:00Z,9.48119564325935,2186616858562.3333,11.0301,2433905579426.0654,PPMA_d_2025-07-23
C7,PSAB,2025-07-24T13:23:00Z,2025-07-24T13:23:10Z,2025-07-24T13:20:00Z,2025-07-24T13:25:00Z,1.6045744825654142,999464104825.2411,11.0301,2433905579426.0654,PPMA_d_2025-07-23
C7,PSAB,2025-07-24T13:22:30Z,2025-07-24T13:22:40Z,2025-07-24T13:20:00Z,2025-07-24T13:25:00Z,0.5068939602406675,784080102842.7778,11.0301,2433905579426.0654,PPMA_d_2025-07-23
C7,PSAB,2025-07-24T13:26:10Z,2025-07-24T13:26:20Z,2025-07-24T13:25:00Z,2025-07-24T13:30:00Z,0.7085197603858131,670164928577.4333,11.0301,2433905579426.0654,PPMA_d_2025-07-23
C7,PSAB,2025-07-24T13:26:20Z,2025-07-24T13:26:30Z,2025-07-24T13:25:00Z,2025-07-24T13:30:00Z,9.48119564325935,2186616858562.3333,11.0301,2433905579426.0654,PPMA_d_2025-07-23
C7,PSAB,2025-07-24T13:28:00Z,2025-07-24T13:28:10Z,2025-07-24T13:25:00Z,2025-07-24T13:30:00Z,1.6045744825654142,999464104825.2411,11.0301,2433905579426.0654,PPMA_d_2025-07-23
C7,PSAB,2025-07-24T13:28:20Z,2025-07-24T13:28:30Z,2025-07-24T13:25:00Z,2025-07-24T13:30:00Z,0.5068939602406675,784080102842.7778,11.0301,2433905579426.0654,PPMA_d_2025-07-23
C7,PSAB,2025-07-24T13:28:30Z,2025-07-24T13:28:40Z,2025-07-24T13:25:00Z,2025-07-24T13:30:00Z,0.05422913031451214,748668653834.5159,11.0301,2433905579426.0654,PPMA_d_2025-07-23
C7,PSAB,2025-07-24T13:29:10Z,2025-07-24T13:29:20Z,2025-07-24T13:25:00Z,2025-07-24T13:30:00Z,0.13700248303015092,1010543371614.4663,11.0301,2433905579426.0654,PPMA_d_2025-07-23
C7,PSAB,2025-07-24T13:29:20Z,2025-07-24T13:29:30Z,2025-07-24T13:25:00Z,2025-07-24T13:30:00Z,0.256256782678128,894801022268.1477,11.0301,2433905579426.0654,PPMA_d_2025-07-23
C7,PSAB,2025-07-24T13:32:40Z,2025-07-24T13:32:50Z,2025-07-24T13:30:00Z,2025-07-24T13:35:00Z,0.7085197603858131,670164928577.4333,11.0301,2433905579426.0654,PPMA_d_2025-07-23
C7,PSAB,2025-07-24T13:33:00Z,2025-07-24T13:33:10Z,2025-07-24T13:30:00Z,2025-07-24T13:35:00Z,9.48119564325935,2186616858562.3333,11.0301,2433905579426.0654,PPMA_d_2025-07-23
C7,PSAB,2025-07-24T13:30:50Z,2025-07-24T13:31:00Z,2025-07-24T13:30:00Z,2025-07-24T13:35:00Z,1.6045744825654142,999464104825.2411,11.0301,2433905579426.0654,PPMA_d_2025-07-23
C7,PSAB,2025-07-24T13:31:40Z,2025-07-24T13:31:50Z,2025-07-24T13:30:00Z,2025-07-24T13:35:00Z,0.5068939602406675,784080102842.7778,11.0301,2433905579426.0654,PPMA_d_2025-07-23
C7,PSAB,2025-07-24T13:35:30Z,2025-07-24T13:35:40Z,2025-07-24T13:35:00Z,2025-07-24T13:40:00Z,0.7085197603858131,670164928577.4333,11.0301,2433905579426.0654,PPMA_d_2025-07-23
C7,PSAB,2025-07-24T13:38:20Z,2025-07-24T13:38:30Z,2025-07-24T13:35:00Z,2025-07-24T13:40:00Z,9.48119564325935,2186616858562.3333,11.0301,2433905579426.0654,PPMA_d_2025-07-23
C7,PSAB,2025-07-24T13:39:00Z,2025-07-24T13:39:10Z,2025-07-24T13:35:00Z,2025-07-24T13:40:00Z,1.6045744825654142,999464104825.2411,11.0301,2433905579426.0654,PPMA_d_2025-07-23
C7,PSAB,2025-07-24T13:37:10Z,2025-07-24T13:37:20Z,2025-07-24T13:35:00Z,2025-07-24T13:40:00Z,0.5068939602406675,784080102842.7778,11.0301,2433905579426.0654,PPMA_d_2025-07-23
C7,PSAB,2025-07-24T13:37:20Z,2025-07-24T13:37:30Z,2025-07-24T13:35:00Z,2025-07-24T13:40:00Z,0.05422913031451214,748668653834.5159,11.0301,2433905579426.0654,PPMA_d_2025-07-23
C7,PSAB,2025-07-24T13:40:30Z,2025-07-24T13:40:40Z,2025-07-24T13:40:00Z,2025-07-24T13:45:00Z,0.7085197603858131,670164928577.4333,11.0301,2433905579426.0654,PPMA_d_2025-07-23
C7,PSAB,2025-07-24T13:44:30Z,2025-07-24T13:44:40Z,2025-07-24T13:40:00Z,2025-07-24T13:45:00Z,9.48119564325935,2186616858562.3333,11.0301,2433905579426.0654,PPMA_d_2025-07-23
C7,PSAB,2025-07-24T13:44:40Z,2025-07-24T13:44:50Z,2025-07-24T13:40:00Z,2025-07-24T13:45:00Z,1.6045744825654142,999464104825.2411,11.0301,2433905579426.0654,PPMA_d_2025-07-23
C7,PSAB,2025-07-24T13:43:40Z,2025-07-24T13:43:50Z,2025-07-24T13:40:00Z,2025-07-24T13:45:00Z,0.5068939602406675,784080102842.7778,11.0301,2433905579426.0654,PPMA_d_2025-07-23
C7,PSAB,2025-07-24T13:45:20Z,2025-07-24T13:45:30Z,2025-07-24T13:45:00Z,2025-07-24T13:50:00Z,0.7085197603858131,670164928577.4333,11.0301,2433905579426.0654,PPMA_d_2025-07-23
C7,PSAB,2025-07-24T13:49:20Z,2025-07-24T13:49:30Z,2025-07-24T13:45:00Z,2025-07-24T13:50:00Z,9.48119564325935,2186616858562.3333,11.0301,2433905579426.0654,PPMA_d_2025-07-23
C7,PSAB,2025-07-24T13:47:30Z,2025-07-24T13:47:40Z,2025-07-24T13:45:00Z,2025-07-24T13:50:00Z,1.6045744825654142,999464104825.2411,11.0301,2433905579426.0654,PPMA_d_2025-07-23
C7,PSAB,2025-07-24T13:50:40Z,2025-07-24T13:50:50Z,2025-07-24T13:50:00Z,2025-07-24T13:55:00Z,0.7085197603858131,670164928577.4333,11.0301,2433905579426.0654,PPMA_d_2025-07-23
C7,PSAB,2025-07-24T13:51:00Z,2025-07-24T13:51:10Z,2025-07-24T13:50:00Z,2025-07-24T13:55:00Z,9.48119564325935,2186616858562.3333,11.0301,2433905579426.0654,PPMA_d_2025-07-23
C7,PSAB,2025-07-24T13:51:10Z,2025-07-24T13:51:20Z,2025-07-24T13:50:00Z,2025-07-24T13:55:00Z,1.6045744825654142,999464104825.2411,11.0301,2433905579426.0654,PPMA_d_2025-07-23
C7,PSAB,2025-07-24T13:59:10Z,2025-07-24T13:59:20Z,2025-07-24T13:55:00Z,2025-07-24T14:00:00Z,0.7085197603858131,670164928577.4333,11.0301,2433905579426.0654,PPMA_d_2025-07-23
C7,PSAB,2025-07-24T13:57:20Z,2025-07-24T13:57:30Z,2025-07-24T13:55:00Z,2025-07-24T14:00:00Z,9.48119564325935,2186616858562.3333,11.0301,2433905579426.0654,PPMA_d_2025-07-23
C7,PSAB,2025-07-24T13:57:30Z,2025-07-24T13:57:40Z,2025-07-24T13:55:00Z,2025-07-24T14:00:00Z,1.6045744825654142,999464104825.2411,11.0301,2433905579426.0654,PPMA_d_2025-07-23
C7,PSAB,2025-07-24T14:00:50Z,2025-07-24T14:01:00Z,2025-07-24T14:00:00Z,2025-07-24T14:05:00Z,0.7085197603858131,670164928577.4333,11.0301,2433905579426.0654,PPMA_d_2025-07-23
C7,PSAB,2025-07-24T14:03:50Z,2025-07-24T14:04:00Z,2025-07-24T14:00:00Z,2025-07-24T14:05:00Z,9.48119564325935,2186616858562.3333,11.0301,2433905579426.0654,PPMA_d_2025-07-23
C7,PSAB,2025-07-24T14:01:20Z,2025-07-24T14:01:30Z,2025-07-24T14:00:00Z,2025-07-24T14:05:00Z,1.6045744825654142,999464104825.2411,11.0301,2433905579426.0654,PPMA_d_2025-07-23
C7,PSAB,2025-07-24T14:04:10Z,2025-07-24T14:04:20Z,2025-07-24T14:00:00Z,2025-07-24T14:05:00Z,0.5068939602406675,784080102842.7778,11.0301,2433905579426.0654,PPMA_d_2025-07-23
C7,PSAB,2025-07-24T14:01:40Z,2025-07-24T14:01:50Z,2025-07-24T14:00:00Z,2025-07-24T14:05:00Z,0.05422913031451214,748668653834.5159,11.0301,2433905579426.0654,PPMA_d_2025-07-23
C7,PSAB,2025-07-24T14:02:10Z,2025-07-24T14:02:20Z,2025-07-24T14:00:00Z,2025-07-24T14:05:00Z,0.13700248303015092,1010543371614.4663,11.0301,2433905579426.0654,PPMA_d_2025-07-23
C7,PSAB,2025-07-24T14:05:50Z,2025-07-24T14:06:00Z,2025-07-24T14:05:00Z,2025-07-24T14:10:00Z,0.7085197603858131,670164928577.4333,11.0301,2433905579426.0654,PPMA_d_2025-07-23
C7,PSAB,2025-07-24T14:09:40Z,2025-07-24T14:09:50Z,2025-07-24T14:05:00Z,2025-07-24T14:10:00Z,9.48119564325935,2186616858562.3333,11.0301,2433905579426.0654,PPMA_d_2025-07-23
C7,PSAB,2025-07-24T14:09:50Z,2025-07-24T14:10:00Z,2025-07-24T14:05:00Z,2025-07-24T14:10:00Z,1.6045744825654142,999464104825.2411,11.0301,2433905579426.0654,PPMA_d_2025-07-23
C7,PSAB,2025-07-24T14:13:00Z,2025-07-24T14:13:10Z,2025-07-24T14:10:00Z,2025-07-24T14:15:00Z,0.7085197603858131,670164928577.4333,11.0301,2433905579426.0654,PPMA_d_2025-07-23
C7,PSAB,2025-07-24T14:10:30Z,2025-07-24T14:10:40Z,2025-07-24T14:10:00Z,2025-07-24T14:15:00Z,9.48119564325935,2186616858562.3333,11.0301,2433905579426.0654,PPMA_d_2025-07-23
C7,PSAB,2025-07-24T14:12:00Z,2025-07-24T14:12:10Z,2025-07-24T14:10:00Z,2025-07-24T14:15:00Z,1.6045744825654142,999464104825.2411,11.0301,2433905579426.0654,PPMA_d_2025-07-23
C7,PSAB,2025-07-24T14:12:20Z,2025-07-24T14:12:30Z,2025-07-24T14:10:00Z,2025-07-24T14:15:00Z,0.5068939602406675,784080102842.7778,11.0301,2433905579426.0654,PPMA_d_2025-07-23
C7,PSAB,2025-07-24T14:16:50Z,2025-07-24T14:17:00Z,2025-07-24T14:15:00Z,2025-07-24T14:20:00Z,0.7085197603858131,670164928577.4333,11.0301,2433905579426.0654,PPMA_d_2025-07-23
C7,PSAB,2025-07-24T14:17:00Z,2025-07-24T14:17:10Z,2025-07-24T14:15:00Z,2025-07-24T14:20:00Z,9.48119564325935,2186616858562.3333,11.0301,2433905579426.0654,PPMA_d_2025-07-23
C7,PSAB,2025-07-24T14:17:20Z,2025-07-24T14:17:30Z,2025-07-24T14:15:00Z,2025-07-24T14:20:00Z,1.6045744825654142,999464104825.2411,11.0301,2433905579426.0654,PPMA_d_2025-07-23
C7,PSAB,2025-07-24T14:19:10Z,2025-07-24T14:19:20Z,2025-07-24T14:15:00Z,2025-07-24T14:20:00Z,0.5068939602406675,784080102842.7778,11.0301,2433905579426.0654,PPMA_d_2025-07-23
C7,PSAB,2025-07-24T14:19:20Z,2025-07-24T14:19:30Z,2025-07-24T14:15:00Z,2025-07-24T14:20:00Z,0.05422913031451214,748668653834.5159,11.0301,2433905579426.0654,PPMA_d_2025-07-23
C7,PSAB,2025-07-24T14:19:30Z,2025-07-24T14:19:40Z,2025-07-24T14:15:00Z,2025-07-24T14:20:00Z,0.13700248303015092,1010543371614.4663,11.0301,2433905579426.0654,PPMA_d_2025-07-23
C7,PSAB,2025-07-24T14:19:50Z,2025-07-24T14:20:00Z,2025-07-24T14:15:00Z,2025-07-24T14:20:00Z,0.256256782678128,894801022268.1477,11.0301,2433905579426.0654,PPMA_d_2025-07-23
C7,PSAB,2025-07-24T14:27:50Z,2025-07-24T14:28:00Z,2025-07-24T14:25:00Z,2025-07-24T14:30:00Z,0.7085197603858131,670164928577.4333,11.0301,2433905579426.0654,PPMA_d_2025-07-23
C7,PSAB,2025-07-24T14:28:00Z,2025-07-24T14:28:10Z,2025-07-24T14:25:00Z,2025-07-24T14:30:00Z,9.48119564325935,2186616858562.3333,11.0301,2433905579426.0654,PPMA_d_2025-07-23
C7,PSAB,2025-07-24T14:25:40Z,2025-07-24T14:25:50Z,2025-07-24T14:25:00Z,2025-07-24T14:30:00Z,1.6045744825654142,999464104825.2411,11.0301,2433905579426.0654,PPMA_d_2025-07-23
C7,PSAB,2025-07-24T14:26:00Z,2025-07-24T14:26:10Z,2025-07-24T14:25:00Z,2025-07-24T14:30:00Z,0.5068939602406675,784080102842.7778,11.0301,2433905579426.0654,PPMA_d_2025-07-23
C7,PSAB,2025-07-24T14:31:30Z,2025-07-24T14:31:40Z,2025-07-24T14:30:00Z,2025-07-24T14:35:00Z,0.7085197603858131,670164928577.4333,11.0301,2433905579426.0654,PPMA_d_2025-07-23
C7,PSAB,2025-07-24T14:33:20Z,2025-07-24T14:33:30Z,2025-07-24T14:30:00Z,2025-07-24T14:35:00Z,9.48119564325935,2186616858562.3333,11.0301,2433905579426.0654,PPMA_d_2025-07-23
C7,PSAB,2025-07-24T14:32:00Z,2025-07-24T14:32:10Z,2025-07-24T14:30:00Z,2025-07-24T14:35:00Z,1.6045744825654142,999464104825.2411,11.0301,2433905579426.0654,PPMA_d_2025-07-23
C7,PSAB,2025-07-24T14:35:00Z,2025-07-24T14:35:10Z,2025-07-24T14:35:00Z,2025-07-24T14:40:00Z,0.7085197603858131,670164928577.4333,11.0301,2433905579426.0654,PPMA_d_2025-07-23
C7,PSAB,2025-07-24T14:35:10Z,2025-07-24T14:35:20Z,2025-07-24T14:35:00Z,2025-07-24T14:40:00Z,9.48119564325935,2186616858562.3333,11.0301,2433905579426.0654,PPMA_d_2025-07-23
C7,PSAB,2025-07-24T14:35:20Z,2025-07-24T14:35:30Z,2025-07-24T14:35:00Z,2025-07-24T14:40:00Z,1.6045744825654142,999464104825.2411,11.0301,2433905579426.0654,PPMA_d_2025-07-23
C7,PSAB,2025-07-24T14:35:30Z,2025-07-24T14:35:40Z,2025-07-24T14:35:00Z,2025-07-24T14:40:00Z,0.5068939602406675,784080102842.7778,11.0301,2433905579426.0654,PPMA_d_2025-07-23
C7,PSAB,2025-07-24T14:37:20Z,2025-07-24T14:37:30Z,2025-07-24T14:35:00Z,2025-07-24T14:40:00Z,0.05422913031451214,748668653834.5159,11.0301,2433905579426.0654,PPMA_d_2025-07-23
C7,PSAB,2025-07-24T14:39:50Z,2025-07-24T14:40:00Z,2025-07-24T14:35:00Z,2025-07-24T14:40:00Z,0.13700248303015092,1010543371614.4663,11.0301,2433905579426.0654,PPMA_d_2025-07-23
C7,PSAB,2025-07-24T14:40:00Z,2025-07-24T14:40:10Z,2025-07-24T14:40:00Z,2025-07-24T14:45:00Z,0.7085197603858131,670164928577.4333,11.0301,2433905579426.0654,PPMA_d_2025-07-23
C7,PSAB,2025-07-24T14:49:00Z,2025-07-24T14:49:10Z,2025-07-24T14:45:00Z,2025-07-24T14:50:00Z,0.7085197603858131,670164928577.4333,11.0301,2433905579426.0654,PPMA_d_2025-07-23
C7,PSAB,2025-07-24T14:49:10Z,2025-07-24T14:49:20Z,2025-07-24T14:45:00Z,2025-07-24T14:50:00Z,9.48119564325935,2186616858562.3333,11.0301,2433905579426.0654,PPMA_d_2025-07-23
C7,PSAB,2025-07-24T14:48:40Z,2025-07-24T14:48:50Z,2025-07-24T14:45:00Z,2025-07-24T14:50:00Z,1.6045744825654142,999464104825.2411,11.0301,2433905579426.0654,PPMA_d_2025-07-23
C7,PSAB,2025-07-24T14:51:30Z,2025-07-24T14:51:40Z,2025-07-24T14:50:00Z,2025-07-24T14:55:00Z,0.7085197603858131,670164928577.4333,11.0301,2433905579426.0654,PPMA_d_2025-07-23
C7,PSAB,2025-07-24T14:51:40Z,2025-07-24T14:51:50Z,2025-07-24T14:50:00Z,2025-07-24T14:55:00Z,9.48119564325935,2186616858562.3333,11.0301,2433905579426.0654,PPMA_d_2025-07-23
C7,PSAB,2025-07-24T14:53:20Z,2025-07-24T14:53:30Z,2025-07-24T14:50:00Z,2025-07-24T14:55:00Z,1.6045744825654142,999464104825.2411,11.0301,2433905579426.0654,PPMA_d_2025-07-23
C7,PSAB,2025-07-24T14:59:20Z,2025-07-24T14:59:30Z,2025-07-24T14:55:00Z,2025-07-24T15:00:00Z,0.7085197603858131,670164928577.4333,11.0301,2433905579426.0654,PPMA_d_2025-07-23
C7,PSAB,2025-07-24T15:03:40Z,2025-07-24T15:03:50Z,2025-07-24T15:00:00Z,2025-07-24T15:05:00Z,0.568585666731156,1034860557510.5864,10.6013,3044811898754.8125,PSAB_d_2025-07-24
C7,PSAB,2025-07-24T15:11:30Z,2025-07-24T15:11:40Z,2025-07-24T15:10:00Z,2025-07-24T15:15:00Z,0.568585666731156,1034860557510.5864,10.6013,3044811898754.8125,PSAB_d_2025-07-24
C7,PSAB,2025-07-24T15:12:20Z,2025-07-24T15:12:30Z,2025-07-24T15:10:00Z,2025-07-24T15:15:00Z,0.8090036478787946,1537458855551.1375,10.6013,3044811898754.8125,PSAB_d_2025-07-24
C7,PSAB,2025-07-24T15:12:30Z,2025-07-24T15:12:40Z,2025-07-24T15:10:00Z,2025-07-24T15:15:00Z,0.29130211475307183,1106196474964.26,10.6013,3044811898754.8125,PSAB_d_2025-07-24
C7,PSAB,2025-07-24T15:25:00Z,2025-07-24T15:25:10Z,2025-07-24T15:25:00Z,2025-07-24T15:30:00Z,0.568585666731156,1034860557510.5864,10.6013,3044811898754.8125,PSAB_d_2025-07-24
C7,PSAB,2025-07-24T15:25:20Z,2025-07-24T15:25:30Z,2025-07-24T15:25:00Z,2025-07-24T15:30:00Z,0.8090036478787946,1537458855551.1375,10.6013,3044811898754.8125,PSAB_d_2025-07-24
C7,PSAB,2025-07-24T16:05:30Z,2025-07-24T16:05:40Z,2025-07-24T16:05:00Z,2025-07-24T16:10:00Z,0.568585666731156,1034860557510.5864,10.6013,3044811898754.8125,PSAB_d_2025-07-24
C7,PSAB,2025-07-24T16:07:30Z,2025-07-24T16:07:40Z,2025-07-24T16:05:00Z,2025-07-24T16:10:00Z,0.8090036478787946,1537458855551.1375,10.6013,3044811898754.8125,PSAB_d_2025-07-24
C7,PSAB,2025-07-24T16:11:50Z,2025-07-24T16:12:00Z,2025-07-24T16:10:00Z,2025-07-24T16:15:00Z,0.568585666731156,1034860557510.5864,10.6013,3044811898754.8125,PSAB_d_2025-07-24
C7,PSAB,2025-07-24T18:10:40Z,2025-07-24T18:10:50Z,2025-07-24T18:10:00Z,2025-07-24T18:15:00Z,0.568585666731156,1034860557510.5864,10.6013,3044811898754.8125,PSAB_d_2025-07-24
C7,PSAB,2025-07-24T18:10:50Z,2025-07-24T18:11:00Z,2025-07-24T18:10:00Z,2025-07-24T18:15:00Z,0.8090036478787946,1537458855551.1375,10.6013,3044811898754.8125,PSAB_d_2025-07-24
C7,PSAB,2025-07-24T18:11:00Z,2025-07-24T18:11:10Z,2025-07-24T18:10:00Z,2025-07-24T18:15:00Z,0.29130211475307183,1106196474964.26,10.6013,3044811898754.8125,PSAB_d_2025-07-24
C7,PSAB,2025-07-24T18:11:10Z,2025-07-24T18:11:20Z,2025-07-24T18:10:00Z,2025-07-24T18:15:00Z,0.16477960184727874,1142396922278.8464,10.6013,3044811898754.8125,PSAB_d_2025-07-24
C7,PSAB,2025-07-24T18:11:20Z,2025-07-24T18:11:30Z,2025-07-24T18:10:00Z,2025-07-24T18:15:00Z,0.03699924061723412,1802512264026.8044,10.6013,3044811898754.8125,PSAB_d_2025-07-24
C7,PSAB,2025-07-24T18:11:30Z,2025-07-24T18:11:40Z,2025-07-24T18:10:00Z,2025-07-24T18:15:00Z,0.44998580140147776,1182380926103.92,10.6013,3044811898754.8125,PSAB_d_2025-07-24
C7,PSAB,2025-07-24T18:11:40Z,2025-07-24T18:11:50Z,2025-07-24T18:10:00Z,2025-07-24T18:15:00Z,0.4235342608673636,765488596704.0254,10.6013,3044811898754.8125,PSAB_d_2025-07-24
C7,PSAB,2025-07-24T18:11:50Z,2025-07-24T18:12:00Z,2025-07-24T18:10:00Z,2025-07-24T18:15:00Z,0.8822743701822185,703332835567.5457,10.6013,3044811898754.8125,PSAB_d_2025-07-24
C7,PSAB,2025-07-24T18:12:00Z,2025-07-24T18:12:10Z,2025-07-24T18:10:00Z,2025-07-24T18:15:00Z,0.19465795684851445,1242197246049.878,10.6013,3044811898754.8125,PSAB_d_2025-07-24
C7,PSAB,2025-07-24T18:12:10Z,2025-07-24T18:12:20Z,2025-07-24T18:10:00Z,2025-07-24T18:15:00Z,1.9307900858024654,1727452141353.927,10.6013,3044811898754.8125,PSAB_d_2025-07-24
C7,PSAB,2025-07-24T18:43:50Z,2025-07-24T18:44:00Z,2025-07-24T18:40:00Z,2025-07-24T18:45:00Z,0.568585666731156,1034860557510.5864,10.6013,3044811898754.8125,PSAB_d_2025-07-24
C7,PSAB,2025-07-24T19:00:10Z,2025-07-24T19:00:20Z,2025-07-24T19:00:00Z,2025-07-24T19:05:00Z,0.568585666731156,1034860557510.5864,10.6013,3044811898754.8125,PSAB_d_2025-07-24
C7,PSAB,2025-07-24T19:00:20Z,2025-07-24T19:00:30Z,2025-07-24T19:00:00Z,2025-07-24T19:05:00Z,0.8090036478787946,1537458855551.1375,10.6013,3044811898754.8125,PSAB_d_2025-07-24
C7,PSAB,2025-07-24T19:00:30Z,2025-07-24T19:00:40Z,2025-07-24T19:00:00Z,2025-07-24T19:05:00Z,0.29130211475307183,1106196474964.26,10.6013,3044811898754.8125,PSAB_d_2025-07-24
C7,PSAB,2025-07-24T19:00:40Z,2025-07-24T19:00:50Z,2025-07-24T19:00:00Z,2025-07-24T19:05:00Z,0.16477960184727874,1142396922278.8464,10.6013,3044811898754.8125,PSAB_d_2025-07-24
C7,PSAB,2025-07-24T19:00:50Z,2025-07-24T19:01:00Z,2025-07-24T19:00:00Z,2025-07-24T19:05:00Z,0.03699924061723412,1802512264026.8044,10.6013,3044811898754.8125,PSAB_d_2025-07-24
C7,PSAB,2025-07-24T19:01:10Z,2025-07-24T19:01:20Z,2025-07-24T19:00:00Z,2025-07-24T19:05:00Z,0.44998580140147776,1182380926103.92,10.6013,3044811898754.8125,PSAB_d_2025-07-24
C7,PSAB,2025-07-24T19:03:00Z,2025-07-24T19:03:10Z,2025-07-24T19:00:00Z,2025-07-24T19:05:00Z,0.4235342608673636,765488596704.0254,10.6013,3044811898754.8125,PSAB_d_2025-07-24
C7,PSAB,2025-07-24T20:20:00Z,2025-07-24T20:20:10Z,2025-07-24T20:20:00Z,2025-07-24T20:25:00Z,0.568585666731156,1034860557510.5864,10.6013,3044811898754.8125,PSAB_d_2025-07-24
C7,PSAB,2025-07-24T20:20:20Z,2025-07-24T20:20:30Z,2025-07-24T20:20:00Z,2025-07-24T20:25:00Z,0.8090036478787946,1537458855551.1375,10.6013,3044811898754.8125,PSAB_d_2025-07-24
C7,PSAB,2025-07-24T20:25:50Z,2025-07-24T20:26:00Z,2025-07-24T20:25:00Z,2025-07-24T20:30:00Z,0.568585666731156,1034860557510.5864,10.6013,3044811898754.8125,PSAB_d_2025-07-24
C7,PSAB,2025-07-24T20:26:40Z,2025-07-24T20:26:50Z,2025-07-24T20:25:00Z,2025-07-24T20:30:00Z,0.8090036478787946,1537458855551.1375,10.6013,3044811898754.8125,PSAB_d_2025-07-24
C7,PSAB,2025-07-24T20:27:10Z,2025-07-24T20:27:20Z,2025-07-24T20:25:00Z,2025-07-24T20:30:00Z,0.29130211475307183,1106196474964.26,10.6013,3044811898754.8125,PSAB_d_2025-07-24
C7,PSAB,2025-07-24T20:27:30Z,2025-07-24T20:27:40Z,2025-07-24T20:25:00Z,2025-07-24T20:30:00Z,0.16477960184727874,1142396922278.8464,10.6013,3044811898754.8125,PSAB_d_2025-07-24
C7,PSAB,2025-07-24T20:27:40Z,2025-07-24T20:27:50Z,2025-07-24T20:25:00Z,2025-07-24T20:30:00Z,0.03699924061723412,1802512264026.8044,10.6013,3044811898754.8125,PSAB_d_2025-07-24
C7,PSAB,2025-07-24T20:27:50Z,2025-07-24T20:28:00Z,2025-07-24T20:25:00Z,2025-07-24T20:30:00Z,0.44998580140147776,1182380926103.92,10.6013,3044811898754.8125,PSAB_d_2025-07-24
C7,PSAB,2025-07-24T20:29:40Z,2025-07-24T20:29:50Z,2025-07-24T20:25:00Z,2025-07-24T20:30:00Z,0.4235342608673636,765488596704.0254,10.6013,3044811898754.8125,PSAB_d_2025-07-24
C7,PSAB,2025-07-24T20:34:10Z,2025-07-24T20:34:20Z,2025-07-24T20:30:00Z,2025-07-24T20:35:00Z,0.568585666731156,1034860557510.5864,10.6013,3044811898754.8125,PSAB_d_2025-07-24
C7,PSAB,2025-07-24T20:30:20Z,2025-07-24T20:30:30Z,2025-07-24T20:30:00Z,2025-07-24T20:35:00Z,0.8090036478787946,1537458855551.1375,10.6013,3044811898754.8125,PSAB_d_2025-07-24
C7,PSAB,2025-07-24T20:38:10Z,2025-07-24T20:38:20Z,2025-07-24T20:35:00Z,2025-07-24T20:40:00Z,0.568585666731156,1034860557510.5864,10.6013,3044811898754.8125,PSAB_d_2025-07-24
C7,PSAB,2025-07-24T20:37:00Z,2025-07-24T20:37:10Z,2025-07-24T20:35:00Z,2025-07-24T20:40:00Z,0.8090036478787946,1537458855551.1375,10.6013,3044811898754.8125,PSAB_d_2025-07-24
C7,PSAB,2025-07-24T20:37:30Z,2025-07-24T20:37:40Z,2025-07-24T20:35:00Z,2025-07-24T20:40:00Z,0.29130211475307183,1106196474964.26,10.6013,3044811898754.8125,PSAB_d_2025-07-24
C7,PSAB,2025-07-24T20:40:40Z,2025-07-24T20:40:50Z,2025-07-24T20:40:00Z,2025-07-24T20:45:00Z,0.568585666731156,1034860557510.5864,10.6013,3044811898754.8125,PSAB_d_2025-07-24
C7,PSAB,2025-07-24T20:40:50Z,2025-07-24T20:41:00Z,2025-07-24T20:40:00Z,2025-07-24T20:45:00Z,0.8090036478787946,1537458855551.1375,10.6013,3044811898754.8125,PSAB_d_2025-07-24
C7,PSAB,2025-07-24T20:41:00Z,2025-07-24T20:41:10Z,2025-07-24T20:40:00Z,2025-07-24T20:45:00Z,0.29130211475307183,1106196474964.26,10.6013,3044811898754.8125,PSAB_d_2025-07-24
C7,PSAB,2025-07-24T20:41:10Z,2025-07-24T20:41:20Z,2025-07-24T20:40:00Z,2025-07-24T20:45:00Z,0.16477960184727874,1142396922278.8464,10.6013,3044811898754.8125,PSAB_d_2025-07-24
C7,PSAB,2025-07-24T20:42:40Z,2025-07-24T20:42:50Z,2025-07-24T20:40:00Z,2025-07-24T20:45:00Z,0.03699924061723412,1802512264026.8044,10.6013,3044811898754.8125,PSAB_d_2025-07-24
C7,PSAB,2025-07-24T20:42:50Z,2025-07-24T20:43:00Z,2025-07-24T20:40:00Z,2025-07-24T20:45:00Z,0.44998580140147776,1182380926103.92,10.6013,3044811898754.8125,PSAB_d_2025-07-24
C7,PSAB,2025-07-24T20:43:10Z,2025-07-24T20:43:20Z,2025-07-24T20:40:00Z,2025-07-24T20:45:00Z,0.4235342608673636,765488596704.0254,10.6013,3044811898754.8125,PSAB_d_2025-07-24
C7,PSAB,2025-07-24T20:43:40Z,2025-07-24T20:43:50Z,2025-07-24T20:40:00Z,2025-07-24T20:45:00Z,0.8822743701822185,703332835567.5457,10.6013,3044811898754.8125,PSAB_d_2025-07-24
C7,PSAB,2025-07-24T20:43:50Z,2025-07-24T20:44:00Z,2025-07-24T20:40:00Z,2025-07-24T20:45:00Z,0.19465795684851445,1242197246049.878,10.6013,3044811898754.8125,PSAB_d_2025-07-24
C7,PSAB,2025-07-24T20:44:00Z,2025-07-24T20:44:10Z,2025-07-24T20:40:00Z,2025-07-24T20:45:00Z,1.9307900858024654,1727452141353.927,10.6013,3044811898754.8125,PSAB_d_2025-07-24
C7,PSAB,2025-07-24T20:44:20Z,2025-07-24T20:44:30Z,2025-07-24T20:40:00Z,2025-07-24T20:45:00Z,2.4605354611368315,1686274676669.4595,10.6013,3044811898754.8125,PSAB_d_2025-07-24
C7,PSAB,2025-07-24T20:46:20Z,2025-07-24T20:46:30Z,2025-07-24T20:45:00Z,2025-07-24T20:50:00Z,0.568585666731156,1034860557510.5864,10.6013,3044811898754.8125,PSAB_d_2025-07-24
C7,PSAB,2025-07-24T20:47:00Z,2025-07-24T20:47:10Z,2025-07-24T20:45:00Z,2025-07-24T20:50:00Z,0.8090036478787946,1537458855551.1375,10.6013,3044811898754.8125,PSAB_d_2025-07-24
C7,PSAB,2025-07-24T20:47:10Z,2025-07-24T20:47:20Z,2025-07-24T20:45:00Z,2025-07-24T20:50:00Z,0.29130211475307183,1106196474964.26,10.6013,3044811898754.8125,PSAB_d_2025-07-24
C7,PSAB,2025-07-24T20:47:40Z,2025-07-24T20:47:50Z,2025-07-24T20:45:00Z,2025-07-24T20:50:00Z,0.16477960184727874,1142396922278.8464,10.6013,3044811898754.8125,PSAB_d_2025-07-24
C7,PSAB,2025-07-24T20:47:50Z,2025-07-24T20:48:00Z,2025-07-24T20:45:00Z,2025-07-24T20:50:00Z,0.03699924061723412,1802512264026.8044,10.6013,3044811898754.8125,PSAB_d_2025-07-24
C7,PSAB,2025-07-24T20:48:10Z,2025-07-24T20:48:20Z,2025-07-24T20:45:00Z,2025-07-24T20:50:00Z,0.44998580140147776,1182380926103.92,10.6013,3044811898754.8125,PSAB_d_2025-07-24
C7,PSAB,2025-07-24T20:48:20Z,2025-07-24T20:48:30Z,2025-07-24T20:45:00Z,2025-07-24T20:50:00Z,0.4235342608673636,765488596704.0254,10.6013,3044811898754.8125,PSAB_d_2025-07-24
C7,PSAB,2025-07-24T20:49:40Z,2025-07-24T20:49:50Z,2025-07-24T20:45:00Z,2025-07-24T20:50:00Z,0.8822743701822185,703332835567.5457,10.6013,3044811898754.8125,PSAB_d_2025-07-24
C7,PSAB,2025-07-24T20:50:30Z,2025-07-24T20:50:40Z,2025-07-24T20:50:00Z,2025-07-24T20:55:00Z,0.568585666731156,1034860557510.5864,10.6013,3044811898754.8125,PSAB_d_2025-07-24
C7,PSAB,2025-07-24T20:50:40Z,2025-07-24T20:50:50Z,2025-07-24T20:50:00Z,2025-07-24T20:55:00Z,0.8090036478787946,1537458855551.1375,10.6013,3044811898754.8125,PSAB_d_2025-07-24
C7,PSAB,2025-07-24T20:50:50Z,2025-07-24T20:51:00Z,2025-07-24T20:50:00Z,2025-07-24T20:55:00Z,0.29130211475307183,1106196474964.26,10.6013,3044811898754.8125,PSAB_d_2025-07-24
C7,PSAB,2025-07-24T20:51:00Z,2025-07-24T20:51:10Z,2025-07-24T20:50:00Z,2025-07-24T20:55:00Z,0.16477960184727874,1142396922278.8464,10.6013,3044811898754.8125,PSAB_d_2025-07-24
C7,PSAB,2025-07-24T20:51:30Z,2025-07-24T20:51:40Z,2025-07-24T20:50:00Z,2025-07-24T20:55:00Z,0.03699924061723412,1802512264026.8044,10.6013,3044811898754.8125,PSAB_d_2025-07-24
C7,PSAB,2025-07-24T20:51:40Z,2025-07-24T20:51:50Z,2025-07-24T20:50:00Z,2025-07-24T20:55:00Z,0.44998580140147776,1182380926103.92,10.6013,3044811898754.8125,PSAB_d_2025-07-24
C7,PSAB,2025-07-24T20:51:50Z,2025-07-24T20:52:00Z,2025-07-24T20:50:00Z,2025-07-24T20:55:00Z,0.4235342608673636,765488596704.0254,10.6013,3044811898754.8125,PSAB_d_2025-07-24
C7,PSAB,2025-07-24T20:52:00Z,2025-07-24T20:52:10Z,2025-07-24T20:50:00Z,2025-07-24T20:55:00Z,0.8822743701822185,703332835567.5457,10.6013,3044811898754.8125,PSAB_d_2025-07-24
C7,PSAB,2025-07-24T20:52:20Z,2025-07-24T20:52:30Z,2025-07-24T20:50:00Z,2025-07-24T20:55:00Z,0.19465795684851445,1242197246049.878,10.6013,3044811898754.8125,PSAB_d_2025-07-24
C7,PSAB,2025-07-24T20:52:40Z,2025-07-24T20:52:50Z,2025-07-24T20:50:00Z,2025-07-24T20:55:00Z,1.9307900858024654,1727452141353.927,10.6013,3044811898754.8125,PSAB_d_2025-07-24
C7,PSAB,2025-07-24T20:52:50Z,2025-07-24T20:53:00Z,2025-07-24T20:50:00Z,2025-07-24T20:55:00Z,2.4605354611368315,1686274676669.4595,10.6013,3044811898754.8125,PSAB_d_2025-07-24
C7,PSAB,2025-07-24T20:53:00Z,2025-07-24T20:53:10Z,2025-07-24T20:50:00Z,2025-07-24T20:55:00Z,1.5163774581984002,2486594526155.8667,10.6013,3044811898754.8125,PSAB_d_2025-07-24
C7,PSAB,2025-07-24T20:53:10Z,2025-07-24T20:53:20Z,2025-07-24T20:50:00Z,2025-07-24T20:55:00Z,1.8802894683193274,2155197698538.1167,10.6013,3044811898754.8125,PSAB_d_2025-07-24
C7,PSAB,2025-07-24T20:53:30Z,2025-07-24T20:53:40Z,2025-07-24T20:50:00Z,2025-07-24T20:55:00Z,4.3693243412934235,2361091681167.912,10.6013,3044811898754.8125,PSAB_d_2025-07-24
C7,PSAB,2025-07-24T20:53:40Z,2025-07-24T20:53:50Z,2025-07-24T20:50:00Z,2025-07-24T20:55:00Z,0.05401739070286649,2396425617092.166,10.6013,3044811898754.8125,PSAB_d_2025-07-24
C7,PSAB,2025-07-24T20:53:50Z,2025-07-24T20:54:00Z,2025-07-24T20:50:00Z,2025-07-24T20:55:00Z,1.2503324412180878,2333661891668.093,10.6013,3044811898754.8125,PSAB_d_2025-07-24
C7,PSAB,2025-07-24T20:54:00Z,2025-07-24T20:54:10Z,2025-07-24T20:50:00Z,2025-07-24T20:55:00Z,0.10087814588757973,1128468718908.544,10.6013,3044811898754.8125,PSAB_d_2025-07-24
C7,PSAB,2025-07-24T20:54:20Z,2025-07-24T20:54:30Z,2025-07-24T20:50:00Z,2025-07-24T20:55:00Z,1.6528825450199414,1718938177947.2893,10.6013,3044811898754.8125,PSAB_d_2025-07-24
C7,PSAB,2025-07-24T20:55:10Z,2025-07-24T20:55:20Z,2025-07-24T20:55:00Z,2025-07-24T21:00:00Z,0.568585666731156,1034860557510.5864,10.6013,3044811898754.8125,PSAB_d_2025-07-24
C7,PSAB,2025-07-24T20:55:20Z,2025-07-24T20:55:30Z,2025-07-24T20:55:00Z,2025-07-24T21:00:00Z,0.8090036478787946,1537458855551.1375,10.6013,3044811898754.8125,PSAB_d_2025-07-24
C7,PSAB,2025-07-24T20:55:30Z,2025-07-24T20:55:40Z,2025-07-24T20:55:00Z,2025-07-24T21:00:00Z,0.29130211475307183,1106196474964.26,10.6013,3044811898754.8125,PSAB_d_2025-07-24
C7,PSAB,2025-07-24T20:55:50Z,2025-07-24T20:56:00Z,2025-07-24T20:55:00Z,2025-07-24T21:00:00Z,0.16477960184727874,1142396922278.8464,10.6013,3044811898754.8125,PSAB_d_2025-07-24
C7,PSAB,2025-07-24T20:56:00Z,2025-07-24T20:56:10Z,2025-07-24T20:55:00Z,2025-07-24T21:00:00Z,0.03699924061723412,1802512264026.8044,10.6013,3044811898754.8125,PSAB_d_2025-07-24
C7,PSAB,2025-07-24T20:56:10Z,2025-07-24T20:56:20Z,2025-07-24T20:55:00Z,2025-07-24T21:00:00Z,0.44998580140147776,1182380926103.92,10.6013,3044811898754.8125,PSAB_d_2025-07-24
C7,PSAB,2025-07-24T20:56:50Z,2025-07-24T20:57:00Z,2025-07-24T20:55:00Z,2025-07-24T21:00:00Z,0.4235342608673636,765488596704.0254,10.6013,3044811898754.8125,PSAB_d_2025-07-24
C7,PSAB,2025-07-24T20:58:30Z,2025-07-24T20:58:40Z,2025-07-24T20:55:00Z,2025-07-24T21:00:00Z,0.8822743701822185,703332835567.5457,10.6013,3044811898754.8125,PSAB_d_2025-07-24
C7,PSAB,2025-07-24T20:59:10Z,2025-07-24T20:59:20Z,2025-07-24T20:55:00Z,2025-07-24T21:00:00Z,0.19465795684851445,1242197246049.878,10.6013,3044811898754.8125,PSAB_d_2025-07-24
C7,PSAB,2025-07-24T20:59:40Z,2025-07-24T20:59:50Z,2025-07-24T20:55:00Z,2025-07-24T21:00:00Z,1.9307900858024654,1727452141353.927,10.6013,3044811898754.8125,PSAB_d_2025-07-24
C7,PSAB,2025-07-24T20:59:50Z,2025-07-24T21:00:00Z,2025-07-24T20:55:00Z,2025-07-24T21:00:00Z,2.4605354611368315,1686274676669.4595,10.6013,3044811898754.8125,PSAB_d_2025-07-24
C7,PSAB,2025-07-24T21:00:00Z,2025-07-24T21:00:10Z,2025-07-24T21:00:00Z,2025-07-24T21:05:00Z,0.568585666731156,1034860557510.5864,10.6013,3044811898754.8125,PSAB_d_2025-07-24
C7,PSAB,2025-07-24T21:00:10Z,2025-07-24T21:00:20Z,2025-07-24T21:00:00Z,2025-07-24T21:05:00Z,0.8090036478787946,1537458855551.1375,10.6013,3044811898754.8125,PSAB_d_2025-07-24
C7,PSAB,2025-07-24T21:00:40Z,2025-07-24T21:00:50Z,2025-07-24T21:00:00Z,2025-07-24T21:05:00Z,0.29130211475307183,1106196474964.26,10.6013,3044811898754.8125,PSAB_d_2025-07-24
C7,PSAB,2025-07-24T21:00:50Z,2025-07-24T21:01:00Z,2025-07-24T21:00:00Z,2025-07-24T21:05:00Z,0.16477960184727874,1142396922278.8464,10.6013,3044811898754.8125,PSAB_d_2025-07-24
C7,PSAB,2025-07-24T21:01:00Z,2025-07-24T21:01:10Z,2025-07-24T21:00:00Z,2025-07-24T21:05:00Z,0.03699924061723412,1802512264026.8044,10.6013,3044811898754.8125,PSAB_d_2025-07-24
C7,PSAB,2025-07-24T21:01:10Z,2025-07-24T21:01:20Z,2025-07-24T21:00:00Z,2025-07-24T21:05:00Z,0.44998580140147776,1182380926103.92,10.6013,3044811898754.8125,PSAB_d_2025-07-24
C7,PSAB,2025-07-24T21:02:30Z,2025-07-24T21:02:40Z,2025-07-24T21:00:00Z,2025-07-24T21:05:00Z,0.4235342608673636,765488596704.0254,10.6013,3044811898754.8125,PSAB_d_2025-07-24
C7,PSAB,2025-07-24T21:03:10Z,2025-07-24T21:03:20Z,2025-07-24T21:00:00Z,2025-07-24T21:05:00Z,0.8822743701822185,703332835567.5457,10.6013,3044811898754.8125,PSAB_d_2025-07-24
C7,PSAB,2025-07-24T21:03:20Z,2025-07-24T21:03:30Z,2025-07-24T21:00:00Z,2025-07-24T21:05:00Z,0.19465795684851445,1242197246049.878,10.6013,3044811898754.8125,PSAB_d_2025-07-24
C7,PSAB,2025-07-24T21:04:10Z,2025-07-24T21:04:20Z,2025-07-24T21:00:00Z,2025-07-24T21:05:00Z,1.9307900858024654,1727452141353.927,10.6013,3044811898754.8125,PSAB_d_2025-07-24
C7,PSAB,2025-07-24T21:04:20Z,2025-07-24T21:04:30Z,2025-07-24T21:00:00Z,2025-07-24T21:05:00Z,2.4605354611368315,1686274676669.4595,10.6013,3044811898754.8125,PSAB_d_2025-07-24
C7,PSAB,2025-07-24T21:04:40Z,2025-07-24T21:04:50Z,2025-07-24T21:00:00Z,2025-07-24T21:05:00Z,1.5163774581984002,2486594526155.8667,10.6013,3044811898754.8125,PSAB_d_2025-07-24
C7,PSAB,2025-07-24T21:04:50Z,2025-07-24T21:05:00Z,2025-07-24T21:00:00Z,2025-07-24T21:05:00Z,1.8802894683193274,2155197698538.1167,10.6013,3044811898754.8125,PSAB_d_2025-07-24
C7,PSAB,2025-07-24T21:05:30Z,2025-07-24T21:05:40Z,2025-07-24T21:05:00Z,2025-07-24T21:10:00Z,0.568585666731156,1034860557510.5864,10.6013,3044811898754.8125,PSAB_d_2025-07-24
C7,PSAB,2025-07-24T21:08:20Z,2025-07-24T21:08:30Z,2025-07-24T21:05:00Z,2025-07-24T21:10:00Z,0.8090036478787946,1537458855551.1375,10.6013,3044811898754.8125,PSAB_d_2025-07-24
C7,PSAB,2025-07-24T21:06:10Z,2025-07-24T21:06:20Z,2025-07-24T21:05:00Z,2025-07-24T21:10:00Z,0.29130211475307183,1106196474964.26,10.6013,3044811898754.8125,PSAB_d_2025-07-24
C7,PSAB,2025-07-24T21:13:50Z,2025-07-24T21:14:00Z,2025-07-24T21:10:00Z,2025-07-24T21:15:00Z,0.568585666731156,1034860557510.5864,10.6013,3044811898754.8125,PSAB_d_2025-07-24
C7,PSAB,2025-07-24T21:11:00Z,2025-07-24T21:11:10Z,2025-07-24T21:10:00Z,2025-07-24T21:15:00Z,0.8090036478787946,1537458855551.1375,10.6013,3044811898754.8125,PSAB_d_2025-07-24
C7,PSAB,2025-07-24T21:11:10Z,2025-07-24T21:11:20Z,2025-07-24T21:10:00Z,2025-07-24T21:15:00Z,0.29130211475307183,1106196474964.26,10.6013,3044811898754.8125,PSAB_d_2025-07-24
C7,PSAB,2025-07-24T21:14:10Z,2025-07-24T21:14:20Z,2025-07-24T21:10:00Z,2025-07-24T21:15:00Z,0.16477960184727874,1142396922278.8464,10.6013,3044811898754.8125,PSAB_d_2025-07-24
C7,PSAB,2025-07-24T21:32:40Z,2025-07-24T21:32:50Z,2025-07-24T21:30:00Z,2025-07-24T21:35:00Z,0.568585666731156,1034860557510.5864,10.6013,3044811898754.8125,PSAB_d_2025-07-24
C7,PSAB,2025-07-24T22:11:20Z,2025-07-24T22:11:30Z,2025-07-24T22:10:00Z,2025-07-24T22:15:00Z,0.568585666731156,1034860557510.5864,10.6013,3044811898754.8125,PSAB_d_2025-07-24
C7,PSAB,2025-07-24T22:16:20Z,2025-07-24T22:16:30Z,2025-07-24T22:15:00Z,2025-07-24T22:20:00Z,0.568585666731156,1034860557510.5864,10.6013,3044811898754.8125,PSAB_d_2025-07-24
C7,PSAB,2025-07-24T22:19:40Z,2025-07-24T22:19:50Z,2025-07-24T22:15:00Z,2025-07-24T22:20:00Z,0.8090036478787946,1537458855551.1375,10.6013,3044811898754.8125,PSAB_d_2025-07-24
C7,PSAB,2025-07-24T22:22:40Z,2025-07-24T22:22:50Z,2025-07-24T22:20:00Z,2025-07-24T22:25:00Z,0.568585666731156,1034860557510.5864,10.6013,3044811898754.8125,PSAB_d_2025-07-24
C7,PSAB,2025-07-24T22:22:50Z,2025-07-24T22:23:00Z,2025-07-24T22:20:00Z,2025-07-24T22:25:00Z,0.8090036478787946,1537458855551.1375,10.6013,3044811898754.8125,PSAB_d_2025-07-24
C7,PSAB,2025-07-24T22:21:10Z,2025-07-24T22:21:20Z,2025-07-24T22:20:00Z,2025-07-24T22:25:00Z,0.29130211475307183,1106196474964.26,10.6013,3044811898754.8125,PSAB_d_2025-07-24
C7,PSAB,2025-07-24T22:35:40Z,2025-07-24T22:35:50Z,2025-07-24T22:35:00Z,2025-07-24T22:40:00Z,0.568585666731156,1034860557510.5864,10.6013,3044811898754.8125,PSAB_d_2025-07-24
C7,PSAB,2025-07-24T22:35:50Z,2025-07-24T22:36:00Z,2025-07-24T22:35:00Z,2025-07-24T22:40:00Z,0.8090036478787946,1537458855551.1375,10.6013,3044811898754.8125,PSAB_d_2025-07-24
C7,PSAB,2025-07-24T22:43:20Z,2025-07-24T22:43:30Z,2025-07-24T22:40:00Z,2025-07-24T22:45:00Z,0.568585666731156,1034860557510.5864,10.6013,3044811898754.8125,PSAB_d_2025-07-24
C7,PSAB,2025-07-24T22:43:40Z,2025-07-24T22:43:50Z,2025-07-24T22:40:00Z,2025-07-24T22:45:00Z,0.8090036478787946,1537458855551.1375,10.6013,3044811898754.8125,PSAB_d_2025-07-24
C7,PSAB,2025-07-24T22:47:00Z,2025-07-24T22:47:10Z,2025-07-24T22:45:00Z,2025-07-24T22:50:00Z,0.568585666731156,1034860557510.5864,10.6013,3044811898754.8125,PSAB_d_2025-07-24
C7,PSAB,2025-07-24T22:55:00Z,2025-07-24T22:55:10Z,2025-07-24T22:55:00Z,2025-07-24T23:00:00Z,0.568585666731156,1034860557510.5864,10.6013,3044811898754.8125,PSAB_d_2025-07-24
C7,PSAB,2025-07-24T22:57:40Z,2025-07-24T22:57:50Z,2025-07-24T22:55:00Z,2025-07-24T23:00:00Z,0.8090036478787946,1537458855551.1375,10.6013,3044811898754.8125,PSAB_d_2025-07-24
C7,PSAB,2025-07-24T23:02:50Z,2025-07-24T23:03:00Z,2025-07-24T23:00:00Z,2025-07-24T23:05:00Z,0.568585666731156,1034860557510.5864,10.6013,3044811898754.8125,PSAB_d_2025-07-24
C7,PSAB,2025-07-24T23:04:40Z,2025-07-24T23:04:50Z,2025-07-24T23:00:00Z,2025-07-24T23:05:00Z,0.8090036478787946,1537458855551.1375,10.6013,3044811898754.8125,PSAB_d_2025-07-24
C7,PSAB,2025-07-24T23:08:40Z,2025-07-24T23:08:50Z,2025-07-24T23:05:00Z,2025-07-24T23:10:00Z,0.568585666731156,1034860557510.5864,10.6013,3044811898754.8125,PSAB_d_2025-07-24
C7,PSAB,2025-07-24T23:13:00Z,2025-07-24T23:13:10Z,2025-07-24T23:10:00Z,2025-07-24T23:15:00Z,0.568585666731156,1034860557510.5864,10.6013,3044811898754.8125,PSAB_d_2025-07-24
C7,PSAB,2025-07-24T23:13:50Z,2025-07-24T23:14:00Z,2025-07-24T23:10:00Z,2025-07-24T23:15:00Z,0.8090036478787946,1537458855551.1375,10.6013,3044811898754.8125,PSAB_d_2025-07-24
C7,PSAB,2025-07-24T23:25:00Z,2025-07-24T23:25:10Z,2025-07-24T23:25:00Z,2025-07-24T23:30:00Z,0.568585666731156,1034860557510.5864,10.6013,3044811898754.8125,PSAB_d_2025-07-24
C7,PSAB,2025-07-24T23:25:20Z,2025-07-24T23:25:30Z,2025-07-24T23:25:00Z,2025-07-24T23:30:00Z,0.8090036478787946,1537458855551.1375,10.6013,3044811898754.8125,PSAB_d_2025-07-24
C7,PSAB,2025-07-24T23:28:00Z,2025-07-24T23:28:10Z,2025-07-24T23:25:00Z,2025-07-24T23:30:00Z,0.29130211475307183,1106196474964.26,10.6013,3044811898754.8125,PSAB_d_2025-07-24
C7,PSAB,2025-07-24T23:28:40Z,2025-07-24T23:28:50Z,2025-07-24T23:25:00Z,2025-07-24T23:30:00Z,0.16477960184727874,1142396922278.8464,10.6013,3044811898754.8125,PSAB_d_2025-07-24
C7,PSAB,2025-07-24T23:28:50Z,2025-07-24T23:29:00Z,2025-07-24T23:25:00Z,2025-07-24T23:30:00Z,0.03699924061723412,1802512264026.8044,10.6013,3044811898754.8125,PSAB_d_2025-07-24
C7,PSAB,2025-07-24T23:32:40Z,2025-07-24T23:32:50Z,2025-07-24T23:30:00Z,2025-07-24T23:35:00Z,0.568585666731156,1034860557510.5864,10.6013,3044811898754.8125,PSAB_d_2025-07-24
C7,PSAB,2025-07-24T23:32:50Z,2025-07-24T23:33:00Z,2025-07-24T23:30:00Z,2025-07-24T23:35:00Z,0.8090036478787946,1537458855551.1375,10.6013,3044811898754.8125,PSAB_d_2025-07-24
C7,PSAB,2025-07-24T23:33:00Z,2025-07-24T23:33:10Z,2025-07-24T23:30:00Z,2025-07-24T23:35:00Z,0.29130211475307183,1106196474964.26,10.6013,3044811898754.8125,PSAB_d_2025-07-24
C7,PSAB,2025-07-24T23:33:40Z,2025-07-24T23:33:50Z,2025-07-24T23:30:00Z,2025-07-24T23:35:00Z,0.16477960184727874,1142396922278.8464,10.6013,3044811898754.8125,PSAB_d_2025-07-24
C7,PSAB,2025-07-24T23:31:40Z,2025-07-24T23:31:50Z,2025-07-24T23:30:00Z,2025-07-24T23:35:00Z,0.03699924061723412,1802512264026.8044,10.6013,3044811898754.8125,PSAB_d_2025-07-24
C7,PSAB,2025-07-24T23:31:50Z,2025-07-24T23:32:00Z,2025-07-24T23:30:00Z,2025-07-24T23:35:00Z,0.44998580140147776,1182380926103.92,10.6013,3044811898754.8125,PSAB_d_2025-07-24
C7,PSAB,2025-07-24T23:36:20Z,2025-07-24T23:36:30Z,2025-07-24T23:35:00Z,2025-07-24T23:40:00Z,0.568585666731156,1034860557510.5864,10.6013,3044811898754.8125,PSAB_d_2025-07-24
C7,PSAB,2025-07-24T23:39:50Z,2025-07-24T23:40:00Z,2025-07-24T23:35:00Z,2025-07-24T23:40:00Z,0.8090036478787946,1537458855551.1375,10.6013,3044811898754.8125,PSAB_d_2025-07-24
C7,PSAB,2025-07-24T23:37:10Z,2025-07-24T23:37:20Z,2025-07-24T23:35:00Z,2025-07-24T23:40:00Z,0.29130211475307183,1106196474964.26,10.6013,3044811898754.8125,PSAB_d_2025-07-24
C7,PSAB,2025-07-24T23:38:50Z,2025-07-24T23:39:00Z,2025-07-24T23:35:00Z,2025-07-24T23:40:00Z,0.16477960184727874,1142396922278.8464,10.6013,3044811898754.8125,PSAB_d_2025-07-24
C7,PSAB,2025-07-24T23:40:00Z,2025-07-24T23:40:10Z,2025-07-24T23:40:00Z,2025-07-24T23:45:00Z,0.568585666731156,1034860557510.5864,10.6013,3044811898754.8125,PSAB_d_2025-07-24
C7,PSAB,2025-07-24T23:40:20Z,2025-07-24T23:40:30Z,2025-07-24T23:40:00Z,2025-07-24T23:45:00Z,0.8090036478787946,1537458855551.1375,10.6013,3044811898754.8125,PSAB_d_2025-07-24
C7,PSAB,2025-07-24T23:43:40Z,2025-07-24T23:43:50Z,2025-07-24T23:40:00Z,2025-07-24T23:45:00Z,0.29130211475307183,1106196474964.26,10.6013,3044811898754.8125,PSAB_d_2025-07-24
C7,PSAB,2025-07-24T23:44:00Z,2025-07-24T23:44:10Z,2025-07-24T23:40:00Z,2025-07-24T23:45:00Z,0.16477960184727874,1142396922278.8464,10.6013,3044811898754.8125,PSAB_d_2025-07-24
C7,PSAB,2025-07-24T23:44:40Z,2025-07-24T23:44:50Z,2025-07-24T23:40:00Z,2025-07-24T23:45:00Z,0.03699924061723412,1802512264026.8044,10.6013,3044811898754.8125,PSAB_d_2025-07-24
C7,PSAB,2025-07-24T23:46:20Z,2025-07-24T23:46:30Z,2025-07-24T23:45:00Z,2025-07-24T23:50:00Z,0.568585666731156,1034860557510.5864,10.6013,3044811898754.8125,PSAB_d_2025-07-24
C7,PSAB,2025-07-24T23:46:30Z,2025-07-24T23:46:40Z,2025-07-24T23:45:00Z,2025-07-24T23:50:00Z,0.8090036478787946,1537458855551.1375,10.6013,3044811898754.8125,PSAB_d_2025-07-24
C7,PSAB,2025-07-24T23:46:10Z,2025-07-24T23:46:20Z,2025-07-24T23:45:00Z,2025-07-24T23:50:00Z,0.29130211475307183,1106196474964.26,10.6013,3044811898754.8125,PSAB_d_2025-07-24
C7,PSAB,2025-07-24T23:54:40Z,2025-07-24T23:54:50Z,2025-07-24T23:50:00Z,2025-07-24T23:55:00Z,0.568585666731156,1034860557510.5864,10.6013,3044811898754.8125,PSAB_d_2025-07-24
C7,PSAB,2025-07-24T23:51:00Z,2025-07-24T23:51:10Z,2025-07-24T23:50:00Z,2025-07-24T23:55:00Z,0.8090036478787946,1537458855551.1375,10.6013,3044811898754.8125,PSAB_d_2025-07-24
C7,PSAB,2025-07-24T23:58:20Z,2025-07-24T23:58:30Z,2025-07-24T23:55:00Z,2025-07-25T00:00:00Z,0.568585666731156,1034860557510.5864,10.6013,3044811898754.8125,PSAB_d_2025-07-24
C7,PSAB,2025-07-24T23:58:30Z,2025-07-24T23:58:40Z,2025-07-24T23:55:00Z,2025-07-25T00:00:00Z,0.8090036478787946,1537458855551.1375,10.6013,3044811898754.8125,PSAB_d_2025-07-24
C7,PSAB,2025-07-24T23:59:30Z,2025-07-24T23:59:40Z,2025-07-24T23:55:00Z,2025-07-25T00:00:00Z,0.29130211475307183,1106196474964.26,10.6013,3044811898754.8125,PSAB_d_2025-07-24
C7,PSAB,2025-07-24T23:59:40Z,2025-07-24T23:59:50Z,2025-07-24T23:55:00Z,2025-07-25T00:00:00Z,0.16477960184727874,1142396922278.8464,10.6013,3044811898754.8125,PSAB_d_2025-07-24
C7,PSAB,2025-07-25T00:03:00Z,2025-07-25T00:03:10Z,2025-07-25T00:00:00Z,2025-07-25T00:05:00Z,0.568585666731156,1034860557510.5864,10.6013,3044811898754.8125,PSAB_d_2025-07-24
C7,PSAB,2025-07-25T00:00:20Z,2025-07-25T00:00:30Z,2025-07-25T00:00:00Z,2025-07-25T00:05:00Z,0.8090036478787946,1537458855551.1375,10.6013,3044811898754.8125,PSAB_d_2025-07-24
C7,PSAB,2025-07-25T00:05:00Z,2025-07-25T00:05:10Z,2025-07-25T00:05:00Z,2025-07-25T00:10:00Z,0.568585666731156,1034860557510.5864,10.6013,3044811898754.8125,PSAB_d_2025-07-24
C7,PSAB,2025-07-25T00:05:10Z,2025-07-25T00:05:20Z,2025-07-25T00:05:00Z,2025-07-25T00:10:00Z,0.8090036478787946,1537458855551.1375,10.6013,3044811898754.8125,PSAB_d_2025-07-24
C7,PSAB,2025-07-25T00:06:20Z,2025-07-25T00:06:30Z,2025-07-25T00:05:00Z,2025-07-25T00:10:00Z,0.29130211475307183,1106196474964.26,10.6013,3044811898754.8125,PSAB_d_2025-07-24
C7,PSAB,2025-07-25T00:09:40Z,2025-07-25T00:09:50Z,2025-07-25T00:05:00Z,2025-07-25T00:10:00Z,0.16477960184727874,1142396922278.8464,10.6013,3044811898754.8125,PSAB_d_2025-07-24
C7,PSAB,2025-07-25T00:09:50Z,2025-07-25T00:10:00Z,2025-07-25T00:05:00Z,2025-07-25T00:10:00Z,0.03699924061723412,1802512264026.8044,10.6013,3044811898754.8125,PSAB_d_2025-07-24
C7,PSAB,2025-07-25T00:10:00Z,2025-07-25T00:10:10Z,2025-07-25T00:10:00Z,2025-07-25T00:15:00Z,0.568585666731156,1034860557510.5864,10.6013,3044811898754.8125,PSAB_d_2025-07-24
C7,PSAB,2025-07-25T00:10:10Z,2025-07-25T00:10:20Z,2025-07-25T00:10:00Z,2025-07-25T00:15:00Z,0.8090036478787946,1537458855551.1375,10.6013,3044811898754.8125,PSAB_d_2025-07-24
C7,PSAB,2025-07-25T00:10:20Z,2025-07-25T00:10:30Z,2025-07-25T00:10:00Z,2025-07-25T00:15:00Z,0.29130211475307183,1106196474964.26,10.6013,3044811898754.8125,PSAB_d_2025-07-24
C7,PSAB,2025-07-25T00:10:30Z,2025-07-25T00:10:40Z,2025-07-25T00:10:00Z,2025-07-25T00:15:00Z,0.16477960184727874,1142396922278.8464,10.6013,3044811898754.8125,PSAB_d_2025-07-24
C7,PSAB,2025-07-25T00:10:40Z,2025-07-25T00:10:50Z,2025-07-25T00:10:00Z,2025-07-25T00:15:00Z,0.03699924061723412,1802512264026.8044,10.6013,3044811898754.8125,PSAB_d_2025-07-24
C7,PSAB,2025-07-25T00:10:50Z,2025-07-25T00:11:00Z,2025-07-25T00:10:00Z,2025-07-25T00:15:00Z,0.44998580140147776,1182380926103.92,10.6013,3044811898754.8125,PSAB_d_2025-07-24
C7,PSAB,2025-07-25T00:11:00Z,2025-07-25T00:11:10Z,2025-07-25T00:10:00Z,2025-07-25T00:15:00Z,0.4235342608673636,765488596704.0254,10.6013,3044811898754.8125,PSAB_d_2025-07-24
C7,PSAB,2025-07-25T00:11:10Z,2025-07-25T00:11:20Z,2025-07-25T00:10:00Z,2025-07-25T00:15:00Z,0.8822743701822185,703332835567.5457,10.6013,3044811898754.8125,PSAB_d_2025-07-24
C7,PSAB,2025-07-25T00:11:20Z,2025-07-25T00:11:30Z,2025-07-25T00:10:00Z,2025-07-25T00:15:00Z,0.19465795684851445,1242197246049.878,10.6013,3044811898754.8125,PSAB_d_2025-07-24
C7,PSAB,2025-07-25T00:11:30Z,2025-07-25T00:11:40Z,2025-07-25T00:10:00Z,2025-07-25T00:15:00Z,1.9307900858024654,1727452141353.927,10.6013,3044811898754.8125,PSAB_d_2025-07-24
C7,PSAB,2025-07-25T00:11:40Z,2025-07-25T00:11:50Z,2025-07-25T00:10:00Z,2025-07-25T00:15:00Z,2.4605354611368315,1686274676669.4595,10.6013,3044811898754.8125,PSAB_d_2025-07-24
C7,PSAB,2025-07-25T00:11:50Z,2025-07-25T00:12:00Z,2025-07-25T00:10:00Z,2025-07-25T00:15:00Z,1.5163774581984002,2486594526155.8667,10.6013,3044811898754.8125,PSAB_d_2025-07-24
C7,PSAB,2025-07-25T00:12:00Z,2025-07-25T00:12:10Z,2025-07-25T00:10:00Z,2025-07-25T00:15:00Z,1.8802894683193274,2155197698538.1167,10.6013,3044811898754.8125,PSAB_d_2025-07-24
C7,PSAB,2025-07-25T00:12:10Z,2025-07-25T00:12:20Z,2025-07-25T00:10:00Z,2025-07-25T00:15:00Z,4.3693243412934235,2361091681167.912,10.6013,3044811898754.8125,PSAB_d_2025-07-24
C7,PSAB,2025-07-25T00:12:20Z,2025-07-25T00:12:30Z,2025-07-25T00:10:00Z,2025-07-25T00:15:00Z,0.05401739070286649,2396425617092.166,10.6013,3044811898754.8125,PSAB_d_2025-07-24
C7,PSAB,2025-07-25T00:12:30Z,2025-07-25T00:12:40Z,2025-07-25T00:10:00Z,2025-07-25T00:15:00Z,1.2503324412180878,2333661891668.093,10.6013,3044811898754.8125,PSAB_d_2025-07-24
C7,PSAB,2025-07-25T00:12:40Z,2025-07-25T00:12:50Z,2025-07-25T00:10:00Z,2025-07-25T00:15:00Z,0.10087814588757973,1128468718908.544,10.6013,3044811898754.8125,PSAB_d_2025-07-24
C7,PSAB,2025-07-25T00:12:50Z,2025-07-25T00:13:00Z,2025-07-25T00:10:00Z,2025-07-25T00:15:00Z,1.6528825450199414,1718938177947.2893,10.6013,3044811898754.8125,PSAB_d_2025-07-24
C7,PSAB,2025-07-25T00:13:00Z,2025-07-25T00:13:10Z,2025-07-25T00:10:00Z,2025-07-25T00:15:00Z,1.7683603406557986,1813199566302.0793,10.6013,3044811898754.8125,PSAB_d_2025-07-24
C7,PSAB,2025-07-25T00:13:10Z,2025-07-25T00:13:20Z,2025-07-25T00:10:00Z,2025-07-25T00:15:00Z,0.12966847123615893,1044853918888.947,10.6013,3044811898754.8125,PSAB_d_2025-07-24
C7,PSAB,2025-07-25T00:13:20Z,2025-07-25T00:13:30Z,2025-07-25T00:10:00Z,2025-07-25T00:15:00Z,1.4643112907004296,790104461060.8909,10.6013,3044811898754.8125,PSAB_d_2025-07-24
C7,PSAB,2025-07-25T00:13:30Z,2025-07-25T00:13:40Z,2025-07-25T00:10:00Z,2025-07-25T00:15:00Z,8.161769075941352,2015425326163.997,10.6013,3044811898754.8125,PSAB_d_2025-07-24
C7,PSAB,2025-07-25T00:13:40Z,2025-07-25T00:13:50Z,2025-07-25T00:10:00Z,2025-07-25T00:15:00Z,2.5552032380495,3792246689887.342,10.6013,3044811898754.8125,PSAB_d_2025-07-24
C7,PSAB,2025-07-25T00:13:50Z,2025-07-25T00:14:00Z,2025-07-25T00:10:00Z,2025-07-25T00:15:00Z,0.25162906136281415,1282213661917.89,10.6013,3044811898754.8125,PSAB_d_2025-07-24
C7,PSAB,2025-07-25T00:14:00Z,2025-07-25T00:14:10Z,2025-07-25T00:10:00Z,2025-07-25T00:15:00Z,1.7569954064430573,1451571164221.9795,10.6013,3044811898754.8125,PSAB_d_2025-07-24
C7,PSAB,2025-07-25T00:14:10Z,2025-07-25T00:14:20Z,2025-07-25T00:10:00Z,2025-07-25T00:15:00Z,4.743925179877516,1819326939210.8271,10.6013,3044811898754.8125,PSAB_d_2025-07-24
C7,PSAB,2025-07-25T00:14:20Z,2025-07-25T00:14:30Z,2025-07-25T00:10:00Z,2025-07-25T00:15:00Z,0.9822792206554108,1366640191359.4177,10.6013,3044811898754.8125,PSAB_d_2025-07-24
C7,PSAB,2025-07-25T00:14:30Z,2025-07-25T00:14:40Z,2025-07-25T00:10:00Z,2025-07-25T00:15:00Z,1.17151449495242,1156745874304.9893,10.6013,3044811898754.8125,PSAB_d_2025-07-24
C7,PSAB,2025-07-25T00:14:40Z,2025-07-25T00:14:50Z,2025-07-25T00:10:00Z,2025-07-25T00:15:00Z,0.4497519301157419,1193362903820.9238,10.6013,3044811898754.8125,PSAB_d_2025-07-24
C7,PSAB,2025-07-25T00:14:50Z,2025-07-25T00:15:00Z,2025-07-25T00:10:00Z,2025-07-25T00:15:00Z,0.7871308300359925,1096261803629.4216,10.6013,3044811898754.8125,PSAB_d_2025-07-24
C7,PSAB,2025-07-25T00:16:00Z,2025-07-25T00:16:10Z,2025-07-25T00:10:00Z,2025-07-25T00:20:00Z,0.568585666731156,1034860557510.5864,10.6013,3044811898754.8125,PSAB_d_2025-07-24
C7,PSAB,2025-07-25T00:16:40Z,2025-07-25T00:16:50Z,2025-07-25T00:10:00Z,2025-07-25T00:20:00Z,0.8090036478787946,1537458855551.1375,10.6013,3044811898754.8125,PSAB_d_2025-07-24
C7,PSAB,2025-07-25T00:16:50Z,2025-07-25T00:17:00Z,2025-07-25T00:10:00Z,2025-07-25T00:20:00Z,0.29130211475307183,1106196474964.26,10.6013,3044811898754.8125,PSAB_d_2025-07-24
C7,PSAB,2025-07-25T00:17:00Z,2025-07-25T00:17:10Z,2025-07-25T00:10:00Z,2025-07-25T00:20:00Z,0.16477960184727874,1142396922278.8464,10.6013,3044811898754.8125,PSAB_d_2025-07-24
C7,PSAB,2025-07-25T00:18:00Z,2025-07-25T00:18:10Z,2025-07-25T00:10:00Z,2025-07-25T00:20:00Z,0.03699924061723412,1802512264026.8044,10.6013,3044811898754.8125,PSAB_d_2025-07-24
C7,PSAB,2025-07-25T00:14:20Z,2025-07-25T00:14:30Z,2025-07-25T00:10:00Z,2025-07-25T00:20:00Z,0.44998580140147776,1182380926103.92,10.6013,3044811898754.8125,PSAB_d_2025-07-24
C7,PSAB,2025-07-25T00:14:50Z,2025-07-25T00:15:00Z,2025-07-25T00:10:00Z,2025-07-25T00:20:00Z,0.4235342608673636,765488596704.0254,10.6013,3044811898754.8125,PSAB_d_2025-07-24
C7,PSAB,2025-07-25T00:15:00Z,2025-07-25T00:15:10Z,2025-07-25T00:10:00Z,2025-07-25T00:20:00Z,0.8822743701822185,703332835567.5457,10.6013,3044811898754.8125,PSAB_d_2025-07-24
C7,PSAB,2025-07-25T00:24:00Z,2025-07-25T00:24:10Z,2025-07-25T00:20:00Z,2025-07-25T00:25:00Z,0.568585666731156,1034860557510.5864,10.6013,3044811898754.8125,PSAB_d_2025-07-24
C7,PSAB,2025-07-25T00:21:30Z,2025-07-25T00:21:40Z,2025-07-25T00:20:00Z,2025-07-25T00:25:00Z,0.8090036478787946,1537458855551.1375,10.6013,3044811898754.8125,PSAB_d_2025-07-24
C7,PSAB,2025-07-25T00:21:00Z,2025-07-25T00:21:10Z,2025-07-25T00:20:00Z,2025-07-25T00:25:00Z,0.29130211475307183,1106196474964.26,10.6013,3044811898754.8125,PSAB_d_2025-07-24
C7,PSAB,2025-07-25T00:25:10Z,2025-07-25T00:25:20Z,2025-07-25T00:25:00Z,2025-07-25T00:30:00Z,0.568585666731156,1034860557510.5864,10.6013,3044811898754.8125,PSAB_d_2025-07-24
C7,PSAB,2025-07-25T00:29:20Z,2025-07-25T00:29:30Z,2025-07-25T00:25:00Z,2025-07-25T00:30:00Z,0.8090036478787946,1537458855551.1375,10.6013,3044811898754.8125,PSAB_d_2025-07-24
C7,PSAB,2025-07-25T00:29:50Z,2025-07-25T00:30:00Z,2025-07-25T00:25:00Z,2025-07-25T00:30:00Z,0.29130211475307183,1106196474964.26,10.6013,3044811898754.8125,PSAB_d_2025-07-24
C7,PSAB,2025-07-25T00:30:00Z,2025-07-25T00:30:10Z,2025-07-25T00:30:00Z,2025-07-25T00:35:00Z,0.568585666731156,1034860557510.5864,10.6013,3044811898754.8125,PSAB_d_2025-07-24
C7,PSAB,2025-07-25T00:30:50Z,2025-07-25T00:31:00Z,2025-07-25T00:30:00Z,2025-07-25T00:35:00Z,0.8090036478787946,1537458855551.1375,10.6013,3044811898754.8125,PSAB_d_2025-07-24
C7,PSAB,2025-07-25T00:31:00Z,2025-07-25T00:31:10Z,2025-07-25T00:30:00Z,2025-07-25T00:35:00Z,0.29130211475307183,1106196474964.26,10.6013,3044811898754.8125,PSAB_d_2025-07-24
C7,PSAB,2025-07-25T00:31:10Z,2025-07-25T00:31:20Z,2025-07-25T00:30:00Z,2025-07-25T00:35:00Z,0.16477960184727874,1142396922278.8464,10.6013,3044811898754.8125,PSAB_d_2025-07-24
C7,PSAB,2025-07-25T00:31:50Z,2025-07-25T00:32:00Z,2025-07-25T00:30:00Z,2025-07-25T00:35:00Z,0.03699924061723412,1802512264026.8044,10.6013,3044811898754.8125,PSAB_d_2025-07-24
C7,PSAB,2025-07-25T00:32:00Z,2025-07-25T00:32:10Z,2025-07-25T00:30:00Z,2025-07-25T00:35:00Z,0.44998580140147776,1182380926103.92,10.6013,3044811898754.8125,PSAB_d_2025-07-24
C7,PSAB,2025-07-25T00:33:30Z,2025-07-25T00:33:40Z,2025-07-25T00:30:00Z,2025-07-25T00:35:00Z,0.4235342608673636,765488596704.0254,10.6013,3044811898754.8125,PSAB_d_2025-07-24
C7,PSAB,2025-07-25T00:37:50Z,2025-07-25T00:38:00Z,2025-07-25T00:35:00Z,2025-07-25T00:40:00Z,0.568585666731156,1034860557510.5864,10.6013,3044811898754.8125,PSAB_d_2025-07-24
C7,PSAB,2025-07-25T00:38:20Z,2025-07-25T00:38:30Z,2025-07-25T00:35:00Z,2025-07-25T00:40:00Z,0.8090036478787946,1537458855551.1375,10.6013,3044811898754.8125,PSAB_d_2025-07-24
C7,PSAB,2025-07-25T00:36:20Z,2025-07-25T00:36:30Z,2025-07-25T00:35:00Z,2025-07-25T00:40:00Z,0.29130211475307183,1106196474964.26,10.6013,3044811898754.8125,PSAB_d_2025-07-24
C7,PSAB,2025-07-25T00:36:30Z,2025-07-25T00:36:40Z,2025-07-25T00:35:00Z,2025-07-25T00:40:00Z,0.16477960184727874,1142396922278.8464,10.6013,3044811898754.8125,PSAB_d_2025-07-24
C7,PSAB,2025-07-25T00:40:30Z,2025-07-25T00:40:40Z,2025-07-25T00:40:00Z,2025-07-25T00:45:00Z,0.568585666731156,1034860557510.5864,10.6013,3044811898754.8125,PSAB_d_2025-07-24
C7,PSAB,2025-07-25T00:40:40Z,2025-07-25T00:40:50Z,2025-07-25T00:40:00Z,2025-07-25T00:45:00Z,0.8090036478787946,1537458855551.1375,10.6013,3044811898754.8125,PSAB_d_2025-07-24
C7,PSAB,2025-07-25T00:40:50Z,2025-07-25T00:41:00Z,2025-07-25T00:40:00Z,2025-07-25T00:45:00Z,0.29130211475307183,1106196474964.26,10.6013,3044811898754.8125,PSAB_d_2025-07-24
C7,PSAB,2025-07-25T00:41:00Z,2025-07-25T00:41:10Z,2025-07-25T00:40:00Z,2025-07-25T00:45:00Z,0.16477960184727874,1142396922278.8464,10.6013,3044811898754.8125,PSAB_d_2025-07-24
C7,PSAB,2025-07-25T00:42:00Z,2025-07-25T00:42:10Z,2025-07-25T00:40:00Z,2025-07-25T00:45:00Z,0.03699924061723412,1802512264026.8044,10.6013,3044811898754.8125,PSAB_d_2025-07-24
C7,PSAB,2025-07-25T00:43:10Z,2025-07-25T00:43:20Z,2025-07-25T00:40:00Z,2025-07-25T00:45:00Z,0.44998580140147776,1182380926103.92,10.6013,3044811898754.8125,PSAB_d_2025-07-24
C7,PSAB,2025-07-25T00:43:20Z,2025-07-25T00:43:30Z,2025-07-25T00:40:00Z,2025-07-25T00:45:00Z,0.4235342608673636,765488596704.0254,10.6013,3044811898754.8125,PSAB_d_2025-07-24
C7,PSAB,2025-07-25T00:43:30Z,2025-07-25T00:43:40Z,2025-07-25T00:40:00Z,2025-07-25T00:45:00Z,0.8822743701822185,703332835567.5457,10.6013,3044811898754.8125,PSAB_d_2025-07-24
C7,PSAB,2025-07-25T00:43:40Z,2025-07-25T00:43:50Z,2025-07-25T00:40:00Z,2025-07-25T00:45:00Z,0.19465795684851445,1242197246049.878,10.6013,3044811898754.8125,PSAB_d_2025-07-24
C7,PSAB,2025-07-25T00:44:30Z,2025-07-25T00:44:40Z,2025-07-25T00:40:00Z,2025-07-25T00:45:00Z,1.9307900858024654,1727452141353.927,10.6013,3044811898754.8125,PSAB_d_2025-07-24
C7,PSAB,2025-07-25T00:45:00Z,2025-07-25T00:45:10Z,2025-07-25T00:45:00Z,2025-07-25T00:50:00Z,0.568585666731156,1034860557510.5864,10.6013,3044811898754.8125,PSAB_d_2025-07-24
C7,PSAB,2025-07-25T00:45:10Z,2025-07-25T00:45:20Z,2025-07-25T00:45:00Z,2025-07-25T00:50:00Z,0.8090036478787946,1537458855551.1375,10.6013,3044811898754.8125,PSAB_d_2025-07-24
C7,PSAB,2025-07-25T00:45:20Z,2025-07-25T00:45:30Z,2025-07-25T00:45:00Z,2025-07-25T00:50:00Z,0.29130211475307183,1106196474964.26,10.6013,3044811898754.8125,PSAB_d_2025-07-24
C7,PSAB,2025-07-25T00:46:40Z,2025-07-25T00:46:50Z,2025-07-25T00:45:00Z,2025-07-25T00:50:00Z,0.16477960184727874,1142396922278.8464,10.6013,3044811898754.8125,PSAB_d_2025-07-24
C7,PSAB,2025-07-25T00:47:40Z,2025-07-25T00:47:50Z,2025-07-25T00:45:00Z,2025-07-25T00:50:00Z,0.03699924061723412,1802512264026.8044,10.6013,3044811898754.8125,PSAB_d_2025-07-24
C7,PSAB,2025-07-25T00:48:20Z,2025-07-25T00:48:30Z,2025-07-25T00:45:00Z,2025-07-25T00:50:00Z,0.44998580140147776,1182380926103.92,10.6013,3044811898754.8125,PSAB_d_2025-07-24
C7,PSAB,2025-07-25T00:48:40Z,2025-07-25T00:48:50Z,2025-07-25T00:45:00Z,2025-07-25T00:50:00Z,0.4235342608673636,765488596704.0254,10.6013,3044811898754.8125,PSAB_d_2025-07-24
C7,PSAB,2025-07-25T00:49:10Z,2025-07-25T00:49:20Z,2025-07-25T00:45:00Z,2025-07-25T00:50:00Z,0.8822743701822185,703332835567.5457,10.6013,3044811898754.8125,PSAB_d_2025-07-24
C7,PSAB,2025-07-25T00:50:10Z,2025-07-25T00:50:20Z,2025-07-25T00:50:00Z,2025-07-25T00:55:00Z,0.568585666731156,1034860557510.5864,10.6013,3044811898754.8125,PSAB_d_2025-07-24
C7,PSAB,2025-07-25T00:50:20Z,2025-07-25T00:50:30Z,2025-07-25T00:50:00Z,2025-07-25T00:55:00Z,0.8090036478787946,1537458855551.1375,10.6013,3044811898754.8125,PSAB_d_2025-07-24
C7,PSAB,2025-07-25T00:50:30Z,2025-07-25T00:50:40Z,2025-07-25T00:50:00Z,2025-07-25T00:55:00Z,0.29130211475307183,1106196474964.26,10.6013,3044811898754.8125,PSAB_d_2025-07-24
C7,PSAB,2025-07-25T00:50:40Z,2025-07-25T00:50:50Z,2025-07-25T00:50:00Z,2025-07-25T00:55:00Z,0.16477960184727874,1142396922278.8464,10.6013,3044811898754.8125,PSAB_d_2025-07-24
C7,PSAB,2025-07-25T00:51:00Z,2025-07-25T00:51:10Z,2025-07-25T00:50:00Z,2025-07-25T00:55:00Z,0.03699924061723412,1802512264026.8044,10.6013,3044811898754.8125,PSAB_d_2025-07-24
C7,PSAB,2025-07-25T00:55:20Z,2025-07-25T00:55:30Z,2025-07-25T00:55:00Z,2025-07-25T01:00:00Z,0.568585666731156,1034860557510.5864,10.6013,3044811898754.8125,PSAB_d_2025-07-24
C7,PSAB,2025-07-25T00:55:50Z,2025-07-25T00:56:00Z,2025-07-25T00:55:00Z,2025-07-25T01:00:00Z,0.8090036478787946,1537458855551.1375,10.6013,3044811898754.8125,PSAB_d_2025-07-24
C7,PSAB,2025-07-25T00:57:10Z,2025-07-25T00:57:20Z,2025-07-25T00:55:00Z,2025-07-25T01:00:00Z,0.29130211475307183,1106196474964.26,10.6013,3044811898754.8125,PSAB_d_2025-07-24
C7,PSAB,2025-07-25T00:58:00Z,2025-07-25T00:58:10Z,2025-07-25T00:55:00Z,2025-07-25T01:00:00Z,0.16477960184727874,1142396922278.8464,10.6013,3044811898754.8125,PSAB_d_2025-07-24
C7,PSAB,2025-07-25T00:58:10Z,2025-07-25T00:58:20Z,2025-07-25T00:55:00Z,2025-07-25T01:00:00Z,0.03699924061723412,1802512264026.8044,10.6013,3044811898754.8125,PSAB_d_2025-07-24
C7,PSAB,2025-07-25T00:58:20Z,2025-07-25T00:58:30Z,2025-07-25T00:55:00Z,2025-07-25T01:00:00Z,0.44998580140147776,1182380926103.92,10.6013,3044811898754.8125,PSAB_d_2025-07-24
C7,PSAB,2025-07-25T00:58:30Z,2025-07-25T00:58:40Z,2025-07-25T00:55:00Z,2025-07-25T01:00:00Z,0.4235342608673636,765488596704.0254,10.6013,3044811898754.8125,PSAB_d_2025-07-24
C7,PSAB,2025-07-25T00:58:40Z,2025-07-25T00:58:50Z,2025-07-25T00:55:00Z,2025-07-25T01:00:00Z,0.8822743701822185,703332835567.5457,10.6013,3044811898754.8125,PSAB_d_2025-07-24
C7,PSAB,2025-07-25T00:59:40Z,2025-07-25T00:59:50Z,2025-07-25T00:55:00Z,2025-07-25T01:00:00Z,0.19465795684851445,1242197246049.878,10.6013,3044811898754.8125,PSAB_d_2025-07-24
C7,PSAB,2025-07-25T01:00:40Z,2025-07-25T01:00:50Z,2025-07-25T01:00:00Z,2025-07-25T01:05:00Z,0.568585666731156,1034860557510.5864,10.6013,3044811898754.8125,PSAB_d_2025-07-24
C7,PSAB,2025-07-25T01:00:50Z,2025-07-25T01:01:00Z,2025-07-25T01:00:00Z,2025-07-25T01:05:00Z,0.8090036478787946,1537458855551.1375,10.6013,3044811898754.8125,PSAB_d_2025-07-24
C7,PSAB,2025-07-25T01:01:20Z,2025-07-25T01:01:30Z,2025-07-25T01:00:00Z,2025-07-25T01:05:00Z,0.29130211475307183,1106196474964.26,10.6013,3044811898754.8125,PSAB_d_2025-07-24
C7,PSAB,2025-07-25T01:02:50Z,2025-07-25T01:03:00Z,2025-07-25T01:00:00Z,2025-07-25T01:05:00Z,0.16477960184727874,1142396922278.8464,10.6013,3044811898754.8125,PSAB_d_2025-07-24
C7,PSAB,2025-07-25T01:03:00Z,2025-07-25T01:03:10Z,2025-07-25T01:00:00Z,2025-07-25T01:05:00Z,0.03699924061723412,1802512264026.8044,10.6013,3044811898754.8125,PSAB_d_2025-07-24
C7,PSAB,2025-07-25T01:03:10Z,2025-07-25T01:03:20Z,2025-07-25T01:00:00Z,2025-07-25T01:05:00Z,0.44998580140147776,1182380926103.92,10.6013,3044811898754.8125,PSAB_d_2025-07-24
C7,PSAB,2025-07-25T01:03:20Z,2025-07-25T01:03:30Z,2025-07-25T01:00:00Z,2025-07-25T01:05:00Z,0.4235342608673636,765488596704.0254,10.6013,3044811898754.8125,PSAB_d_2025-07-24
C7,PSAB,2025-07-25T01:03:30Z,2025-07-25T01:03:40Z,2025-07-25T01:00:00Z,2025-07-25T01:05:00Z,0.8822743701822185,703332835567.5457,10.6013,3044811898754.8125,PSAB_d_2025-07-24
C7,PSAB,2025-07-25T01:03:40Z,2025-07-25T01:03:50Z,2025-07-25T01:00:00Z,2025-07-25T01:05:00Z,0.19465795684851445,1242197246049.878,10.6013,3044811898754.8125,PSAB_d_2025-07-24
C7,PSAB,2025-07-25T01:03:50Z,2025-07-25T01:04:00Z,2025-07-25T01:00:00Z,2025-07-25T01:05:00Z,1.9307900858024654,1727452141353.927,10.6013,3044811898754.8125,PSAB_d_2025-07-24
C7,PSAB,2025-07-25T01:04:00Z,2025-07-25T01:04:10Z,2025-07-25T01:00:00Z,2025-07-25T01:05:00Z,2.4605354611368315,1686274676669.4595,10.6013,3044811898754.8125,PSAB_d_2025-07-24
C7,PSAB,2025-07-25T01:04:10Z,2025-07-25T01:04:20Z,2025-07-25T01:00:00Z,2025-07-25T01:05:00Z,1.5163774581984002,2486594526155.8667,10.6013,3044811898754.8125,PSAB_d_2025-07-24
C7,PSAB,2025-07-25T01:04:20Z,2025-07-25T01:04:30Z,2025-07-25T01:00:00Z,2025-07-25T01:05:00Z,1.8802894683193274,2155197698538.1167,10.6013,3044811898754.8125,PSAB_d_2025-07-24
C7,PSAB,2025-07-25T01:04:30Z,2025-07-25T01:04:40Z,2025-07-25T01:00:00Z,2025-07-25T01:05:00Z,4.3693243412934235,2361091681167.912,10.6013,3044811898754.8125,PSAB_d_2025-07-24
C7,PSAB,2025-07-25T01:04:40Z,2025-07-25T01:04:50Z,2025-07-25T01:00:00Z,2025-07-25T01:05:00Z,0.05401739070286649,2396425617092.166,10.6013,3044811898754.8125,PSAB_d_2025-07-24
C7,PSAB,2025-07-25T01:04:50Z,2025-07-25T01:05:00Z,2025-07-25T01:00:00Z,2025-07-25T01:05:00Z,1.2503324412180878,2333661891668.093,10.6013,3044811898754.8125,PSAB_d_2025-07-24
C7,PSAB,2025-07-25T01:05:20Z,2025-07-25T01:05:30Z,2025-07-25T01:00:00Z,2025-07-25T01:10:00Z,0.568585666731156,1034860557510.5864,10.6013,3044811898754.8125,PSAB_d_2025-07-24
C7,PSAB,2025-07-25T01:05:30Z,2025-07-25T01:05:40Z,2025-07-25T01:00:00Z,2025-07-25T01:10:00Z,0.8090036478787946,1537458855551.1375,10.6013,3044811898754.8125,PSAB_d_2025-07-24
C7,PSAB,2025-07-25T01:05:40Z,2025-07-25T01:05:50Z,2025-07-25T01:00:00Z,2025-07-25T01:10:00Z,0.29130211475307183,1106196474964.26,10.6013,3044811898754.8125,PSAB_d_2025-07-24
C7,PSAB,2025-07-25T01:00:40Z,2025-07-25T01:00:50Z,2025-07-25T01:00:00Z,2025-07-25T01:10:00Z,0.16477960184727874,1142396922278.8464,10.6013,3044811898754.8125,PSAB_d_2025-07-24
C7,PSAB,2025-07-25T01:00:50Z,2025-07-25T01:01:00Z,2025-07-25T01:00:00Z,2025-07-25T01:10:00Z,0.03699924061723412,1802512264026.8044,10.6013,3044811898754.8125,PSAB_d_2025-07-24
C7,PSAB,2025-07-25T01:06:30Z,2025-07-25T01:06:40Z,2025-07-25T01:00:00Z,2025-07-25T01:10:00Z,0.44998580140147776,1182380926103.92,10.6013,3044811898754.8125,PSAB_d_2025-07-24
C7,PSAB,2025-07-25T01:06:40Z,2025-07-25T01:06:50Z,2025-07-25T01:00:00Z,2025-07-25T01:10:00Z,0.4235342608673636,765488596704.0254,10.6013,3044811898754.8125,PSAB_d_2025-07-24
C7,PSAB,2025-07-25T01:06:50Z,2025-07-25T01:07:00Z,2025-07-25T01:00:00Z,2025-07-25T01:10:00Z,0.8822743701822185,703332835567.5457,10.6013,3044811898754.8125,PSAB_d_2025-07-24
C7,PSAB,2025-07-25T01:07:00Z,2025-07-25T01:07:10Z,2025-07-25T01:00:00Z,2025-07-25T01:10:00Z,0.19465795684851445,1242197246049.878,10.6013,3044811898754.8125,PSAB_d_2025-07-24
C7,PSAB,2025-07-25T01:07:10Z,2025-07-25T01:07:20Z,2025-07-25T01:00:00Z,2025-07-25T01:10:00Z,1.9307900858024654,1727452141353.927,10.6013,3044811898754.8125,PSAB_d_2025-07-24
C7,PSAB,2025-07-25T01:01:20Z,2025-07-25T01:01:30Z,2025-07-25T01:00:00Z,2025-07-25T01:10:00Z,2.4605354611368315,1686274676669.4595,10.6013,3044811898754.8125,PSAB_d_2025-07-24
C7,PSAB,2025-07-25T01:05:00Z,2025-07-25T01:05:10Z,2025-07-25T01:00:00Z,2025-07-25T01:10:00Z,1.5163774581984002,2486594526155.8667,10.6013,3044811898754.8125,PSAB_d_2025-07-24
C7,PSAB,2025-07-25T01:05:10Z,2025-07-25T01:05:20Z,2025-07-25T01:00:00Z,2025-07-25T01:10:00Z,1.8802894683193274,2155197698538.1167,10.6013,3044811898754.8125,PSAB_d_2025-07-24
C7,PSAB,2025-07-25T01:12:50Z,2025-07-25T01:13:00Z,2025-07-25T01:10:00Z,2025-07-25T01:15:00Z,0.568585666731156,1034860557510.5864,10.6013,3044811898754.8125,PSAB_d_2025-07-24
C7,PSAB,2025-07-25T01:13:00Z,2025-07-25T01:13:10Z,2025-07-25T01:10:00Z,2025-07-25T01:15:00Z,0.8090036478787946,1537458855551.1375,10.6013,3044811898754.8125,PSAB_d_2025-07-24
C7,PSAB,2025-07-25T01:13:20Z,2025-07-25T01:13:30Z,2025-07-25T01:10:00Z,2025-07-25T01:15:00Z,0.29130211475307183,1106196474964.26,10.6013,3044811898754.8125,PSAB_d_2025-07-24
C7,PSAB,2025-07-25T01:11:30Z,2025-07-25T01:11:40Z,2025-07-25T01:10:00Z,2025-07-25T01:15:00Z,0.16477960184727874,1142396922278.8464,10.6013,3044811898754.8125,PSAB_d_2025-07-24
C7,PSAB,2025-07-25T01:11:40Z,2025-07-25T01:11:50Z,2025-07-25T01:10:00Z,2025-07-25T01:15:00Z,0.03699924061723412,1802512264026.8044,10.6013,3044811898754.8125,PSAB_d_2025-07-24
C7,PSAB,2025-07-25T01:14:40Z,2025-07-25T01:14:50Z,2025-07-25T01:10:00Z,2025-07-25T01:15:00Z,0.44998580140147776,1182380926103.92,10.6013,3044811898754.8125,PSAB_d_2025-07-24
C7,PSAB,2025-07-25T01:15:50Z,2025-07-25T01:16:00Z,2025-07-25T01:15:00Z,2025-07-25T01:20:00Z,0.568585666731156,1034860557510.5864,10.6013,3044811898754.8125,PSAB_d_2025-07-24
C7,PSAB,2025-07-25T01:18:50Z,2025-07-25T01:19:00Z,2025-07-25T01:15:00Z,2025-07-25T01:20:00Z,0.8090036478787946,1537458855551.1375,10.6013,3044811898754.8125,PSAB_d_2025-07-24
C7,PSAB,2025-07-25T01:19:00Z,2025-07-25T01:19:10Z,2025-07-25T01:15:00Z,2025-07-25T01:20:00Z,0.29130211475307183,1106196474964.26,10.6013,3044811898754.8125,PSAB_d_2025-07-24
C7,PSAB,2025-07-25T01:19:30Z,2025-07-25T01:19:40Z,2025-07-25T01:15:00Z,2025-07-25T01:20:00Z,0.16477960184727874,1142396922278.8464,10.6013,3044811898754.8125,PSAB_d_2025-07-24
C7,PSAB,2025-07-25T01:23:00Z,2025-07-25T01:23:10Z,2025-07-25T01:20:00Z,2025-07-25T01:25:00Z,0.568585666731156,1034860557510.5864,10.6013,3044811898754.8125,PSAB_d_2025-07-24
C7,PSAB,2025-07-25T01:20:30Z,2025-07-25T01:20:40Z,2025-07-25T01:20:00Z,2025-07-25T01:25:00Z,0.8090036478787946,1537458855551.1375,10.6013,3044811898754.8125,PSAB_d_2025-07-24
C7,PSAB,2025-07-25T01:20:40Z,2025-07-25T01:20:50Z,2025-07-25T01:20:00Z,2025-07-25T01:25:00Z,0.29130211475307183,1106196474964.26,10.6013,3044811898754.8125,PSAB_d_2025-07-24
C7,PSAB,2025-07-25T01:21:10Z,2025-07-25T01:21:20Z,2025-07-25T01:20:00Z,2025-07-25T01:25:00Z,0.16477960184727874,1142396922278.8464,10.6013,3044811898754.8125,PSAB_d_2025-07-24
C7,PSAB,2025-07-25T01:24:20Z,2025-07-25T01:24:30Z,2025-07-25T01:20:00Z,2025-07-25T01:25:00Z,0.03699924061723412,1802512264026.8044,10.6013,3044811898754.8125,PSAB_d_2025-07-24
C7,PSAB,2025-07-25T01:24:30Z,2025-07-25T01:24:40Z,2025-07-25T01:20:00Z,2025-07-25T01:25:00Z,0.44998580140147776,1182380926103.92,10.6013,3044811898754.8125,PSAB_d_2025-07-24
C7,PSAB,2025-07-25T01:25:10Z,2025-07-25T01:25:20Z,2025-07-25T01:25:00Z,2025-07-25T01:30:00Z,0.568585666731156,1034860557510.5864,10.6013,3044811898754.8125,PSAB_d_2025-07-24
C7,PSAB,2025-07-25T01:25:20Z,2025-07-25T01:25:30Z,2025-07-25T01:25:00Z,2025-07-25T01:30:00Z,0.8090036478787946,1537458855551.1375,10.6013,3044811898754.8125,PSAB_d_2025-07-24
C7,PSAB,2025-07-25T01:26:10Z,2025-07-25T01:26:20Z,2025-07-25T01:25:00Z,2025-07-25T01:30:00Z,0.29130211475307183,1106196474964.26,10.6013,3044811898754.8125,PSAB_d_2025-07-24
C7,PSAB,2025-07-25T01:28:40Z,2025-07-25T01:28:50Z,2025-07-25T01:25:00Z,2025-07-25T01:30:00Z,0.16477960184727874,1142396922278.8464,10.6013,3044811898754.8125,PSAB_d_2025-07-24
C7,PSAB,2025-07-25T01:28:50Z,2025-07-25T01:29:00Z,2025-07-25T01:25:00Z,2025-07-25T01:30:00Z,0.03699924061723412,1802512264026.8044,10.6013,3044811898754.8125,PSAB_d_2025-07-24
C7,PSAB,2025-07-25T01:30:20Z,2025-07-25T01:30:30Z,2025-07-25T01:30:00Z,2025-07-25T01:35:00Z,0.568585666731156,1034860557510.5864,10.6013,3044811898754.8125,PSAB_d_2025-07-24
C7,PSAB,2025-07-25T01:30:30Z,2025-07-25T01:30:40Z,2025-07-25T01:30:00Z,2025-07-25T01:35:00Z,0.8090036478787946,1537458855551.1375,10.6013,3044811898754.8125,PSAB_d_2025-07-24
C7,PSAB,2025-07-25T01:31:10Z,2025-07-25T01:31:20Z,2025-07-25T01:30:00Z,2025-07-25T01:35:00Z,0.29130211475307183,1106196474964.26,10.6013,3044811898754.8125,PSAB_d_2025-07-24
C7,PSAB,2025-07-25T01:31:20Z,2025-07-25T01:31:30Z,2025-07-25T01:30:00Z,2025-07-25T01:35:00Z,0.16477960184727874,1142396922278.8464,10.6013,3044811898754.8125,PSAB_d_2025-07-24
C7,PSAB,2025-07-25T01:31:30Z,2025-07-25T01:31:40Z,2025-07-25T01:30:00Z,2025-07-25T01:35:00Z,0.03699924061723412,1802512264026.8044,10.6013,3044811898754.8125,PSAB_d_2025-07-24
C7,PSAB,2025-07-25T01:31:40Z,2025-07-25T01:31:50Z,2025-07-25T01:30:00Z,2025-07-25T01:35:00Z,0.44998580140147776,1182380926103.92,10.6013,3044811898754.8125,PSAB_d_2025-07-24
C7,PSAB,2025-07-25T01:31:50Z,2025-07-25T01:32:00Z,2025-07-25T01:30:00Z,2025-07-25T01:35:00Z,0.4235342608673636,765488596704.0254,10.6013,3044811898754.8125,PSAB_d_2025-07-24
C7,PSAB,2025-07-25T01:32:00Z,2025-07-25T01:32:10Z,2025-07-25T01:30:00Z,2025-07-25T01:35:00Z,0.8822743701822185,703332835567.5457,10.6013,3044811898754.8125,PSAB_d_2025-07-24
C7,PSAB,2025-07-25T01:32:10Z,2025-07-25T01:32:20Z,2025-07-25T01:30:00Z,2025-07-25T01:35:00Z,0.19465795684851445,1242197246049.878,10.6013,3044811898754.8125,PSAB_d_2025-07-24
C7,PSAB,2025-07-25T01:32:20Z,2025-07-25T01:32:30Z,2025-07-25T01:30:00Z,2025-07-25T01:35:00Z,1.9307900858024654,1727452141353.927,10.6013,3044811898754.8125,PSAB_d_2025-07-24
C7,PSAB,2025-07-25T01:32:30Z,2025-07-25T01:32:40Z,2025-07-25T01:30:00Z,2025-07-25T01:35:00Z,2.4605354611368315,1686274676669.4595,10.6013,3044811898754.8125,PSAB_d_2025-07-24
C7,PSAB,2025-07-25T01:32:40Z,2025-07-25T01:32:50Z,2025-07-25T01:30:00Z,2025-07-25T01:35:00Z,1.5163774581984002,2486594526155.8667,10.6013,3044811898754.8125,PSAB_d_2025-07-24
C7,PSAB,2025-07-25T01:32:50Z,2025-07-25T01:33:00Z,2025-07-25T01:30:00Z,2025-07-25T01:35:00Z,1.8802894683193274,2155197698538.1167,10.6013,3044811898754.8125,PSAB_d_2025-07-24
C7,PSAB,2025-07-25T01:33:00Z,2025-07-25T01:33:10Z,2025-07-25T01:30:00Z,2025-07-25T01:35:00Z,4.3693243412934235,2361091681167.912,10.6013,3044811898754.8125,PSAB_d_2025-07-24
C7,PSAB,2025-07-25T01:33:10Z,2025-07-25T01:33:20Z,2025-07-25T01:30:00Z,2025-07-25T01:35:00Z,0.05401739070286649,2396425617092.166,10.6013,3044811898754.8125,PSAB_d_2025-07-24
C7,PSAB,2025-07-25T01:33:20Z,2025-07-25T01:33:30Z,2025-07-25T01:30:00Z,2025-07-25T01:35:00Z,1.2503324412180878,2333661891668.093,10.6013,3044811898754.8125,PSAB_d_2025-07-24
C7,PSAB,2025-07-25T01:33:30Z,2025-07-25T01:33:40Z,2025-07-25T01:30:00Z,2025-07-25T01:35:00Z,0.10087814588757973,1128468718908.544,10.6013,3044811898754.8125,PSAB_d_2025-07-24
C7,PSAB,2025-07-25T01:33:40Z,2025-07-25T01:33:50Z,2025-07-25T01:30:00Z,2025-07-25T01:35:00Z,1.6528825450199414,1718938177947.2893,10.6013,3044811898754.8125,PSAB_d_2025-07-24
C7,PSAB,2025-07-25T01:33:50Z,2025-07-25T01:34:00Z,2025-07-25T01:30:00Z,2025-07-25T01:35:00Z,1.7683603406557986,1813199566302.0793,10.6013,3044811898754.8125,PSAB_d_2025-07-24
C7,PSAB,2025-07-25T01:34:00Z,2025-07-25T01:34:10Z,2025-07-25T01:30:00Z,2025-07-25T01:35:00Z,0.12966847123615893,1044853918888.947,10.6013,3044811898754.8125,PSAB_d_2025-07-24
C7,PSAB,2025-07-25T01:34:10Z,2025-07-25T01:34:20Z,2025-07-25T01:30:00Z,2025-07-25T01:35:00Z,1.4643112907004296,790104461060.8909,10.6013,3044811898754.8125,PSAB_d_2025-07-24
C7,PSAB,2025-07-25T01:34:20Z,2025-07-25T01:34:30Z,2025-07-25T01:30:00Z,2025-07-25T01:35:00Z,8.161769075941352,2015425326163.997,10.6013,3044811898754.8125,PSAB_d_2025-07-24
C7,PSAB,2025-07-25T01:34:30Z,2025-07-25T01:34:40Z,2025-07-25T01:30:00Z,2025-07-25T01:35:00Z,2.5552032380495,3792246689887.342,10.6013,3044811898754.8125,PSAB_d_2025-07-24
C7,PSAB,2025-07-25T01:34:40Z,2025-07-25T01:34:50Z,2025-07-25T01:30:00Z,2025-07-25T01:35:00Z,0.25162906136281415,1282213661917.89,10.6013,3044811898754.8125,PSAB_d_2025-07-24
C7,PSAB,2025-07-25T01:34:50Z,2025-07-25T01:35:00Z,2025-07-25T01:30:00Z,2025-07-25T01:35:00Z,1.7569954064430573,1451571164221.9795,10.6013,3044811898754.8125,PSAB_d_2025-07-24
C7,PSAB,2025-07-25T01:35:00Z,2025-07-25T01:35:10Z,2025-07-25T01:35:00Z,2025-07-25T01:40:00Z,0.568585666731156,1034860557510.5864,10.6013,3044811898754.8125,PSAB_d_2025-07-24
C7,PSAB,2025-07-25T01:35:10Z,2025-07-25T01:35:20Z,2025-07-25T01:35:00Z,2025-07-25T01:40:00Z,0.8090036478787946,1537458855551.1375,10.6013,3044811898754.8125,PSAB_d_2025-07-24
C7,PSAB,2025-07-25T01:35:20Z,2025-07-25T01:35:30Z,2025-07-25T01:35:00Z,2025-07-25T01:40:00Z,0.29130211475307183,1106196474964.26,10.6013,3044811898754.8125,PSAB_d_2025-07-24
C7,PSAB,2025-07-25T01:35:30Z,2025-07-25T01:35:40Z,2025-07-25T01:35:00Z,2025-07-25T01:40:00Z,0.16477960184727874,1142396922278.8464,10.6013,3044811898754.8125,PSAB_d_2025-07-24
C7,PSAB,2025-07-25T01:36:00Z,2025-07-25T01:36:10Z,2025-07-25T01:35:00Z,2025-07-25T01:40:00Z,0.03699924061723412,1802512264026.8044,10.6013,3044811898754.8125,PSAB_d_2025-07-24
C7,PSAB,2025-07-25T01:36:10Z,2025-07-25T01:36:20Z,2025-07-25T01:35:00Z,2025-07-25T01:40:00Z,0.44998580140147776,1182380926103.92,10.6013,3044811898754.8125,PSAB_d_2025-07-24
C7,PSAB,2025-07-25T01:36:20Z,2025-07-25T01:36:30Z,2025-07-25T01:35:00Z,2025-07-25T01:40:00Z,0.4235342608673636,765488596704.0254,10.6013,3044811898754.8125,PSAB_d_2025-07-24
C7,PSAB,2025-07-25T01:36:50Z,2025-07-25T01:37:00Z,2025-07-25T01:35:00Z,2025-07-25T01:40:00Z,0.8822743701822185,703332835567.5457,10.6013,3044811898754.8125,PSAB_d_2025-07-24
C7,PSAB,2025-07-25T01:37:10Z,2025-07-25T01:37:20Z,2025-07-25T01:35:00Z,2025-07-25T01:40:00Z,0.19465795684851445,1242197246049.878,10.6013,3044811898754.8125,PSAB_d_2025-07-24
C7,PSAB,2025-07-25T01:37:20Z,2025-07-25T01:37:30Z,2025-07-25T01:35:00Z,2025-07-25T01:40:00Z,1.9307900858024654,1727452141353.927,10.6013,3044811898754.8125,PSAB_d_2025-07-24
C7,PSAB,2025-07-25T01:38:20Z,2025-07-25T01:38:30Z,2025-07-25T01:35:00Z,2025-07-25T01:40:00Z,2.4605354611368315,1686274676669.4595,10.6013,3044811898754.8125,PSAB_d_2025-07-24
C7,PSAB,2025-07-25T01:39:40Z,2025-07-25T01:39:50Z,2025-07-25T01:35:00Z,2025-07-25T01:40:00Z,1.5163774581984002,2486594526155.8667,10.6013,3044811898754.8125,PSAB_d_2025-07-24
C7,PSAB,2025-07-25T01:39:50Z,2025-07-25T01:40:00Z,2025-07-25T01:35:00Z,2025-07-25T01:40:00Z,1.8802894683193274,2155197698538.1167,10.6013,3044811898754.8125,PSAB_d_2025-07-24
C7,PSAB,2025-07-25T01:40:00Z,2025-07-25T01:40:10Z,2025-07-25T01:40:00Z,2025-07-25T01:45:00Z,0.568585666731156,1034860557510.5864,10.6013,3044811898754.8125,PSAB_d_2025-07-24
C7,PSAB,2025-07-25T01:40:10Z,2025-07-25T01:40:20Z,2025-07-25T01:40:00Z,2025-07-25T01:45:00Z,0.8090036478787946,1537458855551.1375,10.6013,3044811898754.8125,PSAB_d_2025-07-24
C7,PSAB,2025-07-25T01:40:20Z,2025-07-25T01:40:30Z,2025-07-25T01:40:00Z,2025-07-25T01:45:00Z,0.29130211475307183,1106196474964.26,10.6013,3044811898754.8125,PSAB_d_2025-07-24
C7,PSAB,2025-07-25T01:40:30Z,2025-07-25T01:40:40Z,2025-07-25T01:40:00Z,2025-07-25T01:45:00Z,0.16477960184727874,1142396922278.8464,10.6013,3044811898754.8125,PSAB_d_2025-07-24
C7,PSAB,2025-07-25T01:40:40Z,2025-07-25T01:40:50Z,2025-07-25T01:40:00Z,2025-07-25T01:45:00Z,0.03699924061723412,1802512264026.8044,10.6013,3044811898754.8125,PSAB_d_2025-07-24
C7,PSAB,2025-07-25T01:40:50Z,2025-07-25T01:41:00Z,2025-07-25T01:40:00Z,2025-07-25T01:45:00Z,0.44998580140147776,1182380926103.92,10.6013,3044811898754.8125,PSAB_d_2025-07-24
C7,PSAB,2025-07-25T01:41:00Z,2025-07-25T01:41:10Z,2025-07-25T01:40:00Z,2025-07-25T01:45:00Z,0.4235342608673636,765488596704.0254,10.6013,3044811898754.8125,PSAB_d_2025-07-24
C7,PSAB,2025-07-25T01:41:10Z,2025-07-25T01:41:20Z,2025-07-25T01:40:00Z,2025-07-25T01:45:00Z,0.8822743701822185,703332835567.5457,10.6013,3044811898754.8125,PSAB_d_2025-07-24
C7,PSAB,2025-07-25T01:41:20Z,2025-07-25T01:41:30Z,2025-07-25T01:40:00Z,2025-07-25T01:45:00Z,0.19465795684851445,1242197246049.878,10.6013,3044811898754.8125,PSAB_d_2025-07-24
C7,PSAB,2025-07-25T01:41:30Z,2025-07-25T01:41:40Z,2025-07-25T01:40:00Z,2025-07-25T01:45:00Z,1.9307900858024654,1727452141353.927,10.6013,3044811898754.8125,PSAB_d_2025-07-24
C7,PSAB,2025-07-25T01:41:40Z,2025-07-25T01:41:50Z,2025-07-25T01:40:00Z,2025-07-25T01:45:00Z,2.4605354611368315,1686274676669.4595,10.6013,3044811898754.8125,PSAB_d_2025-07-24
C7,PSAB,2025-07-25T01:41:50Z,2025-07-25T01:42:00Z,2025-07-25T01:40:00Z,2025-07-25T01:45:00Z,1.5163774581984002,2486594526155.8667,10.6013,3044811898754.8125,PSAB_d_2025-07-24
C7,PSAB,2025-07-25T01:42:00Z,2025-07-25T01:42:10Z,2025-07-25T01:40:00Z,2025-07-25T01:45:00Z,1.8802894683193274,2155197698538.1167,10.6013,3044811898754.8125,PSAB_d_2025-07-24
C7,PSAB,2025-07-25T01:42:10Z,2025-07-25T01:42:20Z,2025-07-25T01:40:00Z,2025-07-25T01:45:00Z,4.3693243412934235,2361091681167.912,10.6013,3044811898754.8125,PSAB_d_2025-07-24
C7,PSAB,2025-07-25T01:42:20Z,2025-07-25T01:42:30Z,2025-07-25T01:40:00Z,2025-07-25T01:45:00Z,0.05401739070286649,2396425617092.166,10.6013,3044811898754.8125,PSAB_d_2025-07-24
C7,PSAB,2025-07-25T01:42:30Z,2025-07-25T01:42:40Z,2025-07-25T01:40:00Z,2025-07-25T01:45:00Z,1.2503324412180878,2333661891668.093,10.6013,3044811898754.8125,PSAB_d_2025-07-24
C7,PSAB,2025-07-25T01:42:40Z,2025-07-25T01:42:50Z,2025-07-25T01:40:00Z,2025-07-25T01:45:00Z,0.10087814588757973,1128468718908.544,10.6013,3044811898754.8125,PSAB_d_2025-07-24
C7,PSAB,2025-07-25T01:42:50Z,2025-07-25T01:43:00Z,2025-07-25T01:40:00Z,2025-07-25T01:45:00Z,1.6528825450199414,1718938177947.2893,10.6013,3044811898754.8125,PSAB_d_2025-07-24
C7,PSAB,2025-07-25T01:43:00Z,2025-07-25T01:43:10Z,2025-07-25T01:40:00Z,2025-07-25T01:45:00Z,1.7683603406557986,1813199566302.0793,10.6013,3044811898754.8125,PSAB_d_2025-07-24
C7,PSAB,2025-07-25T01:43:10Z,2025-07-25T01:43:20Z,2025-07-25T01:40:00Z,2025-07-25T01:45:00Z,0.12966847123615893,1044853918888.947,10.6013,3044811898754.8125,PSAB_d_2025-07-24
C7,PSAB,2025-07-25T01:43:20Z,2025-07-25T01:43:30Z,2025-07-25T01:40:00Z,2025-07-25T01:45:00Z,1.4643112907004296,790104461060.8909,10.6013,3044811898754.8125,PSAB_d_2025-07-24
C7,PSAB,2025-07-25T01:43:30Z,2025-07-25T01:43:40Z,2025-07-25T01:40:00Z,2025-07-25T01:45:00Z,8.161769075941352,2015425326163.997,10.6013,3044811898754.8125,PSAB_d_2025-07-24
C7,PSAB,2025-07-25T01:43:40Z,2025-07-25T01:43:50Z,2025-07-25T01:40:00Z,2025-07-25T01:45:00Z,2.5552032380495,3792246689887.342,10.6013,3044811898754.8125,PSAB_d_2025-07-24
C7,PSAB,2025-07-25T01:54:50Z,2025-07-25T01:55:00Z,2025-07-25T01:50:00Z,2025-07-25T01:55:00Z,0.568585666731156,1034860557510.5864,10.6013,3044811898754.8125,PSAB_d_2025-07-24
C7,PSAB,2025-07-25T01:50:50Z,2025-07-25T01:51:00Z,2025-07-25T01:50:00Z,2025-07-25T01:55:00Z,0.8090036478787946,1537458855551.1375,10.6013,3044811898754.8125,PSAB_d_2025-07-24
C7,PSAB,2025-07-25T01:51:00Z,2025-07-25T01:51:10Z,2025-07-25T01:50:00Z,2025-07-25T01:55:00Z,0.29130211475307183,1106196474964.26,10.6013,3044811898754.8125,PSAB_d_2025-07-24
C7,PSAB,2025-07-25T01:56:10Z,2025-07-25T01:56:20Z,2025-07-25T01:55:00Z,2025-07-25T02:00:00Z,0.568585666731156,1034860557510.5864,10.6013,3044811898754.8125,PSAB_d_2025-07-24
C7,PSAB,2025-07-25T01:59:30Z,2025-07-25T01:59:40Z,2025-07-25T01:55:00Z,2025-07-25T02:00:00Z,0.8090036478787946,1537458855551.1375,10.6013,3044811898754.8125,PSAB_d_2025-07-24
C7,PSAB,2025-07-25T01:59:20Z,2025-07-25T01:59:30Z,2025-07-25T01:55:00Z,2025-07-25T02:00:00Z,0.29130211475307183,1106196474964.26,10.6013,3044811898754.8125,PSAB_d_2025-07-24
C7,PSAB,2025-07-25T01:56:50Z,2025-07-25T01:57:00Z,2025-07-25T01:55:00Z,2025-07-25T02:00:00Z,0.16477960184727874,1142396922278.8464,10.6013,3044811898754.8125,PSAB_d_2025-07-24
C7,PSAB,2025-07-25T01:59:50Z,2025-07-25T02:00:00Z,2025-07-25T01:55:00Z,2025-07-25T02:00:00Z,0.03699924061723412,1802512264026.8044,10.6013,3044811898754.8125,PSAB_d_2025-07-24
C7,PSAB,2025-07-25T02:00:50Z,2025-07-25T02:01:00Z,2025-07-25T02:00:00Z,2025-07-25T02:05:00Z,0.568585666731156,1034860557510.5864,10.6013,3044811898754.8125,PSAB_d_2025-07-24
C7,PSAB,2025-07-25T02:01:00Z,2025-07-25T02:01:10Z,2025-07-25T02:00:00Z,2025-07-25T02:05:00Z,0.8090036478787946,1537458855551.1375,10.6013,3044811898754.8125,PSAB_d_2025-07-24
C7,PSAB,2025-07-25T02:01:10Z,2025-07-25T02:01:20Z,2025-07-25T02:00:00Z,2025-07-25T02:05:00Z,0.29130211475307183,1106196474964.26,10.6013,3044811898754.8125,PSAB_d_2025-07-24
C7,PSAB,2025-07-25T02:02:30Z,2025-07-25T02:02:40Z,2025-07-25T02:00:00Z,2025-07-25T02:05:00Z,0.16477960184727874,1142396922278.8464,10.6013,3044811898754.8125,PSAB_d_2025-07-24
C7,PSAB,2025-07-25T02:02:40Z,2025-07-25T02:02:50Z,2025-07-25T02:00:00Z,2025-07-25T02:05:00Z,0.03699924061723412,1802512264026.8044,10.6013,3044811898754.8125,PSAB_d_2025-07-24
C7,PSAB,2025-07-25T02:03:20Z,2025-07-25T02:03:30Z,2025-07-25T02:00:00Z,2025-07-25T02:05:00Z,0.44998580140147776,1182380926103.92,10.6013,3044811898754.8125,PSAB_d_2025-07-24
C7,PSAB,2025-07-25T02:03:30Z,2025-07-25T02:03:40Z,2025-07-25T02:00:00Z,2025-07-25T02:05:00Z,0.4235342608673636,765488596704.0254,10.6013,3044811898754.8125,PSAB_d_2025-07-24
C7,PSAB,2025-07-25T02:03:40Z,2025-07-25T02:03:50Z,2025-07-25T02:00:00Z,2025-07-25T02:05:00Z,0.8822743701822185,703332835567.5457,10.6013,3044811898754.8125,PSAB_d_2025-07-24
C7,PSAB,2025-07-25T02:03:50Z,2025-07-25T02:04:00Z,2025-07-25T02:00:00Z,2025-07-25T02:05:00Z,0.19465795684851445,1242197246049.878,10.6013,3044811898754.8125,PSAB_d_2025-07-24
C7,PSAB,2025-07-25T02:04:10Z,2025-07-25T02:04:20Z,2025-07-25T02:00:00Z,2025-07-25T02:05:00Z,1.9307900858024654,1727452141353.927,10.6013,3044811898754.8125,PSAB_d_2025-07-24
C7,PSAB,2025-07-25T02:04:20Z,2025-07-25T02:04:30Z,2025-07-25T02:00:00Z,2025-07-25T02:05:00Z,2.4605354611368315,1686274676669.4595,10.6013,3044811898754.8125,PSAB_d_2025-07-24
C7,PSAB,2025-07-25T02:04:30Z,2025-07-25T02:04:40Z,2025-07-25T02:00:00Z,2025-07-25T02:05:00Z,1.5163774581984002,2486594526155.8667,10.6013,3044811898754.8125,PSAB_d_2025-07-24
C7,PSAB,2025-07-25T02:06:10Z,2025-07-25T02:06:20Z,2025-07-25T02:05:00Z,2025-07-25T02:10:00Z,0.568585666731156,1034860557510.5864,10.6013,3044811898754.8125,PSAB_d_2025-07-24
C7,PSAB,2025-07-25T02:06:20Z,2025-07-25T02:06:30Z,2025-07-25T02:05:00Z,2025-07-25T02:10:00Z,0.8090036478787946,1537458855551.1375,10.6013,3044811898754.8125,PSAB_d_2025-07-24
C7,PSAB,2025-07-25T02:06:30Z,2025-07-25T02:06:40Z,2025-07-25T02:05:00Z,2025-07-25T02:10:00Z,0.29130211475307183,1106196474964.26,10.6013,3044811898754.8125,PSAB_d_2025-07-24
C7,PSAB,2025-07-25T02:06:40Z,2025-07-25T02:06:50Z,2025-07-25T02:05:00Z,2025-07-25T02:10:00Z,0.16477960184727874,1142396922278.8464,10.6013,3044811898754.8125,PSAB_d_2025-07-24
C7,PSAB,2025-07-25T02:06:50Z,2025-07-25T02:07:00Z,2025-07-25T02:05:00Z,2025-07-25T02:10:00Z,0.03699924061723412,1802512264026.8044,10.6013,3044811898754.8125,PSAB_d_2025-07-24
C7,PSAB,2025-07-25T02:08:10Z,2025-07-25T02:08:20Z,2025-07-25T02:05:00Z,2025-07-25T02:10:00Z,0.44998580140147776,1182380926103.92,10.6013,3044811898754.8125,PSAB_d_2025-07-24
C7,PSAB,2025-07-25T02:08:20Z,2025-07-25T02:08:30Z,2025-07-25T02:05:00Z,2025-07-25T02:10:00Z,0.4235342608673636,765488596704.0254,10.6013,3044811898754.8125,PSAB_d_2025-07-24
C7,PSAB,2025-07-25T02:08:30Z,2025-07-25T02:08:40Z,2025-07-25T02:05:00Z,2025-07-25T02:10:00Z,0.8822743701822185,703332835567.5457,10.6013,3044811898754.8125,PSAB_d_2025-07-24
C7,PSAB,2025-07-25T02:08:40Z,2025-07-25T02:08:50Z,2025-07-25T02:05:00Z,2025-07-25T02:10:00Z,0.19465795684851445,1242197246049.878,10.6013,3044811898754.8125,PSAB_d_2025-07-24
C7,PSAB,2025-07-25T02:11:00Z,2025-07-25T02:11:10Z,2025-07-25T02:10:00Z,2025-07-25T02:15:00Z,0.568585666731156,1034860557510.5864,10.6013,3044811898754.8125,PSAB_d_2025-07-24
C7,PSAB,2025-07-25T02:11:10Z,2025-07-25T02:11:20Z,2025-07-25T02:10:00Z,2025-07-25T02:15:00Z,0.8090036478787946,1537458855551.1375,10.6013,3044811898754.8125,PSAB_d_2025-07-24
C7,PSAB,2025-07-25T02:11:50Z,2025-07-25T02:12:00Z,2025-07-25T02:10:00Z,2025-07-25T02:15:00Z,0.29130211475307183,1106196474964.26,10.6013,3044811898754.8125,PSAB_d_2025-07-24
C7,PSAB,2025-07-25T02:12:00Z,2025-07-25T02:12:10Z,2025-07-25T02:10:00Z,2025-07-25T02:15:00Z,0.16477960184727874,1142396922278.8464,10.6013,3044811898754.8125,PSAB_d_2025-07-24
C7,PSAB,2025-07-25T02:12:10Z,2025-07-25T02:12:20Z,2025-07-25T02:10:00Z,2025-07-25T02:15:00Z,0.03699924061723412,1802512264026.8044,10.6013,3044811898754.8125,PSAB_d_2025-07-24
C7,PSAB,2025-07-25T02:12:20Z,2025-07-25T02:12:30Z,2025-07-25T02:10:00Z,2025-07-25T02:15:00Z,0.44998580140147776,1182380926103.92,10.6013,3044811898754.8125,PSAB_d_2025-07-24
C7,PSAB,2025-07-25T02:12:40Z,2025-07-25T02:12:50Z,2025-07-25T02:10:00Z,2025-07-25T02:15:00Z,0.4235342608673636,765488596704.0254,10.6013,3044811898754.8125,PSAB_d_2025-07-24
C7,PSAB,2025-07-25T02:13:50Z,2025-07-25T02:14:00Z,2025-07-25T02:10:00Z,2025-07-25T02:15:00Z,0.8822743701822185,703332835567.5457,10.6013,3044811898754.8125,PSAB_d_2025-07-24
C7,PSAB,2025-07-25T02:14:00Z,2025-07-25T02:14:10Z,2025-07-25T02:10:00Z,2025-07-25T02:15:00Z,0.19465795684851445,1242197246049.878,10.6013,3044811898754.8125,PSAB_d_2025-07-24
C7,PSAB,2025-07-25T02:14:10Z,2025-07-25T02:14:20Z,2025-07-25T02:10:00Z,2025-07-25T02:15:00Z,1.9307900858024654,1727452141353.927,10.6013,3044811898754.8125,PSAB_d_2025-07-24
C7,PSAB,2025-07-25T02:14:20Z,2025-07-25T02:14:30Z,2025-07-25T02:10:00Z,2025-07-25T02:15:00Z,2.4605354611368315,1686274676669.4595,10.6013,3044811898754.8125,PSAB_d_2025-07-24
C7,PSAB,2025-07-25T02:14:40Z,2025-07-25T02:14:50Z,2025-07-25T02:10:00Z,2025-07-25T02:15:00Z,1.5163774581984002,2486594526155.8667,10.6013,3044811898754.8125,PSAB_d_2025-07-24
C7,PSAB,2025-07-25T02:15:00Z,2025-07-25T02:15:10Z,2025-07-25T02:15:00Z,2025-07-25T02:20:00Z,0.568585666731156,1034860557510.5864,10.6013,3044811898754.8125,PSAB_d_2025-07-24
C7,PSAB,2025-07-25T02:15:10Z,2025-07-25T02:15:20Z,2025-07-25T02:15:00Z,2025-07-25T02:20:00Z,0.8090036478787946,1537458855551.1375,10.6013,3044811898754.8125,PSAB_d_2025-07-24
C7,PSAB,2025-07-25T02:16:00Z,2025-07-25T02:16:10Z,2025-07-25T02:15:00Z,2025-07-25T02:20:00Z,0.29130211475307183,1106196474964.26,10.6013,3044811898754.8125,PSAB_d_2025-07-24
C7,PSAB,2025-07-25T02:16:10Z,2025-07-25T02:16:20Z,2025-07-25T02:15:00Z,2025-07-25T02:20:00Z,0.16477960184727874,1142396922278.8464,10.6013,3044811898754.8125,PSAB_d_2025-07-24
C7,PSAB,2025-07-25T02:17:00Z,2025-07-25T02:17:10Z,2025-07-25T02:15:00Z,2025-07-25T02:20:00Z,0.03699924061723412,1802512264026.8044,10.6013,3044811898754.8125,PSAB_d_2025-07-24
C7,PSAB,2025-07-25T02:17:20Z,2025-07-25T02:17:30Z,2025-07-25T02:15:00Z,2025-07-25T02:20:00Z,0.44998580140147776,1182380926103.92,10.6013,3044811898754.8125,PSAB_d_2025-07-24
C7,PSAB,2025-07-25T02:18:30Z,2025-07-25T02:18:40Z,2025-07-25T02:15:00Z,2025-07-25T02:20:00Z,0.4235342608673636,765488596704.0254,10.6013,3044811898754.8125,PSAB_d_2025-07-24
C7,PSAB,2025-07-25T02:20:00Z,2025-07-25T02:20:10Z,2025-07-25T02:20:00Z,2025-07-25T02:25:00Z,0.568585666731156,1034860557510.5864,10.6013,3044811898754.8125,PSAB_d_2025-07-24
C7,PSAB,2025-07-25T02:20:10Z,2025-07-25T02:20:20Z,2025-07-25T02:20:00Z,2025-07-25T02:25:00Z,0.8090036478787946,1537458855551.1375,10.6013,3044811898754.8125,PSAB_d_2025-07-24
C7,PSAB,2025-07-25T02:20:20Z,2025-07-25T02:20:30Z,2025-07-25T02:20:00Z,2025-07-25T02:25:00Z,0.29130211475307183,1106196474964.26,10.6013,3044811898754.8125,PSAB_d_2025-07-24
C7,PSAB,2025-07-25T02:21:10Z,2025-07-25T02:21:20Z,2025-07-25T02:20:00Z,2025-07-25T02:25:00Z,0.16477960184727874,1142396922278.8464,10.6013,3044811898754.8125,PSAB_d_2025-07-24
C7,PSAB,2025-07-25T02:21:20Z,2025-07-25T02:21:30Z,2025-07-25T02:20:00Z,2025-07-25T02:25:00Z,0.03699924061723412,1802512264026.8044,10.6013,3044811898754.8125,PSAB_d_2025-07-24
C7,PSAB,2025-07-25T02:21:30Z,2025-07-25T02:21:40Z,2025-07-25T02:20:00Z,2025-07-25T02:25:00Z,0.44998580140147776,1182380926103.92,10.6013,3044811898754.8125,PSAB_d_2025-07-24
C7,PSAB,2025-07-25T02:21:40Z,2025-07-25T02:21:50Z,2025-07-25T02:20:00Z,2025-07-25T02:25:00Z,0.4235342608673636,765488596704.0254,10.6013,3044811898754.8125,PSAB_d_2025-07-24
C7,PSAB,2025-07-25T02:21:50Z,2025-07-25T02:22:00Z,2025-07-25T02:20:00Z,2025-07-25T02:25:00Z,0.8822743701822185,703332835567.5457,10.6013,3044811898754.8125,PSAB_d_2025-07-24
C7,PSAB,2025-07-25T02:22:00Z,2025-07-25T02:22:10Z,2025-07-25T02:20:00Z,2025-07-25T02:25:00Z,0.19465795684851445,1242197246049.878,10.6013,3044811898754.8125,PSAB_d_2025-07-24
C7,PSAB,2025-07-25T02:22:10Z,2025-07-25T02:22:20Z,2025-07-25T02:20:00Z,2025-07-25T02:25:00Z,1.9307900858024654,1727452141353.927,10.6013,3044811898754.8125,PSAB_d_2025-07-24
C7,PSAB,2025-07-25T02:23:40Z,2025-07-25T02:23:50Z,2025-07-25T02:20:00Z,2025-07-25T02:25:00Z,2.4605354611368315,1686274676669.4595,10.6013,3044811898754.8125,PSAB_d_2025-07-24
C7,PSAB,2025-07-25T02:24:30Z,2025-07-25T02:24:40Z,2025-07-25T02:20:00Z,2025-07-25T02:25:00Z,1.5163774581984002,2486594526155.8667,10.6013,3044811898754.8125,PSAB_d_2025-07-24
C7,PSAB,2025-07-25T02:27:50Z,2025-07-25T02:28:00Z,2025-07-25T02:25:00Z,2025-07-25T02:30:00Z,0.568585666731156,1034860557510.5864,10.6013,3044811898754.8125,PSAB_d_2025-07-24
C7,PSAB,2025-07-25T02:28:00Z,2025-07-25T02:28:10Z,2025-07-25T02:25:00Z,2025-07-25T02:30:00Z,0.8090036478787946,1537458855551.1375,10.6013,3044811898754.8125,PSAB_d_2025-07-24
C7,PSAB,2025-07-25T02:25:40Z,2025-07-25T02:25:50Z,2025-07-25T02:25:00Z,2025-07-25T02:30:00Z,0.29130211475307183,1106196474964.26,10.6013,3044811898754.8125,PSAB_d_2025-07-24
C7,PSAB,2025-07-25T02:28:20Z,2025-07-25T02:28:30Z,2025-07-25T02:25:00Z,2025-07-25T02:30:00Z,0.16477960184727874,1142396922278.8464,10.6013,3044811898754.8125,PSAB_d_2025-07-24
C7,PSAB,2025-07-25T02:26:20Z,2025-07-25T02:26:30Z,2025-07-25T02:25:00Z,2025-07-25T02:30:00Z,0.03699924061723412,1802512264026.8044,10.6013,3044811898754.8125,PSAB_d_2025-07-24
C7,PSAB,2025-07-25T02:27:30Z,2025-07-25T02:27:40Z,2025-07-25T02:25:00Z,2025-07-25T02:30:00Z,0.44998580140147776,1182380926103.92,10.6013,3044811898754.8125,PSAB_d_2025-07-24
C7,PSAB,2025-07-25T02:30:00Z,2025-07-25T02:30:10Z,2025-07-25T02:30:00Z,2025-07-25T02:35:00Z,0.568585666731156,1034860557510.5864,10.6013,3044811898754.8125,PSAB_d_2025-07-24
C7,PSAB,2025-07-25T02:30:10Z,2025-07-25T02:30:20Z,2025-07-25T02:30:00Z,2025-07-25T02:35:00Z,0.8090036478787946,1537458855551.1375,10.6013,3044811898754.8125,PSAB_d_2025-07-24
C7,PSAB,2025-07-25T02:30:20Z,2025-07-25T02:30:30Z,2025-07-25T02:30:00Z,2025-07-25T02:35:00Z,0.29130211475307183,1106196474964.26,10.6013,3044811898754.8125,PSAB_d_2025-07-24
C7,PSAB,2025-07-25T02:31:50Z,2025-07-25T02:32:00Z,2025-07-25T02:30:00Z,2025-07-25T02:35:00Z,0.16477960184727874,1142396922278.8464,10.6013,3044811898754.8125,PSAB_d_2025-07-24
C7,PSAB,2025-07-25T02:32:10Z,2025-07-25T02:32:20Z,2025-07-25T02:30:00Z,2025-07-25T02:35:00Z,0.03699924061723412,1802512264026.8044,10.6013,3044811898754.8125,PSAB_d_2025-07-24
C7,PSAB,2025-07-25T02:32:30Z,2025-07-25T02:32:40Z,2025-07-25T02:30:00Z,2025-07-25T02:35:00Z,0.44998580140147776,1182380926103.92,10.6013,3044811898754.8125,PSAB_d_2025-07-24
C7,PSAB,2025-07-25T02:32:40Z,2025-07-25T02:32:50Z,2025-07-25T02:30:00Z,2025-07-25T02:35:00Z,0.4235342608673636,765488596704.0254,10.6013,3044811898754.8125,PSAB_d_2025-07-24
C7,PSAB,2025-07-25T02:32:50Z,2025-07-25T02:33:00Z,2025-07-25T02:30:00Z,2025-07-25T02:35:00Z,0.8822743701822185,703332835567.5457,10.6013,3044811898754.8125,PSAB_d_2025-07-24
C7,PSAB,2025-07-25T02:34:40Z,2025-07-25T02:34:50Z,2025-07-25T02:30:00Z,2025-07-25T02:35:00Z,0.19465795684851445,1242197246049.878,10.6013,3044811898754.8125,PSAB_d_2025-07-24
C7,PSAB,2025-07-25T02:35:50Z,2025-07-25T02:36:00Z,2025-07-25T02:35:00Z,2025-07-25T02:40:00Z,0.568585666731156,1034860557510.5864,10.6013,3044811898754.8125,PSAB_d_2025-07-24
C7,PSAB,2025-07-25T02:36:00Z,2025-07-25T02:36:10Z,2025-07-25T02:35:00Z,2025-07-25T02:40:00Z,0.8090036478787946,1537458855551.1375,10.6013,3044811898754.8125,PSAB_d_2025-07-24
C7,PSAB,2025-07-25T02:36:40Z,2025-07-25T02:36:50Z,2025-07-25T02:35:00Z,2025-07-25T02:40:00Z,0.29130211475307183,1106196474964.26,10.6013,3044811898754.8125,PSAB_d_2025-07-24
C7,PSAB,2025-07-25T02:36:50Z,2025-07-25T02:37:00Z,2025-07-25T02:35:00Z,2025-07-25T02:40:00Z,0.16477960184727874,1142396922278.8464,10.6013,3044811898754.8125,PSAB_d_2025-07-24
C7,PSAB,2025-07-25T02:37:00Z,2025-07-25T02:37:10Z,2025-07-25T02:35:00Z,2025-07-25T02:40:00Z,0.03699924061723412,1802512264026.8044,10.6013,3044811898754.8125,PSAB_d_2025-07-24
C7,PSAB,2025-07-25T02:37:10Z,2025-07-25T02:37:20Z,2025-07-25T02:35:00Z,2025-07-25T02:40:00Z,0.44998580140147776,1182380926103.92,10.6013,3044811898754.8125,PSAB_d_2025-07-24
C7,PSAB,2025-07-25T02:37:20Z,2025-07-25T02:37:30Z,2025-07-25T02:35:00Z,2025-07-25T02:40:00Z,0.4235342608673636,765488596704.0254,10.6013,3044811898754.8125,PSAB_d_2025-07-24
C7,PSAB,2025-07-25T02:37:30Z,2025-07-25T02:37:40Z,2025-07-25T02:35:00Z,2025-07-25T02:40:00Z,0.8822743701822185,703332835567.5457,10.6013,3044811898754.8125,PSAB_d_2025-07-24
C7,PSAB,2025-07-25T02:38:10Z,2025-07-25T02:38:20Z,2025-07-25T02:35:00Z,2025-07-25T02:40:00Z,0.19465795684851445,1242197246049.878,10.6013,3044811898754.8125,PSAB_d_2025-07-24
C7,PSAB,2025-07-25T02:40:00Z,2025-07-25T02:40:10Z,2025-07-25T02:40:00Z,2025-07-25T02:45:00Z,0.568585666731156,1034860557510.5864,10.6013,3044811898754.8125,PSAB_d_2025-07-24
C7,PSAB,2025-07-25T02:40:20Z,2025-07-25T02:40:30Z,2025-07-25T02:40:00Z,2025-07-25T02:45:00Z,0.8090036478787946,1537458855551.1375,10.6013,3044811898754.8125,PSAB_d_2025-07-24
C7,PSAB,2025-07-25T02:43:20Z,2025-07-25T02:43:30Z,2025-07-25T02:40:00Z,2025-07-25T02:45:00Z,0.29130211475307183,1106196474964.26,10.6013,3044811898754.8125,PSAB_d_2025-07-24
C7,PSAB,2025-07-25T02:40:50Z,2025-07-25T02:41:00Z,2025-07-25T02:40:00Z,2025-07-25T02:45:00Z,0.16477960184727874,1142396922278.8464,10.6013,3044811898754.8125,PSAB_d_2025-07-24
C7,PSAB,2025-07-25T02:43:30Z,2025-07-25T02:43:40Z,2025-07-25T02:40:00Z,2025-07-25T02:45:00Z,0.03699924061723412,1802512264026.8044,10.6013,3044811898754.8125,PSAB_d_2025-07-24
C7,PSAB,2025-07-25T02:41:50Z,2025-07-25T02:42:00Z,2025-07-25T02:40:00Z,2025-07-25T02:45:00Z,0.44998580140147776,1182380926103.92,10.6013,3044811898754.8125,PSAB_d_2025-07-24
C7,PSAB,2025-07-25T02:42:00Z,2025-07-25T02:42:10Z,2025-07-25T02:40:00Z,2025-07-25T02:45:00Z,0.4235342608673636,765488596704.0254,10.6013,3044811898754.8125,PSAB_d_2025-07-24
C7,PSAB,2025-07-25T02:45:50Z,2025-07-25T02:46:00Z,2025-07-25T02:45:00Z,2025-07-25T02:50:00Z,0.568585666731156,1034860557510.5864,10.6013,3044811898754.8125,PSAB_d_2025-07-24
C7,PSAB,2025-07-25T02:46:00Z,2025-07-25T02:46:10Z,2025-07-25T02:45:00Z,2025-07-25T02:50:00Z,0.8090036478787946,1537458855551.1375,10.6013,3044811898754.8125,PSAB_d_2025-07-24
C7,PSAB,2025-07-25T02:46:10Z,2025-07-25T02:46:20Z,2025-07-25T02:45:00Z,2025-07-25T02:50:00Z,0.29130211475307183,1106196474964.26,10.6013,3044811898754.8125,PSAB_d_2025-07-24
C7,PSAB,2025-07-25T02:48:20Z,2025-07-25T02:48:30Z,2025-07-25T02:45:00Z,2025-07-25T02:50:00Z,0.16477960184727874,1142396922278.8464,10.6013,3044811898754.8125,PSAB_d_2025-07-24
C7,PSAB,2025-07-25T02:48:50Z,2025-07-25T02:49:00Z,2025-07-25T02:45:00Z,2025-07-25T02:50:00Z,0.03699924061723412,1802512264026.8044,10.6013,3044811898754.8125,PSAB_d_2025-07-24
C7,PSAB,2025-07-25T02:49:20Z,2025-07-25T02:49:30Z,2025-07-25T02:45:00Z,2025-07-25T02:50:00Z,0.44998580140147776,1182380926103.92,10.6013,3044811898754.8125,PSAB_d_2025-07-24
C7,PSAB,2025-07-25T02:49:30Z,2025-07-25T02:49:40Z,2025-07-25T02:45:00Z,2025-07-25T02:50:00Z,0.4235342608673636,765488596704.0254,10.6013,3044811898754.8125,PSAB_d_2025-07-24
C7,PSAB,2025-07-25T02:49:40Z,2025-07-25T02:49:50Z,2025-07-25T02:45:00Z,2025-07-25T02:50:00Z,0.8822743701822185,703332835567.5457,10.6013,3044811898754.8125,PSAB_d_2025-07-24
C7,PSAB,2025-07-25T02:49:50Z,2025-07-25T02:50:00Z,2025-07-25T02:45:00Z,2025-07-25T02:50:00Z,0.19465795684851445,1242197246049.878,10.6013,3044811898754.8125,PSAB_d_2025-07-24
C7,PSAB,2025-07-25T02:53:00Z,2025-07-25T02:53:10Z,2025-07-25T02:50:00Z,2025-07-25T02:55:00Z,0.568585666731156,1034860557510.5864,10.6013,3044811898754.8125,PSAB_d_2025-07-24
C7,PSAB,2025-07-25T02:53:10Z,2025-07-25T02:53:20Z,2025-07-25T02:50:00Z,2025-07-25T02:55:00Z,0.8090036478787946,1537458855551.1375,10.6013,3044811898754.8125,PSAB_d_2025-07-24
C7,PSAB,2025-07-25T02:53:20Z,2025-07-25T02:53:30Z,2025-07-25T02:50:00Z,2025-07-25T02:55:00Z,0.29130211475307183,1106196474964.26,10.6013,3044811898754.8125,PSAB_d_2025-07-24
C7,PSAB,2025-07-25T02:54:10Z,2025-07-25T02:54:20Z,2025-07-25T02:50:00Z,2025-07-25T02:55:00Z,0.16477960184727874,1142396922278.8464,10.6013,3044811898754.8125,PSAB_d_2025-07-24
C7,PSAB,2025-07-25T02:52:00Z,2025-07-25T02:52:10Z,2025-07-25T02:50:00Z,2025-07-25T02:55:00Z,0.03699924061723412,1802512264026.8044,10.6013,3044811898754.8125,PSAB_d_2025-07-24
C7,PSAB,2025-07-25T02:56:40Z,2025-07-25T02:56:50Z,2025-07-25T02:55:00Z,2025-07-25T03:00:00Z,0.568585666731156,1034860557510.5864,10.6013,3044811898754.8125,PSAB_d_2025-07-24
C7,PSAB,2025-07-25T02:56:50Z,2025-07-25T02:57:00Z,2025-07-25T02:55:00Z,2025-07-25T03:00:00Z,0.8090036478787946,1537458855551.1375,10.6013,3044811898754.8125,PSAB_d_2025-07-24
C7,PSAB,2025-07-25T02:57:00Z,2025-07-25T02:57:10Z,2025-07-25T02:55:00Z,2025-07-25T03:00:00Z,0.29130211475307183,1106196474964.26,10.6013,3044811898754.8125,PSAB_d_2025-07-24
C7,PSAB,2025-07-25T02:57:30Z,2025-07-25T02:57:40Z,2025-07-25T02:55:00Z,2025-07-25T03:00:00Z,0.16477960184727874,1142396922278.8464,10.6013,3044811898754.8125,PSAB_d_2025-07-24
C7,PSAB,2025-07-25T02:58:50Z,2025-07-25T02:59:00Z,2025-07-25T02:55:00Z,2025-07-25T03:00:00Z,0.03699924061723412,1802512264026.8044,10.6013,3044811898754.8125,PSAB_d_2025-07-24
C7,PSAB,2025-07-25T02:59:00Z,2025-07-25T02:59:10Z,2025-07-25T02:55:00Z,2025-07-25T03:00:00Z,0.44998580140147776,1182380926103.92,10.6013,3044811898754.8125,PSAB_d_2025-07-24
C7,PSAB,2025-07-25T02:59:20Z,2025-07-25T02:59:30Z,2025-07-25T02:55:00Z,2025-07-25T03:00:00Z,0.4235342608673636,765488596704.0254,10.6013,3044811898754.8125,PSAB_d_2025-07-24
C7,PSAB,2025-07-25T03:00:20Z,2025-07-25T03:00:30Z,2025-07-25T03:00:00Z,2025-07-25T03:05:00Z,0.568585666731156,1034860557510.5864,10.6013,3044811898754.8125,PSAB_d_2025-07-24
C7,PSAB,2025-07-25T03:00:30Z,2025-07-25T03:00:40Z,2025-07-25T03:00:00Z,2025-07-25T03:05:00Z,0.8090036478787946,1537458855551.1375,10.6013,3044811898754.8125,PSAB_d_2025-07-24
C7,PSAB,2025-07-25T03:00:50Z,2025-07-25T03:01:00Z,2025-07-25T03:00:00Z,2025-07-25T03:05:00Z,0.29130211475307183,1106196474964.26,10.6013,3044811898754.8125,PSAB_d_2025-07-24
C7,PSAB,2025-07-25T03:01:00Z,2025-07-25T03:01:10Z,2025-07-25T03:00:00Z,2025-07-25T03:05:00Z,0.16477960184727874,1142396922278.8464,10.6013,3044811898754.8125,PSAB_d_2025-07-24
C7,PSAB,2025-07-25T03:01:10Z,2025-07-25T03:01:20Z,2025-07-25T03:00:00Z,2025-07-25T03:05:00Z,0.03699924061723412,1802512264026.8044,10.6013,3044811898754.8125,PSAB_d_2025-07-24
C7,PSAB,2025-07-25T03:01:20Z,2025-07-25T03:01:30Z,2025-07-25T03:00:00Z,2025-07-25T03:05:00Z,0.44998580140147776,1182380926103.92,10.6013,3044811898754.8125,PSAB_d_2025-07-24
C7,PSAB,2025-07-25T03:02:30Z,2025-07-25T03:02:40Z,2025-07-25T03:00:00Z,2025-07-25T03:05:00Z,0.4235342608673636,765488596704.0254,10.6013,3044811898754.8125,PSAB_d_2025-07-24
C7,PSAB,2025-07-25T03:03:00Z,2025-07-25T03:03:10Z,2025-07-25T03:00:00Z,2025-07-25T03:05:00Z,0.8822743701822185,703332835567.5457,10.6013,3044811898754.8125,PSAB_d_2025-07-24
C7,PSAB,2025-07-25T03:04:00Z,2025-07-25T03:04:10Z,2025-07-25T03:00:00Z,2025-07-25T03:05:00Z,0.19465795684851445,1242197246049.878,10.6013,3044811898754.8125,PSAB_d_2025-07-24
C7,PSAB,2025-07-25T03:04:50Z,2025-07-25T03:05:00Z,2025-07-25T03:00:00Z,2025-07-25T03:05:00Z,1.9307900858024654,1727452141353.927,10.6013,3044811898754.8125,PSAB_d_2025-07-24
C7,PSAB,2025-07-25T03:05:00Z,2025-07-25T03:05:10Z,2025-07-25T03:05:00Z,2025-07-25T03:10:00Z,0.568585666731156,1034860557510.5864,10.6013,3044811898754.8125,PSAB_d_2025-07-24
C7,PSAB,2025-07-25T03:05:10Z,2025-07-25T03:05:20Z,2025-07-25T03:05:00Z,2025-07-25T03:10:00Z,0.8090036478787946,1537458855551.1375,10.6013,3044811898754.8125,PSAB_d_2025-07-24
C7,PSAB,2025-07-25T03:05:40Z,2025-07-25T03:05:50Z,2025-07-25T03:05:00Z,2025-07-25T03:10:00Z,0.29130211475307183,1106196474964.26,10.6013,3044811898754.8125,PSAB_d_2025-07-24
C7,PSAB,2025-07-25T03:05:50Z,2025-07-25T03:06:00Z,2025-07-25T03:05:00Z,2025-07-25T03:10:00Z,0.16477960184727874,1142396922278.8464,10.6013,3044811898754.8125,PSAB_d_2025-07-24
C7,PSAB,2025-07-25T03:07:30Z,2025-07-25T03:07:40Z,2025-07-25T03:05:00Z,2025-07-25T03:10:00Z,0.03699924061723412,1802512264026.8044,10.6013,3044811898754.8125,PSAB_d_2025-07-24
C7,PSAB,2025-07-25T03:07:40Z,2025-07-25T03:07:50Z,2025-07-25T03:05:00Z,2025-07-25T03:10:00Z,0.44998580140147776,1182380926103.92,10.6013,3044811898754.8125,PSAB_d_2025-07-24
C7,PSAB,2025-07-25T03:07:50Z,2025-07-25T03:08:00Z,2025-07-25T03:05:00Z,2025-07-25T03:10:00Z,0.4235342608673636,765488596704.0254,10.6013,3044811898754.8125,PSAB_d_2025-07-24
C7,PSAB,2025-07-25T03:08:50Z,2025-07-25T03:09:00Z,2025-07-25T03:05:00Z,2025-07-25T03:10:00Z,0.8822743701822185,703332835567.5457,10.6013,3044811898754.8125,PSAB_d_2025-07-24
C7,PSAB,2025-07-25T03:09:40Z,2025-07-25T03:09:50Z,2025-07-25T03:05:00Z,2025-07-25T03:10:00Z,0.19465795684851445,1242197246049.878,10.6013,3044811898754.8125,PSAB_d_2025-07-24
C7,PSAB,2025-07-25T03:11:40Z,2025-07-25T03:11:50Z,2025-07-25T03:10:00Z,2025-07-25T03:15:00Z,0.568585666731156,1034860557510.5864,10.6013,3044811898754.8125,PSAB_d_2025-07-24
C7,PSAB,2025-07-25T03:12:20Z,2025-07-25T03:12:30Z,2025-07-25T03:10:00Z,2025-07-25T03:15:00Z,0.8090036478787946,1537458855551.1375,10.6013,3044811898754.8125,PSAB_d_2025-07-24
C7,PSAB,2025-07-25T03:13:00Z,2025-07-25T03:13:10Z,2025-07-25T03:10:00Z,2025-07-25T03:15:00Z,0.29130211475307183,1106196474964.26,10.6013,3044811898754.8125,PSAB_d_2025-07-24
C7,PSAB,2025-07-25T03:13:10Z,2025-07-25T03:13:20Z,2025-07-25T03:10:00Z,2025-07-25T03:15:00Z,0.16477960184727874,1142396922278.8464,10.6013,3044811898754.8125,PSAB_d_2025-07-24
C7,PSAB,2025-07-25T03:13:30Z,2025-07-25T03:13:40Z,2025-07-25T03:10:00Z,2025-07-25T03:15:00Z,0.03699924061723412,1802512264026.8044,10.6013,3044811898754.8125,PSAB_d_2025-07-24
C7,PSAB,2025-07-25T03:13:40Z,2025-07-25T03:13:50Z,2025-07-25T03:10:00Z,2025-07-25T03:15:00Z,0.44998580140147776,1182380926103.92,10.6013,3044811898754.8125,PSAB_d_2025-07-24
C7,PSAB,2025-07-25T03:13:50Z,2025-07-25T03:14:00Z,2025-07-25T03:10:00Z,2025-07-25T03:15:00Z,0.4235342608673636,765488596704.0254,10.6013,3044811898754.8125,PSAB_d_2025-07-24
C7,PSAB,2025-07-25T03:14:10Z,2025-07-25T03:14:20Z,2025-07-25T03:10:00Z,2025-07-25T03:15:00Z,0.8822743701822185,703332835567.5457,10.6013,3044811898754.8125,PSAB_d_2025-07-24
C7,PSAB,2025-07-25T03:14:20Z,2025-07-25T03:14:30Z,2025-07-25T03:10:00Z,2025-07-25T03:15:00Z,0.19465795684851445,1242197246049.878,10.6013,3044811898754.8125,PSAB_d_2025-07-24
C7,PSAB,2025-07-25T03:14:30Z,2025-07-25T03:14:40Z,2025-07-25T03:10:00Z,2025-07-25T03:15:00Z,1.9307900858024654,1727452141353.927,10.6013,3044811898754.8125,PSAB_d_2025-07-24
C7,PSAB,2025-07-25T03:14:40Z,2025-07-25T03:14:50Z,2025-07-25T03:10:00Z,2025-07-25T03:15:00Z,2.4605354611368315,1686274676669.4595,10.6013,3044811898754.8125,PSAB_d_2025-07-24
C7,PSAB,2025-07-25T03:15:00Z,2025-07-25T03:15:10Z,2025-07-25T03:15:00Z,2025-07-25T03:20:00Z,0.568585666731156,1034860557510.5864,10.6013,3044811898754.8125,PSAB_d_2025-07-24
C7,PSAB,2025-07-25T03:16:50Z,2025-07-25T03:17:00Z,2025-07-25T03:15:00Z,2025-07-25T03:20:00Z,0.8090036478787946,1537458855551.1375,10.6013,3044811898754.8125,PSAB_d_2025-07-24
C7,PSAB,2025-07-25T03:18:20Z,2025-07-25T03:18:30Z,2025-07-25T03:15:00Z,2025-07-25T03:20:00Z,0.29130211475307183,1106196474964.26,10.6013,3044811898754.8125,PSAB_d_2025-07-24
C7,PSAB,2025-07-25T03:18:30Z,2025-07-25T03:18:40Z,2025-07-25T03:15:00Z,2025-07-25T03:20:00Z,0.16477960184727874,1142396922278.8464,10.6013,3044811898754.8125,PSAB_d_2025-07-24
C7,PSAB,2025-07-25T03:19:10Z,2025-07-25T03:19:20Z,2025-07-25T03:15:00Z,2025-07-25T03:20:00Z,0.03699924061723412,1802512264026.8044,10.6013,3044811898754.8125,PSAB_d_2025-07-24
C7,PSAB,2025-07-25T03:19:20Z,2025-07-25T03:19:30Z,2025-07-25T03:15:00Z,2025-07-25T03:20:00Z,0.44998580140147776,1182380926103.92,10.6013,3044811898754.8125,PSAB_d_2025-07-24
C7,PSAB,2025-07-25T03:19:30Z,2025-07-25T03:19:40Z,2025-07-25T03:15:00Z,2025-07-25T03:20:00Z,0.4235342608673636,765488596704.0254,10.6013,3044811898754.8125,PSAB_d_2025-07-24
C7,PSAB,2025-07-25T03:19:40Z,2025-07-25T03:19:50Z,2025-07-25T03:15:00Z,2025-07-25T03:20:00Z,0.8822743701822185,703332835567.5457,10.6013,3044811898754.8125,PSAB_d_2025-07-24
C7,PSAB,2025-07-25T03:19:50Z,2025-07-25T03:20:00Z,2025-07-25T03:15:00Z,2025-07-25T03:20:00Z,0.19465795684851445,1242197246049.878,10.6013,3044811898754.8125,PSAB_d_2025-07-24
C7,PSAB,2025-07-25T03:20:00Z,2025-07-25T03:20:10Z,2025-07-25T03:20:00Z,2025-07-25T03:25:00Z,0.568585666731156,1034860557510.5864,10.6013,3044811898754.8125,PSAB_d_2025-07-24
C7,PSAB,2025-07-25T03:20:50Z,2025-07-25T03:21:00Z,2025-07-25T03:20:00Z,2025-07-25T03:25:00Z,0.8090036478787946,1537458855551.1375,10.6013,3044811898754.8125,PSAB_d_2025-07-24
C7,PSAB,2025-07-25T03:21:00Z,2025-07-25T03:21:10Z,2025-07-25T03:20:00Z,2025-07-25T03:25:00Z,0.29130211475307183,1106196474964.26,10.6013,3044811898754.8125,PSAB_d_2025-07-24
C7,PSAB,2025-07-25T03:21:10Z,2025-07-25T03:21:20Z,2025-07-25T03:20:00Z,2025-07-25T03:25:00Z,0.16477960184727874,1142396922278.8464,10.6013,3044811898754.8125,PSAB_d_2025-07-24
C7,PSAB,2025-07-25T03:23:10Z,2025-07-25T03:23:20Z,2025-07-25T03:20:00Z,2025-07-25T03:25:00Z,0.03699924061723412,1802512264026.8044,10.6013,3044811898754.8125,PSAB_d_2025-07-24
C7,PSAB,2025-07-25T03:23:20Z,2025-07-25T03:23:30Z,2025-07-25T03:20:00Z,2025-07-25T03:25:00Z,0.44998580140147776,1182380926103.92,10.6013,3044811898754.8125,PSAB_d_2025-07-24
C7,PSAB,2025-07-25T03:23:30Z,2025-07-25T03:23:40Z,2025-07-25T03:20:00Z,2025-07-25T03:25:00Z,0.4235342608673636,765488596704.0254,10.6013,3044811898754.8125,PSAB_d_2025-07-24
C7,PSAB,2025-07-25T03:23:40Z,2025-07-25T03:23:50Z,2025-07-25T03:20:00Z,2025-07-25T03:25:00Z,0.8822743701822185,703332835567.5457,10.6013,3044811898754.8125,PSAB_d_2025-07-24
C7,PSAB,2025-07-25T03:24:20Z,2025-07-25T03:24:30Z,2025-07-25T03:20:00Z,2025-07-25T03:25:00Z,0.19465795684851445,1242197246049.878,10.6013,3044811898754.8125,PSAB_d_2025-07-24
C7,PSAB,2025-07-25T03:24:50Z,2025-07-25T03:25:00Z,2025-07-25T03:20:00Z,2025-07-25T03:25:00Z,1.9307900858024654,1727452141353.927,10.6013,3044811898754.8125,PSAB_d_2025-07-24
C7,PSAB,2025-07-25T03:30:30Z,2025-07-25T03:30:40Z,2025-07-25T03:30:00Z,2025-07-25T03:35:00Z,0.568585666731156,1034860557510.5864,10.6013,3044811898754.8125,PSAB_d_2025-07-24
C7,PSAB,2025-07-25T03:30:40Z,2025-07-25T03:30:50Z,2025-07-25T03:30:00Z,2025-07-25T03:35:00Z,0.8090036478787946,1537458855551.1375,10.6013,3044811898754.8125,PSAB_d_2025-07-24
C7,PSAB,2025-07-25T03:33:20Z,2025-07-25T03:33:30Z,2025-07-25T03:30:00Z,2025-07-25T03:35:00Z,0.29130211475307183,1106196474964.26,10.6013,3044811898754.8125,PSAB_d_2025-07-24
C7,PSAB,2025-07-25T03:31:10Z,2025-07-25T03:31:20Z,2025-07-25T03:30:00Z,2025-07-25T03:35:00Z,0.16477960184727874,1142396922278.8464,10.6013,3044811898754.8125,PSAB_d_2025-07-24
C7,PSAB,2025-07-25T03:32:00Z,2025-07-25T03:32:10Z,2025-07-25T03:30:00Z,2025-07-25T03:35:00Z,0.03699924061723412,1802512264026.8044,10.6013,3044811898754.8125,PSAB_d_2025-07-24
C7,PSAB,2025-07-25T03:32:10Z,2025-07-25T03:32:20Z,2025-07-25T03:30:00Z,2025-07-25T03:35:00Z,0.44998580140147776,1182380926103.92,10.6013,3044811898754.8125,PSAB_d_2025-07-24
C7,PSAB,2025-07-25T03:35:30Z,2025-07-25T03:35:40Z,2025-07-25T03:35:00Z,2025-07-25T03:40:00Z,0.568585666731156,1034860557510.5864,10.6013,3044811898754.8125,PSAB_d_2025-07-24
C7,PSAB,2025-07-25T03:35:40Z,2025-07-25T03:35:50Z,2025-07-25T03:35:00Z,2025-07-25T03:40:00Z,0.8090036478787946,1537458855551.1375,10.6013,3044811898754.8125,PSAB_d_2025-07-24
C7,PSAB,2025-07-25T03:38:30Z,2025-07-25T03:38:40Z,2025-07-25T03:35:00Z,2025-07-25T03:40:00Z,0.29130211475307183,1106196474964.26,10.6013,3044811898754.8125,PSAB_d_2025-07-24
C7,PSAB,2025-07-25T03:36:20Z,2025-07-25T03:36:30Z,2025-07-25T03:35:00Z,2025-07-25T03:40:00Z,0.16477960184727874,1142396922278.8464,10.6013,3044811898754.8125,PSAB_d_2025-07-24
C7,PSAB,2025-07-25T03:37:00Z,2025-07-25T03:37:10Z,2025-07-25T03:35:00Z,2025-07-25T03:40:00Z,0.03699924061723412,1802512264026.8044,10.6013,3044811898754.8125,PSAB_d_2025-07-24
C7,PSAB,2025-07-25T03:40:10Z,2025-07-25T03:40:20Z,2025-07-25T03:40:00Z,2025-07-25T03:45:00Z,0.568585666731156,1034860557510.5864,10.6013,3044811898754.8125,PSAB_d_2025-07-24
C7,PSAB,2025-07-25T03:40:20Z,2025-07-25T03:40:30Z,2025-07-25T03:40:00Z,2025-07-25T03:45:00Z,0.8090036478787946,1537458855551.1375,10.6013,3044811898754.8125,PSAB_d_2025-07-24
C7,PSAB,2025-07-25T03:40:30Z,2025-07-25T03:40:40Z,2025-07-25T03:40:00Z,2025-07-25T03:45:00Z,0.29130211475307183,1106196474964.26,10.6013,3044811898754.8125,PSAB_d_2025-07-24
C7,PSAB,2025-07-25T03:41:30Z,2025-07-25T03:41:40Z,2025-07-25T03:40:00Z,2025-07-25T03:45:00Z,0.16477960184727874,1142396922278.8464,10.6013,3044811898754.8125,PSAB_d_2025-07-24
C7,PSAB,2025-07-25T03:41:40Z,2025-07-25T03:41:50Z,2025-07-25T03:40:00Z,2025-07-25T03:45:00Z,0.03699924061723412,1802512264026.8044,10.6013,3044811898754.8125,PSAB_d_2025-07-24
C7,PSAB,2025-07-25T03:41:50Z,2025-07-25T03:42:00Z,2025-07-25T03:40:00Z,2025-07-25T03:45:00Z,0.44998580140147776,1182380926103.92,10.6013,3044811898754.8125,PSAB_d_2025-07-24
C7,PSAB,2025-07-25T03:42:00Z,2025-07-25T03:42:10Z,2025-07-25T03:40:00Z,2025-07-25T03:45:00Z,0.4235342608673636,765488596704.0254,10.6013,3044811898754.8125,PSAB_d_2025-07-24
C7,PSAB,2025-07-25T03:42:10Z,2025-07-25T03:42:20Z,2025-07-25T03:40:00Z,2025-07-25T03:45:00Z,0.8822743701822185,703332835567.5457,10.6013,3044811898754.8125,PSAB_d_2025-07-24
C7,PSAB,2025-07-25T03:42:20Z,2025-07-25T03:42:30Z,2025-07-25T03:40:00Z,2025-07-25T03:45:00Z,0.19465795684851445,1242197246049.878,10.6013,3044811898754.8125,PSAB_d_2025-07-24
C7,PSAB,2025-07-25T03:42:30Z,2025-07-25T03:42:40Z,2025-07-25T03:40:00Z,2025-07-25T03:45:00Z,1.9307900858024654,1727452141353.927,10.6013,3044811898754.8125,PSAB_d_2025-07-24
C7,PSAB,2025-07-25T03:42:40Z,2025-07-25T03:42:50Z,2025-07-25T03:40:00Z,2025-07-25T03:45:00Z,2.4605354611368315,1686274676669.4595,10.6013,3044811898754.8125,PSAB_d_2025-07-24
C7,PSAB,2025-07-25T03:44:10Z,2025-07-25T03:44:20Z,2025-07-25T03:40:00Z,2025-07-25T03:45:00Z,1.5163774581984002,2486594526155.8667,10.6013,3044811898754.8125,PSAB_d_2025-07-24
C7,PSAB,2025-07-25T03:44:50Z,2025-07-25T03:45:00Z,2025-07-25T03:40:00Z,2025-07-25T03:45:00Z,1.8802894683193274,2155197698538.1167,10.6013,3044811898754.8125,PSAB_d_2025-07-24
C7,PSAB,2025-07-25T03:46:30Z,2025-07-25T03:46:40Z,2025-07-25T03:45:00Z,2025-07-25T03:50:00Z,0.568585666731156,1034860557510.5864,10.6013,3044811898754.8125,PSAB_d_2025-07-24
C7,PSAB,2025-07-25T03:48:30Z,2025-07-25T03:48:40Z,2025-07-25T03:45:00Z,2025-07-25T03:50:00Z,0.8090036478787946,1537458855551.1375,10.6013,3044811898754.8125,PSAB_d_2025-07-24
C7,PSAB,2025-07-25T03:45:50Z,2025-07-25T03:46:00Z,2025-07-25T03:45:00Z,2025-07-25T03:50:00Z,0.29130211475307183,1106196474964.26,10.6013,3044811898754.8125,PSAB_d_2025-07-24
C7,PSAB,2025-07-25T03:46:00Z,2025-07-25T03:46:10Z,2025-07-25T03:45:00Z,2025-07-25T03:50:00Z,0.16477960184727874,1142396922278.8464,10.6013,3044811898754.8125,PSAB_d_2025-07-24
C7,PSAB,2025-07-25T03:50:00Z,2025-07-25T03:50:10Z,2025-07-25T03:50:00Z,2025-07-25T03:55:00Z,0.568585666731156,1034860557510.5864,10.6013,3044811898754.8125,PSAB_d_2025-07-24
C7,PSAB,2025-07-25T03:50:10Z,2025-07-25T03:50:20Z,2025-07-25T03:50:00Z,2025-07-25T03:55:00Z,0.8090036478787946,1537458855551.1375,10.6013,3044811898754.8125,PSAB_d_2025-07-24
C7,PSAB,2025-07-25T03:53:00Z,2025-07-25T03:53:10Z,2025-07-25T03:50:00Z,2025-07-25T03:55:00Z,0.29130211475307183,1106196474964.26,10.6013,3044811898754.8125,PSAB_d_2025-07-24
C7,PSAB,2025-07-25T03:50:30Z,2025-07-25T03:50:40Z,2025-07-25T03:50:00Z,2025-07-25T03:55:00Z,0.16477960184727874,1142396922278.8464,10.6013,3044811898754.8125,PSAB_d_2025-07-24
C7,PSAB,2025-07-25T03:54:20Z,2025-07-25T03:54:30Z,2025-07-25T03:50:00Z,2025-07-25T03:55:00Z,0.03699924061723412,1802512264026.8044,10.6013,3044811898754.8125,PSAB_d_2025-07-24
C7,PSAB,2025-07-25T03:50:00Z,2025-07-25T03:50:10Z,2025-07-25T03:50:00Z,2025-07-25T04:00:00Z,0.568585666731156,1034860557510.5864,10.6013,3044811898754.8125,PSAB_d_2025-07-24
C7,PSAB,2025-07-25T03:55:30Z,2025-07-25T03:55:40Z,2025-07-25T03:50:00Z,2025-07-25T04:00:00Z,0.8090036478787946,1537458855551.1375,10.6013,3044811898754.8125,PSAB_d_2025-07-24
C7,PSAB,2025-07-25T03:50:10Z,2025-07-25T03:50:20Z,2025-07-25T03:50:00Z,2025-07-25T04:00:00Z,0.29130211475307183,1106196474964.26,10.6013,3044811898754.8125,PSAB_d_2025-07-24
C7,PSAB,2025-07-25T03:50:30Z,2025-07-25T03:50:40Z,2025-07-25T03:50:00Z,2025-07-25T04:00:00Z,0.16477960184727874,1142396922278.8464,10.6013,3044811898754.8125,PSAB_d_2025-07-24
C7,PSAB,2025-07-25T03:58:00Z,2025-07-25T03:58:10Z,2025-07-25T03:50:00Z,2025-07-25T04:00:00Z,0.03699924061723412,1802512264026.8044,10.6013,3044811898754.8125,PSAB_d_2025-07-24
C7,PSAB,2025-07-25T03:53:00Z,2025-07-25T03:53:10Z,2025-07-25T03:50:00Z,2025-07-25T04:00:00Z,0.44998580140147776,1182380926103.92,10.6013,3044811898754.8125,PSAB_d_2025-07-24
C7,PSAB,2025-07-25T03:58:30Z,2025-07-25T03:58:40Z,2025-07-25T03:50:00Z,2025-07-25T04:00:00Z,0.4235342608673636,765488596704.0254,10.6013,3044811898754.8125,PSAB_d_2025-07-24
C7,PSAB,2025-07-25T03:58:40Z,2025-07-25T03:58:50Z,2025-07-25T03:50:00Z,2025-07-25T04:00:00Z,0.8822743701822185,703332835567.5457,10.6013,3044811898754.8125,PSAB_d_2025-07-24
C7,PSAB,2025-07-25T03:58:50Z,2025-07-25T03:59:00Z,2025-07-25T03:50:00Z,2025-07-25T04:00:00Z,0.19465795684851445,1242197246049.878,10.6013,3044811898754.8125,PSAB_d_2025-07-24
C7,PSAB,2025-07-25T03:58:20Z,2025-07-25T03:58:30Z,2025-07-25T03:50:00Z,2025-07-25T04:00:00Z,1.9307900858024654,1727452141353.927,10.6013,3044811898754.8125,PSAB_d_2025-07-24
C7,PSAB,2025-07-25T03:54:20Z,2025-07-25T03:54:30Z,2025-07-25T03:50:00Z,2025-07-25T04:00:00Z,2.4605354611368315,1686274676669.4595,10.6013,3044811898754.8125,PSAB_d_2025-07-24
C7,PSAB,2025-07-25T04:00:10Z,2025-07-25T04:00:20Z,2025-07-25T04:00:00Z,2025-07-25T04:05:00Z,0.568585666731156,1034860557510.5864,10.6013,3044811898754.8125,PSAB_d_2025-07-24
C7,PSAB,2025-07-25T04:00:20Z,2025-07-25T04:00:30Z,2025-07-25T04:00:00Z,2025-07-25T04:05:00Z,0.8090036478787946,1537458855551.1375,10.6013,3044811898754.8125,PSAB_d_2025-07-24
C7,PSAB,2025-07-25T04:02:10Z,2025-07-25T04:02:20Z,2025-07-25T04:00:00Z,2025-07-25T04:05:00Z,0.29130211475307183,1106196474964.26,10.6013,3044811898754.8125,PSAB_d_2025-07-24
C7,PSAB,2025-07-25T04:07:10Z,2025-07-25T04:07:20Z,2025-07-25T04:05:00Z,2025-07-25T04:10:00Z,0.568585666731156,1034860557510.5864,10.6013,3044811898754.8125,PSAB_d_2025-07-24
C7,PSAB,2025-07-25T04:07:20Z,2025-07-25T04:07:30Z,2025-07-25T04:05:00Z,2025-07-25T04:10:00Z,0.8090036478787946,1537458855551.1375,10.6013,3044811898754.8125,PSAB_d_2025-07-24
C7,PSAB,2025-07-25T04:08:40Z,2025-07-25T04:08:50Z,2025-07-25T04:05:00Z,2025-07-25T04:10:00Z,0.29130211475307183,1106196474964.26,10.6013,3044811898754.8125,PSAB_d_2025-07-24
C7,PSAB,2025-07-25T04:12:40Z,2025-07-25T04:12:50Z,2025-07-25T04:10:00Z,2025-07-25T04:15:00Z,0.568585666731156,1034860557510.5864,10.6013,3044811898754.8125,PSAB_d_2025-07-24
C7,PSAB,2025-07-25T04:13:10Z,2025-07-25T04:13:20Z,2025-07-25T04:10:00Z,2025-07-25T04:15:00Z,0.8090036478787946,1537458855551.1375,10.6013,3044811898754.8125,PSAB_d_2025-07-24
C7,PSAB,2025-07-25T04:12:30Z,2025-07-25T04:12:40Z,2025-07-25T04:10:00Z,2025-07-25T04:15:00Z,0.29130211475307183,1106196474964.26,10.6013,3044811898754.8125,PSAB_d_2025-07-24
C7,PSAB,2025-07-25T04:15:00Z,2025-07-25T04:15:10Z,2025-07-25T04:15:00Z,2025-07-25T04:20:00Z,0.568585666731156,1034860557510.5864,10.6013,3044811898754.8125,PSAB_d_2025-07-24
C7,PSAB,2025-07-25T04:15:10Z,2025-07-25T04:15:20Z,2025-07-25T04:15:00Z,2025-07-25T04:20:00Z,0.8090036478787946,1537458855551.1375,10.6013,3044811898754.8125,PSAB_d_2025-07-24
C7,PSAB,2025-07-25T04:16:50Z,2025-07-25T04:17:00Z,2025-07-25T04:15:00Z,2025-07-25T04:20:00Z,0.29130211475307183,1106196474964.26,10.6013,3044811898754.8125,PSAB_d_2025-07-24
C7,PSAB,2025-07-25T04:19:50Z,2025-07-25T04:20:00Z,2025-07-25T04:15:00Z,2025-07-25T04:20:00Z,0.16477960184727874,1142396922278.8464,10.6013,3044811898754.8125,PSAB_d_2025-07-24
C7,PSAB,2025-07-25T04:22:50Z,2025-07-25T04:23:00Z,2025-07-25T04:20:00Z,2025-07-25T04:25:00Z,0.568585666731156,1034860557510.5864,10.6013,3044811898754.8125,PSAB_d_2025-07-24
C7,PSAB,2025-07-25T04:23:00Z,2025-07-25T04:23:10Z,2025-07-25T04:20:00Z,2025-07-25T04:25:00Z,0.8090036478787946,1537458855551.1375,10.6013,3044811898754.8125,PSAB_d_2025-07-24
C7,PSAB,2025-07-25T04:23:30Z,2025-07-25T04:23:40Z,2025-07-25T04:20:00Z,2025-07-25T04:25:00Z,0.29130211475307183,1106196474964.26,10.6013,3044811898754.8125,PSAB_d_2025-07-24
C7,PSAB,2025-07-25T04:23:40Z,2025-07-25T04:23:50Z,2025-07-25T04:20:00Z,2025-07-25T04:25:00Z,0.16477960184727874,1142396922278.8464,10.6013,3044811898754.8125,PSAB_d_2025-07-24
C7,PSAB,2025-07-25T04:24:10Z,2025-07-25T04:24:20Z,2025-07-25T04:20:00Z,2025-07-25T04:25:00Z,0.03699924061723412,1802512264026.8044,10.6013,3044811898754.8125,PSAB_d_2025-07-24
C7,PSAB,2025-07-25T04:21:40Z,2025-07-25T04:21:50Z,2025-07-25T04:20:00Z,2025-07-25T04:25:00Z,0.44998580140147776,1182380926103.92,10.6013,3044811898754.8125,PSAB_d_2025-07-24
C7,PSAB,2025-07-25T04:28:00Z,2025-07-25T04:28:10Z,2025-07-25T04:25:00Z,2025-07-25T04:30:00Z,0.568585666731156,1034860557510.5864,10.6013,3044811898754.8125,PSAB_d_2025-07-24
C7,PSAB,2025-07-25T04:29:30Z,2025-07-25T04:29:40Z,2025-07-25T04:25:00Z,2025-07-25T04:30:00Z,0.8090036478787946,1537458855551.1375,10.6013,3044811898754.8125,PSAB_d_2025-07-24
C7,PSAB,2025-07-25T04:29:40Z,2025-07-25T04:29:50Z,2025-07-25T04:25:00Z,2025-07-25T04:30:00Z,0.29130211475307183,1106196474964.26,10.6013,3044811898754.8125,PSAB_d_2025-07-24
C7,PSAB,2025-07-25T04:33:10Z,2025-07-25T04:33:20Z,2025-07-25T04:30:00Z,2025-07-25T04:35:00Z,0.568585666731156,1034860557510.5864,10.6013,3044811898754.8125,PSAB_d_2025-07-24
C7,PSAB,2025-07-25T04:31:10Z,2025-07-25T04:31:20Z,2025-07-25T04:30:00Z,2025-07-25T04:35:00Z,0.8090036478787946,1537458855551.1375,10.6013,3044811898754.8125,PSAB_d_2025-07-24
C7,PSAB,2025-07-25T04:37:40Z,2025-07-25T04:37:50Z,2025-07-25T04:35:00Z,2025-07-25T04:40:00Z,0.568585666731156,1034860557510.5864,10.6013,3044811898754.8125,PSAB_d_2025-07-24
C7,PSAB,2025-07-25T04:37:50Z,2025-07-25T04:38:00Z,2025-07-25T04:35:00Z,2025-07-25T04:40:00Z,0.8090036478787946,1537458855551.1375,10.6013,3044811898754.8125,PSAB_d_2025-07-24
C7,PSAB,2025-07-25T04:38:40Z,2025-07-25T04:38:50Z,2025-07-25T04:35:00Z,2025-07-25T04:40:00Z,0.29130211475307183,1106196474964.26,10.6013,3044811898754.8125,PSAB_d_2025-07-24
C7,PSAB,2025-07-25T04:41:50Z,2025-07-25T04:42:00Z,2025-07-25T04:40:00Z,2025-07-25T04:45:00Z,0.568585666731156,1034860557510.5864,10.6013,3044811898754.8125,PSAB_d_2025-07-24
C7,PSAB,2025-07-25T04:46:40Z,2025-07-25T04:46:50Z,2025-07-25T04:45:00Z,2025-07-25T04:50:00Z,0.568585666731156,1034860557510.5864,10.6013,3044811898754.8125,PSAB_d_2025-07-24
C7,PSAB,2025-07-25T04:45:40Z,2025-07-25T04:45:50Z,2025-07-25T04:45:00Z,2025-07-25T04:50:00Z,0.8090036478787946,1537458855551.1375,10.6013,3044811898754.8125,PSAB_d_2025-07-24
C7,PSAB,2025-07-25T04:45:50Z,2025-07-25T04:46:00Z,2025-07-25T04:45:00Z,2025-07-25T04:50:00Z,0.29130211475307183,1106196474964.26,10.6013,3044811898754.8125,PSAB_d_2025-07-24
C7,PSAB,2025-07-25T04:53:50Z,2025-07-25T04:54:00Z,2025-07-25T04:50:00Z,2025-07-25T04:55:00Z,0.568585666731156,1034860557510.5864,10.6013,3044811898754.8125,PSAB_d_2025-07-24
C7,PSAB,2025-07-25T04:51:10Z,2025-07-25T04:51:20Z,2025-07-25T04:50:00Z,2025-07-25T04:55:00Z,0.8090036478787946,1537458855551.1375,10.6013,3044811898754.8125,PSAB_d_2025-07-24
C7,PSAB,2025-07-25T04:56:20Z,2025-07-25T04:56:30Z,2025-07-25T04:55:00Z,2025-07-25T05:00:00Z,0.568585666731156,1034860557510.5864,10.6013,3044811898754.8125,PSAB_d_2025-07-24
C7,PSAB,2025-07-25T05:03:50Z,2025-07-25T05:04:00Z,2025-07-25T05:00:00Z,2025-07-25T05:05:00Z,0.568585666731156,1034860557510.5864,10.6013,3044811898754.8125,PSAB_d_2025-07-24
C7,PSAB,2025-07-25T05:07:40Z,2025-07-25T05:07:50Z,2025-07-25T05:05:00Z,2025-07-25T05:10:00Z,0.568585666731156,1034860557510.5864,10.6013,3044811898754.8125,PSAB_d_2025-07-24
C7,PSAB,2025-07-25T05:07:50Z,2025-07-25T05:08:00Z,2025-07-25T05:05:00Z,2025-07-25T05:10:00Z,0.8090036478787946,1537458855551.1375,10.6013,3044811898754.8125,PSAB_d_2025-07-24
C7,PSAB,2025-07-25T05:11:50Z,2025-07-25T05:12:00Z,2025-07-25T05:10:00Z,2025-07-25T05:15:00Z,0.568585666731156,1034860557510.5864,10.6013,3044811898754.8125,PSAB_d_2025-07-24
C7,PSAB,2025-07-25T05:10:40Z,2025-07-25T05:10:50Z,2025-07-25T05:10:00Z,2025-07-25T05:15:00Z,0.8090036478787946,1537458855551.1375,10.6013,3044811898754.8125,PSAB_d_2025-07-24
C7,PSAB,2025-07-25T05:15:50Z,2025-07-25T05:16:00Z,2025-07-25T05:15:00Z,2025-07-25T05:20:00Z,0.568585666731156,1034860557510.5864,10.6013,3044811898754.8125,PSAB_d_2025-07-24
C7,PSAB,2025-07-25T05:16:00Z,2025-07-25T05:16:10Z,2025-07-25T05:15:00Z,2025-07-25T05:20:00Z,0.8090036478787946,1537458855551.1375,10.6013,3044811898754.8125,PSAB_d_2025-07-24
C7,PSAB,2025-07-25T05:27:50Z,2025-07-25T05:28:00Z,2025-07-25T05:25:00Z,2025-07-25T05:30:00Z,0.568585666731156,1034860557510.5864,10.6013,3044811898754.8125,PSAB_d_2025-07-24
C7,PSAB,2025-07-25T05:32:00Z,2025-07-25T05:32:10Z,2025-07-25T05:30:00Z,2025-07-25T05:35:00Z,0.568585666731156,1034860557510.5864,10.6013,3044811898754.8125,PSAB_d_2025-07-24
C7,PSAB,2025-07-25T05:32:20Z,2025-07-25T05:32:30Z,2025-07-25T05:30:00Z,2025-07-25T05:35:00Z,0.8090036478787946,1537458855551.1375,10.6013,3044811898754.8125,PSAB_d_2025-07-24
C7,PSAB,2025-07-25T05:36:20Z,2025-07-25T05:36:30Z,2025-07-25T05:35:00Z,2025-07-25T05:40:00Z,0.568585666731156,1034860557510.5864,10.6013,3044811898754.8125,PSAB_d_2025-07-24
C7,PSAB,2025-07-25T05:36:10Z,2025-07-25T05:36:20Z,2025-07-25T05:35:00Z,2025-07-25T05:40:00Z,0.8090036478787946,1537458855551.1375,10.6013,3044811898754.8125,PSAB_d_2025-07-24
C7,PSAB,2025-07-25T05:40:30Z,2025-07-25T05:40:40Z,2025-07-25T05:40:00Z,2025-07-25T05:45:00Z,0.568585666731156,1034860557510.5864,10.6013,3044811898754.8125,PSAB_d_2025-07-24
C7,PSAB,2025-07-25T05:56:00Z,2025-07-25T05:56:10Z,2025-07-25T05:55:00Z,2025-07-25T06:00:00Z,0.568585666731156,1034860557510.5864,10.6013,3044811898754.8125,PSAB_d_2025-07-24
C7,PSAB,2025-07-25T05:56:10Z,2025-07-25T05:56:20Z,2025-07-25T05:55:00Z,2025-07-25T06:00:00Z,0.8090036478787946,1537458855551.1375,10.6013,3044811898754.8125,PSAB_d_2025-07-24
C7,PSAB,2025-07-25T05:56:20Z,2025-07-25T05:56:30Z,2025-07-25T05:55:00Z,2025-07-25T06:00:00Z,0.29130211475307183,1106196474964.26,10.6013,3044811898754.8125,PSAB_d_2025-07-24
C7,PSAB,2025-07-25T05:56:30Z,2025-07-25T05:56:40Z,2025-07-25T05:55:00Z,2025-07-25T06:00:00Z,0.16477960184727874,1142396922278.8464,10.6013,3044811898754.8125,PSAB_d_2025-07-24
C7,PSAB,2025-07-25T05:56:40Z,2025-07-25T05:56:50Z,2025-07-25T05:55:00Z,2025-07-25T06:00:00Z,0.03699924061723412,1802512264026.8044,10.6013,3044811898754.8125,PSAB_d_2025-07-24
C7,PSAB,2025-07-25T05:56:50Z,2025-07-25T05:57:00Z,2025-07-25T05:55:00Z,2025-07-25T06:00:00Z,0.44998580140147776,1182380926103.92,10.6013,3044811898754.8125,PSAB_d_2025-07-24
C7,PSAB,2025-07-25T05:57:00Z,2025-07-25T05:57:10Z,2025-07-25T05:55:00Z,2025-07-25T06:00:00Z,0.4235342608673636,765488596704.0254,10.6013,3044811898754.8125,PSAB_d_2025-07-24
C7,PSAB,2025-07-25T05:57:10Z,2025-07-25T05:57:20Z,2025-07-25T05:55:00Z,2025-07-25T06:00:00Z,0.8822743701822185,703332835567.5457,10.6013,3044811898754.8125,PSAB_d_2025-07-24
C7,PSAB,2025-07-25T05:57:20Z,2025-07-25T05:57:30Z,2025-07-25T05:55:00Z,2025-07-25T06:00:00Z,0.19465795684851445,1242197246049.878,10.6013,3044811898754.8125,PSAB_d_2025-07-24
C7,PSAB,2025-07-25T05:57:30Z,2025-07-25T05:57:40Z,2025-07-25T05:55:00Z,2025-07-25T06:00:00Z,1.9307900858024654,1727452141353.927,10.6013,3044811898754.8125,PSAB_d_2025-07-24
C7,PSAB,2025-07-25T05:57:40Z,2025-07-25T05:57:50Z,2025-07-25T05:55:00Z,2025-07-25T06:00:00Z,2.4605354611368315,1686274676669.4595,10.6013,3044811898754.8125,PSAB_d_2025-07-24
C7,PSAB,2025-07-25T05:57:50Z,2025-07-25T05:58:00Z,2025-07-25T05:55:00Z,2025-07-25T06:00:00Z,1.5163774581984002,2486594526155.8667,10.6013,3044811898754.8125,PSAB_d_2025-07-24
C7,PSAB,2025-07-25T05:58:00Z,2025-07-25T05:58:10Z,2025-07-25T05:55:00Z,2025-07-25T06:00:00Z,1.8802894683193274,2155197698538.1167,10.6013,3044811898754.8125,PSAB_d_2025-07-24
C7,PSAB,2025-07-25T05:58:10Z,2025-07-25T05:58:20Z,2025-07-25T05:55:00Z,2025-07-25T06:00:00Z,4.3693243412934235,2361091681167.912,10.6013,3044811898754.8125,PSAB_d_2025-07-24
C7,PSAB,2025-07-25T05:58:20Z,2025-07-25T05:58:30Z,2025-07-25T05:55:00Z,2025-07-25T06:00:00Z,0.05401739070286649,2396425617092.166,10.6013,3044811898754.8125,PSAB_d_2025-07-24
C7,PSAB,2025-07-25T05:58:30Z,2025-07-25T05:58:40Z,2025-07-25T05:55:00Z,2025-07-25T06:00:00Z,1.2503324412180878,2333661891668.093,10.6013,3044811898754.8125,PSAB_d_2025-07-24
C7,PSAB,2025-07-25T05:58:40Z,2025-07-25T05:58:50Z,2025-07-25T05:55:00Z,2025-07-25T06:00:00Z,0.10087814588757973,1128468718908.544,10.6013,3044811898754.8125,PSAB_d_2025-07-24
C7,PSAB,2025-07-25T05:58:50Z,2025-07-25T05:59:00Z,2025-07-25T05:55:00Z,2025-07-25T06:00:00Z,1.6528825450199414,1718938177947.2893,10.6013,3044811898754.8125,PSAB_d_2025-07-24
C7,PSAB,2025-07-25T05:59:00Z,2025-07-25T05:59:10Z,2025-07-25T05:55:00Z,2025-07-25T06:00:00Z,1.7683603406557986,1813199566302.0793,10.6013,3044811898754.8125,PSAB_d_2025-07-24
C7,PSAB,2025-07-25T05:59:10Z,2025-07-25T05:59:20Z,2025-07-25T05:55:00Z,2025-07-25T06:00:00Z,0.12966847123615893,1044853918888.947,10.6013,3044811898754.8125,PSAB_d_2025-07-24
C7,PSAB,2025-07-25T05:59:20Z,2025-07-25T05:59:30Z,2025-07-25T05:55:00Z,2025-07-25T06:00:00Z,1.4643112907004296,790104461060.8909,10.6013,3044811898754.8125,PSAB_d_2025-07-24
C7,PSAB,2025-07-25T05:59:30Z,2025-07-25T05:59:40Z,2025-07-25T05:55:00Z,2025-07-25T06:00:00Z,8.161769075941352,2015425326163.997,10.6013,3044811898754.8125,PSAB_d_2025-07-24
C7,PSAB,2025-07-25T05:59:40Z,2025-07-25T05:59:50Z,2025-07-25T05:55:00Z,2025-07-25T06:00:00Z,2.5552032380495,3792246689887.342,10.6013,3044811898754.8125,PSAB_d_2025-07-24
C7,PSAB,2025-07-25T05:59:50Z,2025-07-25T06:00:00Z,2025-07-25T05:55:00Z,2025-07-25T06:00:00Z,0.25162906136281415,1282213661917.89,10.6013,3044811898754.8125,PSAB_d_2025-07-24
C7,PSAB,2025-07-25T05:58:10Z,2025-07-25T05:58:20Z,2025-07-25T05:55:00Z,2025-07-25T06:05:00Z,0.568585666731156,1034860557510.5864,10.6013,3044811898754.8125,PSAB_d_2025-07-24
C7,PSAB,2025-07-25T05:56:30Z,2025-07-25T05:56:40Z,2025-07-25T05:55:00Z,2025-07-25T06:05:00Z,0.8090036478787946,1537458855551.1375,10.6013,3044811898754.8125,PSAB_d_2025-07-24
C7,PSAB,2025-07-25T05:56:40Z,2025-07-25T05:56:50Z,2025-07-25T05:55:00Z,2025-07-25T06:05:00Z,0.29130211475307183,1106196474964.26,10.6013,3044811898754.8125,PSAB_d_2025-07-24
C7,PSAB,2025-07-25T05:57:10Z,2025-07-25T05:57:20Z,2025-07-25T05:55:00Z,2025-07-25T06:05:00Z,0.16477960184727874,1142396922278.8464,10.6013,3044811898754.8125,PSAB_d_2025-07-24
C7,PSAB,2025-07-25T06:02:50Z,2025-07-25T06:03:00Z,2025-07-25T05:55:00Z,2025-07-25T06:05:00Z,0.03699924061723412,1802512264026.8044,10.6013,3044811898754.8125,PSAB_d_2025-07-24
C7,PSAB,2025-07-25T06:09:30Z,2025-07-25T06:09:40Z,2025-07-25T06:05:00Z,2025-07-25T06:10:00Z,0.568585666731156,1034860557510.5864,10.6013,3044811898754.8125,PSAB_d_2025-07-24
C7,PSAB,2025-07-25T06:10:20Z,2025-07-25T06:10:30Z,2025-07-25T06:10:00Z,2025-07-25T06:15:00Z,0.568585666731156,1034860557510.5864,10.6013,3044811898754.8125,PSAB_d_2025-07-24
C7,PSAB,2025-07-25T06:16:30Z,2025-07-25T06:16:40Z,2025-07-25T06:15:00Z,2025-07-25T06:20:00Z,0.568585666731156,1034860557510.5864,10.6013,3044811898754.8125,PSAB_d_2025-07-24
C7,PSAB,2025-07-25T06:16:40Z,2025-07-25T06:16:50Z,2025-07-25T06:15:00Z,2025-07-25T06:20:00Z,0.8090036478787946,1537458855551.1375,10.6013,3044811898754.8125,PSAB_d_2025-07-24
C7,PSAB,2025-07-25T06:16:50Z,2025-07-25T06:17:00Z,2025-07-25T06:15:00Z,2025-07-25T06:20:00Z,0.29130211475307183,1106196474964.26,10.6013,3044811898754.8125,PSAB_d_2025-07-24
C7,PSAB,2025-07-25T06:17:00Z,2025-07-25T06:17:10Z,2025-07-25T06:15:00Z,2025-07-25T06:20:00Z,0.16477960184727874,1142396922278.8464,10.6013,3044811898754.8125,PSAB_d_2025-07-24
C7,PSAB,2025-07-25T06:17:10Z,2025-07-25T06:17:20Z,2025-07-25T06:15:00Z,2025-07-25T06:20:00Z,0.03699924061723412,1802512264026.8044,10.6013,3044811898754.8125,PSAB_d_2025-07-24
C7,PSAB,2025-07-25T06:17:20Z,2025-07-25T06:17:30Z,2025-07-25T06:15:00Z,2025-07-25T06:20:00Z,0.44998580140147776,1182380926103.92,10.6013,3044811898754.8125,PSAB_d_2025-07-24
C7,PSAB,2025-07-25T06:17:30Z,2025-07-25T06:17:40Z,2025-07-25T06:15:00Z,2025-07-25T06:20:00Z,0.4235342608673636,765488596704.0254,10.6013,3044811898754.8125,PSAB_d_2025-07-24
C7,PSAB,2025-07-25T06:17:40Z,2025-07-25T06:17:50Z,2025-07-25T06:15:00Z,2025-07-25T06:20:00Z,0.8822743701822185,703332835567.5457,10.6013,3044811898754.8125,PSAB_d_2025-07-24
C7,PSAB,2025-07-25T06:17:50Z,2025-07-25T06:18:00Z,2025-07-25T06:15:00Z,2025-07-25T06:20:00Z,0.19465795684851445,1242197246049.878,10.6013,3044811898754.8125,PSAB_d_2025-07-24
C7,PSAB,2025-07-25T06:18:00Z,2025-07-25T06:18:10Z,2025-07-25T06:15:00Z,2025-07-25T06:20:00Z,1.9307900858024654,1727452141353.927,10.6013,3044811898754.8125,PSAB_d_2025-07-24
C7,PSAB,2025-07-25T06:18:10Z,2025-07-25T06:18:20Z,2025-07-25T06:15:00Z,2025-07-25T06:20:00Z,2.4605354611368315,1686274676669.4595,10.6013,3044811898754.8125,PSAB_d_2025-07-24
C7,PSAB,2025-07-25T06:18:20Z,2025-07-25T06:18:30Z,2025-07-25T06:15:00Z,2025-07-25T06:20:00Z,1.5163774581984002,2486594526155.8667,10.6013,3044811898754.8125,PSAB_d_2025-07-24
C7,PSAB,2025-07-25T06:18:30Z,2025-07-25T06:18:40Z,2025-07-25T06:15:00Z,2025-07-25T06:20:00Z,1.8802894683193274,2155197698538.1167,10.6013,3044811898754.8125,PSAB_d_2025-07-24
C7,PSAB,2025-07-25T06:18:40Z,2025-07-25T06:18:50Z,2025-07-25T06:15:00Z,2025-07-25T06:20:00Z,4.3693243412934235,2361091681167.912,10.6013,3044811898754.8125,PSAB_d_2025-07-24
C7,PSAB,2025-07-25T06:18:50Z,2025-07-25T06:19:00Z,2025-07-25T06:15:00Z,2025-07-25T06:20:00Z,0.05401739070286649,2396425617092.166,10.6013,3044811898754.8125,PSAB_d_2025-07-24
C7,PSAB,2025-07-25T06:19:00Z,2025-07-25T06:19:10Z,2025-07-25T06:15:00Z,2025-07-25T06:20:00Z,1.2503324412180878,2333661891668.093,10.6013,3044811898754.8125,PSAB_d_2025-07-24
C7,PSAB,2025-07-25T06:19:10Z,2025-07-25T06:19:20Z,2025-07-25T06:15:00Z,2025-07-25T06:20:00Z,0.10087814588757973,1128468718908.544,10.6013,3044811898754.8125,PSAB_d_2025-07-24
C7,PSAB,2025-07-25T06:19:20Z,2025-07-25T06:19:30Z,2025-07-25T06:15:00Z,2025-07-25T06:20:00Z,1.6528825450199414,1718938177947.2893,10.6013,3044811898754.8125,PSAB_d_2025-07-24
C7,PSAB,2025-07-25T06:19:30Z,2025-07-25T06:19:40Z,2025-07-25T06:15:00Z,2025-07-25T06:20:00Z,1.7683603406557986,1813199566302.0793,10.6013,3044811898754.8125,PSAB_d_2025-07-24
C7,PSAB,2025-07-25T06:19:40Z,2025-07-25T06:19:50Z,2025-07-25T06:15:00Z,2025-07-25T06:20:00Z,0.12966847123615893,1044853918888.947,10.6013,3044811898754.8125,PSAB_d_2025-07-24
C7,PSAB,2025-07-25T06:19:50Z,2025-07-25T06:20:00Z,2025-07-25T06:15:00Z,2025-07-25T06:20:00Z,1.4643112907004296,790104461060.8909,10.6013,3044811898754.8125,PSAB_d_2025-07-24
C7,PSAB,2025-07-25T06:16:20Z,2025-07-25T06:16:30Z,2025-07-25T06:15:00Z,2025-07-25T06:25:00Z,0.568585666731156,1034860557510.5864,10.6013,3044811898754.8125,PSAB_d_2025-07-24
C7,PSAB,2025-07-25T06:20:00Z,2025-07-25T06:20:10Z,2025-07-25T06:15:00Z,2025-07-25T06:25:00Z,0.8090036478787946,1537458855551.1375,10.6013,3044811898754.8125,PSAB_d_2025-07-24
C7,PSAB,2025-07-25T06:22:50Z,2025-07-25T06:23:00Z,2025-07-25T06:15:00Z,2025-07-25T06:25:00Z,0.29130211475307183,1106196474964.26,10.6013,3044811898754.8125,PSAB_d_2025-07-24
C7,PSAB,2025-07-25T06:34:20Z,2025-07-25T06:34:30Z,2025-07-25T06:30:00Z,2025-07-25T06:35:00Z,0.568585666731156,1034860557510.5864,10.6013,3044811898754.8125,PSAB_d_2025-07-24
C7,PSAB,2025-07-25T06:32:30Z,2025-07-25T06:32:40Z,2025-07-25T06:30:00Z,2025-07-25T06:35:00Z,0.8090036478787946,1537458855551.1375,10.6013,3044811898754.8125,PSAB_d_2025-07-24
C7,PSAB,2025-07-25T06:48:10Z,2025-07-25T06:48:20Z,2025-07-25T06:45:00Z,2025-07-25T06:50:00Z,0.568585666731156,1034860557510.5864,10.6013,3044811898754.8125,PSAB_d_2025-07-24
C7,PSAB,2025-07-25T06:59:50Z,2025-07-25T07:00:00Z,2025-07-25T06:55:00Z,2025-07-25T07:00:00Z,0.568585666731156,1034860557510.5864,10.6013,3044811898754.8125,PSAB_d_2025-07-24
C7,PSAB,2025-07-25T06:58:40Z,2025-07-25T06:58:50Z,2025-07-25T06:55:00Z,2025-07-25T07:00:00Z,0.8090036478787946,1537458855551.1375,10.6013,3044811898754.8125,PSAB_d_2025-07-24
C7,PSAB,2025-07-25T07:04:30Z,2025-07-25T07:04:40Z,2025-07-25T07:00:00Z,2025-07-25T07:05:00Z,0.568585666731156,1034860557510.5864,10.6013,3044811898754.8125,PSAB_d_2025-07-24
C7,PSAB,2025-07-25T07:13:10Z,2025-07-25T07:13:20Z,2025-07-25T07:10:00Z,2025-07-25T07:15:00Z,0.568585666731156,1034860557510.5864,10.6013,3044811898754.8125,PSAB_d_2025-07-24
C7,PSAB,2025-07-25T07:19:00Z,2025-07-25T07:19:10Z,2025-07-25T07:15:00Z,2025-07-25T07:20:00Z,0.568585666731156,1034860557510.5864,10.6013,3044811898754.8125,PSAB_d_2025-07-24
C7,PSAB,2025-07-25T07:20:00Z,2025-07-25T07:20:10Z,2025-07-25T07:20:00Z,2025-07-25T07:25:00Z,0.568585666731156,1034860557510.5864,10.6013,3044811898754.8125,PSAB_d_2025-07-24
C7,PSAB,2025-07-25T07:26:00Z,2025-07-25T07:26:10Z,2025-07-25T07:25:00Z,2025-07-25T07:30:00Z,0.568585666731156,1034860557510.5864,10.6013,3044811898754.8125,PSAB_d_2025-07-24
C7,PSAB,2025-07-25T07:39:50Z,2025-07-25T07:40:00Z,2025-07-25T07:35:00Z,2025-07-25T07:40:00Z,0.568585666731156,1034860557510.5864,10.6013,3044811898754.8125,PSAB_d_2025-07-24
C7,PSAB,2025-07-25T07:43:10Z,2025-07-25T07:43:20Z,2025-07-25T07:40:00Z,2025-07-25T07:45:00Z,0.568585666731156,1034860557510.5864,10.6013,3044811898754.8125,PSAB_d_2025-07-24
C7,PSAB,2025-07-25T07:52:00Z,2025-07-25T07:52:10Z,2025-07-25T07:50:00Z,2025-07-25T07:55:00Z,0.568585666731156,1034860557510.5864,10.6013,3044811898754.8125,PSAB_d_2025-07-24
C7,PSAB,2025-07-25T07:52:10Z,2025-07-25T07:52:20Z,2025-07-25T07:50:00Z,2025-07-25T07:55:00Z,0.8090036478787946,1537458855551.1375,10.6013,3044811898754.8125,PSAB_d_2025-07-24
C7,PSAB,2025-07-25T08:01:40Z,2025-07-25T08:01:50Z,2025-07-25T08:00:00Z,2025-07-25T08:05:00Z,0.568585666731156,1034860557510.5864,10.6013,3044811898754.8125,PSAB_d_2025-07-24
C7,PSAB,2025-07-25T08:31:30Z,2025-07-25T08:31:40Z,2025-07-25T08:30:00Z,2025-07-25T08:35:00Z,0.568585666731156,1034860557510.5864,10.6013,3044811898754.8125,PSAB_d_2025-07-24
C7,PSAB,2025-07-25T08:54:30Z,2025-07-25T08:54:40Z,2025-07-25T08:50:00Z,2025-07-25T08:55:00Z,0.568585666731156,1034860557510.5864,10.6013,3044811898754.8125,PSAB_d_2025-07-24
C7,PSAB,2025-07-25T09:20:50Z,2025-07-25T09:21:00Z,2025-07-25T09:20:00Z,2025-07-25T09:25:00Z,0.568585666731156,1034860557510.5864,10.6013,3044811898754.8125,PSAB_d_2025-07-24
C7,PSAB,2025-07-25T09:28:50Z,2025-07-25T09:29:00Z,2025-07-25T09:25:00Z,2025-07-25T09:30:00Z,0.568585666731156,1034860557510.5864,10.6013,3044811898754.8125,PSAB_d_2025-07-24
C7,PSAB,2025-07-25T09:33:10Z,2025-07-25T09:33:20Z,2025-07-25T09:30:00Z,2025-07-25T09:35:00Z,0.568585666731156,1034860557510.5864,10.6013,3044811898754.8125,PSAB_d_2025-07-24
C7,PSAB,2025-07-25T09:33:20Z,2025-07-25T09:33:30Z,2025-07-25T09:30:00Z,2025-07-25T09:35:00Z,0.8090036478787946,1537458855551.1375,10.6013,3044811898754.8125,PSAB_d_2025-07-24
C7,PSAB,2025-07-25T09:33:30Z,2025-07-25T09:33:40Z,2025-07-25T09:30:00Z,2025-07-25T09:35:00Z,0.29130211475307183,1106196474964.26,10.6013,3044811898754.8125,PSAB_d_2025-07-24
C7,PSAB,2025-07-25T09:33:40Z,2025-07-25T09:33:50Z,2025-07-25T09:30:00Z,2025-07-25T09:35:00Z,0.16477960184727874,1142396922278.8464,10.6013,3044811898754.8125,PSAB_d_2025-07-24
C7,PSAB,2025-07-25T09:33:50Z,2025-07-25T09:34:00Z,2025-07-25T09:30:00Z,2025-07-25T09:35:00Z,0.03699924061723412,1802512264026.8044,10.6013,3044811898754.8125,PSAB_d_2025-07-24
C7,PSAB,2025-07-25T09:34:00Z,2025-07-25T09:34:10Z,2025-07-25T09:30:00Z,2025-07-25T09:35:00Z,0.44998580140147776,1182380926103.92,10.6013,3044811898754.8125,PSAB_d_2025-07-24
C7,PSAB,2025-07-25T09:34:10Z,2025-07-25T09:34:20Z,2025-07-25T09:30:00Z,2025-07-25T09:35:00Z,0.4235342608673636,765488596704.0254,10.6013,3044811898754.8125,PSAB_d_2025-07-24
C7,PSAB,2025-07-25T09:34:20Z,2025-07-25T09:34:30Z,2025-07-25T09:30:00Z,2025-07-25T09:35:00Z,0.8822743701822185,703332835567.5457,10.6013,3044811898754.8125,PSAB_d_2025-07-24
C7,PSAB,2025-07-25T09:34:30Z,2025-07-25T09:34:40Z,2025-07-25T09:30:00Z,2025-07-25T09:35:00Z,0.19465795684851445,1242197246049.878,10.6013,3044811898754.8125,PSAB_d_2025-07-24
C7,PSAB,2025-07-25T09:34:40Z,2025-07-25T09:34:50Z,2025-07-25T09:30:00Z,2025-07-25T09:35:00Z,1.9307900858024654,1727452141353.927,10.6013,3044811898754.8125,PSAB_d_2025-07-24
C7,PSAB,2025-07-25T09:34:50Z,2025-07-25T09:35:00Z,2025-07-25T09:30:00Z,2025-07-25T09:35:00Z,2.4605354611368315,1686274676669.4595,10.6013,3044811898754.8125,PSAB_d_2025-07-24
C7,PSAB,2025-07-25T09:36:00Z,2025-07-25T09:36:10Z,2025-07-25T09:30:00Z,2025-07-25T09:40:00Z,0.568585666731156,1034860557510.5864,10.6013,3044811898754.8125,PSAB_d_2025-07-24
C7,PSAB,2025-07-25T09:35:00Z,2025-07-25T09:35:10Z,2025-07-25T09:30:00Z,2025-07-25T09:40:00Z,0.8090036478787946,1537458855551.1375,10.6013,3044811898754.8125,PSAB_d_2025-07-24
C7,PSAB,2025-07-25T10:25:00Z,2025-07-25T10:25:10Z,2025-07-25T10:25:00Z,2025-07-25T10:30:00Z,0.568585666731156,1034860557510.5864,10.6013,3044811898754.8125,PSAB_d_2025-07-24
C7,PSAB,2025-07-25T10:31:40Z,2025-07-25T10:31:50Z,2025-07-25T10:30:00Z,2025-07-25T10:35:00Z,0.568585666731156,1034860557510.5864,10.6013,3044811898754.8125,PSAB_d_2025-07-24
C7,PSAB,2025-07-25T10:35:40Z,2025-07-25T10:35:50Z,2025-07-25T10:35:00Z,2025-07-25T10:40:00Z,0.568585666731156,1034860557510.5864,10.6013,3044811898754.8125,PSAB_d_2025-07-24
C7,PSAB,2025-07-25T10:41:20Z,2025-07-25T10:41:30Z,2025-07-25T10:40:00Z,2025-07-25T10:45:00Z,0.568585666731156,1034860557510.5864,10.6013,3044811898754.8125,PSAB_d_2025-07-24
C7,PSAB,2025-07-25T10:41:30Z,2025-07-25T10:41:40Z,2025-07-25T10:40:00Z,2025-07-25T10:45:00Z,0.8090036478787946,1537458855551.1375,10.6013,3044811898754.8125,PSAB_d_2025-07-24
C7,PSAB,2025-07-25T10:49:40Z,2025-07-25T10:49:50Z,2025-07-25T10:45:00Z,2025-07-25T10:50:00Z,0.568585666731156,1034860557510.5864,10.6013,3044811898754.8125,PSAB_d_2025-07-24
C7,PSAB,2025-07-25T10:49:50Z,2025-07-25T10:50:00Z,2025-07-25T10:45:00Z,2025-07-25T10:50:00Z,0.8090036478787946,1537458855551.1375,10.6013,3044811898754.8125,PSAB_d_2025-07-24
C7,PSAB,2025-07-25T10:52:40Z,2025-07-25T10:52:50Z,2025-07-25T10:50:00Z,2025-07-25T10:55:00Z,0.568585666731156,1034860557510.5864,10.6013,3044811898754.8125,PSAB_d_2025-07-24
C7,PSAB,2025-07-25T10:50:50Z,2025-07-25T10:51:00Z,2025-07-25T10:50:00Z,2025-07-25T10:55:00Z,0.8090036478787946,1537458855551.1375,10.6013,3044811898754.8125,PSAB_d_2025-07-24
C7,PSAB,2025-07-25T11:03:30Z,2025-07-25T11:03:40Z,2025-07-25T11:00:00Z,2025-07-25T11:05:00Z,0.568585666731156,1034860557510.5864,10.6013,3044811898754.8125,PSAB_d_2025-07-24
C7,PSAB,2025-07-25T11:03:40Z,2025-07-25T11:03:50Z,2025-07-25T11:00:00Z,2025-07-25T11:05:00Z,0.8090036478787946,1537458855551.1375,10.6013,3044811898754.8125,PSAB_d_2025-07-24
C7,PSAB,2025-07-25T11:04:40Z,2025-07-25T11:04:50Z,2025-07-25T11:00:00Z,2025-07-25T11:05:00Z,0.29130211475307183,1106196474964.26,10.6013,3044811898754.8125,PSAB_d_2025-07-24
C7,PSAB,2025-07-25T11:04:50Z,2025-07-25T11:05:00Z,2025-07-25T11:00:00Z,2025-07-25T11:05:00Z,0.16477960184727874,1142396922278.8464,10.6013,3044811898754.8125,PSAB_d_2025-07-24
C7,PSAB,2025-07-25T11:12:40Z,2025-07-25T11:12:50Z,2025-07-25T11:10:00Z,2025-07-25T11:15:00Z,0.568585666731156,1034860557510.5864,10.6013,3044811898754.8125,PSAB_d_2025-07-24
C7,PSAB,2025-07-25T11:21:50Z,2025-07-25T11:22:00Z,2025-07-25T11:20:00Z,2025-07-25T11:25:00Z,0.568585666731156,1034860557510.5864,10.6013,3044811898754.8125,PSAB_d_2025-07-24
C7,PSAB,2025-07-25T11:20:40Z,2025-07-25T11:20:50Z,2025-07-25T11:20:00Z,2025-07-25T11:25:00Z,0.8090036478787946,1537458855551.1375,10.6013,3044811898754.8125,PSAB_d_2025-07-24
C7,PSAB,2025-07-25T11:27:20Z,2025-07-25T11:27:30Z,2025-07-25T11:25:00Z,2025-07-25T11:30:00Z,0.568585666731156,1034860557510.5864,10.6013,3044811898754.8125,PSAB_d_2025-07-24
C7,PSAB,2025-07-25T11:27:30Z,2025-07-25T11:27:40Z,2025-07-25T11:25:00Z,2025-07-25T11:30:00Z,0.8090036478787946,1537458855551.1375,10.6013,3044811898754.8125,PSAB_d_2025-07-24
C7,PSAB,2025-07-25T11:30:20Z,2025-07-25T11:30:30Z,2025-07-25T11:30:00Z,2025-07-25T11:35:00Z,0.568585666731156,1034860557510.5864,10.6013,3044811898754.8125,PSAB_d_2025-07-24
C7,PSAB,2025-07-25T11:30:30Z,2025-07-25T11:30:40Z,2025-07-25T11:30:00Z,2025-07-25T11:35:00Z,0.8090036478787946,1537458855551.1375,10.6013,3044811898754.8125,PSAB_d_2025-07-24
C7,PSAB,2025-07-25T11:33:30Z,2025-07-25T11:33:40Z,2025-07-25T11:30:00Z,2025-07-25T11:35:00Z,0.29130211475307183,1106196474964.26,10.6013,3044811898754.8125,PSAB_d_2025-07-24
C7,PSAB,2025-07-25T11:32:30Z,2025-07-25T11:32:40Z,2025-07-25T11:30:00Z,2025-07-25T11:35:00Z,0.16477960184727874,1142396922278.8464,10.6013,3044811898754.8125,PSAB_d_2025-07-24
C7,PSAB,2025-07-25T11:40:10Z,2025-07-25T11:40:20Z,2025-07-25T11:40:00Z,2025-07-25T11:45:00Z,0.568585666731156,1034860557510.5864,10.6013,3044811898754.8125,PSAB_d_2025-07-24
C7,PSAB,2025-07-25T11:40:50Z,2025-07-25T11:41:00Z,2025-07-25T11:40:00Z,2025-07-25T11:45:00Z,0.8090036478787946,1537458855551.1375,10.6013,3044811898754.8125,PSAB_d_2025-07-24
C7,PSAB,2025-07-25T11:42:10Z,2025-07-25T11:42:20Z,2025-07-25T11:40:00Z,2025-07-25T11:45:00Z,0.29130211475307183,1106196474964.26,10.6013,3044811898754.8125,PSAB_d_2025-07-24
C7,PSAB,2025-07-25T11:42:20Z,2025-07-25T11:42:30Z,2025-07-25T11:40:00Z,2025-07-25T11:45:00Z,0.16477960184727874,1142396922278.8464,10.6013,3044811898754.8125,PSAB_d_2025-07-24
C7,PSAB,2025-07-25T11:43:00Z,2025-07-25T11:43:10Z,2025-07-25T11:40:00Z,2025-07-25T11:45:00Z,0.03699924061723412,1802512264026.8044,10.6013,3044811898754.8125,PSAB_d_2025-07-24
C7,PSAB,2025-07-25T11:44:40Z,2025-07-25T11:44:50Z,2025-07-25T11:40:00Z,2025-07-25T11:45:00Z,0.44998580140147776,1182380926103.92,10.6013,3044811898754.8125,PSAB_d_2025-07-24
C7,PSAB,2025-07-25T11:49:50Z,2025-07-25T11:50:00Z,2025-07-25T11:45:00Z,2025-07-25T11:50:00Z,0.568585666731156,1034860557510.5864,10.6013,3044811898754.8125,PSAB_d_2025-07-24
C7,PSAB,2025-07-25T11:52:40Z,2025-07-25T11:52:50Z,2025-07-25T11:50:00Z,2025-07-25T11:55:00Z,0.568585666731156,1034860557510.5864,10.6013,3044811898754.8125,PSAB_d_2025-07-24
C7,PSAB,2025-07-25T11:51:30Z,2025-07-25T11:51:40Z,2025-07-25T11:50:00Z,2025-07-25T11:55:00Z,0.8090036478787946,1537458855551.1375,10.6013,3044811898754.8125,PSAB_d_2025-07-24
C7,PSAB,2025-07-25T11:52:50Z,2025-07-25T11:53:00Z,2025-07-25T11:50:00Z,2025-07-25T11:55:00Z,0.29130211475307183,1106196474964.26,10.6013,3044811898754.8125,PSAB_d_2025-07-24
C7,PSAB,2025-07-25T11:51:10Z,2025-07-25T11:51:20Z,2025-07-25T11:50:00Z,2025-07-25T11:55:00Z,0.16477960184727874,1142396922278.8464,10.6013,3044811898754.8125,PSAB_d_2025-07-24
C7,PSAB,2025-07-25T11:57:00Z,2025-07-25T11:57:10Z,2025-07-25T11:55:00Z,2025-07-25T12:00:00Z,0.568585666731156,1034860557510.5864,10.6013,3044811898754.8125,PSAB_d_2025-07-24
C7,PSAB,2025-07-25T11:59:40Z,2025-07-25T11:59:50Z,2025-07-25T11:55:00Z,2025-07-25T12:00:00Z,0.8090036478787946,1537458855551.1375,10.6013,3044811898754.8125,PSAB_d_2025-07-24
C7,PSAB,2025-07-25T11:57:20Z,2025-07-25T11:57:30Z,2025-07-25T11:55:00Z,2025-07-25T12:00:00Z,0.29130211475307183,1106196474964.26,10.6013,3044811898754.8125,PSAB_d_2025-07-24
C7,PSAB,2025-07-25T12:01:20Z,2025-07-25T12:01:30Z,2025-07-25T12:00:00Z,2025-07-25T12:05:00Z,0.568585666731156,1034860557510.5864,10.6013,3044811898754.8125,PSAB_d_2025-07-24
C7,PSAB,2025-07-25T12:01:40Z,2025-07-25T12:01:50Z,2025-07-25T12:00:00Z,2025-07-25T12:05:00Z,0.8090036478787946,1537458855551.1375,10.6013,3044811898754.8125,PSAB_d_2025-07-24
C7,PSAB,2025-07-25T12:00:50Z,2025-07-25T12:01:00Z,2025-07-25T12:00:00Z,2025-07-25T12:05:00Z,0.29130211475307183,1106196474964.26,10.6013,3044811898754.8125,PSAB_d_2025-07-24
C7,PSAB,2025-07-25T12:08:40Z,2025-07-25T12:08:50Z,2025-07-25T12:05:00Z,2025-07-25T12:10:00Z,0.568585666731156,1034860557510.5864,10.6013,3044811898754.8125,PSAB_d_2025-07-24
C7,PSAB,2025-07-25T12:08:50Z,2025-07-25T12:09:00Z,2025-07-25T12:05:00Z,2025-07-25T12:10:00Z,0.8090036478787946,1537458855551.1375,10.6013,3044811898754.8125,PSAB_d_2025-07-24
C7,PSAB,2025-07-25T12:13:40Z,2025-07-25T12:13:50Z,2025-07-25T12:10:00Z,2025-07-25T12:15:00Z,0.568585666731156,1034860557510.5864,10.6013,3044811898754.8125,PSAB_d_2025-07-24
C7,PSAB,2025-07-25T12:19:20Z,2025-07-25T12:19:30Z,2025-07-25T12:15:00Z,2025-07-25T12:20:00Z,0.568585666731156,1034860557510.5864,10.6013,3044811898754.8125,PSAB_d_2025-07-24
C7,PSAB,2025-07-25T12:19:30Z,2025-07-25T12:19:40Z,2025-07-25T12:15:00Z,2025-07-25T12:20:00Z,0.8090036478787946,1537458855551.1375,10.6013,3044811898754.8125,PSAB_d_2025-07-24
C7,PSAB,2025-07-25T12:20:20Z,2025-07-25T12:20:30Z,2025-07-25T12:20:00Z,2025-07-25T12:25:00Z,0.568585666731156,1034860557510.5864,10.6013,3044811898754.8125,PSAB_d_2025-07-24
C7,PSAB,2025-07-25T12:25:00Z,2025-07-25T12:25:10Z,2025-07-25T12:25:00Z,2025-07-25T12:30:00Z,0.568585666731156,1034860557510.5864,10.6013,3044811898754.8125,PSAB_d_2025-07-24
C7,PSAB,2025-07-25T12:34:40Z,2025-07-25T12:34:50Z,2025-07-25T12:30:00Z,2025-07-25T12:35:00Z,0.568585666731156,1034860557510.5864,10.6013,3044811898754.8125,PSAB_d_2025-07-24
C7,PSAB,2025-07-25T12:38:50Z,2025-07-25T12:39:00Z,2025-07-25T12:35:00Z,2025-07-25T12:40:00Z,0.568585666731156,1034860557510.5864,10.6013,3044811898754.8125,PSAB_d_2025-07-24
C7,PSAB,2025-07-25T12:39:00Z,2025-07-25T12:39:10Z,2025-07-25T12:35:00Z,2025-07-25T12:40:00Z,0.8090036478787946,1537458855551.1375,10.6013,3044811898754.8125,PSAB_d_2025-07-24
C7,PSAB,2025-07-25T12:39:10Z,2025-07-25T12:39:20Z,2025-07-25T12:35:00Z,2025-07-25T12:40:00Z,0.29130211475307183,1106196474964.26,10.6013,3044811898754.8125,PSAB_d_2025-07-24
C7,PSAB,2025-07-25T12:37:00Z,2025-07-25T12:37:10Z,2025-07-25T12:35:00Z,2025-07-25T12:40:00Z,0.16477960184727874,1142396922278.8464,10.6013,3044811898754.8125,PSAB_d_2025-07-24
C7,PSAB,2025-07-25T12:37:10Z,2025-07-25T12:37:20Z,2025-07-25T12:35:00Z,2025-07-25T12:40:00Z,0.03699924061723412,1802512264026.8044,10.6013,3044811898754.8125,PSAB_d_2025-07-24
C7,PSAB,2025-07-25T12:37:30Z,2025-07-25T12:37:40Z,2025-07-25T12:35:00Z,2025-07-25T12:40:00Z,0.44998580140147776,1182380926103.92,10.6013,3044811898754.8125,PSAB_d_2025-07-24
C7,PSAB,2025-07-25T12:44:00Z,2025-07-25T12:44:10Z,2025-07-25T12:40:00Z,2025-07-25T12:45:00Z,0.568585666731156,1034860557510.5864,10.6013,3044811898754.8125,PSAB_d_2025-07-24
C7,PSAB,2025-07-25T12:44:10Z,2025-07-25T12:44:20Z,2025-07-25T12:40:00Z,2025-07-25T12:45:00Z,0.8090036478787946,1537458855551.1375,10.6013,3044811898754.8125,PSAB_d_2025-07-24
C7,PSAB,2025-07-25T12:44:20Z,2025-07-25T12:44:30Z,2025-07-25T12:40:00Z,2025-07-25T12:45:00Z,0.29130211475307183,1106196474964.26,10.6013,3044811898754.8125,PSAB_d_2025-07-24
C7,PSAB,2025-07-25T12:49:20Z,2025-07-25T12:49:30Z,2025-07-25T12:45:00Z,2025-07-25T12:50:00Z,0.568585666731156,1034860557510.5864,10.6013,3044811898754.8125,PSAB_d_2025-07-24
C7,PSAB,2025-07-25T12:49:30Z,2025-07-25T12:49:40Z,2025-07-25T12:45:00Z,2025-07-25T12:50:00Z,0.8090036478787946,1537458855551.1375,10.6013,3044811898754.8125,PSAB_d_2025-07-24
C7,PSAB,2025-07-25T12:49:50Z,2025-07-25T12:50:00Z,2025-07-25T12:45:00Z,2025-07-25T12:50:00Z,0.29130211475307183,1106196474964.26,10.6013,3044811898754.8125,PSAB_d_2025-07-24
C7,PSAB,2025-07-25T12:57:40Z,2025-07-25T12:57:50Z,2025-07-25T12:55:00Z,2025-07-25T13:00:00Z,0.568585666731156,1034860557510.5864,10.6013,3044811898754.8125,PSAB_d_2025-07-24
C7,PSAB,2025-07-25T12:57:50Z,2025-07-25T12:58:00Z,2025-07-25T12:55:00Z,2025-07-25T13:00:00Z,0.8090036478787946,1537458855551.1375,10.6013,3044811898754.8125,PSAB_d_2025-07-24
C7,PSAB,2025-07-25T12:58:30Z,2025-07-25T12:58:40Z,2025-07-25T12:55:00Z,2025-07-25T13:00:00Z,0.29130211475307183,1106196474964.26,10.6013,3044811898754.8125,PSAB_d_2025-07-24
C7,PSAB,2025-07-25T13:03:00Z,2025-07-25T13:03:10Z,2025-07-25T13:00:00Z,2025-07-25T13:05:00Z,0.568585666731156,1034860557510.5864,10.6013,3044811898754.8125,PSAB_d_2025-07-24
C7,PSAB,2025-07-25T13:04:20Z,2025-07-25T13:04:30Z,2025-07-25T13:00:00Z,2025-07-25T13:05:00Z,0.8090036478787946,1537458855551.1375,10.6013,3044811898754.8125,PSAB_d_2025-07-24
C7,PSAB,2025-07-25T13:02:00Z,2025-07-25T13:02:10Z,2025-07-25T13:00:00Z,2025-07-25T13:05:00Z,0.29130211475307183,1106196474964.26,10.6013,3044811898754.8125,PSAB_d_2025-07-24
C7,PSAB,2025-07-25T13:04:40Z,2025-07-25T13:04:50Z,2025-07-25T13:00:00Z,2025-07-25T13:05:00Z,0.16477960184727874,1142396922278.8464,10.6013,3044811898754.8125,PSAB_d_2025-07-24
C7,PSAB,2025-07-25T13:08:10Z,2025-07-25T13:08:20Z,2025-07-25T13:05:00Z,2025-07-25T13:10:00Z,0.568585666731156,1034860557510.5864,10.6013,3044811898754.8125,PSAB_d_2025-07-24
C7,PSAB,2025-07-25T13:08:40Z,2025-07-25T13:08:50Z,2025-07-25T13:05:00Z,2025-07-25T13:10:00Z,0.8090036478787946,1537458855551.1375,10.6013,3044811898754.8125,PSAB_d_2025-07-24
C7,PSAB,2025-07-25T13:13:20Z,2025-07-25T13:13:30Z,2025-07-25T13:10:00Z,2025-07-25T13:15:00Z,0.568585666731156,1034860557510.5864,10.6013,3044811898754.8125,PSAB_d_2025-07-24
C7,PSAB,2025-07-25T13:13:30Z,2025-07-25T13:13:40Z,2025-07-25T13:10:00Z,2025-07-25T13:15:00Z,0.8090036478787946,1537458855551.1375,10.6013,3044811898754.8125,PSAB_d_2025-07-24
C7,PSAB,2025-07-25T13:14:00Z,2025-07-25T13:14:10Z,2025-07-25T13:10:00Z,2025-07-25T13:15:00Z,0.29130211475307183,1106196474964.26,10.6013,3044811898754.8125,PSAB_d_2025-07-24
C7,PSAB,2025-07-25T13:11:40Z,2025-07-25T13:11:50Z,2025-07-25T13:10:00Z,2025-07-25T13:15:00Z,0.16477960184727874,1142396922278.8464,10.6013,3044811898754.8125,PSAB_d_2025-07-24
C7,PSAB,2025-07-25T13:19:40Z,2025-07-25T13:19:50Z,2025-07-25T13:15:00Z,2025-07-25T13:20:00Z,0.568585666731156,1034860557510.5864,10.6013,3044811898754.8125,PSAB_d_2025-07-24
C7,PSAB,2025-07-25T13:24:20Z,2025-07-25T13:24:30Z,2025-07-25T13:20:00Z,2025-07-25T13:25:00Z,0.568585666731156,1034860557510.5864,10.6013,3044811898754.8125,PSAB_d_2025-07-24
C7,PSAB,2025-07-25T13:24:30Z,2025-07-25T13:24:40Z,2025-07-25T13:20:00Z,2025-07-25T13:25:00Z,0.8090036478787946,1537458855551.1375,10.6013,3044811898754.8125,PSAB_d_2025-07-24
C7,PSAB,2025-07-25T13:24:40Z,2025-07-25T13:24:50Z,2025-07-25T13:20:00Z,2025-07-25T13:25:00Z,0.29130211475307183,1106196474964.26,10.6013,3044811898754.8125,PSAB_d_2025-07-24
C7,PSAB,2025-07-25T13:25:10Z,2025-07-25T13:25:20Z,2025-07-25T13:25:00Z,2025-07-25T13:30:00Z,0.568585666731156,1034860557510.5864,10.6013,3044811898754.8125,PSAB_d_2025-07-24
C7,PSAB,2025-07-25T13:28:00Z,2025-07-25T13:28:10Z,2025-07-25T13:25:00Z,2025-07-25T13:30:00Z,0.8090036478787946,1537458855551.1375,10.6013,3044811898754.8125,PSAB_d_2025-07-24
C7,PSAB,2025-07-25T13:25:40Z,2025-07-25T13:25:50Z,2025-07-25T13:25:00Z,2025-07-25T13:30:00Z,0.29130211475307183,1106196474964.26,10.6013,3044811898754.8125,PSAB_d_2025-07-24
C7,PSAB,2025-07-25T13:25:50Z,2025-07-25T13:26:00Z,2025-07-25T13:25:00Z,2025-07-25T13:30:00Z,0.16477960184727874,1142396922278.8464,10.6013,3044811898754.8125,PSAB_d_2025-07-24
C7,PSAB,2025-07-25T13:30:00Z,2025-07-25T13:30:10Z,2025-07-25T13:30:00Z,2025-07-25T13:35:00Z,0.568585666731156,1034860557510.5864,10.6013,3044811898754.8125,PSAB_d_2025-07-24
C7,PSAB,2025-07-25T13:30:10Z,2025-07-25T13:30:20Z,2025-07-25T13:30:00Z,2025-07-25T13:35:00Z,0.8090036478787946,1537458855551.1375,10.6013,3044811898754.8125,PSAB_d_2025-07-24
C7,PSAB,2025-07-25T13:30:20Z,2025-07-25T13:30:30Z,2025-07-25T13:30:00Z,2025-07-25T13:35:00Z,0.29130211475307183,1106196474964.26,10.6013,3044811898754.8125,PSAB_d_2025-07-24
C7,PSAB,2025-07-25T13:30:30Z,2025-07-25T13:30:40Z,2025-07-25T13:30:00Z,2025-07-25T13:35:00Z,0.16477960184727874,1142396922278.8464,10.6013,3044811898754.8125,PSAB_d_2025-07-24
C7,PSAB,2025-07-25T13:30:40Z,2025-07-25T13:30:50Z,2025-07-25T13:30:00Z,2025-07-25T13:35:00Z,0.03699924061723412,1802512264026.8044,10.6013,3044811898754.8125,PSAB_d_2025-07-24
C7,PSAB,2025-07-25T13:30:50Z,2025-07-25T13:31:00Z,2025-07-25T13:30:00Z,2025-07-25T13:35:00Z,0.44998580140147776,1182380926103.92,10.6013,3044811898754.8125,PSAB_d_2025-07-24
C7,PSAB,2025-07-25T13:31:30Z,2025-07-25T13:31:40Z,2025-07-25T13:30:00Z,2025-07-25T13:35:00Z,0.4235342608673636,765488596704.0254,10.6013,3044811898754.8125,PSAB_d_2025-07-24
C7,PSAB,2025-07-25T13:31:40Z,2025-07-25T13:31:50Z,2025-07-25T13:30:00Z,2025-07-25T13:35:00Z,0.8822743701822185,703332835567.5457,10.6013,3044811898754.8125,PSAB_d_2025-07-24
C7,PSAB,2025-07-25T13:38:10Z,2025-07-25T13:38:20Z,2025-07-25T13:35:00Z,2025-07-25T13:40:00Z,0.568585666731156,1034860557510.5864,10.6013,3044811898754.8125,PSAB_d_2025-07-24
C7,PSAB,2025-07-25T13:38:30Z,2025-07-25T13:38:40Z,2025-07-25T13:35:00Z,2025-07-25T13:40:00Z,0.8090036478787946,1537458855551.1375,10.6013,3044811898754.8125,PSAB_d_2025-07-24
C7,PSAB,2025-07-25T13:38:50Z,2025-07-25T13:39:00Z,2025-07-25T13:35:00Z,2025-07-25T13:40:00Z,0.29130211475307183,1106196474964.26,10.6013,3044811898754.8125,PSAB_d_2025-07-24
C7,PSAB,2025-07-25T13:40:30Z,2025-07-25T13:40:40Z,2025-07-25T13:40:00Z,2025-07-25T13:45:00Z,0.568585666731156,1034860557510.5864,10.6013,3044811898754.8125,PSAB_d_2025-07-24
C7,PSAB,2025-07-25T13:40:40Z,2025-07-25T13:40:50Z,2025-07-25T13:40:00Z,2025-07-25T13:45:00Z,0.8090036478787946,1537458855551.1375,10.6013,3044811898754.8125,PSAB_d_2025-07-24
C7,PSAB,2025-07-25T13:40:50Z,2025-07-25T13:41:00Z,2025-07-25T13:40:00Z,2025-07-25T13:45:00Z,0.29130211475307183,1106196474964.26,10.6013,3044811898754.8125,PSAB_d_2025-07-24
C7,PSAB,2025-07-25T13:41:00Z,2025-07-25T13:41:10Z,2025-07-25T13:40:00Z,2025-07-25T13:45:00Z,0.16477960184727874,1142396922278.8464,10.6013,3044811898754.8125,PSAB_d_2025-07-24
C7,PSAB,2025-07-25T13:42:00Z,2025-07-25T13:42:10Z,2025-07-25T13:40:00Z,2025-07-25T13:45:00Z,0.03699924061723412,1802512264026.8044,10.6013,3044811898754.8125,PSAB_d_2025-07-24
C7,PSAB,2025-07-25T13:42:20Z,2025-07-25T13:42:30Z,2025-07-25T13:40:00Z,2025-07-25T13:45:00Z,0.44998580140147776,1182380926103.92,10.6013,3044811898754.8125,PSAB_d_2025-07-24
C7,PSAB,2025-07-25T13:42:40Z,2025-07-25T13:42:50Z,2025-07-25T13:40:00Z,2025-07-25T13:45:00Z,0.4235342608673636,765488596704.0254,10.6013,3044811898754.8125,PSAB_d_2025-07-24
C7,PSAB,2025-07-25T13:42:50Z,2025-07-25T13:43:00Z,2025-07-25T13:40:00Z,2025-07-25T13:45:00Z,0.8822743701822185,703332835567.5457,10.6013,3044811898754.8125,PSAB_d_2025-07-24
C7,PSAB,2025-07-25T13:43:00Z,2025-07-25T13:43:10Z,2025-07-25T13:40:00Z,2025-07-25T13:45:00Z,0.19465795684851445,1242197246049.878,10.6013,3044811898754.8125,PSAB_d_2025-07-24
C7,PSAB,2025-07-25T13:46:50Z,2025-07-25T13:47:00Z,2025-07-25T13:45:00Z,2025-07-25T13:50:00Z,0.568585666731156,1034860557510.5864,10.6013,3044811898754.8125,PSAB_d_2025-07-24
C7,PSAB,2025-07-25T13:46:10Z,2025-07-25T13:46:20Z,2025-07-25T13:45:00Z,2025-07-25T13:50:00Z,0.8090036478787946,1537458855551.1375,10.6013,3044811898754.8125,PSAB_d_2025-07-24
C7,PSAB,2025-07-25T13:51:20Z,2025-07-25T13:51:30Z,2025-07-25T13:50:00Z,2025-07-25T13:55:00Z,0.568585666731156,1034860557510.5864,10.6013,3044811898754.8125,PSAB_d_2025-07-24
C7,PSAB,2025-07-25T13:54:30Z,2025-07-25T13:54:40Z,2025-07-25T13:50:00Z,2025-07-25T13:55:00Z,0.8090036478787946,1537458855551.1375,10.6013,3044811898754.8125,PSAB_d_2025-07-24
C7,PSAB,2025-07-25T13:54:40Z,2025-07-25T13:54:50Z,2025-07-25T13:50:00Z,2025-07-25T13:55:00Z,0.29130211475307183,1106196474964.26,10.6013,3044811898754.8125,PSAB_d_2025-07-24
C7,PSAB,2025-07-25T13:52:20Z,2025-07-25T13:52:30Z,2025-07-25T13:50:00Z,2025-07-25T13:55:00Z,0.16477960184727874,1142396922278.8464,10.6013,3044811898754.8125,PSAB_d_2025-07-24
C7,PSAB,2025-07-25T13:52:30Z,2025-07-25T13:52:40Z,2025-07-25T13:50:00Z,2025-07-25T13:55:00Z,0.03699924061723412,1802512264026.8044,10.6013,3044811898754.8125,PSAB_d_2025-07-24
C7,PSAB,2025-07-25T13:58:00Z,2025-07-25T13:58:10Z,2025-07-25T13:55:00Z,2025-07-25T14:00:00Z,0.568585666731156,1034860557510.5864,10.6013,3044811898754.8125,PSAB_d_2025-07-24
C7,PSAB,2025-07-25T13:56:40Z,2025-07-25T13:56:50Z,2025-07-25T13:55:00Z,2025-07-25T14:00:00Z,0.8090036478787946,1537458855551.1375,10.6013,3044811898754.8125,PSAB_d_2025-07-24
C7,PSAB,2025-07-25T13:56:50Z,2025-07-25T13:57:00Z,2025-07-25T13:55:00Z,2025-07-25T14:00:00Z,0.29130211475307183,1106196474964.26,10.6013,3044811898754.8125,PSAB_d_2025-07-24
C7,PSAB,2025-07-25T14:00:00Z,2025-07-25T14:00:10Z,2025-07-25T14:00:00Z,2025-07-25T14:05:00Z,0.568585666731156,1034860557510.5864,10.6013,3044811898754.8125,PSAB_d_2025-07-24
C7,PSAB,2025-07-25T14:00:10Z,2025-07-25T14:00:20Z,2025-07-25T14:00:00Z,2025-07-25T14:05:00Z,0.8090036478787946,1537458855551.1375,10.6013,3044811898754.8125,PSAB_d_2025-07-24
C7,PSAB,2025-07-25T14:00:20Z,2025-07-25T14:00:30Z,2025-07-25T14:00:00Z,2025-07-25T14:05:00Z,0.29130211475307183,1106196474964.26,10.6013,3044811898754.8125,PSAB_d_2025-07-24
C7,PSAB,2025-07-25T14:01:00Z,2025-07-25T14:01:10Z,2025-07-25T14:00:00Z,2025-07-25T14:05:00Z,0.16477960184727874,1142396922278.8464,10.6013,3044811898754.8125,PSAB_d_2025-07-24
C7,PSAB,2025-07-25T14:01:10Z,2025-07-25T14:01:20Z,2025-07-25T14:00:00Z,2025-07-25T14:05:00Z,0.03699924061723412,1802512264026.8044,10.6013,3044811898754.8125,PSAB_d_2025-07-24
C7,PSAB,2025-07-25T14:07:50Z,2025-07-25T14:08:00Z,2025-07-25T14:05:00Z,2025-07-25T14:10:00Z,0.568585666731156,1034860557510.5864,10.6013,3044811898754.8125,PSAB_d_2025-07-24
C7,PSAB,2025-07-25T14:08:50Z,2025-07-25T14:09:00Z,2025-07-25T14:05:00Z,2025-07-25T14:10:00Z,0.8090036478787946,1537458855551.1375,10.6013,3044811898754.8125,PSAB_d_2025-07-24
C7,PSAB,2025-07-25T14:09:00Z,2025-07-25T14:09:10Z,2025-07-25T14:05:00Z,2025-07-25T14:10:00Z,0.29130211475307183,1106196474964.26,10.6013,3044811898754.8125,PSAB_d_2025-07-24
C7,PSAB,2025-07-25T14:09:50Z,2025-07-25T14:10:00Z,2025-07-25T14:05:00Z,2025-07-25T14:10:00Z,0.16477960184727874,1142396922278.8464,10.6013,3044811898754.8125,PSAB_d_2025-07-24
C7,PSAB,2025-07-25T14:11:10Z,2025-07-25T14:11:20Z,2025-07-25T14:10:00Z,2025-07-25T14:15:00Z,0.568585666731156,1034860557510.5864,10.6013,3044811898754.8125,PSAB_d_2025-07-24
C7,PSAB,2025-07-25T14:11:40Z,2025-07-25T14:11:50Z,2025-07-25T14:10:00Z,2025-07-25T14:15:00Z,0.8090036478787946,1537458855551.1375,10.6013,3044811898754.8125,PSAB_d_2025-07-24
C7,PSAB,2025-07-25T14:11:50Z,2025-07-25T14:12:00Z,2025-07-25T14:10:00Z,2025-07-25T14:15:00Z,0.29130211475307183,1106196474964.26,10.6013,3044811898754.8125,PSAB_d_2025-07-24
C7,PSAB,2025-07-25T14:12:00Z,2025-07-25T14:12:10Z,2025-07-25T14:10:00Z,2025-07-25T14:15:00Z,0.16477960184727874,1142396922278.8464,10.6013,3044811898754.8125,PSAB_d_2025-07-24
C7,PSAB,2025-07-25T14:15:30Z,2025-07-25T14:15:40Z,2025-07-25T14:15:00Z,2025-07-25T14:20:00Z,0.568585666731156,1034860557510.5864,10.6013,3044811898754.8125,PSAB_d_2025-07-24
C7,PSAB,2025-07-25T14:22:40Z,2025-07-25T14:22:50Z,2025-07-25T14:20:00Z,2025-07-25T14:25:00Z,0.568585666731156,1034860557510.5864,10.6013,3044811898754.8125,PSAB_d_2025-07-24
C7,PSAB,2025-07-25T14:22:50Z,2025-07-25T14:23:00Z,2025-07-25T14:20:00Z,2025-07-25T14:25:00Z,0.8090036478787946,1537458855551.1375,10.6013,3044811898754.8125,PSAB_d_2025-07-24
C7,PSAB,2025-07-25T14:23:00Z,2025-07-25T14:23:10Z,2025-07-25T14:20:00Z,2025-07-25T14:25:00Z,0.29130211475307183,1106196474964.26,10.6013,3044811898754.8125,PSAB_d_2025-07-24
C7,PSAB,2025-07-25T14:24:10Z,2025-07-25T14:24:20Z,2025-07-25T14:20:00Z,2025-07-25T14:25:00Z,0.16477960184727874,1142396922278.8464,10.6013,3044811898754.8125,PSAB_d_2025-07-24
C7,PSAB,2025-07-25T14:29:00Z,2025-07-25T14:29:10Z,2025-07-25T14:25:00Z,2025-07-25T14:30:00Z,0.568585666731156,1034860557510.5864,10.6013,3044811898754.8125,PSAB_d_2025-07-24
C7,PSAB,2025-07-25T14:26:30Z,2025-07-25T14:26:40Z,2025-07-25T14:25:00Z,2025-07-25T14:30:00Z,0.8090036478787946,1537458855551.1375,10.6013,3044811898754.8125,PSAB_d_2025-07-24
C7,PSAB,2025-07-25T14:29:30Z,2025-07-25T14:29:40Z,2025-07-25T14:25:00Z,2025-07-25T14:30:00Z,0.29130211475307183,1106196474964.26,10.6013,3044811898754.8125,PSAB_d_2025-07-24
C7,PSAB,2025-07-25T14:27:00Z,2025-07-25T14:27:10Z,2025-07-25T14:25:00Z,2025-07-25T14:30:00Z,0.16477960184727874,1142396922278.8464,10.6013,3044811898754.8125,PSAB_d_2025-07-24
C7,PSAB,2025-07-25T14:26:50Z,2025-07-25T14:27:00Z,2025-07-25T14:25:00Z,2025-07-25T14:30:00Z,0.03699924061723412,1802512264026.8044,10.6013,3044811898754.8125,PSAB_d_2025-07-24
C7,PSAB,2025-07-25T14:36:40Z,2025-07-25T14:36:50Z,2025-07-25T14:35:00Z,2025-07-25T14:40:00Z,0.568585666731156,1034860557510.5864,10.6013,3044811898754.8125,PSAB_d_2025-07-24
C7,PSAB,2025-07-25T14:36:50Z,2025-07-25T14:37:00Z,2025-07-25T14:35:00Z,2025-07-25T14:40:00Z,0.8090036478787946,1537458855551.1375,10.6013,3044811898754.8125,PSAB_d_2025-07-24
C7,PSAB,2025-07-25T14:37:00Z,2025-07-25T14:37:10Z,2025-07-25T14:35:00Z,2025-07-25T14:40:00Z,0.29130211475307183,1106196474964.26,10.6013,3044811898754.8125,PSAB_d_2025-07-24
C7,PSAB,2025-07-25T14:37:10Z,2025-07-25T14:37:20Z,2025-07-25T14:35:00Z,2025-07-25T14:40:00Z,0.16477960184727874,1142396922278.8464,10.6013,3044811898754.8125,PSAB_d_2025-07-24
C7,PSAB,2025-07-25T14:41:50Z,2025-07-25T14:42:00Z,2025-07-25T14:40:00Z,2025-07-25T14:45:00Z,0.568585666731156,1034860557510.5864,10.6013,3044811898754.8125,PSAB_d_2025-07-24
C7,PSAB,2025-07-25T14:51:20Z,2025-07-25T14:51:30Z,2025-07-25T14:50:00Z,2025-07-25T14:55:00Z,0.568585666731156,1034860557510.5864,10.6013,3044811898754.8125,PSAB_d_2025-07-24
C7,PSAB,2025-07-25T14:52:50Z,2025-07-25T14:53:00Z,2025-07-25T14:50:00Z,2025-07-25T14:55:00Z,0.8090036478787946,1537458855551.1375,10.6013,3044811898754.8125,PSAB_d_2025-07-24
C7,PSAB,2025-07-25T14:50:30Z,2025-07-25T14:50:40Z,2025-07-25T14:50:00Z,2025-07-25T14:55:00Z,0.29130211475307183,1106196474964.26,10.6013,3044811898754.8125,PSAB_d_2025-07-24
C7,PSAB,2025-07-25T14:52:10Z,2025-07-25T14:52:20Z,2025-07-25T14:50:00Z,2025-07-25T14:55:00Z,0.16477960184727874,1142396922278.8464,10.6013,3044811898754.8125,PSAB_d_2025-07-24
