station,channel,start,end
DAS,,2021-11-20 00:00:37.000,2021-11-21 10:09:37.000
DAS,,2021-11-21 10:09:38.000,2021-11-21 10:31:37.000
DAS,,2021-11-21 10:31:38.000,2021-11-21 10:41:37.000
DAS,,2021-11-21 10:41:38.000,2021-11-21 11:00:37.000
DAS,,2021-11-21 11:00:38.000,2021-11-21 11:03:37.000
DAS,,2021-11-21 11:03:38.000,2021-11-21 11:09:37.000
DAS,,2021-11-21 11:09:38.000,2021-11-21 11:15:37.000
DAS,,2021-11-21 11:15:38.000,2021-11-21 11:20:37.000
DAS,,2021-11-21 11:20:38.000,2021-11-21 11:26:37.000
DAS,,2021-11-21 11:26:38.000,2021-11-21 11:28:37.000
DAS,,2021-11-21 11:28:38.000,2021-11-21 11:32:37.000
DAS,,2021-11-21 11:32:38.000,2021-11-21 11:37:37.000
DAS,,2021-11-21 11:37:38.000,2021-11-21 11:41:37.000
DAS,,2021-11-21 11:41:38.000,2021-11-21 11:46:37.000
DAS,,2021-11-21 11:46:38.000,2021-11-21 11:52:37.000
DAS,,2021-11-21 11:52:38.000,2021-11-21 11:54:37.000
DAS,,2021-11-21 11:54:38.000,2021-11-21 11:57:37.000
DAS,,2021-11-21 11:57:38.000,2021-11-21 11:59:37.000
DAS,,2021-11-21 11:59:38.000,2021-11-21 12:02:37.000
DAS,,2021-11-21 12:02:38.000,2021-11-21 12:04:37.000
DAS,,2021-11-21 12:04:38.000,2021-11-21 12:08:37.000
DAS,,2021-11-21 12:08:38.000,2021-11-21 12:14:37.000
DAS,,2021-11-21 12:14:38.000,2021-11-21 12:20:37.000
DAS,,2021-11-21 12:20:38.000,2021-11-21 12:23:37.000
DAS,,2021-11-21 12:23:38.000,2021-11-21 12:28:37.000
DAS,,2021-11-21 12:28:38.000,2021-11-21 12:34:37.000
DAS,,2021-11-21 12:34:38.000,2021-11-21 12:41:37.000
DAS,,2021-11-21 12:41:38.000,2021-11-21 12:44:37.000
DAS,,2021-11-21 12:44:38.000,2021-11-21 12:46:37.000
DAS,,2021-11-21 12:46:38.000,2021-11-21 12:49:37.000
DAS,,2021-11-21 12:49:38.000,2021-11-21 12:54:37.000
DAS,,2021-11-21 12:54:38.000,2021-11-21 12:57:37.000
DAS,,2021-11-21 12:57:38.000,2021-11-21 13:01:37.000
DAS,,2021-11-21 13:01:38.000,2021-11-21 13:07:37.000
DAS,,2021-11-21 13:07:38.000,2021-11-21 13:11:37.000
DAS,,2021-11-21 13:11:38.000,2021-11-21 13:13:37.000
DAS,,2021-11-21 13:13:38.000,2021-11-21 13:15:37.000
DAS,,2021-11-21 13:15:38.000,2021-11-21 13:26:37.000
DAS,,2021-11-21 13:26:38.000,2021-11-21 13:28:37.000
DAS,,2021-11-21 13:28:38.000,2021-11-21 13:30:37.000
DAS,,2021-11-21 13:30:38.000,2021-11-21 13:33:37.000
DAS,,2021-11-21 13:33:38.000,2021-11-21 13:42:37.000
DAS,,2021-11-21 13:42:38.000,2021-11-21 13:49:37.000
DAS,,2021-11-21 13:49:38.000,2021-11-21 13:51:37.000
DAS,,2021-11-21 13:51:38.000,2021-11-21 13:55:37.000
DAS,,2021-11-21 13:55:38.000,2021-11-21 13:57:37.000
DAS,,2021-11-21 13:57:38.000,2021-11-21 13:59:37.000
DAS,,2021-11-21 13:59:38.000,2021-11-21 14:04:37.000
DAS,,2021-11-21 14:04:38.000,2021-11-21 14:07:37.000
DAS,,2021-11-21 14:07:38.000,2021-11-21 14:11:37.000
DAS,,2021-11-21 14:11:38.000,2021-11-21 14:16:37.000
DAS,,2021-11-21 14:16:38.000,2021-11-21 14:21:37.000
DAS,,2021-11-21 14:21:38.000,2021-11-21 14:24:37.000
DAS,,2021-11-21 14:24:38.000,2021-11-21 14:29:37.000
DAS,,2021-11-21 14:29:38.000,2021-11-21 14:31:37.000
DAS,,2021-11-21 14:31:38.000,2021-11-21 14:37:37.000
DAS,,2021-11-21 14:37:38.000,2021-11-21 14:39:37.000
DAS,,2021-11-21 14:39:38.000,2021-11-21 14:42:37.000
DAS,,2021-11-21 14:42:38.000,2021-11-21 14:44:37.000
DAS,,2021-11-21 14:44:38.000,2021-11-21 14:49:37.000
DAS,,2021-11-21 14:49:38.000,2021-11-21 14:52:37.000
DAS,,2021-11-21 14:52:38.000,2021-11-21 14:58:37.000
DAS,,2021-11-21 14:58:38.000,2021-11-21 15:01:37.000
DAS,,2021-11-21 15:01:38.000,2021-11-21 15:10:37.000
DAS,,2021-11-21 15:10:38.000,2021-11-21 15:12:37.000
DAS,,2021-11-21 15:12:38.000,2021-11-21 15:31:37.000
DAS,,2021-11-21 15:31:38.000,2021-11-21 15:39:37.000
DAS,,2021-11-21 15:39:38.000,2021-11-21 15:44:37.000
DAS,,2021-11-21 15:44:38.000,2021-11-21 16:04:37.000
DAS,,2021-11-21 16:04:38.000,2021-11-21 16:19:37.000
DAS,,2021-11-21 16:19:38.000,2021-11-22 13:03:38.000
DAS,,2021-11-22 23:24:30.000,2021-11-25 12:49:30.000
DAS,,2021-11-25 12:50:30.000,2021-11-27 23:59:30.000
PLPI,HHE,2021-01-15 11:32:21.760,2021-01-15 11:32:50.470
PLPI,HHE,2021-01-15 11:33:14.350,2021-01-16 00:00:01.170
PLPI,HHN,2021-01-15 11:32:23.820,2021-01-15 11:32:50.470
PLPI,HHN,2021-01-15 11:33:14.350,2021-01-16 00:00:01.970
PLPI,HHZ,2021-01-15 11:32:23.820,2021-01-15 11:32:50.470
PLPI,HHZ,2021-01-15 11:33:14.350,2021-01-16 00:00:02.430
PLPI,HHE,2021-01-16 00:00:01.180,2021-01-17 00:00:00.350
PLPI,HHN,2021-01-16 00:00:01.980,2021-01-17 00:00:01.710
PLPI,HHZ,2021-01-16 00:00:02.440,2021-01-17 00:00:00.370
PLPI,HHE,2021-01-17 00:00:00.360,2021-01-18 00:00:01.590
PLPI,HHN,2021-01-17 00:00:01.720,2021-01-18 00:00:02.710
PLPI,HHZ,2021-01-17 00:00:00.380,2021-01-18 00:00:03.010
PLPI,HHE,2021-01-18 00:00:01.600,2021-01-19 00:00:00.180
PLPI,HHN,2021-01-18 00:00:02.720,2021-01-19 00:00:01.070
PLPI,HHZ,2021-01-18 00:00:03.020,2021-01-19 00:00:01.370
PLPI,HHE,2021-01-19 00:00:00.190,2021-01-20 00:00:00.660
PLPI,HHN,2021-01-19 00:00:01.080,2021-01-20 00:00:01.810
PLPI,HHZ,2021-01-19 00:00:01.380,2021-01-20 00:00:02.130
PLPI,HHE,2021-01-20 00:00:00.670,2021-01-20 00:46:59.680
PLPI,HHN,2021-01-20 00:00:01.820,2021-01-20 00:47:01.450
PLPI,HHZ,2021-01-20 00:00:02.140,2021-01-20 00:47:00.570
PLPI,HHE,2021-01-26 11:40:46.480,2021-01-26 11:41:03.430
PLPI,HHE,2021-01-26 11:41:12.980,2021-01-27 00:00:01.280
PLPI,HHN,2021-01-26 11:40:46.480,2021-01-26 11:41:03.430
PLPI,HHN,2021-01-26 11:41:12.980,2021-01-27 00:00:01.520
PLPI,HHZ,2021-01-26 11:40:46.480,2021-01-26 11:41:03.430
PLPI,HHZ,2021-01-26 11:41:12.980,2021-01-27 00:00:01.160
PLPI,HHE,2021-01-27 00:00:01.290,2021-01-27 16:58:04.570
PLPI,HHE,2021-01-27 17:14:18.650,2021-01-27 17:15:05.470
PLPI,HHE,2021-01-27 17:15:06.780,2021-01-28 00:00:01.330
PLPI,HHN,2021-01-27 00:00:01.530,2021-01-27 16:58:06.070
PLPI,HHN,2021-01-27 17:14:18.650,2021-01-27 17:15:05.470
PLPI,HHN,2021-01-27 17:15:06.780,2021-01-28 00:00:00.390
PLPI,HHZ,2021-01-27 00:00:01.170,2021-01-27 16:58:05.150
PLPI,HHZ,2021-01-27 17:14:18.650,2021-01-27 17:15:05.470
PLPI,HHZ,2021-01-27 17:15:06.780,2021-01-28 00:00:01.220
PLPI,HHE,2021-01-28 00:00:01.340,2021-01-29 00:00:01.170
PLPI,HHN,2021-01-28 00:00:00.400,2021-01-29 00:00:00.350
PLPI,HHZ,2021-01-28 00:00:01.230,2021-01-29 00:00:01.980
PLPI,HHE,2021-01-29 00:00:01.180,2021-01-30 00:00:00.530
PLPI,HHN,2021-01-29 00:00:00.360,2021-01-30 00:00:00.430
PLPI,HHZ,2021-01-29 00:00:01.990,2021-01-30 00:00:01.870
PLPI,HHE,2021-01-30 00:00:00.540,2021-01-31 00:00:01.810
PLPI,HHN,2021-01-30 00:00:00.440,2021-01-31 00:00:00.650
PLPI,HHZ,2021-01-30 00:00:01.880,2021-01-31 00:00:01.610
PLPI,HHE,2021-02-01 00:00:00.320,2021-02-01 20:00:15.930
PLPI,HHN,2021-02-01 00:00:01.940,2021-02-01 20:00:15.150
PLPI,HHZ,2021-02-01 00:00:01.400,2021-02-01 20:00:14.270
PLPI,HHE,2021-02-12 13:18:40.880,2021-02-12 13:19:20.430
PLPI,HHE,2021-02-12 13:19:36.880,2021-02-13 00:00:01.970
PLPI,HHN,2021-02-12 13:18:40.880,2021-02-12 13:19:20.430
PLPI,HHN,2021-02-12 13:19:36.880,2021-02-13 00:00:02.000
PLPI,HHZ,2021-02-12 13:18:42.940,2021-02-12 13:19:20.430
PLPI,HHZ,2021-02-12 13:19:36.880,2021-02-13 00:00:00.340
PLPI,HHE,2021-02-13 00:00:01.980,2021-02-14 00:00:00.770
PLPI,HHN,2021-02-13 00:00:02.010,2021-02-14 00:00:01.640
PLPI,HHZ,2021-02-13 00:00:00.350,2021-02-14 00:00:01.900
PLPI,HHE,2021-02-14 00:00:00.780,2021-02-15 00:00:00.550
PLPI,HHN,2021-02-14 00:00:01.650,2021-02-15 00:00:01.660
PLPI,HHZ,2021-02-14 00:00:01.910,2021-02-15 00:00:02.020
PLPI,HHE,2021-02-15 00:00:00.560,2021-02-16 00:00:01.570
PLPI,HHN,2021-02-15 00:00:01.670,2021-02-16 00:00:00.100
PLPI,HHZ,2021-02-15 00:00:02.030,2021-02-16 00:00:01.220
PLPI,HHE,2021-02-16 00:00:01.580,2021-02-17 00:00:01.470
PLPI,HHN,2021-02-16 00:00:00.110,2021-02-17 00:00:02.240
PLPI,HHZ,2021-02-16 00:00:01.230,2021-02-17 00:00:00.720
PLPI,HHE,2021-02-17 00:00:01.480,2021-02-18 00:00:00.890
PLPI,HHN,2021-02-17 00:00:02.250,2021-02-18 00:00:01.100
PLPI,HHZ,2021-02-17 00:00:00.730,2021-02-18 00:00:02.520
PLPI,HHE,2021-02-18 00:00:00.900,2021-02-19 00:00:00.130
PLPI,HHN,2021-02-18 00:00:01.110,2021-02-19 00:00:00.120
PLPI,HHZ,2021-02-18 00:00:02.530,2021-02-19 00:00:00.900
PLPI,HHE,2021-02-19 00:00:00.140,2021-02-20 00:00:01.470
PLPI,HHN,2021-02-19 00:00:00.130,2021-02-20 00:00:01.880
PLPI,HHZ,2021-02-19 00:00:00.910,2021-02-20 00:00:00.480
PLPI,HHE,2021-02-20 00:00:01.480,2021-02-20 15:15:46.650
PLPI,HHN,2021-02-20 00:00:01.890,2021-02-20 15:15:46.400
PLPI,HHZ,2021-02-20 00:00:00.490,2021-02-20 15:15:45.320
PLPI,HHE,2021-02-28 12:10:29.200,2021-02-28 12:11:00.430
PLPI,HHE,2021-02-28 12:11:13.590,2021-03-01 00:00:00.030
PLPI,HHN,2021-02-28 12:10:29.120,2021-02-28 12:11:00.430
PLPI,HHN,2021-02-28 12:11:13.590,2021-03-01 00:00:01.070
PLPI,HHZ,2021-02-28 12:10:27.180,2021-02-28 12:11:00.430
PLPI,HHZ,2021-02-28 12:11:13.590,2021-03-01 00:00:00.690
PLPI,HHE,2021-03-01 00:00:00.040,2021-03-02 00:00:01.650
PLPI,HHN,2021-03-01 00:00:01.080,2021-03-02 00:00:00.450
PLPI,HHZ,2021-03-01 00:00:00.700,2021-03-02 00:00:01.790
PLPI,HHE,2021-03-02 00:00:01.660,2021-03-03 00:00:00.250
PLPI,HHN,2021-03-02 00:00:00.460,2021-03-03 00:00:01.270
PLPI,HHZ,2021-03-02 00:00:01.800,2021-03-03 00:00:00.210
PLPI,HHE,2021-03-03 00:00:00.260,2021-03-03 13:36:40.710
PLPI,HHE,2021-03-03 14:18:23.510,2021-03-03 14:19:11.460
PLPI,HHE,2021-03-03 14:19:12.860,2021-03-04 00:00:01.560
PLPI,HHN,2021-03-03 00:00:01.280,2021-03-03 13:36:40.820
PLPI,HHN,2021-03-03 14:18:23.440,2021-03-03 14:19:11.460
PLPI,HHN,2021-03-03 14:19:12.860,2021-03-04 00:00:00.270
PLPI,HHZ,2021-03-03 00:00:00.220,2021-03-03 13:36:40.540
PLPI,HHZ,2021-03-03 14:18:23.520,2021-03-03 14:19:11.460
PLPI,HHZ,2021-03-03 14:19:12.860,2021-03-04 00:00:00.260
PLPI,HHE,2021-03-04 00:00:01.570,2021-03-05 00:00:00.690
PLPI,HHN,2021-03-04 00:00:00.280,2021-03-05 00:00:01.980
PLPI,HHZ,2021-03-04 00:00:00.270,2021-03-05 00:00:01.320
PLPI,HHE,2021-03-05 00:00:00.700,2021-03-06 00:00:00.740
PLPI,HHN,2021-03-05 00:00:01.990,2021-03-06 00:00:00.250
PLPI,HHZ,2021-03-05 00:00:01.330,2021-03-06 00:00:01.300
PLPI,HHE,2021-03-06 00:00:00.750,2021-03-07 00:00:01.160
PLPI,HHN,2021-03-06 00:00:00.260,2021-03-07 00:00:00.750
PLPI,HHZ,2021-03-06 00:00:01.310,2021-03-07 00:00:01.780
PLPI,HHE,2021-03-07 00:00:01.170,2021-03-08 00:00:00.580
PLPI,HHN,2021-03-07 00:00:00.760,2021-03-08 00:00:00.530
PLPI,HHZ,2021-03-07 00:00:01.790,2021-03-08 00:00:01.200
PLPI,HHE,2021-03-08 00:00:00.590,2021-03-09 00:00:00.450
PLPI,HHN,2021-03-08 00:00:00.540,2021-03-09 00:00:01.610
PLPI,HHZ,2021-03-08 00:00:01.210,2021-03-09 00:00:02.300
PLPI,HHE,2021-03-09 00:00:00.460,2021-03-10 00:00:01.480
PLPI,HHN,2021-03-09 00:00:01.620,2021-03-10 00:00:00.930
PLPI,HHZ,2021-03-09 00:00:02.310,2021-03-10 00:00:02.600
PLPI,HHE,2021-03-10 00:00:01.490,2021-03-11 00:00:02.280
PLPI,HHN,2021-03-10 00:00:00.940,2021-03-11 00:00:01.970
PLPI,HHZ,2021-03-10 00:00:02.610,2021-03-11 00:00:01.560
PLPI,HHE,2021-03-11 00:00:02.290,2021-03-12 00:00:01.800
PLPI,HHN,2021-03-11 00:00:01.980,2021-03-12 00:00:01.070
PLPI,HHZ,2021-03-11 00:00:01.570,2021-03-12 00:00:01.100
PLPI,HHE,2021-03-12 00:00:01.810,2021-03-13 00:00:02.190
PLPI,HHN,2021-03-12 00:00:01.080,2021-03-13 00:00:00.860
PLPI,HHZ,2021-03-12 00:00:01.110,2021-03-13 00:00:02.160
PLPI,HHE,2021-03-13 00:00:02.200,2021-03-14 00:00:01.510
PLPI,HHN,2021-03-13 00:00:00.870,2021-03-14 00:00:02.280
PLPI,HHZ,2021-03-13 00:00:02.170,2021-03-14 00:00:02.320
PLPI,HHE,2021-03-14 00:00:01.520,2021-03-15 00:00:02.550
PLPI,HHN,2021-03-14 00:00:02.290,2021-03-15 00:00:02.060
PLPI,HHZ,2021-03-14 00:00:02.330,2021-03-15 00:00:02.120
PLPI,HHE,2021-03-15 00:00:02.560,2021-03-16 00:00:02.400
PLPI,HHN,2021-03-15 00:00:02.070,2021-03-16 00:00:02.120
PLPI,HHZ,2021-03-15 00:00:02.130,2021-03-16 00:00:00.940
PLPI,HHE,2021-03-16 00:00:02.410,2021-03-17 00:00:01.940
PLPI,HHN,2021-03-16 00:00:02.130,2021-03-17 00:00:01.660
PLPI,HHZ,2021-03-16 00:00:00.950,2021-03-17 00:00:00.880
PLPI,HHE,2021-03-17 00:00:01.950,2021-03-18 00:00:00.280
PLPI,HHN,2021-03-17 00:00:01.670,2021-03-18 00:00:00.920
PLPI,HHZ,2021-03-17 00:00:00.890,2021-03-18 00:00:02.400
PLPI,HHE,2021-03-18 00:00:00.290,2021-03-19 00:00:01.640
PLPI,HHN,2021-03-18 00:00:00.930,2021-03-19 00:00:00.840
PLPI,HHZ,2021-03-18 00:00:02.410,2021-03-19 00:00:01.200
PLPI,HHE,2021-03-19 00:00:01.650,2021-03-20 00:00:00.040
PLPI,HHN,2021-03-19 00:00:00.850,2021-03-20 00:00:01.160
PLPI,HHZ,2021-03-19 00:00:01.210,2021-03-20 00:00:01.880
PLPI,HHE,2021-03-20 00:00:00.050,2021-03-21 00:00:01.180
PLPI,HHN,2021-03-20 00:00:01.170,2021-03-21 00:00:02.360
PLPI,HHZ,2021-03-20 00:00:01.890,2021-03-21 00:00:02.700
PLPI,HHE,2021-03-21 00:00:01.190,2021-03-22 00:00:00.740
PLPI,HHN,2021-03-21 00:00:02.370,2021-03-22 00:00:00.200
PLPI,HHZ,2021-03-21 00:00:02.710,2021-03-22 00:00:01.720
PLPI,HHE,2021-03-22 00:00:00.750,2021-03-23 00:00:00.540
PLPI,HHN,2021-03-22 00:00:00.210,2021-03-23 00:00:00.920
PLPI,HHZ,2021-03-22 00:00:01.730,2021-03-23 00:00:02.620
PLPI,HHE,2021-03-23 00:00:00.550,2021-03-24 00:00:00.780
PLPI,HHN,2021-03-23 00:00:00.930,2021-03-24 00:00:03.060
PLPI,HHZ,2021-03-23 00:00:02.630,2021-03-24 00:00:00.260
PLPI,HHE,2021-03-24 00:00:00.790,2021-03-25 00:00:02.160
PLPI,HHN,2021-03-24 00:00:03.070,2021-03-25 00:00:01.080
PLPI,HHZ,2021-03-24 00:00:00.270,2021-03-25 00:00:00.060
PLPI,HHE,2021-03-25 00:00:02.170,2021-03-26 00:00:01.340
PLPI,HHN,2021-03-25 00:00:01.090,2021-03-26 00:00:02.180
PLPI,HHZ,2021-03-25 00:00:00.070,2021-03-26 00:00:02.120
PLPI,HHE,2021-03-26 00:00:01.350,2021-03-27 00:00:01.240
PLPI,HHN,2021-03-26 00:00:02.190,2021-03-27 00:00:02.280
PLPI,HHZ,2021-03-26 00:00:02.130,2021-03-27 00:00:02.080
PLPI,HHE,2021-03-27 00:00:01.250,2021-03-28 00:00:01.700
PLPI,HHN,2021-03-27 00:00:02.290,2021-03-28 00:00:00.200
PLPI,HHZ,2021-03-27 00:00:02.090,2021-03-28 00:00:01.280
PLPI,HHE,2021-03-28 00:00:01.710,2021-03-29 00:00:00.580
PLPI,HHN,2021-03-28 00:00:00.210,2021-03-29 00:00:00.400
PLPI,HHZ,2021-03-28 00:00:01.290,2021-03-29 00:00:02.480
PLPI,HHE,2021-03-29 00:00:00.590,2021-03-30 00:00:02.320
PLPI,HHN,2021-03-29 00:00:00.410,2021-03-29 15:23:06.100
PLPI,HHN,2021-03-29 15:25:19.610,2021-03-30 00:00:03.100
PLPI,HHZ,2021-03-29 00:00:02.490,2021-03-30 00:00:01.580
PLPI,HHE,2021-03-30 00:00:02.330,2021-03-30 11:31:31.340
PLPI,HHE,2021-03-30 11:31:33.410,2021-03-31 00:00:02.080
PLPI,HHN,2021-03-30 00:00:03.110,2021-03-30 11:31:32.460
PLPI,HHZ,2021-03-30 00:00:01.590,2021-03-31 00:00:01.000
PLPI,HHE,2021-04-01 00:00:01.250,2021-04-02 00:00:01.160
PLPI,HHZ,2021-04-01 00:00:01.570,2021-04-02 00:00:02.910
PLPI,HHE,2021-04-02 00:00:01.170,2021-04-03 00:00:00.700
PLPI,HHN,2021-04-02 21:11:34.830,2021-04-02 22:29:26.340
PLPI,HHN,2021-04-02 22:52:36.330,2021-04-03 00:00:03.020
PLPI,HHZ,2021-04-02 00:00:02.920,2021-04-03 00:00:01.290
PLPI,HHE,2021-04-03 00:00:00.710,2021-04-04 00:00:01.840
PLPI,HHN,2021-04-03 00:00:03.030,2021-04-04 00:00:01.560
PLPI,HHZ,2021-04-03 00:00:01.300,2021-04-04 00:00:02.750
PLPI,HHE,2021-04-04 00:00:01.850,2021-04-05 00:00:00.420
PLPI,HHN,2021-04-04 00:00:01.570,2021-04-05 00:00:00.340
PLPI,HHZ,2021-04-04 00:00:02.760,2021-04-05 00:00:00.450
PLPI,HHE,2021-04-05 00:00:00.430,2021-04-06 00:00:00.740
PLPI,HHN,2021-04-05 00:00:00.350,2021-04-06 00:00:01.740
PLPI,HHZ,2021-04-05 00:00:00.460,2021-04-06 00:00:01.150
PLPI,HHE,2021-04-06 00:00:00.750,2021-04-07 00:00:00.640
PLPI,HHN,2021-04-06 00:00:01.750,2021-04-07 00:00:00.900
PLPI,HHZ,2021-04-06 00:00:01.160,2021-04-07 00:00:02.230
PLPI,HHE,2021-04-07 00:00:00.650,2021-04-08 00:00:01.220
PLPI,HHN,2021-04-07 00:00:00.910,2021-04-08 00:00:00.540
PLPI,HHZ,2021-04-07 00:00:02.240,2021-04-08 00:00:01.610
PLPI,HHE,2021-04-08 00:00:01.230,2021-04-09 00:00:02.460
PLPI,HHN,2021-04-08 00:00:00.550,2021-04-09 00:00:00.820
PLPI,HHZ,2021-04-08 00:00:01.620,2021-04-09 00:00:00.690
PLPI,HHE,2021-04-09 00:00:02.470,2021-04-10 00:00:00.160
PLPI,HHN,2021-04-09 00:00:00.830,2021-04-10 00:00:02.140
PLPI,HHZ,2021-04-09 00:00:00.700,2021-04-10 00:00:02.890
PLPI,HHE,2021-04-10 00:00:00.170,2021-04-10 04:05:15.860
PLPI,HHN,2021-04-10 00:00:02.150,2021-04-10 04:05:15.380
PLPI,HHZ,2021-04-10 00:00:02.900,2021-04-11 00:00:02.670
PLPI,HHZ,2021-04-11 00:00:02.680,2021-04-12 00:00:03.170
PLPI,HHZ,2021-04-12 00:00:03.180,2021-04-13 00:00:01.110
PLPI,HHZ,2021-04-13 00:00:01.120,2021-04-14 00:00:01.390
PLPI,HHZ,2021-04-14 00:00:01.400,2021-04-15 00:00:02.970
PLPI,HHZ,2021-04-15 00:00:02.980,2021-04-16 00:00:00.130
PLPI,HHZ,2021-04-16 00:00:00.140,2021-04-17 00:00:01.270
PLPI,HHZ,2021-04-17 00:00:01.280,2021-04-18 00:00:00.170
PLPI,HHZ,2021-04-18 00:00:00.180,2021-04-19 00:00:01.790
PLPI,HHZ,2021-04-19 00:00:01.800,2021-04-20 00:00:01.370
PLPI,HHE,2021-04-20 10:28:45.900,2021-04-20 13:23:31.350
PLPI,HHN,2021-04-20 10:28:47.390,2021-04-20 13:01:37.980
PLPI,HHZ,2021-04-20 00:00:01.380,2021-04-20 13:32:14.170
PLPI,HHZ,2021-04-20 13:33:43.650,2021-04-21 00:00:00.590
PLPI,HHZ,2021-04-21 00:00:00.600,2021-04-22 00:00:00.150
PLPI,HHZ,2021-04-22 00:00:00.160,2021-04-23 00:00:00.990
PLPI,HHZ,2021-04-23 00:00:01.000,2021-04-24 00:00:01.050
PLPI,HHZ,2021-04-24 00:00:01.060,2021-04-25 00:00:01.330
PLPI,HHZ,2021-04-25 00:00:01.340,2021-04-26 00:00:00.650
PLPI,HHN,2021-04-26 11:24:24.050,2021-04-27 00:00:01.880
PLPI,HHZ,2021-04-26 00:00:00.660,2021-04-27 00:00:01.370
PLPI,HHE,2021-04-27 21:40:33.240,2021-04-27 23:02:31.450
PLPI,HHN,2021-04-27 00:00:01.890,2021-04-28 00:00:00.960
PLPI,HHZ,2021-04-27 00:00:01.380,2021-04-28 00:00:01.890
PLPI,HHE,2021-04-28 22:59:59.080,2021-04-28 23:59:57.930
PLPI,HHN,2021-04-28 00:00:00.970,2021-04-29 00:00:01.900
PLPI,HHZ,2021-04-28 00:00:01.900,2021-04-29 00:00:00.890
PLPI,HHE,2021-04-29 00:31:47.540,2021-04-29 15:09:35.990
PLPI,HHE,2021-04-29 21:14:39.320,2021-04-29 22:43:54.310
PLPI,HHE,2021-04-29 22:50:48.680,2021-04-30 00:00:00.490
PLPI,HHN,2021-04-29 00:00:01.910,2021-04-30 00:00:01.780
PLPI,HHZ,2021-04-29 00:00:00.900,2021-04-30 00:00:02.250
PLPI,HHE,2021-04-30 00:00:00.500,2021-05-01 00:00:02.010
PLPI,HHN,2021-04-30 00:00:01.790,2021-05-01 00:00:00.020
PLPI,HHZ,2021-04-30 00:00:02.260,2021-05-01 00:00:00.350
PLPI,HHE,2021-05-01 00:00:02.020,2021-05-02 00:00:00.810
PLPI,HHN,2021-05-01 00:00:00.030,2021-05-02 00:00:01.400
PLPI,HHZ,2021-05-01 00:00:00.360,2021-05-02 00:00:02.810
PLPI,HHE,2021-05-02 00:00:00.820,2021-05-03 00:00:00.650
PLPI,HHN,2021-05-02 00:00:01.410,2021-05-03 00:00:00.600
PLPI,HHZ,2021-05-02 00:00:02.820,2021-05-03 00:00:01.390
PLPI,HHE,2021-05-03 00:00:00.660,2021-05-04 00:00:02.750
PLPI,HHN,2021-05-03 00:00:00.610,2021-05-04 00:00:01.380
PLPI,HHZ,2021-05-03 00:00:01.400,2021-05-04 00:00:00.990
PLPI,HHE,2021-05-04 00:00:02.760,2021-05-05 00:00:01.050
PLPI,HHN,2021-05-04 00:00:01.390,2021-05-05 00:00:02.340
PLPI,HHZ,2021-05-04 00:00:01.000,2021-05-05 00:00:00.210
PLPI,HHE,2021-05-05 00:00:01.060,2021-05-06 00:00:00.290
PLPI,HHN,2021-05-05 00:00:02.350,2021-05-06 00:00:01.460
PLPI,HHZ,2021-05-05 00:00:00.220,2021-05-06 00:00:00.130
PLPI,HHE,2021-05-06 00:00:00.300,2021-05-07 00:00:00.010
PLPI,HHN,2021-05-06 00:00:01.470,2021-05-07 00:00:01.460
PLPI,HHZ,2021-05-06 00:00:00.140,2021-05-07 00:00:01.870
PLPI,HHE,2021-05-07 00:00:00.020,2021-05-08 00:00:02.550
PLPI,HHN,2021-05-07 00:00:01.470,2021-05-08 00:00:00.440
PLPI,HHZ,2021-05-07 00:00:01.880,2021-05-08 00:00:02.590
PLPI,HHE,2021-05-08 00:00:02.560,2021-05-09 00:00:01.450
PLPI,HHN,2021-05-08 00:00:00.450,2021-05-09 00:00:01.140
PLPI,HHZ,2021-05-08 00:00:02.600,2021-05-09 00:00:00.830
PLPI,HHE,2021-05-09 00:00:01.460,2021-05-10 00:00:01.970
PLPI,HHN,2021-05-09 00:00:01.150,2021-05-10 00:00:01.800
PLPI,HHZ,2021-05-09 00:00:00.840,2021-05-10 00:00:00.690
PLPI,HHE,2021-05-10 00:00:01.980,2021-05-11 00:00:00.110
PLPI,HHN,2021-05-10 00:00:01.810,2021-05-11 00:00:02.220
PLPI,HHZ,2021-05-10 00:00:00.700,2021-05-11 00:00:01.850
PLPI,HHE,2021-05-11 00:00:00.120,2021-05-12 00:00:00.070
PLPI,HHN,2021-05-11 00:00:02.230,2021-05-12 00:00:01.760
PLPI,HHZ,2021-05-11 00:00:01.860,2021-05-12 00:00:00.650
PLPI,HHE,2021-05-12 00:00:00.080,2021-05-13 00:00:01.990
PLPI,HHN,2021-05-12 00:00:01.770,2021-05-13 00:00:00.160
PLPI,HHZ,2021-05-12 00:00:00.660,2021-05-13 00:00:02.390
PLPI,HHE,2021-05-13 00:00:02.000,2021-05-14 00:00:01.270
PLPI,HHN,2021-05-13 00:00:00.170,2021-05-14 00:00:00.060
PLPI,HHZ,2021-05-13 00:00:02.400,2021-05-14 00:00:01.490
PLPI,HHE,2021-05-14 00:00:01.280,2021-05-15 00:00:01.670
PLPI,HHN,2021-05-14 00:00:00.070,2021-05-15 00:00:00.500
PLPI,HHZ,2021-05-14 00:00:01.500,2021-05-15 00:00:01.650
PLPI,HHE,2021-05-15 00:00:01.680,2021-05-16 00:00:01.610
PLPI,HHN,2021-05-15 00:00:00.510,2021-05-16 00:00:01.260
PLPI,HHZ,2021-05-15 00:00:01.660,2021-05-16 00:00:00.110
PLPI,HHE,2021-05-16 00:00:01.620,2021-05-17 00:00:01.530
PLPI,HHN,2021-05-16 00:00:01.270,2021-05-17 00:00:01.420
PLPI,HHZ,2021-05-16 00:00:00.120,2021-05-17 00:00:00.270
PLPI,HHE,2021-05-17 00:00:01.540,2021-05-18 00:00:00.640
PLPI,HHN,2021-05-17 00:00:01.430,2021-05-18 00:00:00.400
PLPI,HHZ,2021-05-17 00:00:00.280,2021-05-18 00:00:01.550
PLPI,HHE,2021-05-18 00:00:00.650,2021-05-19 00:00:00.920
PLPI,HHN,2021-05-18 00:00:00.410,2021-05-19 00:00:01.920
PLPI,HHZ,2021-05-18 00:00:01.560,2021-05-19 00:00:01.190
PLPI,HHE,2021-05-19 00:00:00.930,2021-05-20 00:00:00.720
PLPI,HHN,2021-05-19 00:00:01.930,2021-05-20 00:00:00.140
PLPI,HHZ,2021-05-19 00:00:01.200,2021-05-20 00:00:01.270
PLPI,HHE,2021-05-20 00:00:00.730,2021-05-21 00:00:00.800
PLPI,HHN,2021-05-20 00:00:00.150,2021-05-21 00:00:00.320
PLPI,HHZ,2021-05-20 00:00:01.280,2021-05-21 00:00:00.950
PLPI,HHE,2021-05-21 00:00:00.810,2021-05-22 00:00:01.670
PLPI,HHN,2021-05-21 00:00:00.330,2021-05-22 00:00:00.470
PLPI,HHZ,2021-05-21 00:00:00.960,2021-05-22 00:00:00.950
PLPI,HHE,2021-05-22 00:00:01.680,2021-05-23 00:00:01.070
PLPI,HHN,2021-05-22 00:00:00.480,2021-05-23 00:00:00.430
PLPI,HHZ,2021-05-22 00:00:00.960,2021-05-23 00:00:00.250
PLPI,HHE,2021-05-23 00:00:01.080,2021-05-24 00:00:01.170
PLPI,HHN,2021-05-23 00:00:00.440,2021-05-24 00:00:00.490
PLPI,HHZ,2021-05-23 00:00:00.260,2021-05-24 00:00:01.110
PLPI,HHE,2021-05-24 00:00:01.180,2021-05-25 00:00:01.190
PLPI,HHN,2021-05-24 00:00:00.500,2021-05-25 00:00:01.230
PLPI,HHZ,2021-05-24 00:00:01.120,2021-05-25 00:00:01.790
PLPI,HHE,2021-05-25 00:00:01.200,2021-05-26 00:00:00.790
PLPI,HHN,2021-05-25 00:00:01.240,2021-05-26 00:00:02.170
PLPI,HHZ,2021-05-25 00:00:01.800,2021-05-26 00:00:00.890
PLPI,HHE,2021-05-26 00:00:00.800,2021-05-27 00:00:03.010
PLPI,HHN,2021-05-26 00:00:02.180,2021-05-27 00:00:01.950
PLPI,HHZ,2021-05-26 00:00:00.900,2021-05-27 00:00:00.650
PLPI,HHE,2021-05-27 00:00:03.020,2021-05-28 00:00:02.130
PLPI,HHN,2021-05-27 00:00:01.960,2021-05-28 00:00:01.330
PLPI,HHZ,2021-05-27 00:00:00.660,2021-05-28 00:00:02.670
PLPI,HHE,2021-05-28 00:00:02.140,2021-05-29 00:00:02.140
PLPI,HHN,2021-05-28 00:00:01.340,2021-05-29 00:00:02.170
PLPI,HHZ,2021-05-28 00:00:02.680,2021-05-29 00:00:02.670
PLPI,HHE,2021-05-29 00:00:02.150,2021-05-30 00:00:01.860
PLPI,HHN,2021-05-29 00:00:02.180,2021-05-30 00:00:00.970
PLPI,HHZ,2021-05-29 00:00:02.680,2021-05-30 00:00:01.990
PLPI,HHE,2021-05-30 00:00:01.870,2021-05-31 00:00:02.450
PLPI,HHN,2021-05-30 00:00:00.980,2021-05-31 00:00:02.610
PLPI,HHZ,2021-05-30 00:00:02.000,2021-05-31 00:00:00.870
PLPI,HHE,2021-06-01 00:00:01.840,2021-06-02 00:00:00.770
PLPI,HHN,2021-06-01 00:00:00.960,2021-06-02 00:00:00.090
PLPI,HHZ,2021-06-01 00:00:01.900,2021-06-02 00:00:01.750
PLPI,HHE,2021-06-02 00:00:00.780,2021-06-03 00:00:01.420
PLPI,HHN,2021-06-02 00:00:00.100,2021-06-03 00:00:00.450
PLPI,HHZ,2021-06-02 00:00:01.760,2021-06-03 00:00:01.050
PLPI,HHE,2021-06-03 00:00:01.430,2021-06-04 00:00:00.780
PLPI,HHN,2021-06-03 00:00:00.460,2021-06-04 00:00:00.050
PLPI,HHZ,2021-06-03 00:00:01.060,2021-06-04 00:00:00.070
PLPI,HHE,2021-06-04 00:00:00.790,2021-06-05 00:00:02.520
PLPI,HHN,2021-06-04 00:00:00.060,2021-06-05 00:00:02.270
PLPI,HHZ,2021-06-04 00:00:00.080,2021-06-05 00:00:00.730
PLPI,HHE,2021-06-05 00:00:02.530,2021-06-06 00:00:02.140
PLPI,HHN,2021-06-05 00:00:02.280,2021-06-06 00:00:01.880
PLPI,HHZ,2021-06-05 00:00:00.740,2021-06-06 00:00:00.490
PLPI,HHE,2021-06-06 00:00:02.150,2021-06-07 00:00:01.780
PLPI,HHN,2021-06-06 00:00:01.890,2021-06-07 00:00:00.220
PLPI,HHZ,2021-06-06 00:00:00.500,2021-06-07 00:00:01.230
PLPI,HHE,2021-06-07 00:00:01.790,2021-06-08 00:00:02.280
PLPI,HHN,2021-06-07 00:00:00.230,2021-06-08 00:00:01.100
PLPI,HHZ,2021-06-07 00:00:01.240,2021-06-07 23:59:59.990
PLPI,HHE,2021-06-08 00:00:02.290,2021-06-09 00:00:01.410
PLPI,HHN,2021-06-08 00:00:01.110,2021-06-09 00:00:01.240
PLPI,HHZ,2021-06-08 00:00:00.000,2021-06-09 00:00:00.930
PLPI,HHE,2021-06-09 00:00:01.420,2021-06-10 00:00:02.850
PLPI,HHN,2021-06-09 00:00:01.250,2021-06-10 00:00:02.940
PLPI,HHZ,2021-06-09 00:00:00.940,2021-06-10 00:00:00.150
PLPI,HHE,2021-06-10 00:00:02.860,2021-06-11 00:00:00.970
PLPI,HHN,2021-06-10 00:00:02.950,2021-06-11 00:00:00.840
PLPI,HHZ,2021-06-10 00:00:00.160,2021-06-11 00:00:02.170
PLPI,HHE,2021-06-11 00:00:00.980,2021-06-12 00:00:00.030
PLPI,HHN,2021-06-11 00:00:00.850,2021-06-12 00:00:00.740
PLPI,HHZ,2021-06-11 00:00:02.180,2021-06-12 00:00:00.940
PLPI,HHE,2021-06-12 00:00:00.040,2021-06-13 00:00:01.430
PLPI,HHN,2021-06-12 00:00:00.750,2021-06-13 00:00:01.580
PLPI,HHZ,2021-06-12 00:00:00.950,2021-06-13 00:00:01.200
PLPI,HHE,2021-06-13 00:00:01.440,2021-06-14 00:00:02.350
PLPI,HHN,2021-06-13 00:00:01.590,2021-06-14 00:00:01.220
PLPI,HHZ,2021-06-13 00:00:01.210,2021-06-14 00:00:01.720
PLPI,HHE,2021-06-14 00:00:02.360,2021-06-15 00:00:00.930
PLPI,HHN,2021-06-14 00:00:01.230,2021-06-15 00:00:00.470
PLPI,HHZ,2021-06-14 00:00:01.730,2021-06-15 00:00:00.760
PLPI,HHE,2021-06-15 00:00:00.940,2021-06-16 00:00:01.930
PLPI,HHN,2021-06-15 00:00:00.480,2021-06-16 00:00:00.730
PLPI,HHZ,2021-06-15 00:00:00.770,2021-06-16 00:00:00.280
PLPI,HHE,2021-06-16 00:00:01.940,2021-06-17 00:00:00.890
PLPI,HHN,2021-06-16 00:00:00.740,2021-06-17 00:00:01.790
PLPI,HHZ,2021-06-16 00:00:00.290,2021-06-17 00:00:00.100
PLPI,HHE,2021-06-17 00:00:00.900,2021-06-18 00:00:00.470
PLPI,HHN,2021-06-17 00:00:01.800,2021-06-18 00:00:02.110
PLPI,HHZ,2021-06-17 00:00:00.110,2021-06-18 00:00:01.100
PLPI,HHE,2021-06-18 00:00:00.480,2021-06-19 00:00:00.100
PLPI,HHN,2021-06-18 00:00:02.120,2021-06-19 00:00:01.750
PLPI,HHZ,2021-06-18 00:00:01.110,2021-06-19 00:00:03.040
PLPI,HHE,2021-06-19 00:00:00.110,2021-06-20 00:00:00.780
PLPI,HHN,2021-06-19 00:00:01.760,2021-06-20 00:00:01.890
PLPI,HHZ,2021-06-19 00:00:03.050,2021-06-20 00:00:02.540
PLPI,HHE,2021-06-20 00:00:00.790,2021-06-21 00:00:01.100
PLPI,HHN,2021-06-20 00:00:01.900,2021-06-21 00:00:01.010
PLPI,HHZ,2021-06-20 00:00:02.550,2021-06-21 00:00:01.920
PLPI,HHE,2021-06-21 00:00:01.110,2021-06-22 00:00:01.500
PLPI,HHN,2021-06-21 00:00:01.020,2021-06-22 00:00:02.410
PLPI,HHZ,2021-06-21 00:00:01.930,2021-06-22 00:00:02.320
PLPI,HHE,2021-06-22 00:00:01.510,2021-06-22 23:59:59.990
PLPI,HHN,2021-06-22 00:00:02.420,2021-06-23 00:00:02.050
PLPI,HHZ,2021-06-22 00:00:02.330,2021-06-23 00:00:00.260
PLPI,HHE,2021-06-23 00:00:00.000,2021-06-24 00:00:02.990
PLPI,HHN,2021-06-23 00:00:02.060,2021-06-24 00:00:00.410
PLPI,HHZ,2021-06-23 00:00:00.270,2021-06-24 00:00:02.470
PLPI,HHE,2021-06-24 00:00:03.000,2021-06-25 00:00:00.300
PLPI,HHN,2021-06-24 00:00:00.420,2021-06-25 00:00:00.970
PLPI,HHZ,2021-06-24 00:00:02.480,2021-06-25 00:00:02.640
PLPI,HHE,2021-06-25 00:00:00.310,2021-06-26 00:00:02.120
PLPI,HHN,2021-06-25 00:00:00.980,2021-06-26 00:00:00.970
PLPI,HHZ,2021-06-25 00:00:02.650,2021-06-25 13:42:09.380
PLPI,HHZ,2021-06-25 18:55:56.050,2021-06-25 19:55:54.940
PLPI,HHZ,2021-06-25 20:32:42.850,2021-06-26 00:00:03.360
PLPI,HHE,2021-06-26 00:00:02.130,2021-06-27 00:00:01.420
PLPI,HHN,2021-06-26 00:00:00.980,2021-06-27 00:00:03.360
PLPI,HHZ,2021-06-26 00:00:03.370,2021-06-26 12:14:05.880
PLPI,HHZ,2021-06-26 20:24:45.010,2021-06-26 21:28:40.420
PLPI,HHZ,2021-06-26 22:00:23.930,2021-06-27 00:00:02.020
PLPI,HHE,2021-06-27 00:00:01.430,2021-06-28 00:00:00.080
PLPI,HHN,2021-06-27 00:00:03.370,2021-06-28 00:00:00.880
PLPI,HHZ,2021-06-27 00:00:02.030,2021-06-27 08:03:14.420
PLPI,HHZ,2021-06-27 08:07:26.930,2021-06-27 11:43:52.740
PLPI,HHZ,2021-06-27 20:34:52.870,2021-06-28 00:00:01.020
PLPI,HHE,2021-06-28 00:00:00.090,2021-06-29 00:00:01.060
PLPI,HHN,2021-06-28 00:00:00.890,2021-06-29 00:00:00.300
PLPI,HHZ,2021-06-28 00:00:01.030,2021-06-28 11:15:32.620
PLPI,HHZ,2021-06-28 20:35:05.130,2021-06-28 21:43:36.200
PLPI,HHZ,2021-06-28 22:10:37.010,2021-06-29 00:00:00.080
PLPI,HHE,2021-06-29 00:00:01.070,2021-06-30 00:00:00.620
PLPI,HHN,2021-06-29 00:00:00.310,2021-06-30 00:00:01.940
PLPI,HHZ,2021-06-29 00:00:00.090,2021-06-29 11:23:21.240
PLPI,HHE,2021-06-30 00:00:00.630,2021-07-01 00:00:02.180
PLPI,HHN,2021-06-30 00:00:01.950,2021-07-01 00:00:01.340
PLPI,HHZ,2021-06-30 01:34:07.470,2021-06-30 11:14:20.840
PLPI,HHZ,2021-06-30 20:40:35.670,2021-07-01 00:00:01.640
PLPI,HHE,2021-07-01 00:00:02.190,2021-07-02 00:00:01.720
PLPI,HHN,2021-07-01 00:00:01.350,2021-07-02 00:00:02.000
PLPI,HHZ,2021-07-01 00:00:01.650,2021-07-01 11:23:58.080
PLPI,HHZ,2021-07-01 19:39:58.490,2021-07-01 20:39:56.980
PLPI,HHZ,2021-07-01 21:15:17.910,2021-07-02 00:00:01.380
PLPI,HHE,2021-07-02 00:00:01.730,2021-07-03 00:00:01.660
PLPI,HHN,2021-07-02 00:00:02.010,2021-07-03 00:00:00.960
PLPI,HHZ,2021-07-02 00:00:01.390,2021-07-02 10:52:23.200
PLPI,HHZ,2021-07-02 22:37:04.650,2021-07-03 00:00:00.920
PLPI,HHE,2021-07-03 00:00:01.670,2021-07-04 00:00:01.080
PLPI,HHN,2021-07-03 00:00:00.970,2021-07-04 00:00:02.260
PLPI,HHZ,2021-07-03 00:00:00.930,2021-07-03 10:49:08.460
PLPI,HHE,2021-07-04 00:00:01.090,2021-07-05 00:00:01.380
PLPI,HHN,2021-07-04 00:00:02.270,2021-07-05 00:00:00.520
PLPI,HHZ,2021-07-04 00:24:27.050,2021-07-04 10:40:58.860
PLPI,HHZ,2021-07-04 22:12:27.910,2021-07-05 00:00:02.900
PLPI,HHE,2021-07-05 00:00:01.390,2021-07-06 00:00:00.080
PLPI,HHN,2021-07-05 00:00:00.530,2021-07-06 00:00:01.440
PLPI,HHZ,2021-07-05 00:00:02.910,2021-07-05 10:50:57.940
PLPI,HHZ,2021-07-05 20:43:10.330,2021-07-05 21:54:15.460
PLPI,HHZ,2021-07-05 22:22:33.010,2021-07-06 00:00:01.480
PLPI,HHE,2021-07-06 00:00:00.090,2021-07-06 10:38:08.500
PLPI,HHE,2021-07-06 11:18:49.770,2021-07-07 00:00:01.260
PLPI,HHN,2021-07-06 00:00:01.450,2021-07-06 10:38:10.060
PLPI,HHN,2021-07-06 11:18:49.390,2021-07-07 00:00:02.060
PLPI,HHZ,2021-07-06 00:00:01.490,2021-07-06 10:29:22.240
PLPI,HHZ,2021-07-06 10:32:50.310,2021-07-06 10:38:09.700
PLPI,HHZ,2021-07-06 11:18:49.290,2021-07-06 11:18:51.340
PLPI,HHZ,2021-07-06 21:22:59.050,2021-07-07 00:00:03.160
PLPI,HHE,2021-07-07 00:00:01.270,2021-07-08 00:00:01.740
PLPI,HHN,2021-07-07 00:00:02.070,2021-07-08 00:00:00.160
PLPI,HHZ,2021-07-07 00:00:03.170,2021-07-07 10:39:34.800
PLPI,HHZ,2021-07-07 21:30:15.690,2021-07-08 00:00:00.580
PLPI,HHE,2021-07-08 00:00:01.750,2021-07-09 00:00:01.160
PLPI,HHN,2021-07-08 00:00:00.170,2021-07-09 00:00:02.220
PLPI,HHZ,2021-07-08 00:00:00.590,2021-07-08 10:51:19.100
PLPI,HHZ,2021-07-08 21:40:05.090,2021-07-09 00:00:00.120
PLPI,HHE,2021-07-09 00:00:01.170,2021-07-10 00:00:01.160
PLPI,HHN,2021-07-09 00:00:02.230,2021-07-10 00:00:01.020
PLPI,HHZ,2021-07-09 00:00:00.130,2021-07-09 12:26:40.600
PLPI,HHZ,2021-07-09 20:48:10.430,2021-07-09 22:01:21.520
PLPI,HHZ,2021-07-09 22:19:52.630,2021-07-10 00:00:00.200
PLPI,HHE,2021-07-10 00:00:01.170,2021-07-11 00:00:00.490
PLPI,HHN,2021-07-10 00:00:01.030,2021-07-11 00:00:01.600
PLPI,HHZ,2021-07-10 00:00:00.210,2021-07-10 11:43:24.650
PLPI,HHZ,2021-07-10 21:05:23.900,2021-07-11 00:00:00.590
PLPI,HHE,2021-07-11 00:00:00.500,2021-07-12 00:00:00.850
PLPI,HHN,2021-07-11 00:00:01.610,2021-07-12 00:00:00.840
PLPI,HHZ,2021-07-11 00:00:00.600,2021-07-11 10:58:16.590
PLPI,HHZ,2021-07-11 20:59:38.640,2021-07-11 21:59:36.850
PLPI,HHZ,2021-07-11 22:39:42.580,2021-07-12 00:00:00.150
PLPI,HHE,2021-07-12 00:00:00.860,2021-07-13 00:00:01.630
PLPI,HHN,2021-07-12 00:00:00.850,2021-07-13 00:00:01.080
PLPI,HHZ,2021-07-12 00:00:00.160,2021-07-12 10:35:57.870
PLPI,HHZ,2021-07-12 21:20:40.140,2021-07-13 00:00:01.970
PLPI,HHE,2021-07-13 00:00:01.640,2021-07-14 00:00:01.370
PLPI,HHN,2021-07-13 00:00:01.090,2021-07-14 00:00:01.840
PLPI,HHZ,2021-07-13 00:00:01.980,2021-07-13 09:55:31.350
PLPI,HHZ,2021-07-13 09:56:02.260,2021-07-13 10:24:55.070
PLPI,HHE,2021-07-14 00:00:01.380,2021-07-15 00:00:00.770
PLPI,HHN,2021-07-14 00:00:01.850,2021-07-15 00:00:00.560
PLPI,HHZ,2021-07-14 22:06:14.800,2021-07-14 23:15:02.950
PLPI,HHZ,2021-07-14 23:52:32.840,2021-07-15 00:00:02.730
PLPI,HHE,2021-07-15 00:00:00.780,2021-07-16 00:00:01.270
PLPI,HHN,2021-07-15 00:00:00.570,2021-07-16 00:00:01.240
PLPI,HHZ,2021-07-15 00:00:02.740,2021-07-15 10:22:53.210
PLPI,HHZ,2021-07-15 22:43:43.920,2021-07-16 00:00:00.550
PLPI,HHE,2021-07-16 00:00:01.280,2021-07-17 00:00:00.210
PLPI,HHN,2021-07-16 00:00:01.250,2021-07-17 00:00:02.300
PLPI,HHZ,2021-07-16 00:00:00.560,2021-07-16 10:22:14.850
PLPI,HHZ,2021-07-16 21:44:00.380,2021-07-17 00:00:00.410
PLPI,HHE,2021-07-17 00:00:00.220,2021-07-18 00:00:01.850
PLPI,HHN,2021-07-17 00:00:02.310,2021-07-18 00:00:02.120
PLPI,HHZ,2021-07-17 00:00:00.420,2021-07-17 10:21:34.730
PLPI,HHZ,2021-07-17 23:35:07.260,2021-07-18 00:00:00.070
PLPI,HHE,2021-07-18 00:00:01.860,2021-07-19 00:00:01.460
PLPI,HHN,2021-07-18 00:00:02.130,2021-07-19 00:00:01.480
PLPI,HHZ,2021-07-18 00:00:00.080,2021-07-18 08:12:20.890
PLPI,HHZ,2021-07-18 08:13:10.700,2021-07-18 10:10:35.970
PLPI,HHZ,2021-07-18 23:29:52.980,2021-07-19 00:00:02.490
PLPI,HHE,2021-07-19 00:00:01.470,2021-07-20 00:00:00.140
PLPI,HHN,2021-07-19 00:00:01.490,2021-07-20 00:00:00.520
PLPI,HHZ,2021-07-19 00:00:02.500,2021-07-19 10:11:08.710
PLPI,HHZ,2021-07-19 23:03:53.920,2021-07-20 00:00:01.630
PLPI,HHE,2021-07-20 00:00:00.150,2021-07-21 00:00:00.240
PLPI,HHN,2021-07-20 00:00:00.530,2021-07-21 00:00:01.800
PLPI,HHZ,2021-07-20 00:00:01.640,2021-07-20 10:26:50.470
PLPI,HHZ,2021-07-20 21:24:16.820,2021-07-20 23:01:28.370
PLPI,HHZ,2021-07-20 23:07:00.320,2021-07-21 00:00:02.410
PLPI,HHE,2021-07-21 00:00:00.250,2021-07-22 00:00:02.010
PLPI,HHN,2021-07-21 00:00:01.810,2021-07-22 00:00:01.520
PLPI,HHZ,2021-07-21 00:00:02.420,2021-07-21 10:55:01.150
PLPI,HHZ,2021-07-21 21:35:38.060,2021-07-22 00:00:01.530
PLPI,HHE,2021-07-22 00:00:02.020,2021-07-23 00:00:01.510
PLPI,HHN,2021-07-22 00:00:01.530,2021-07-23 00:00:01.820
PLPI,HHZ,2021-07-22 00:00:01.540,2021-07-22 11:12:43.870
PLPI,HHZ,2021-07-22 23:12:15.540,2021-07-23 00:00:00.350
PLPI,HHE,2021-07-23 00:00:01.520,2021-07-24 00:00:01.250
PLPI,HHN,2021-07-23 00:00:01.830,2021-07-24 00:00:01.360
PLPI,HHZ,2021-07-23 00:00:00.360,2021-07-24 00:00:00.850
PLPI,HHE,2021-07-24 00:00:01.260,2021-07-25 00:00:01.610
PLPI,HHN,2021-07-24 00:00:01.370,2021-07-25 00:00:00.560
PLPI,HHZ,2021-07-24 00:00:00.860,2021-07-25 00:00:02.210
PLPI,HHE,2021-07-25 00:00:01.620,2021-07-26 00:00:01.690
PLPI,HHN,2021-07-25 00:00:00.570,2021-07-26 00:00:01.500
PLPI,HHZ,2021-07-25 00:00:02.220,2021-07-26 00:00:01.470
PLPI,HHE,2021-07-26 00:00:01.700,2021-07-27 00:00:00.450
PLPI,HHN,2021-07-26 00:00:01.510,2021-07-27 00:00:02.060
PLPI,HHZ,2021-07-26 00:00:01.480,2021-07-27 00:00:01.490
PLPI,HHE,2021-07-27 00:00:00.460,2021-07-28 00:00:00.630
PLPI,HHN,2021-07-27 00:00:02.070,2021-07-28 00:00:02.240
PLPI,HHZ,2021-07-27 00:00:01.500,2021-07-28 00:00:01.530
PLPI,HHE,2021-07-28 00:00:00.640,2021-07-29 00:00:02.530
PLPI,HHN,2021-07-28 00:00:02.250,2021-07-29 00:00:02.780
PLPI,HHZ,2021-07-28 00:00:01.540,2021-07-29 00:00:02.070
PLPI,HHE,2021-07-29 00:00:02.540,2021-07-30 00:00:01.170
PLPI,HHN,2021-07-29 00:00:02.790,2021-07-30 00:00:00.870
PLPI,HHZ,2021-07-29 00:00:02.080,2021-07-30 00:00:00.110
PLPI,HHE,2021-07-30 00:00:01.180,2021-07-31 00:00:01.030
PLPI,HHN,2021-07-30 00:00:00.880,2021-07-31 00:00:00.990
PLPI,HHZ,2021-07-30 00:00:00.120,2021-07-31 00:00:02.770
PLPI,HHE,2021-08-01 00:00:00.980,2021-08-02 00:00:00.410
PLPI,HHN,2021-08-01 00:00:01.060,2021-08-02 00:00:02.310
PLPI,HHZ,2021-08-01 00:00:00.960,2021-08-02 00:00:00.070
PLPI,HHE,2021-08-02 00:00:00.420,2021-08-03 00:00:00.970
PLPI,HHN,2021-08-02 00:00:02.320,2021-08-03 00:00:00.590
PLPI,HHZ,2021-08-02 00:00:00.080,2021-08-03 00:00:02.410
PLPI,HHE,2021-08-03 00:00:00.980,2021-08-04 00:00:00.310
PLPI,HHN,2021-08-03 00:00:00.600,2021-08-04 00:00:01.950
PLPI,HHZ,2021-08-03 00:00:02.420,2021-08-04 00:00:00.630
PLPI,HHE,2021-08-04 00:00:00.320,2021-08-05 00:00:01.530
PLPI,HHN,2021-08-04 00:00:01.960,2021-08-05 00:00:01.490
PLPI,HHZ,2021-08-04 00:00:00.640,2021-08-05 00:00:00.590
PLPI,HHE,2021-08-05 00:00:01.540,2021-08-06 00:00:01.330
PLPI,HHN,2021-08-05 00:00:01.500,2021-08-06 00:00:00.510
PLPI,HHZ,2021-08-05 00:00:00.600,2021-08-06 00:00:01.770
PLPI,HHE,2021-08-06 00:00:01.340,2021-08-07 00:00:01.770
PLPI,HHN,2021-08-06 00:00:00.520,2021-08-07 00:00:00.470
PLPI,HHZ,2021-08-06 00:00:01.780,2021-08-07 00:00:00.910
PLPI,HHE,2021-08-07 00:00:01.780,2021-08-08 00:00:02.270
PLPI,HHN,2021-08-07 00:00:00.480,2021-08-08 00:00:00.930
PLPI,HHZ,2021-08-07 00:00:00.920,2021-08-08 00:00:01.950
PLPI,HHE,2021-08-08 00:00:02.280,2021-08-09 00:00:00.450
PLPI,HHN,2021-08-08 00:00:00.940,2021-08-09 00:00:02.370
PLPI,HHZ,2021-08-08 00:00:01.960,2021-08-09 00:00:01.330
PLPI,HHE,2021-08-09 00:00:00.460,2021-08-10 00:00:00.180
PLPI,HHN,2021-08-09 00:00:02.380,2021-08-10 00:00:01.080
PLPI,HHZ,2021-08-09 00:00:01.340,2021-08-10 00:00:01.420
PLPI,HHE,2021-08-10 00:00:00.190,2021-08-11 00:00:02.940
PLPI,HHN,2021-08-10 00:00:01.090,2021-08-11 00:00:01.860
PLPI,HHZ,2021-08-10 00:00:01.430,2021-08-11 00:00:00.710
PLPI,HHE,2021-08-11 00:00:02.950,2021-08-12 00:00:02.180
PLPI,HHN,2021-08-11 00:00:01.870,2021-08-12 00:00:03.180
PLPI,HHZ,2021-08-11 00:00:00.720,2021-08-12 00:00:03.620
PLPI,HHE,2021-08-12 00:00:02.190,2021-08-13 00:00:00.130
PLPI,HHN,2021-08-12 00:00:03.190,2021-08-13 00:00:02.250
PLPI,HHZ,2021-08-12 00:00:03.630,2021-08-13 00:00:01.110
PLPI,HHE,2021-08-13 00:00:00.140,2021-08-14 00:00:01.770
PLPI,HHN,2021-08-13 00:00:02.260,2021-08-14 00:00:01.470
PLPI,HHZ,2021-08-13 00:00:01.120,2021-08-14 00:00:02.830
PLPI,HHE,2021-08-14 00:00:01.780,2021-08-15 00:00:01.650
PLPI,HHN,2021-08-14 00:00:01.480,2021-08-15 00:00:01.330
PLPI,HHZ,2021-08-14 00:00:02.840,2021-08-14 23:59:59.990
PLPI,HHE,2021-08-15 00:00:01.660,2021-08-16 00:00:01.090
PLPI,HHN,2021-08-15 00:00:01.340,2021-08-16 00:00:00.050
PLPI,HHZ,2021-08-15 00:00:00.000,2021-08-16 00:00:00.820
PLPI,HHE,2021-08-16 00:00:01.100,2021-08-17 00:00:00.890
PLPI,HHN,2021-08-16 00:00:00.060,2021-08-17 00:00:00.790
PLPI,HHZ,2021-08-16 00:00:00.830,2021-08-17 00:00:00.800
PLPI,HHE,2021-08-17 00:00:00.900,2021-08-18 00:00:01.990
PLPI,HHN,2021-08-17 00:00:00.800,2021-08-18 00:00:01.560
PLPI,HHZ,2021-08-17 00:00:00.810,2021-08-18 00:00:01.400
PLPI,HHE,2021-08-18 00:00:02.000,2021-08-19 00:00:01.990
PLPI,HHN,2021-08-18 00:00:01.570,2021-08-19 00:00:00.040
PLPI,HHZ,2021-08-18 00:00:01.410,2021-08-19 00:00:01.780
PLPI,HHE,2021-08-19 00:00:02.000,2021-08-20 00:00:00.690
PLPI,HHN,2021-08-19 00:00:00.050,2021-08-20 00:00:00.120
PLPI,HHZ,2021-08-19 00:00:01.790,2021-08-20 00:00:00.380
PLPI,HHE,2021-08-20 00:00:00.700,2021-08-21 00:00:00.810
PLPI,HHN,2021-08-20 00:00:00.130,2021-08-21 00:00:00.620
PLPI,HHZ,2021-08-20 00:00:00.390,2021-08-21 00:00:00.400
PLPI,HHE,2021-08-21 00:00:00.820,2021-08-22 00:00:01.230
PLPI,HHN,2021-08-21 00:00:00.630,2021-08-22 00:00:00.920
PLPI,HHZ,2021-08-21 00:00:00.410,2021-08-22 00:00:00.900
PLPI,HHE,2021-08-22 00:00:01.240,2021-08-23 00:00:02.050
PLPI,HHN,2021-08-22 00:00:00.930,2021-08-23 00:00:03.600
PLPI,HHZ,2021-08-22 00:00:00.910,2021-08-23 00:00:01.780
PLPI,HHE,2021-08-23 00:00:02.060,2021-08-24 00:00:00.490
PLPI,HHN,2021-08-23 00:00:03.610,2021-08-24 00:00:02.600
PLPI,HHZ,2021-08-23 00:00:01.790,2021-08-24 00:00:03.540
PLPI,HHE,2021-08-24 00:00:00.500,2021-08-25 00:00:01.150
PLPI,HHN,2021-08-24 00:00:02.610,2021-08-25 00:00:03.750
PLPI,HHZ,2021-08-24 00:00:03.550,2021-08-25 00:00:02.180
PLPI,HHE,2021-08-25 00:00:01.160,2021-08-26 00:00:01.830
PLPI,HHN,2021-08-25 00:00:03.760,2021-08-26 00:00:01.340
PLPI,HHZ,2021-08-25 00:00:02.190,2021-08-26 00:00:01.240
PLPI,HHE,2021-08-26 00:00:01.840,2021-08-27 00:00:00.700
PLPI,HHN,2021-08-26 00:00:01.350,2021-08-27 00:00:00.160
PLPI,HHZ,2021-08-26 00:00:01.250,2021-08-27 00:00:00.860
PLPI,HHE,2021-08-27 00:00:00.710,2021-08-28 00:00:01.120
PLPI,HHN,2021-08-27 00:00:00.170,2021-08-28 00:00:02.380
PLPI,HHZ,2021-08-27 00:00:00.870,2021-08-28 00:00:02.620
PLPI,HHE,2021-08-28 00:00:01.130,2021-08-29 00:00:01.420
PLPI,HHN,2021-08-28 00:00:02.390,2021-08-29 00:00:00.860
PLPI,HHZ,2021-08-28 00:00:02.630,2021-08-29 00:00:01.240
PLPI,HHE,2021-08-29 00:00:01.430,2021-08-30 00:00:02.290
PLPI,HHN,2021-08-29 00:00:00.870,2021-08-30 00:00:02.650
PLPI,HHZ,2021-08-29 00:00:01.250,2021-08-30 00:00:00.370
PLPI,HHE,2021-08-30 00:00:02.300,2021-08-31 00:00:01.380
PLPI,HHN,2021-08-30 00:00:02.660,2021-08-31 00:00:01.340
PLPI,HHZ,2021-08-30 00:00:00.380,2021-08-31 00:00:03.110
PLPI,HHE,2021-09-01 00:00:00.380,2021-09-02 00:00:00.570
PLPI,HHN,2021-09-01 00:00:02.200,2021-09-02 00:00:01.780
PLPI,HHZ,2021-09-01 00:00:03.320,2021-09-02 00:00:00.570
PLPI,HHE,2021-09-02 00:00:00.580,2021-09-03 00:00:00.200
PLPI,HHN,2021-09-02 00:00:01.790,2021-09-03 00:00:00.730
PLPI,HHZ,2021-09-02 00:00:00.580,2021-09-03 00:00:02.190
PLPI,HHE,2021-09-03 00:00:00.210,2021-09-04 00:00:01.640
PLPI,HHN,2021-09-03 00:00:00.740,2021-09-04 00:00:01.990
PLPI,HHZ,2021-09-03 00:00:02.200,2021-09-04 00:00:00.950
PLPI,HHE,2021-09-04 00:00:01.650,2021-09-05 00:00:00.980
PLPI,HHN,2021-09-04 00:00:02.000,2021-09-05 00:00:01.770
PLPI,HHZ,2021-09-04 00:00:00.960,2021-09-05 00:00:01.570
PLPI,HHE,2021-09-05 00:00:00.990,2021-09-06 00:00:00.000
PLPI,HHN,2021-09-05 00:00:01.780,2021-09-06 00:00:00.130
PLPI,HHZ,2021-09-05 00:00:01.580,2021-09-06 00:00:02.930
PLPI,HHE,2021-09-06 00:00:00.010,2021-09-07 00:00:00.550
PLPI,HHN,2021-09-06 00:00:00.140,2021-09-07 00:00:01.160
PLPI,HHZ,2021-09-06 00:00:02.940,2021-09-07 00:00:02.030
PLPI,HHE,2021-09-07 00:00:00.560,2021-09-08 00:00:00.070
PLPI,HHN,2021-09-07 00:00:01.170,2021-09-08 00:00:00.150
PLPI,HHZ,2021-09-07 00:00:02.040,2021-09-08 00:00:00.370
PLPI,HHE,2021-09-08 00:00:00.080,2021-09-09 00:00:00.920
PLPI,HHN,2021-09-08 00:00:00.160,2021-09-09 00:00:01.750
PLPI,HHZ,2021-09-08 00:00:00.380,2021-09-09 00:00:02.020
PLPI,HHE,2021-09-09 00:00:00.930,2021-09-10 00:00:01.290
PLPI,HHN,2021-09-09 00:00:01.760,2021-09-10 00:00:02.080
PLPI,HHZ,2021-09-09 00:00:02.030,2021-09-10 00:00:01.870
PLPI,HHE,2021-09-10 00:00:01.300,2021-09-11 00:00:01.470
PLPI,HHN,2021-09-10 00:00:02.090,2021-09-11 00:00:01.750
PLPI,HHZ,2021-09-10 00:00:01.880,2021-09-11 00:00:00.970
PLPI,HHE,2021-09-11 00:00:01.480,2021-09-12 00:00:02.470
PLPI,HHN,2021-09-11 00:00:01.760,2021-09-12 00:00:01.130
PLPI,HHZ,2021-09-11 00:00:00.980,2021-09-12 00:00:03.570
PLPI,HHE,2021-09-12 00:00:02.480,2021-09-13 00:00:01.280
PLPI,HHN,2021-09-12 00:00:01.140,2021-09-13 00:00:00.970
PLPI,HHZ,2021-09-12 00:00:03.580,2021-09-13 00:00:00.500
PLPI,HHE,2021-09-13 00:00:01.290,2021-09-14 00:00:00.570
PLPI,HHN,2021-09-13 00:00:00.980,2021-09-14 00:00:00.580
PLPI,HHZ,2021-09-13 00:00:00.510,2021-09-14 00:00:00.600
PLPI,HHE,2021-09-14 00:00:00.580,2021-09-15 00:00:00.470
PLPI,HHN,2021-09-14 00:00:00.590,2021-09-15 00:00:00.950
PLPI,HHZ,2021-09-14 00:00:00.610,2021-09-15 00:00:02.120
PLPI,HHE,2021-09-15 00:00:00.480,2021-09-16 00:00:00.070
PLPI,HHN,2021-09-15 00:00:00.960,2021-09-16 00:00:01.050
PLPI,HHZ,2021-09-15 00:00:02.130,2021-09-16 00:00:00.590
PLPI,HHE,2021-09-16 00:00:00.080,2021-09-17 00:00:01.000
PLPI,HHN,2021-09-16 00:00:01.060,2021-09-17 00:00:01.440
PLPI,HHZ,2021-09-16 00:00:00.600,2021-09-17 00:00:00.820
PLPI,HHE,2021-09-17 00:00:01.010,2021-09-18 00:00:00.910
PLPI,HHN,2021-09-17 00:00:01.450,2021-09-18 00:00:02.120
PLPI,HHZ,2021-09-17 00:00:00.830,2021-09-18 00:00:01.990
PLPI,HHE,2021-09-18 00:00:00.920,2021-09-19 00:00:00.910
PLPI,HHN,2021-09-18 00:00:02.130,2021-09-19 00:00:00.970
PLPI,HHZ,2021-09-18 00:00:02.000,2021-09-19 00:00:01.350
PLPI,HHE,2021-09-19 00:00:00.920,2021-09-20 00:00:01.670
PLPI,HHN,2021-09-19 00:00:00.980,2021-09-20 00:00:01.810
PLPI,HHZ,2021-09-19 00:00:01.360,2021-09-20 00:00:00.830
PLPI,HHE,2021-09-20 00:00:01.680,2021-09-21 00:00:01.390
PLPI,HHN,2021-09-20 00:00:01.820,2021-09-21 00:00:01.330
PLPI,HHZ,2021-09-20 00:00:00.840,2021-09-21 00:00:00.960
PLPI,HHE,2021-09-21 00:00:01.400,2021-09-22 00:00:00.970
PLPI,HHN,2021-09-21 00:00:01.340,2021-09-22 00:00:01.460
PLPI,HHZ,2021-09-21 00:00:00.970,2021-09-22 00:00:00.650
PLPI,HHE,2021-09-22 00:00:00.980,2021-09-23 00:00:01.650
PLPI,HHN,2021-09-22 00:00:01.470,2021-09-23 00:00:00.210
PLPI,HHZ,2021-09-22 00:00:00.660,2021-09-23 00:00:00.080
PLPI,HHE,2021-09-23 00:00:01.660,2021-09-24 00:00:01.150
PLPI,HHN,2021-09-23 00:00:00.220,2021-09-24 00:00:01.710
PLPI,HHZ,2021-09-23 00:00:00.090,2021-09-24 00:00:00.370
PLPI,HHE,2021-09-24 00:00:01.160,2021-09-25 00:00:01.500
PLPI,HHN,2021-09-24 00:00:01.720,2021-09-25 00:00:01.370
PLPI,HHZ,2021-09-24 00:00:00.380,2021-09-25 00:00:01.740
PLPI,HHE,2021-09-25 00:00:01.510,2021-09-26 00:00:00.710
PLPI,HHN,2021-09-25 00:00:01.380,2021-09-26 00:00:02.000
PLPI,HHZ,2021-09-25 00:00:01.750,2021-09-26 00:00:01.680
PLPI,HHE,2021-09-26 00:00:00.720,2021-09-27 00:00:00.260
PLPI,HHN,2021-09-26 00:00:02.010,2021-09-27 00:00:00.260
PLPI,HHZ,2021-09-26 00:00:01.690,2021-09-27 00:00:01.660
PLPI,HHE,2021-09-27 00:00:00.270,2021-09-28 00:00:02.000
PLPI,HHN,2021-09-27 00:00:00.270,2021-09-28 00:00:01.330
PLPI,HHZ,2021-09-27 00:00:01.670,2021-09-28 00:00:00.370
PLPI,HHE,2021-09-28 00:00:02.010,2021-09-29 00:00:02.010
PLPI,HHN,2021-09-28 00:00:01.340,2021-09-29 00:00:00.130
PLPI,HHZ,2021-09-28 00:00:00.380,2021-09-29 00:00:00.230
PLPI,HHE,2021-09-29 00:00:02.020,2021-09-30 00:00:01.930
PLPI,HHN,2021-09-29 00:00:00.140,2021-09-30 00:00:00.770
PLPI,HHZ,2021-09-29 00:00:00.240,2021-09-30 00:00:00.680
PLPI,HHE,2021-09-30 00:00:01.940,2021-10-01 00:00:01.460
PLPI,HHN,2021-09-30 00:00:00.780,2021-10-01 00:00:00.880
PLPI,HHZ,2021-09-30 00:00:00.690,2021-10-01 00:00:00.280
PLPI,HHE,2021-10-01 00:00:01.470,2021-10-01 23:10:10.640
PLPI,HHE,2021-10-01 23:10:12.710,2021-10-02 00:00:01.350
PLPI,HHN,2021-10-01 00:00:00.890,2021-10-02 00:00:01.750
PLPI,HHZ,2021-10-01 00:00:00.290,2021-10-02 00:00:00.420
PLPI,HHE,2021-10-02 00:00:01.360,2021-10-03 00:00:01.430
PLPI,HHN,2021-10-02 00:00:01.760,2021-10-03 00:00:01.970
PLPI,HHZ,2021-10-02 00:00:00.430,2021-10-03 00:00:00.290
PLPI,HHE,2021-10-03 00:00:01.440,2021-10-04 00:00:00.970
PLPI,HHN,2021-10-03 00:00:01.980,2021-10-04 00:00:01.340
PLPI,HHZ,2021-10-03 00:00:00.300,2021-10-04 00:00:00.080
PLPI,HHE,2021-10-04 00:00:00.980,2021-10-05 00:00:00.800
PLPI,HHN,2021-10-04 00:00:01.350,2021-10-05 00:00:01.820
PLPI,HHZ,2021-10-04 00:00:00.090,2021-10-05 00:00:00.810
PLPI,HHE,2021-10-05 00:00:00.810,2021-10-06 00:00:01.090
PLPI,HHN,2021-10-05 00:00:01.830,2021-10-05 01:00:51.840
PLPI,HHN,2021-10-05 01:00:53.910,2021-10-06 00:00:01.000
PLPI,HHZ,2021-10-05 00:00:00.820,2021-10-06 00:00:01.730
PLPI,HHE,2021-10-06 00:00:01.100,2021-10-07 00:00:00.610
PLPI,HHN,2021-10-06 00:00:01.010,2021-10-07 00:00:00.420
PLPI,HHZ,2021-10-06 00:00:01.740,2021-10-07 00:00:01.430
PLPI,HHE,2021-10-07 00:00:00.620,2021-10-08 00:00:00.210
PLPI,HHN,2021-10-07 00:00:00.430,2021-10-08 00:00:01.430
PLPI,HHZ,2021-10-07 00:00:01.440,2021-10-08 00:00:01.540
PLPI,HHE,2021-10-08 00:00:00.220,2021-10-09 00:00:01.210
PLPI,HHN,2021-10-08 00:00:01.440,2021-10-08 01:05:31.460
PLPI,HHN,2021-10-08 01:05:33.530,2021-10-09 00:00:01.790
PLPI,HHZ,2021-10-08 00:00:01.550,2021-10-08 01:05:31.030
PLPI,HHZ,2021-10-08 01:05:33.100,2021-10-09 00:00:01.710
PLPI,HHE,2021-10-09 00:00:01.220,2021-10-10 00:00:01.940
PLPI,HHN,2021-10-09 00:00:01.800,2021-10-10 00:00:01.660
PLPI,HHZ,2021-10-09 00:00:01.720,2021-10-10 00:00:01.900
PLPI,HHE,2021-10-10 00:00:01.950,2021-10-11 00:00:00.500
PLPI,HHN,2021-10-10 00:00:01.670,2021-10-11 00:00:00.850
PLPI,HHZ,2021-10-10 00:00:01.910,2021-10-11 00:00:01.570
PLPI,HHE,2021-10-11 00:00:00.510,2021-10-12 00:00:00.400
PLPI,HHN,2021-10-11 00:00:00.860,2021-10-12 00:00:01.810
PLPI,HHZ,2021-10-11 00:00:01.580,2021-10-12 00:00:00.190
PLPI,HHE,2021-10-12 00:00:00.410,2021-10-13 00:00:00.690
PLPI,HHN,2021-10-12 00:00:01.820,2021-10-13 00:00:00.460
PLPI,HHZ,2021-10-12 00:00:00.200,2021-10-13 00:00:00.180
PLPI,HHE,2021-10-13 00:00:00.700,2021-10-13 23:17:02.390
PLPI,HHN,2021-10-13 00:00:00.470,2021-10-13 23:17:01.810
PLPI,HHZ,2021-10-13 00:00:00.190,2021-10-13 23:17:00.620
PLPI,HHE,2021-10-14 13:37:39.000,2021-10-14 13:38:30.430
PLPI,HHE,2021-10-14 13:38:31.640,2021-10-15 00:00:01.320
PLPI,HHN,2021-10-14 13:37:38.990,2021-10-14 13:38:30.430
PLPI,HHN,2021-10-14 13:38:31.640,2021-10-15 00:00:00.870
PLPI,HHZ,2021-10-14 13:37:38.980,2021-10-14 13:38:30.430
PLPI,HHZ,2021-10-14 13:38:31.640,2021-10-15 00:00:00.350
PLPI,HHE,2021-10-15 00:00:01.330,2021-10-15 03:01:05.470
PLPI,HHN,2021-10-15 00:00:00.880,2021-10-15 03:01:05.920
PLPI,HHZ,2021-10-15 00:00:00.360,2021-10-15 03:01:05.700
PLPI,HHE,2021-10-16 09:44:18.340,2021-10-16 09:44:41.430
PLPI,HHE,2021-10-16 09:44:44.310,2021-10-16 10:29:16.550
PLPI,HHN,2021-10-16 09:44:22.130,2021-10-16 09:44:41.430
PLPI,HHN,2021-10-16 09:44:44.310,2021-10-16 10:29:17.560
PLPI,HHZ,2021-10-16 09:44:20.460,2021-10-16 09:44:41.430
PLPI,HHZ,2021-10-16 09:44:44.310,2021-10-16 10:29:16.670
PLPI,HHE,2021-10-17 09:10:23.700,2021-10-17 09:11:10.470
PLPI,HHE,2021-10-17 09:11:13.440,2021-10-18 00:00:01.380
PLPI,HHN,2021-10-17 09:10:23.700,2021-10-17 09:11:10.470
PLPI,HHN,2021-10-17 09:11:13.440,2021-10-18 00:00:01.110
PLPI,HHZ,2021-10-17 09:10:23.700,2021-10-17 09:11:10.470
PLPI,HHZ,2021-10-17 09:11:13.440,2021-10-18 00:00:01.260
PLPI,HHE,2021-10-18 00:00:01.390,2021-10-19 00:00:00.810
PLPI,HHN,2021-10-18 00:00:01.120,2021-10-19 00:00:00.120
PLPI,HHZ,2021-10-18 00:00:01.270,2021-10-19 00:00:00.690
PLPI,HHE,2021-10-19 00:00:00.820,2021-10-20 00:00:01.580
PLPI,HHN,2021-10-19 00:00:00.130,2021-10-20 00:00:00.940
PLPI,HHZ,2021-10-19 00:00:00.700,2021-10-20 00:00:00.950
PLPI,HHE,2021-10-20 00:00:01.590,2021-10-21 00:00:02.020
PLPI,HHN,2021-10-20 00:00:00.950,2021-10-21 00:00:01.200
PLPI,HHZ,2021-10-20 00:00:00.960,2021-10-21 00:00:01.840
PLPI,HHE,2021-10-21 00:00:02.030,2021-10-22 00:00:00.650
PLPI,HHN,2021-10-21 00:00:01.210,2021-10-22 00:00:01.660
PLPI,HHZ,2021-10-21 00:00:01.850,2021-10-22 00:00:00.870
PLPI,HHE,2021-10-22 00:00:00.660,2021-10-23 00:00:00.110
PLPI,HHN,2021-10-22 00:00:01.670,2021-10-23 00:00:00.950
PLPI,HHZ,2021-10-22 00:00:00.880,2021-10-23 00:00:01.130
PLPI,HHE,2021-10-23 00:00:00.120,2021-10-24 00:00:00.180
PLPI,HHN,2021-10-23 00:00:00.960,2021-10-24 00:00:00.020
PLPI,HHZ,2021-10-23 00:00:01.140,2021-10-24 00:00:01.680
PLPI,HHE,2021-10-24 00:00:00.190,2021-10-25 00:00:01.460
PLPI,HHN,2021-10-24 00:00:00.030,2021-10-25 00:00:00.580
PLPI,HHZ,2021-10-24 00:00:01.690,2021-10-25 00:00:01.280
PLPI,HHE,2021-10-25 00:00:01.470,2021-10-26 00:00:01.990
PLPI,HHN,2021-10-25 00:00:00.590,2021-10-26 00:00:01.490
PLPI,HHZ,2021-10-25 00:00:01.290,2021-10-26 00:00:00.180
PLPI,HHE,2021-10-26 00:00:02.000,2021-10-27 00:00:01.020
PLPI,HHN,2021-10-26 00:00:01.500,2021-10-27 00:00:01.560
PLPI,HHZ,2021-10-26 00:00:00.190,2021-10-27 00:00:01.420
PLPI,HHE,2021-10-27 00:00:01.030,2021-10-28 00:00:01.630
PLPI,HHN,2021-10-27 00:00:01.570,2021-10-28 00:00:01.150
PLPI,HHZ,2021-10-27 00:00:01.430,2021-10-28 00:00:01.690
PLPI,HHE,2021-10-28 00:00:01.640,2021-10-29 00:00:00.130
PLPI,HHN,2021-10-28 00:00:01.160,2021-10-29 00:00:01.330
PLPI,HHZ,2021-10-28 00:00:01.700,2021-10-29 00:00:00.720
PLPI,HHE,2021-10-29 00:00:00.140,2021-10-30 00:00:01.820
PLPI,HHN,2021-10-29 00:00:01.340,2021-10-30 00:00:00.380
PLPI,HHZ,2021-10-29 00:00:00.730,2021-10-30 00:00:01.370
PLPI,HHE,2021-10-30 00:00:01.830,2021-10-31 00:00:00.150
PLPI,HHN,2021-10-30 00:00:00.390,2021-10-31 00:00:01.050
PLPI,HHZ,2021-10-30 00:00:01.380,2021-10-31 00:00:01.290
PLPI,HHE,2021-11-01 00:00:00.270,2021-11-02 00:00:00.270
PLPI,HHN,2021-11-01 00:00:00.310,2021-11-02 00:00:01.750
PLPI,HHZ,2021-11-01 00:00:00.290,2021-11-02 00:00:01.630
PLPI,HHE,2021-11-02 00:00:00.280,2021-11-03 00:00:01.390
PLPI,HHN,2021-11-02 00:00:01.760,2021-11-03 00:00:00.260
PLPI,HHZ,2021-11-02 00:00:01.640,2021-11-03 00:00:00.870
PLPI,HHE,2021-11-03 00:00:01.400,2021-11-04 00:00:00.730
PLPI,HHN,2021-11-03 00:00:00.270,2021-11-04 00:00:00.130
PLPI,HHZ,2021-11-03 00:00:00.880,2021-11-04 00:00:01.140
PLPI,HHE,2021-11-04 00:00:00.740,2021-11-05 00:00:00.830
PLPI,HHN,2021-11-04 00:00:00.140,2021-11-05 00:00:01.780
PLPI,HHZ,2021-11-04 00:00:01.150,2021-11-05 00:00:00.070
PLPI,HHE,2021-11-05 00:00:00.840,2021-11-06 00:00:01.570
PLPI,HHN,2021-11-05 00:00:01.790,2021-11-06 00:00:00.770
PLPI,HHZ,2021-11-05 00:00:00.080,2021-11-06 00:00:00.390
PLPI,HHE,2021-11-06 00:00:01.580,2021-11-07 00:00:00.830
PLPI,HHN,2021-11-06 00:00:00.780,2021-11-07 00:00:00.140
PLPI,HHZ,2021-11-06 00:00:00.400,2021-11-07 00:00:01.980
PLPI,HHE,2021-11-07 00:00:00.840,2021-11-08 00:00:01.930
PLPI,HHN,2021-11-07 00:00:00.150,2021-11-08 00:00:00.160
PLPI,HHZ,2021-11-07 00:00:01.990,2021-11-08 00:00:01.670
PLPI,HHE,2021-11-08 00:00:01.940,2021-11-09 00:00:01.580
PLPI,HHN,2021-11-08 00:00:00.170,2021-11-09 00:00:00.900
PLPI,HHZ,2021-11-08 00:00:01.680,2021-11-09 00:00:00.830
PLPI,HHE,2021-11-09 00:00:01.590,2021-11-10 00:00:00.450
PLPI,HHN,2021-11-09 00:00:00.910,2021-11-10 00:00:00.720
PLPI,HHZ,2021-11-09 00:00:00.840,2021-11-10 00:00:01.170
PLPI,HHE,2021-11-10 00:00:00.460,2021-11-11 00:00:00.420
PLPI,HHN,2021-11-10 00:00:00.730,2021-11-11 00:00:01.330
PLPI,HHZ,2021-11-10 00:00:01.180,2021-11-11 00:00:01.640
PLPI,HHE,2021-11-11 00:00:00.430,2021-11-12 00:00:00.700
PLPI,HHN,2021-11-11 00:00:01.340,2021-11-12 00:00:01.620
PLPI,HHZ,2021-11-11 00:00:01.650,2021-11-12 00:00:01.550
PLPI,HHE,2021-11-12 00:00:00.710,2021-11-13 00:00:00.370
PLPI,HHN,2021-11-12 00:00:01.630,2021-11-13 00:00:01.240
PLPI,HHZ,2021-11-12 00:00:01.560,2021-11-13 00:00:01.040
PLPI,HHE,2021-11-13 00:00:00.380,2021-11-14 00:00:01.790
PLPI,HHN,2021-11-13 00:00:01.250,2021-11-14 00:00:00.530
PLPI,HHZ,2021-11-13 00:00:01.050,2021-11-14 00:00:01.980
PLPI,HHE,2021-11-14 00:00:01.800,2021-11-15 00:00:01.070
PLPI,HHN,2021-11-14 00:00:00.540,2021-11-15 00:00:01.540
PLPI,HHZ,2021-11-14 00:00:01.990,2021-11-15 00:00:00.690
PLPI,HHE,2021-11-15 00:00:01.080,2021-11-16 00:00:01.920
PLPI,HHN,2021-11-15 00:00:01.550,2021-11-16 00:00:01.180
PLPI,HHZ,2021-11-15 00:00:00.700,2021-11-16 00:00:01.090
PLPI,HHE,2021-11-16 00:00:01.930,2021-11-17 00:00:01.070
PLPI,HHN,2021-11-16 00:00:01.190,2021-11-17 00:00:00.190
PLPI,HHZ,2021-11-16 00:00:01.100,2021-11-17 00:00:01.150
PLPI,HHE,2021-11-17 00:00:01.080,2021-11-18 00:00:00.270
PLPI,HHN,2021-11-17 00:00:00.200,2021-11-18 00:00:01.830
PLPI,HHZ,2021-11-17 00:00:01.160,2021-11-18 00:00:00.160
PLPI,HHE,2021-11-18 00:00:00.280,2021-11-19 00:00:00.070
PLPI,HHN,2021-11-18 00:00:01.840,2021-11-19 00:00:01.920
PLPI,HHZ,2021-11-18 00:00:00.170,2021-11-19 00:00:00.670
PLPI,HHE,2021-11-19 00:00:00.080,2021-11-20 00:00:01.720
PLPI,HHN,2021-11-19 00:00:01.930,2021-11-20 00:00:00.470
PLPI,HHZ,2021-11-19 00:00:00.680,2021-11-20 00:00:00.720
PLPI,HHE,2021-11-20 00:00:01.730,2021-11-21 00:00:01.140
PLPI,HHN,2021-11-20 00:00:00.480,2021-11-21 00:00:00.430
PLPI,HHZ,2021-11-20 00:00:00.730,2021-11-21 00:00:01.840
PLPI,HHE,2021-11-21 00:00:01.150,2021-11-22 00:00:01.340
PLPI,HHN,2021-11-21 00:00:00.440,2021-11-22 00:00:01.660
PLPI,HHZ,2021-11-21 00:00:01.850,2021-11-22 00:00:00.840
PLPI,HHE,2021-11-22 00:00:01.350,2021-11-23 00:00:00.560
PLPI,HHN,2021-11-22 00:00:01.670,2021-11-23 00:00:01.240
PLPI,HHZ,2021-11-22 00:00:00.850,2021-11-23 00:00:01.810
PLPI,HHE,2021-11-23 00:00:00.570,2021-11-24 00:00:00.690
PLPI,HHN,2021-11-23 00:00:01.250,2021-11-24 00:00:01.890
PLPI,HHZ,2021-11-23 00:00:01.820,2021-11-24 00:00:00.270
PLPI,HHE,2021-11-24 00:00:00.700,2021-11-25 00:00:01.280
PLPI,HHN,2021-11-24 00:00:01.900,2021-11-25 00:00:00.340
PLPI,HHZ,2021-11-24 00:00:00.280,2021-11-25 00:00:00.930
PLPI,HHE,2021-11-25 00:00:01.290,2021-11-26 00:00:01.070
PLPI,HHN,2021-11-25 00:00:00.350,2021-11-26 00:00:00.470
PLPI,HHZ,2021-11-25 00:00:00.940,2021-11-26 00:00:01.250
PLPI,HHE,2021-11-26 00:00:01.080,2021-11-27 00:00:01.680
PLPI,HHN,2021-11-26 00:00:00.480,2021-11-27 00:00:00.660
PLPI,HHZ,2021-11-26 00:00:01.260,2021-11-27 00:00:00.300
PLPI,HHE,2021-11-27 00:00:01.690,2021-11-28 00:00:01.660
PLPI,HHN,2021-11-27 00:00:00.670,2021-11-28 00:00:01.240
PLPI,HHZ,2021-11-27 00:00:00.310,2021-11-28 00:00:00.120
PLPI,HHE,2021-11-28 00:00:01.670,2021-11-29 00:00:01.940
PLPI,HHN,2021-11-28 00:00:01.250,2021-11-29 00:00:00.080
PLPI,HHZ,2021-11-28 00:00:00.130,2021-11-29 00:00:02.030
PLPI,HHE,2021-11-29 00:00:01.950,2021-11-30 00:00:01.320
PLPI,HHN,2021-11-29 00:00:00.090,2021-11-30 00:00:00.360
PLPI,HHZ,2021-11-29 00:00:02.040,2021-11-30 00:00:01.820
PLPI,HHE,2021-11-30 00:00:01.330,2021-12-01 00:00:00.310
PLPI,HHN,2021-11-30 00:00:00.370,2021-12-01 00:00:00.580
PLPI,HHZ,2021-11-30 00:00:01.830,2021-12-01 00:00:00.360
PLPI,HHE,2022-01-01 00:00:00.460,2022-01-02 00:00:01.590
PLPI,HHN,2022-01-01 00:00:00.360,2022-01-02 00:00:00.450
PLPI,HHZ,2022-01-01 00:00:00.090,2022-01-02 00:00:00.860
PLPI,HHE,2022-01-02 00:00:01.600,2022-01-03 00:00:01.710
PLPI,HHN,2022-01-02 00:00:00.460,2022-01-03 00:00:01.570
PLPI,HHZ,2022-01-02 00:00:00.870,2022-01-03 00:00:01.320
PLPI,HHE,2022-01-03 00:00:01.720,2022-01-04 00:00:01.730
PLPI,HHN,2022-01-03 00:00:01.580,2022-01-04 00:00:02.300
PLPI,HHZ,2022-01-03 00:00:01.330,2022-01-04 00:00:01.380
PLPI,HHE,2022-01-04 00:00:01.740,2022-01-05 00:00:01.010
PLPI,HHN,2022-01-04 00:00:02.310,2022-01-05 00:00:01.780
PLPI,HHZ,2022-01-04 00:00:01.390,2022-01-05 00:00:01.340
PLPI,HHE,2022-01-05 00:00:01.020,2022-01-06 00:00:00.590
PLPI,HHN,2022-01-05 00:00:01.790,2022-01-06 00:00:01.940
PLPI,HHZ,2022-01-05 00:00:01.350,2022-01-06 00:00:01.030
PLPI,HHE,2022-01-06 00:00:00.600,2022-01-07 00:00:01.250
PLPI,HHN,2022-01-06 00:00:01.950,2022-01-07 00:00:00.460
PLPI,HHZ,2022-01-06 00:00:01.040,2022-01-07 00:00:00.350
PLPI,HHE,2022-01-07 00:00:01.260,2022-01-08 00:00:00.130
PLPI,HHN,2022-01-07 00:00:00.470,2022-01-08 00:00:01.180
PLPI,HHZ,2022-01-07 00:00:00.360,2022-01-08 00:00:01.270
PLPI,HHE,2022-01-08 00:00:00.140,2022-01-09 00:00:00.130
PLPI,HHN,2022-01-08 00:00:01.190,2022-01-09 00:00:01.660
PLPI,HHZ,2022-01-08 00:00:01.280,2022-01-09 00:00:00.370
PLPI,HHE,2022-01-09 00:00:00.140,2022-01-10 00:00:01.810
PLPI,HHN,2022-01-09 00:00:01.670,2022-01-10 00:00:00.400
PLPI,HHZ,2022-01-09 00:00:00.380,2022-01-10 00:00:01.390
PLPI,HHE,2022-01-10 00:00:01.820,2022-01-11 00:00:02.630
PLPI,HHN,2022-01-10 00:00:00.410,2022-01-11 00:00:02.300
PLPI,HHZ,2022-01-10 00:00:01.400,2022-01-11 00:00:01.570
PLPI,HHE,2022-01-11 00:00:02.640,2022-01-12 00:00:02.770
PLPI,HHN,2022-01-11 00:00:02.310,2022-01-12 00:00:00.550
PLPI,HHZ,2022-01-11 00:00:01.580,2022-01-12 00:00:01.370
PLPI,HHE,2022-01-12 00:00:02.780,2022-01-13 00:00:01.230
PLPI,HHN,2022-01-12 00:00:00.560,2022-01-13 00:00:00.290
PLPI,HHZ,2022-01-12 00:00:01.380,2022-01-13 00:00:02.750
PLPI,HHE,2022-01-13 00:00:01.240,2022-01-14 00:00:00.630
PLPI,HHN,2022-01-13 00:00:00.300,2022-01-14 00:00:00.830
PLPI,HHZ,2022-01-13 00:00:02.760,2022-01-14 00:00:01.950
PLPI,HHE,2022-01-14 00:00:00.640,2022-01-15 00:00:01.540
PLPI,HHN,2022-01-14 00:00:00.840,2022-01-15 00:00:01.630
PLPI,HHZ,2022-01-14 00:00:01.960,2022-01-15 00:00:00.930
PLPI,HHE,2022-01-15 00:00:01.550,2022-01-16 00:00:01.240
PLPI,HHN,2022-01-15 00:00:01.640,2022-01-16 00:00:01.270
PLPI,HHZ,2022-01-15 00:00:00.940,2022-01-16 00:00:01.040
PLPI,HHE,2022-01-16 00:00:01.250,2022-01-17 00:00:01.080
PLPI,HHN,2022-01-16 00:00:01.280,2022-01-17 00:00:01.610
PLPI,HHZ,2022-01-16 00:00:01.050,2022-01-17 00:00:01.890
PLPI,HHE,2022-01-17 00:00:01.090,2022-01-18 00:00:00.810
PLPI,HHN,2022-01-17 00:00:01.620,2022-01-18 00:00:00.000
PLPI,HHZ,2022-01-17 00:00:01.900,2022-01-18 00:00:00.960
PLPI,HHE,2022-01-18 00:00:00.820,2022-01-19 00:00:01.610
PLPI,HHN,2022-01-18 00:00:00.010,2022-01-19 00:00:01.430
PLPI,HHZ,2022-01-18 00:00:00.970,2022-01-19 00:00:01.960
PLPI,HHE,2022-01-19 00:00:01.620,2022-01-20 00:00:01.970
PLPI,HHN,2022-01-19 00:00:01.440,2022-01-20 00:00:01.470
PLPI,HHZ,2022-01-19 00:00:01.970,2022-01-20 00:00:01.060
PLPI,HHE,2022-01-20 00:00:01.980,2022-01-21 00:00:01.890
PLPI,HHN,2022-01-20 00:00:01.480,2022-01-21 00:00:01.260
PLPI,HHZ,2022-01-20 00:00:01.070,2022-01-21 00:00:00.990
PLPI,HHE,2022-01-21 00:00:01.900,2022-01-22 00:00:01.470
PLPI,HHN,2022-01-21 00:00:01.270,2022-01-22 00:00:02.000
PLPI,HHZ,2022-01-21 00:00:01.000,2022-01-22 00:00:01.440
PLPI,HHE,2022-01-22 00:00:01.480,2022-01-23 00:00:00.750
PLPI,HHN,2022-01-22 00:00:02.010,2022-01-23 00:00:02.580
PLPI,HHZ,2022-01-22 00:00:01.450,2022-01-23 00:00:02.200
PLPI,HHE,2022-01-23 00:00:00.760,2022-01-24 00:00:00.500
PLPI,HHN,2022-01-23 00:00:02.590,2022-01-24 00:00:01.640
PLPI,HHZ,2022-01-23 00:00:02.210,2022-01-24 00:00:02.360
PLPI,HHE,2022-01-24 00:00:00.510,2022-01-25 00:00:00.300
PLPI,HHN,2022-01-24 00:00:01.650,2022-01-25 00:00:01.520
PLPI,HHZ,2022-01-24 00:00:02.370,2022-01-25 00:00:03.980
PLPI,HHE,2022-01-25 00:00:00.310,2022-01-26 00:00:00.600
PLPI,HHN,2022-01-25 00:00:01.530,2022-01-26 00:00:00.960
PLPI,HHZ,2022-01-25 00:00:03.990,2022-01-26 00:00:01.680
PLPI,HHE,2022-01-26 00:00:00.610,2022-01-27 00:00:00.490
PLPI,HHN,2022-01-26 00:00:00.970,2022-01-27 00:00:02.180
PLPI,HHZ,2022-01-26 00:00:01.690,2022-01-27 00:00:00.120
PLPI,HHE,2022-01-27 00:00:00.500,2022-01-28 00:00:00.050
PLPI,HHN,2022-01-27 00:00:02.190,2022-01-28 00:00:00.160
PLPI,HHZ,2022-01-27 00:00:00.130,2022-01-28 00:00:03.120
PLPI,HHE,2022-01-28 00:00:00.060,2022-01-29 00:00:00.110
PLPI,HHN,2022-01-28 00:00:00.170,2022-01-29 00:00:02.400
PLPI,HHZ,2022-01-28 00:00:03.130,2022-01-29 00:00:01.620
PLPI,HHE,2022-01-29 00:00:00.120,2022-01-30 00:00:01.930
PLPI,HHN,2022-01-29 00:00:02.410,2022-01-30 00:00:00.060
PLPI,HHZ,2022-01-29 00:00:01.630,2022-01-30 00:00:01.200
PLPI,HHE,2022-01-30 00:00:01.940,2022-01-31 00:00:00.530
PLPI,HHN,2022-01-30 00:00:00.070,2022-01-31 00:00:02.440
PLPI,HHZ,2022-01-30 00:00:01.210,2022-01-31 00:00:00.480
PLPI,HHE,2022-02-01 00:00:02.110,2022-02-02 00:00:00.270
PLPI,HHN,2022-02-01 00:00:02.670,2022-02-02 00:00:00.360
PLPI,HHZ,2022-02-01 00:00:03.850,2022-02-02 00:00:00.450
PLPI,HHE,2022-02-02 00:00:00.280,2022-02-03 00:00:00.370
PLPI,HHN,2022-02-02 00:00:00.370,2022-02-03 00:00:00.490
PLPI,HHZ,2022-02-02 00:00:00.460,2022-02-03 00:00:00.950
PLPI,HHE,2022-02-03 00:00:00.380,2022-02-04 00:00:00.820
PLPI,HHN,2022-02-03 00:00:00.500,2022-02-04 00:00:01.710
PLPI,HHZ,2022-02-03 00:00:00.960,2022-02-04 00:00:02.640
PLPI,HHE,2022-02-04 00:00:00.830,2022-02-05 00:00:00.880
PLPI,HHN,2022-02-04 00:00:01.720,2022-02-05 00:00:00.270
PLPI,HHZ,2022-02-04 00:00:02.650,2022-02-05 00:00:02.180
PLPI,HHE,2022-02-05 00:00:00.890,2022-02-06 00:00:01.040
PLPI,HHN,2022-02-05 00:00:00.280,2022-02-06 00:00:01.310
PLPI,HHZ,2022-02-05 00:00:02.190,2022-02-06 00:00:01.400
PLPI,HHE,2022-02-06 00:00:01.050,2022-02-07 00:00:01.660
PLPI,HHN,2022-02-06 00:00:01.320,2022-02-07 00:00:00.600
PLPI,HHZ,2022-02-06 00:00:01.410,2022-02-07 00:00:00.550
PLPI,HHE,2022-02-07 00:00:01.670,2022-02-08 00:00:00.870
PLPI,HHN,2022-02-07 00:00:00.610,2022-02-08 00:00:01.930
PLPI,HHZ,2022-02-07 00:00:00.560,2022-02-08 00:00:02.670
PLPI,HHE,2022-02-08 00:00:00.880,2022-02-09 00:00:00.150
PLPI,HHN,2022-02-08 00:00:01.940,2022-02-09 00:00:02.650
PLPI,HHZ,2022-02-08 00:00:02.680,2022-02-09 00:00:03.470
PLPI,HHE,2022-02-09 00:00:00.160,2022-02-10 00:00:02.970
PLPI,HHN,2022-02-09 00:00:02.660,2022-02-10 00:00:02.030
PLPI,HHZ,2022-02-09 00:00:03.480,2022-02-10 00:00:02.410
PLPI,HHE,2022-02-10 00:00:02.980,2022-02-11 00:00:00.650
PLPI,HHN,2022-02-10 00:00:02.040,2022-02-11 00:00:01.350
PLPI,HHZ,2022-02-10 00:00:02.420,2022-02-11 00:00:02.650
PLPI,HHE,2022-02-11 00:00:00.660,2022-02-12 00:00:02.880
PLPI,HHN,2022-02-11 00:00:01.360,2022-02-12 00:00:00.050
PLPI,HHZ,2022-02-11 00:00:02.660,2022-02-12 00:00:03.290
PLPI,HHE,2022-02-12 00:00:02.890,2022-02-13 00:00:02.320
PLPI,HHN,2022-02-12 00:00:00.060,2022-02-13 00:00:01.910
PLPI,HHZ,2022-02-12 00:00:03.300,2022-02-13 00:00:02.930
PLPI,HHE,2022-02-13 00:00:02.330,2022-02-14 00:00:00.800
PLPI,HHN,2022-02-13 00:00:01.920,2022-02-14 00:00:01.810
PLPI,HHZ,2022-02-13 00:00:02.940,2022-02-14 00:00:03.610
PLPI,HHE,2022-02-14 00:00:00.810,2022-02-15 00:00:01.780
PLPI,HHN,2022-02-14 00:00:01.820,2022-02-15 00:00:01.830
PLPI,HHZ,2022-02-14 00:00:03.620,2022-02-15 00:00:00.190
PLPI,HHE,2022-02-15 00:00:01.790,2022-02-16 00:00:00.620
PLPI,HHN,2022-02-15 00:00:01.840,2022-02-16 00:00:01.530
PLPI,HHZ,2022-02-15 00:00:00.200,2022-02-16 00:00:02.190
PLPI,HHE,2022-02-16 00:00:00.630,2022-02-17 00:00:01.860
PLPI,HHN,2022-02-16 00:00:01.540,2022-02-17 00:00:01.000
PLPI,HHZ,2022-02-16 00:00:02.200,2022-02-17 00:00:00.260
PLPI,HHE,2022-02-17 00:00:01.870,2022-02-18 00:00:00.840
PLPI,HHN,2022-02-17 00:00:01.010,2022-02-18 00:00:02.420
PLPI,HHZ,2022-02-17 00:00:00.270,2022-02-18 00:00:01.960
PLPI,HHE,2022-02-18 00:00:00.850,2022-02-19 00:00:01.270
PLPI,HHN,2022-02-18 00:00:02.430,2022-02-19 00:00:01.980
PLPI,HHZ,2022-02-18 00:00:01.970,2022-02-19 00:00:01.480
PLPI,HHE,2022-02-19 00:00:01.280,2022-02-20 00:00:01.960
PLPI,HHN,2022-02-19 00:00:01.990,2022-02-20 00:00:00.640
PLPI,HHZ,2022-02-19 00:00:01.490,2022-02-20 00:00:01.220
PLPI,HHE,2022-02-20 00:00:01.970,2022-02-21 00:00:02.080
PLPI,HHN,2022-02-20 00:00:00.650,2022-02-21 00:00:01.230
PLPI,HHZ,2022-02-20 00:00:01.230,2022-02-21 00:00:02.680
PLPI,HHE,2022-02-21 00:00:02.090,2022-02-22 00:00:02.460
PLPI,HHN,2022-02-21 00:00:01.240,2022-02-22 00:00:00.030
PLPI,HHZ,2022-02-21 00:00:02.690,2022-02-22 00:00:03.040
PLPI,HHE,2022-02-22 00:00:02.470,2022-02-23 00:00:00.000
PLPI,HHN,2022-02-22 00:00:00.040,2022-02-23 00:00:00.970
PLPI,HHZ,2022-02-22 00:00:03.050,2022-02-23 00:00:02.080
PLPI,HHE,2022-02-23 00:00:00.010,2022-02-24 00:00:00.270
PLPI,HHN,2022-02-23 00:00:00.980,2022-02-24 00:00:01.390
PLPI,HHZ,2022-02-23 00:00:02.090,2022-02-24 00:00:03.520
PLPI,HHE,2022-02-24 00:00:00.280,2022-02-25 00:00:01.520
PLPI,HHN,2022-02-24 00:00:01.400,2022-02-25 00:00:00.260
PLPI,HHZ,2022-02-24 00:00:03.530,2022-02-25 00:00:00.400
PLPI,HHE,2022-02-25 00:00:01.530,2022-02-26 00:00:02.520
PLPI,HHN,2022-02-25 00:00:00.270,2022-02-26 00:00:02.560
PLPI,HHZ,2022-02-25 00:00:00.410,2022-02-26 00:00:00.320
PLPI,HHE,2022-02-26 00:00:02.530,2022-02-27 00:00:00.670
PLPI,HHN,2022-02-26 00:00:02.570,2022-02-27 00:00:00.060
PLPI,HHZ,2022-02-26 00:00:00.330,2022-02-27 00:00:02.030
PLPI,HHE,2022-02-27 00:00:00.680,2022-02-28 00:00:01.430
PLPI,HHN,2022-02-27 00:00:00.070,2022-02-28 00:00:01.880
PLPI,HHZ,2022-02-27 00:00:02.040,2022-02-28 00:00:01.900
PLPI,HHE,2022-02-28 00:00:01.440,2022-03-01 00:00:00.680
PLPI,HHN,2022-02-28 00:00:01.890,2022-03-01 00:00:01.680
PLPI,HHZ,2022-02-28 00:00:01.910,2022-03-01 00:00:02.180
PLPI,HHE,2022-03-01 00:00:00.690,2022-03-02 00:00:00.190
PLPI,HHN,2022-03-01 00:00:01.690,2022-03-02 00:00:01.680
PLPI,HHZ,2022-03-01 00:00:02.190,2022-03-02 00:00:01.280
PLPI,HHE,2022-03-02 00:00:00.200,2022-03-03 00:00:00.030
PLPI,HHN,2022-03-02 00:00:01.690,2022-03-03 00:00:00.300
PLPI,HHZ,2022-03-02 00:00:01.290,2022-03-03 00:00:01.140
PLPI,HHE,2022-03-03 00:00:00.040,2022-03-04 00:00:01.860
PLPI,HHN,2022-03-03 00:00:00.310,2022-03-04 00:00:01.680
PLPI,HHZ,2022-03-03 00:00:01.150,2022-03-04 00:00:00.050
PLPI,HHE,2022-03-04 00:00:01.870,2022-03-05 00:00:01.720
PLPI,HHN,2022-03-04 00:00:01.690,2022-03-05 00:00:01.800
PLPI,HHZ,2022-03-04 00:00:00.060,2022-03-05 00:00:00.210
PLPI,HHE,2022-03-05 00:00:01.730,2022-03-06 00:00:00.050
PLPI,HHN,2022-03-05 00:00:01.810,2022-03-06 00:00:01.990
PLPI,HHZ,2022-03-05 00:00:00.220,2022-03-06 00:00:00.040
PLPI,HHE,2022-03-06 00:00:00.060,2022-03-07 00:00:00.120
PLPI,HHN,2022-03-06 00:00:02.000,2022-03-07 00:00:02.830
PLPI,HHZ,2022-03-06 00:00:00.050,2022-03-07 00:00:02.060
PLPI,HHE,2022-03-07 00:00:00.130,2022-03-08 00:00:00.360
PLPI,HHN,2022-03-07 00:00:02.840,2022-03-08 00:00:01.050
PLPI,HHZ,2022-03-07 00:00:02.070,2022-03-08 00:00:03.780
PLPI,HHE,2022-03-08 00:00:00.370,2022-03-09 00:00:02.310
PLPI,HHN,2022-03-08 00:00:01.060,2022-03-09 00:00:00.630
PLPI,HHZ,2022-03-08 00:00:03.790,2022-03-09 00:00:03.720
PLPI,HHE,2022-03-09 00:00:02.320,2022-03-10 00:00:01.670
PLPI,HHN,2022-03-09 00:00:00.640,2022-03-10 00:00:00.210
PLPI,HHZ,2022-03-09 00:00:03.730,2022-03-10 00:00:01.720
PLPI,HHE,2022-03-10 00:00:01.680,2022-03-11 00:00:01.810
PLPI,HHN,2022-03-10 00:00:00.220,2022-03-11 00:00:02.330
PLPI,HHZ,2022-03-10 00:00:01.730,2022-03-11 00:00:00.340
PLPI,HHE,2022-03-11 00:00:01.820,2022-03-12 00:00:01.240
PLPI,HHN,2022-03-11 00:00:02.340,2022-03-12 00:00:02.020
PLPI,HHZ,2022-03-11 00:00:00.350,2022-03-12 00:00:02.520
PLPI,HHE,2022-03-12 00:00:01.250,2022-03-13 00:00:01.500
PLPI,HHN,2022-03-12 00:00:02.030,2022-03-13 00:00:02.080
PLPI,HHZ,2022-03-12 00:00:02.530,2022-03-13 00:00:01.300
PLPI,HHE,2022-03-13 00:00:01.510,2022-03-14 00:00:00.710
PLPI,HHN,2022-03-13 00:00:02.090,2022-03-14 00:00:02.240
PLPI,HHZ,2022-03-13 00:00:01.310,2022-03-14 00:00:02.240
PLPI,HHE,2022-03-14 00:00:00.720,2022-03-15 00:00:01.340
PLPI,HHN,2022-03-14 00:00:02.250,2022-03-15 00:00:01.260
PLPI,HHZ,2022-03-14 00:00:02.250,2022-03-15 00:00:01.800
PLPI,HHE,2022-03-15 00:00:01.350,2022-03-16 00:00:02.080
PLPI,HHN,2022-03-15 00:00:01.270,2022-03-16 00:00:01.820
PLPI,HHZ,2022-03-15 00:00:01.810,2022-03-16 00:00:02.080
PLPI,HHE,2022-03-16 00:00:02.090,2022-03-17 00:00:01.740
PLPI,HHN,2022-03-16 00:00:01.830,2022-03-17 00:00:02.300
PLPI,HHZ,2022-03-16 00:00:02.090,2022-03-17 00:00:01.800
PLPI,HHE,2022-03-17 00:00:01.750,2022-03-18 00:00:01.500
PLPI,HHN,2022-03-17 00:00:02.310,2022-03-18 00:00:00.060
PLPI,HHZ,2022-03-17 00:00:01.810,2022-03-18 00:00:02.160
PLPI,HHE,2022-03-18 00:00:01.510,2022-03-19 00:00:01.760
PLPI,HHN,2022-03-18 00:00:00.070,2022-03-19 00:00:01.280
PLPI,HHZ,2022-03-18 00:00:02.170,2022-03-19 00:00:02.220
PLPI,HHE,2022-03-19 00:00:01.770,2022-03-20 00:00:00.800
PLPI,HHN,2022-03-19 00:00:01.290,2022-03-20 00:00:01.340
PLPI,HHZ,2022-03-19 00:00:02.230,2022-03-20 00:00:01.020
PLPI,HHE,2022-03-20 00:00:00.810,2022-03-21 00:00:00.480
PLPI,HHN,2022-03-20 00:00:01.350,2022-03-21 00:00:02.120
PLPI,HHZ,2022-03-20 00:00:01.030,2022-03-21 00:00:02.580
PLPI,HHE,2022-03-21 00:00:00.490,2022-03-22 00:00:02.610
PLPI,HHN,2022-03-21 00:00:02.130,2022-03-22 00:00:00.350
PLPI,HHZ,2022-03-21 00:00:02.590,2022-03-22 00:00:03.730
PLPI,HHE,2022-03-22 00:00:02.620,2022-03-23 00:00:00.560
PLPI,HHN,2022-03-22 00:00:00.360,2022-03-23 00:00:01.270
PLPI,HHZ,2022-03-22 00:00:03.740,2022-03-23 00:00:01.430
PLPI,HHE,2022-03-23 00:00:00.570,2022-03-24 00:00:00.040
PLPI,HHN,2022-03-23 00:00:01.280,2022-03-24 00:00:00.190
PLPI,HHZ,2022-03-23 00:00:01.440,2022-03-24 00:00:01.130
PLPI,HHE,2022-03-24 00:00:00.050,2022-03-25 00:00:02.020
PLPI,HHN,2022-03-24 00:00:00.200,2022-03-25 00:00:00.690
PLPI,HHZ,2022-03-24 00:00:01.140,2022-03-25 00:00:02.760
PLPI,HHE,2022-03-25 00:00:02.030,2022-03-26 00:00:03.480
PLPI,HHN,2022-03-25 00:00:00.700,2022-03-26 00:00:00.220
PLPI,HHZ,2022-03-25 00:00:02.770,2022-03-26 00:00:01.520
PLPI,HHE,2022-03-26 00:00:03.490,2022-03-27 00:00:01.260
PLPI,HHN,2022-03-26 00:00:00.230,2022-03-27 00:00:01.820
PLPI,HHZ,2022-03-26 00:00:01.530,2022-03-27 00:00:00.340
PLPI,HHE,2022-03-27 00:00:01.270,2022-03-28 00:00:00.160
PLPI,HHN,2022-03-27 00:00:01.830,2022-03-28 00:00:00.840
PLPI,HHZ,2022-03-27 00:00:00.350,2022-03-28 00:00:02.060
PLPI,HHE,2022-03-28 00:00:00.170,2022-03-29 00:00:00.240
PLPI,HHN,2022-03-28 00:00:00.850,2022-03-29 00:00:00.200
PLPI,HHZ,2022-03-28 00:00:02.070,2022-03-29 00:00:01.930
PLPI,HHE,2022-03-29 00:00:00.250,2022-03-30 00:00:00.920
PLPI,HHN,2022-03-29 00:00:00.210,2022-03-30 00:00:01.100
PLPI,HHZ,2022-03-29 00:00:01.940,2022-03-30 00:00:01.330
PLPI,HHE,2022-03-30 00:00:00.930,2022-03-31 00:00:02.260
PLPI,HHN,2022-03-30 00:00:01.110,2022-03-31 00:00:02.220
PLPI,HHZ,2022-03-30 00:00:01.340,2022-03-31 00:00:01.070
PLPI,HHE,2022-04-01 00:00:01.630,2022-04-02 00:00:03.600
PLPI,HHN,2022-04-01 00:00:00.470,2022-04-02 00:00:02.000
PLPI,HHZ,2022-04-01 00:00:01.660,2022-04-02 00:00:02.110
PLPI,HHE,2022-04-02 00:00:03.610,2022-04-03 00:00:00.080
PLPI,HHN,2022-04-02 00:00:02.010,2022-04-03 00:00:00.260
PLPI,HHZ,2022-04-02 00:00:02.120,2022-04-03 00:00:00.110
PLPI,HHE,2022-04-03 00:00:00.090,2022-04-04 00:00:00.290
PLPI,HHN,2022-04-03 00:00:00.270,2022-04-04 00:00:01.340
PLPI,HHZ,2022-04-03 00:00:00.120,2022-04-04 00:00:00.730
PLPI,HHE,2022-04-04 00:00:00.300,2022-04-05 00:00:01.550
PLPI,HHN,2022-04-04 00:00:01.350,2022-04-05 00:00:01.690
PLPI,HHZ,2022-04-04 00:00:00.740,2022-04-05 00:00:00.450
PLPI,HHE,2022-04-05 00:00:01.560,2022-04-06 00:00:00.870
PLPI,HHN,2022-04-05 00:00:01.700,2022-04-06 00:00:02.010
PLPI,HHZ,2022-04-05 00:00:00.460,2022-04-06 00:00:03.030
PLPI,HHE,2022-04-06 00:00:00.880,2022-04-07 00:00:02.690
PLPI,HHN,2022-04-06 00:00:02.020,2022-04-07 00:00:00.670
PLPI,HHZ,2022-04-06 00:00:03.040,2022-04-07 00:00:01.050
PLPI,HHE,2022-04-07 00:00:02.700,2022-04-08 00:00:00.970
PLPI,HHN,2022-04-07 00:00:00.680,2022-04-08 00:00:01.270
PLPI,HHZ,2022-04-07 00:00:01.060,2022-04-08 00:00:00.210
PLPI,HHE,2022-04-08 00:00:00.980,2022-04-09 00:00:01.630
PLPI,HHN,2022-04-08 00:00:01.280,2022-04-09 00:00:01.210
PLPI,HHZ,2022-04-08 00:00:00.220,2022-04-09 00:00:01.550
PLPI,HHE,2022-04-09 00:00:01.640,2022-04-10 00:00:02.270
PLPI,HHN,2022-04-09 00:00:01.220,2022-04-10 00:00:02.050
PLPI,HHZ,2022-04-09 00:00:01.560,2022-04-10 00:00:00.670
PLPI,HHE,2022-04-10 00:00:02.280,2022-04-11 00:00:00.030
PLPI,HHN,2022-04-10 00:00:02.060,2022-04-11 00:00:01.390
PLPI,HHZ,2022-04-10 00:00:00.680,2022-04-11 00:00:01.890
PLPI,HHE,2022-04-11 00:00:00.040,2022-04-12 00:00:00.710
PLPI,HHN,2022-04-11 00:00:01.400,2022-04-12 00:00:01.250
PLPI,HHZ,2022-04-11 00:00:01.900,2022-04-12 00:00:01.990
PLPI,HHE,2022-04-12 00:00:00.720,2022-04-13 00:00:02.420
PLPI,HHN,2022-04-12 00:00:01.260,2022-04-13 00:00:00.760
PLPI,HHZ,2022-04-12 00:00:02.000,2022-04-13 00:00:02.730
PLPI,HHE,2022-04-13 00:00:02.430,2022-04-13 18:01:33.480
PLPI,HHE,2022-04-13 18:01:15.570,2022-04-13 19:14:50.920
PLPI,HHE,2022-04-13 19:14:41.090,2022-04-14 00:00:01.880
PLPI,HHN,2022-04-13 00:00:00.770,2022-04-13 18:01:32.840
PLPI,HHN,2022-04-13 18:01:14.610,2022-04-13 19:14:52.120
PLPI,HHN,2022-04-13 19:14:42.250,2022-04-14 00:00:01.620
PLPI,HHZ,2022-04-13 00:00:02.740,2022-04-13 18:01:31.710
PLPI,HHZ,2022-04-13 18:01:12.980,2022-04-13 19:14:52.250
PLPI,HHZ,2022-04-13 19:14:41.100,2022-04-14 00:00:01.070
PLPI,HHE,2022-04-14 00:00:01.890,2022-04-15 00:00:01.460
PLPI,HHN,2022-04-14 00:00:01.630,2022-04-15 00:00:00.940
PLPI,HHZ,2022-04-14 00:00:01.080,2022-04-15 00:00:01.930
PLPI,HHE,2022-04-15 00:00:01.470,2022-04-16 00:00:01.250
PLPI,HHN,2022-04-15 00:00:00.950,2022-04-16 00:00:00.300
PLPI,HHZ,2022-04-15 00:00:01.940,2022-04-16 00:00:00.810
PLPI,HHE,2022-04-16 00:00:01.260,2022-04-16 01:27:29.730
PLPI,HHE,2022-04-16 01:28:37.800,2022-04-16 07:43:38.410
PLPI,HHE,2022-04-16 07:42:47.920,2022-04-17 00:00:00.560
PLPI,HHN,2022-04-16 00:00:00.310,2022-04-16 01:27:29.780
PLPI,HHN,2022-04-16 01:28:37.850,2022-04-16 07:43:36.520
PLPI,HHN,2022-04-16 07:42:49.910,2022-04-17 00:00:01.280
PLPI,HHZ,2022-04-16 00:00:00.820,2022-04-16 01:27:31.330
PLPI,HHZ,2022-04-16 01:28:39.820,2022-04-16 07:43:36.930
PLPI,HHZ,2022-04-16 07:42:49.000,2022-04-17 00:00:00.230
PLPI,HHE,2022-04-17 00:00:00.570,2022-04-18 00:00:01.320
PLPI,HHN,2022-04-17 00:00:01.290,2022-04-18 00:00:00.570
PLPI,HHZ,2022-04-17 00:00:00.240,2022-04-18 00:00:01.890
PLPI,HHE,2022-04-18 00:00:01.330,2022-04-19 00:00:01.430
PLPI,HHN,2022-04-18 00:00:00.580,2022-04-19 00:00:01.740
PLPI,HHZ,2022-04-18 00:00:01.900,2022-04-19 00:00:00.010
PLPI,HHE,2022-04-19 00:00:01.440,2022-04-20 00:00:01.740
PLPI,HHN,2022-04-19 00:00:01.750,2022-04-20 00:00:00.060
PLPI,HHZ,2022-04-19 00:00:00.020,2022-04-20 00:00:00.250
PLPI,HHE,2022-04-20 00:00:01.750,2022-04-21 00:00:00.320
PLPI,HHN,2022-04-20 00:00:00.070,2022-04-21 00:00:03.070
PLPI,HHZ,2022-04-20 00:00:00.260,2022-04-21 00:00:01.700
PLPI,HHE,2022-04-21 00:00:00.330,2022-04-22 00:00:01.210
PLPI,HHN,2022-04-21 00:00:03.080,2022-04-22 00:00:03.500
PLPI,HHZ,2022-04-21 00:00:01.710,2022-04-22 00:00:00.920
PLPI,HHE,2022-04-22 00:00:01.220,2022-04-23 00:00:02.440
PLPI,HHN,2022-04-22 00:00:03.510,2022-04-23 00:00:02.350
PLPI,HHZ,2022-04-22 00:00:00.930,2022-04-23 00:00:02.860
PLPI,HHE,2022-04-23 00:00:02.450,2022-04-24 00:00:02.490
PLPI,HHN,2022-04-23 00:00:02.360,2022-04-24 00:00:01.570
PLPI,HHZ,2022-04-23 00:00:02.870,2022-04-24 00:00:01.580
PLPI,HHE,2022-04-24 00:00:02.500,2022-04-25 00:00:03.420
PLPI,HHN,2022-04-24 00:00:01.580,2022-04-25 00:00:01.090
PLPI,HHZ,2022-04-24 00:00:01.590,2022-04-25 00:00:01.380
PLPI,HHE,2022-04-25 00:00:03.430,2022-04-26 00:00:00.270
PLPI,HHN,2022-04-25 00:00:01.100,2022-04-26 00:00:02.090
PLPI,HHZ,2022-04-25 00:00:01.390,2022-04-26 00:00:01.860
PLPI,HHE,2022-04-26 00:00:00.280,2022-04-27 00:00:02.140
PLPI,HHN,2022-04-26 00:00:02.100,2022-04-27 00:00:00.330
PLPI,HHZ,2022-04-26 00:00:01.870,2022-04-27 00:00:02.600
PLPI,HHE,2022-04-27 00:00:02.150,2022-04-28 00:00:02.380
PLPI,HHN,2022-04-27 00:00:00.340,2022-04-28 00:00:00.590
PLPI,HHZ,2022-04-27 00:00:02.610,2022-04-28 00:00:00.580
PLPI,HHE,2022-04-28 00:00:02.390,2022-04-29 00:00:03.210
PLPI,HHN,2022-04-28 00:00:00.600,2022-04-29 00:00:02.310
PLPI,HHZ,2022-04-28 00:00:00.590,2022-04-29 00:00:01.400
PLPI,HHE,2022-04-29 00:00:03.220,2022-04-29 13:11:31.570
PLPI,HHE,2022-04-29 13:10:54.260,2022-04-30 00:00:01.230
PLPI,HHN,2022-04-29 00:00:02.320,2022-04-29 13:11:32.150
PLPI,HHN,2022-04-29 13:10:52.660,2022-04-30 00:00:00.190
PLPI,HHZ,2022-04-29 00:00:01.410,2022-04-29 13:11:32.720
PLPI,HHZ,2022-04-29 13:10:52.450,2022-04-30 00:00:01.090
PLPI,HHE,2022-04-30 00:00:01.240,2022-04-30 01:54:52.650
PLPI,HHE,2022-04-30 01:53:57.260,2022-04-30 01:55:37.010
PLPI,HHE,2022-04-30 01:53:57.260,2022-04-30 01:57:23.410
PLPI,HHE,2022-04-30 01:53:57.260,2022-04-30 04:24:45.170
PLPI,HHE,2022-04-30 04:11:46.480,2022-04-30 10:55:28.110
PLPI,HHE,2022-04-30 10:54:36.800,2022-04-30 10:55:58.110
PLPI,HHE,2022-04-30 10:54:36.800,2022-05-01 00:00:00.440
PLPI,HHN,2022-04-30 00:00:00.200,2022-04-30 01:54:52.030
PLPI,HHN,2022-04-30 01:53:57.640,2022-04-30 01:55:39.690
PLPI,HHN,2022-04-30 01:53:57.640,2022-04-30 01:57:20.990
PLPI,HHN,2022-04-30 01:53:57.640,2022-04-30 04:24:45.570
PLPI,HHN,2022-04-30 04:11:47.560,2022-04-30 10:55:28.010
PLPI,HHN,2022-04-30 10:54:36.480,2022-04-30 10:55:56.290
PLPI,HHN,2022-04-30 10:54:36.480,2022-05-01 00:00:00.110
PLPI,HHZ,2022-04-30 00:00:01.100,2022-04-30 01:54:52.850
PLPI,HHZ,2022-04-30 01:53:59.300,2022-04-30 01:55:37.190
PLPI,HHZ,2022-04-30 01:53:59.300,2022-04-30 01:57:21.630
PLPI,HHZ,2022-04-30 01:53:59.300,2022-04-30 04:24:46.650
PLPI,HHZ,2022-04-30 04:11:48.060,2022-04-30 10:55:27.290
PLPI,HHZ,2022-04-30 10:54:38.320,2022-04-30 10:55:57.630
PLPI,HHZ,2022-04-30 10:54:38.320,2022-05-01 00:00:01.630
PLPI,HHE,2022-05-01 00:00:00.450,2022-05-02 00:00:00.410
PLPI,HHN,2022-05-01 00:00:00.120,2022-05-02 00:00:01.030
PLPI,HHZ,2022-05-01 00:00:01.640,2022-05-02 00:00:02.070
PLPI,HHE,2022-05-02 00:00:00.420,2022-05-03 00:00:01.900
PLPI,HHN,2022-05-02 00:00:01.040,2022-05-03 00:00:01.530
PLPI,HHZ,2022-05-02 00:00:02.080,2022-05-03 00:00:01.330
PLPI,HHE,2022-05-03 00:00:01.910,2022-05-04 00:00:01.130
PLPI,HHN,2022-05-03 00:00:01.540,2022-05-04 00:00:00.500
PLPI,HHZ,2022-05-03 00:00:01.340,2022-05-04 00:00:03.910
PLPI,HHE,2022-05-04 00:00:01.140,2022-05-05 00:00:00.600
PLPI,HHN,2022-05-04 00:00:00.510,2022-05-05 00:00:02.820
PLPI,HHZ,2022-05-04 00:00:03.920,2022-05-05 00:00:03.290
PLPI,HHE,2022-05-05 00:00:00.610,2022-05-06 00:00:00.160
PLPI,HHN,2022-05-05 00:00:02.830,2022-05-06 00:00:00.480
PLPI,HHZ,2022-05-05 00:00:03.300,2022-05-06 00:00:01.570
PLPI,HHE,2022-05-06 00:00:00.170,2022-05-07 00:00:02.180
PLPI,HHN,2022-05-06 00:00:00.490,2022-05-07 00:00:00.320
PLPI,HHZ,2022-05-06 00:00:01.580,2022-05-07 00:00:02.810
PLPI,HHE,2022-05-07 00:00:02.190,2022-05-07 02:16:06.240
PLPI,HHE,2022-05-07 02:15:42.630,2022-05-07 03:42:19.400
PLPI,HHE,2022-05-07 03:41:40.970,2022-05-07 04:35:45.440
PLPI,HHE,2022-05-07 04:34:46.830,2022-05-07 09:23:10.460
PLPI,HHE,2022-05-07 09:22:50.670,2022-05-07 10:54:38.080
PLPI,HHE,2022-05-07 10:53:53.210,2022-05-08 00:00:02.370
PLPI,HHN,2022-05-07 00:00:00.330,2022-05-07 02:16:06.540
PLPI,HHN,2022-05-07 02:15:39.610,2022-05-07 03:42:17.220
PLPI,HHN,2022-05-07 03:41:40.970,2022-05-07 04:35:45.340
PLPI,HHN,2022-05-07 04:34:48.830,2022-05-07 09:23:11.860
PLPI,HHN,2022-05-07 09:22:49.030,2022-05-07 10:54:38.520
PLPI,HHN,2022-05-07 10:53:53.250,2022-05-08 00:00:02.420
PLPI,HHZ,2022-05-07 00:00:02.820,2022-05-07 02:16:07.430
PLPI,HHZ,2022-05-07 02:15:39.000,2022-05-07 03:42:19.130
PLPI,HHZ,2022-05-07 03:41:42.220,2022-05-07 04:35:45.670
PLPI,HHZ,2022-05-07 04:34:45.260,2022-05-07 09:23:11.190
PLPI,HHZ,2022-05-07 09:22:49.700,2022-05-07 10:54:35.970
PLPI,HHZ,2022-05-07 10:53:53.080,2022-05-08 00:00:00.730
PLPI,HHE,2022-05-08 00:00:02.380,2022-05-09 00:00:00.510
PLPI,HHN,2022-05-08 00:00:02.430,2022-05-09 00:00:01.400
PLPI,HHZ,2022-05-08 00:00:00.740,2022-05-09 00:00:01.450
PLPI,HHE,2022-05-09 00:00:00.520,2022-05-10 00:00:02.770
PLPI,HHN,2022-05-09 00:00:01.410,2022-05-10 00:00:03.020
PLPI,HHZ,2022-05-09 00:00:01.460,2022-05-10 00:00:02.270
PLPI,HHE,2022-05-10 00:00:02.780,2022-05-11 00:00:02.790
PLPI,HHN,2022-05-10 00:00:03.030,2022-05-11 00:00:02.810
PLPI,HHZ,2022-05-10 00:00:02.280,2022-05-11 00:00:00.390
PLPI,HHE,2022-05-11 00:00:02.800,2022-05-12 00:00:02.210
PLPI,HHN,2022-05-11 00:00:02.820,2022-05-12 00:00:02.270
PLPI,HHZ,2022-05-11 00:00:00.400,2022-05-12 00:00:00.550
PLPI,HHE,2022-05-12 00:00:02.220,2022-05-13 00:00:00.520
PLPI,HHN,2022-05-12 00:00:02.280,2022-05-13 00:00:00.240
PLPI,HHZ,2022-05-12 00:00:00.560,2022-05-13 00:00:03.770
PLPI,HHE,2022-05-13 00:00:00.530,2022-05-14 00:00:00.940
PLPI,HHN,2022-05-13 00:00:00.250,2022-05-14 00:00:02.370
PLPI,HHZ,2022-05-13 00:00:03.780,2022-05-14 00:00:02.350
PLPI,HHE,2022-05-14 00:00:00.950,2022-05-14 01:58:09.000
PLPI,HHE,2022-05-14 01:57:54.290,2022-05-15 00:00:03.540
PLPI,HHN,2022-05-14 00:00:02.380,2022-05-14 01:58:09.750
PLPI,HHN,2022-05-14 01:57:51.800,2022-05-15 00:00:01.740
PLPI,HHZ,2022-05-14 00:00:02.360,2022-05-14 01:58:07.750
PLPI,HHZ,2022-05-14 01:57:51.300,2022-05-15 00:00:01.490
PLPI,HHE,2022-05-15 00:00:03.550,2022-05-16 00:00:00.960
PLPI,HHN,2022-05-15 00:00:01.750,2022-05-16 00:00:00.680
PLPI,HHZ,2022-05-15 00:00:01.500,2022-05-16 00:00:01.530
PLPI,HHE,2022-05-16 00:00:00.970,2022-05-17 00:00:00.500
PLPI,HHN,2022-05-16 00:00:00.690,2022-05-17 00:00:00.120
PLPI,HHZ,2022-05-16 00:00:01.540,2022-05-17 00:00:01.420
PLPI,HHE,2022-05-17 00:00:00.510,2022-05-18 00:00:01.480
PLPI,HHN,2022-05-17 00:00:00.130,2022-05-18 00:00:00.630
PLPI,HHZ,2022-05-17 00:00:01.430,2022-05-18 00:00:00.990
PLPI,HHE,2022-05-18 00:00:01.490,2022-05-19 00:00:02.610
PLPI,HHN,2022-05-18 00:00:00.640,2022-05-19 00:00:00.510
PLPI,HHZ,2022-05-18 00:00:01.000,2022-05-19 00:00:02.610
PLPI,HHE,2022-05-19 00:00:02.620,2022-05-20 00:00:00.180
PLPI,HHN,2022-05-19 00:00:00.520,2022-05-20 00:00:00.400
PLPI,HHZ,2022-05-19 00:00:02.620,2022-05-20 00:00:03.750
PLPI,HHE,2022-05-20 00:00:00.190,2022-05-21 00:00:01.060
PLPI,HHN,2022-05-20 00:00:00.410,2022-05-21 00:00:01.400
PLPI,HHZ,2022-05-20 00:00:03.760,2022-05-21 00:00:02.450
PLPI,HHE,2022-05-21 00:00:01.070,2022-05-21 02:21:11.760
PLPI,HHE,2022-05-21 02:19:37.270,2022-05-21 02:48:11.260
PLPI,HHE,2022-05-21 02:47:48.670,2022-05-21 04:57:21.600
PLPI,HHE,2022-05-21 04:56:59.490,2022-05-21 05:14:30.800
PLPI,HHE,2022-05-21 05:00:22.670,2022-05-21 05:22:11.580
PLPI,HHE,2022-05-21 05:21:07.850,2022-05-21 05:23:01.820
PLPI,HHE,2022-05-21 05:21:07.850,2022-05-21 06:28:51.480
PLPI,HHE,2022-05-21 06:28:15.830,2022-05-21 07:51:34.160
PLPI,HHE,2022-05-21 07:50:59.250,2022-05-21 08:32:18.980
PLPI,HHE,2022-05-21 08:31:30.170,2022-05-21 10:13:35.720
PLPI,HHE,2022-05-21 10:12:47.650,2022-05-21 10:44:33.440
PLPI,HHE,2022-05-21 10:44:06.690,2022-05-21 10:57:02.760
PLPI,HHE,2022-05-21 10:53:09.570,2022-05-22 00:00:02.120
PLPI,HHN,2022-05-21 00:00:01.410,2022-05-21 02:21:12.160
PLPI,HHN,2022-05-21 02:19:37.510,2022-05-21 02:48:09.420
PLPI,HHN,2022-05-21 02:47:50.350,2022-05-21 02:55:33.180
PLPI,HHN,2022-05-21 02:55:00.730,2022-05-21 04:57:23.180
PLPI,HHN,2022-05-21 04:57:00.090,2022-05-21 05:14:30.600
PLPI,HHN,2022-05-21 05:00:21.950,2022-05-21 05:22:09.300
PLPI,HHN,2022-05-21 05:21:09.210,2022-05-21 06:28:50.620
PLPI,HHN,2022-05-21 06:28:17.110,2022-05-21 07:51:35.700
PLPI,HHN,2022-05-21 07:50:57.610,2022-05-21 08:32:17.100
PLPI,HHN,2022-05-21 08:31:31.050,2022-05-21 10:13:36.660
PLPI,HHN,2022-05-21 10:12:46.530,2022-05-21 10:44:32.980
PLPI,HHN,2022-05-21 10:44:05.690,2022-05-21 10:57:04.540
PLPI,HHN,2022-05-21 10:53:10.890,2022-05-22 00:00:00.640
PLPI,HHZ,2022-05-21 00:00:02.460,2022-05-21 02:21:12.010
PLPI,HHZ,2022-05-21 02:19:37.160,2022-05-21 02:48:09.290
PLPI,HHZ,2022-05-21 02:47:48.220,2022-05-21 03:10:40.870
PLPI,HHZ,2022-05-21 02:56:56.280,2022-05-21 04:57:20.250
PLPI,HHZ,2022-05-21 04:56:59.360,2022-05-21 05:14:28.430
PLPI,HHZ,2022-05-21 05:00:23.980,2022-05-21 05:22:11.650
PLPI,HHZ,2022-05-21 05:21:07.100,2022-05-21 06:28:52.250
PLPI,HHZ,2022-05-21 06:28:15.980,2022-05-21 07:51:33.370
PLPI,HHZ,2022-05-21 07:50:56.700,2022-05-21 08:32:18.090
PLPI,HHZ,2022-05-21 08:31:29.360,2022-05-21 10:13:35.190
PLPI,HHZ,2022-05-21 10:12:46.200,2022-05-21 10:44:33.050
PLPI,HHZ,2022-05-21 10:44:07.300,2022-05-21 10:57:04.310
PLPI,HHZ,2022-05-21 10:53:10.340,2022-05-22 00:00:00.530
PLPI,HHE,2022-05-22 00:00:02.130,2022-05-23 00:00:03.040
PLPI,HHN,2022-05-22 00:00:00.650,2022-05-23 00:00:00.740
PLPI,HHZ,2022-05-22 00:00:00.540,2022-05-23 00:00:01.570
PLPI,HHE,2022-05-23 00:00:03.050,2022-05-24 00:00:03.300
PLPI,HHN,2022-05-23 00:00:00.750,2022-05-24 00:00:02.980
PLPI,HHZ,2022-05-23 00:00:01.580,2022-05-24 00:00:00.470
PLPI,HHE,2022-05-24 00:00:03.310,2022-05-25 00:00:00.630
PLPI,HHN,2022-05-24 00:00:02.990,2022-05-25 00:00:00.330
PLPI,HHZ,2022-05-24 00:00:00.480,2022-05-25 00:00:04.090
PLPI,HHE,2022-05-25 00:00:00.640,2022-05-26 00:00:00.010
PLPI,HHN,2022-05-25 00:00:00.340,2022-05-26 00:00:00.310
PLPI,HHZ,2022-05-25 00:00:04.100,2022-05-26 00:00:01.810
PLPI,HHE,2022-05-26 00:00:00.020,2022-05-27 00:00:03.090
PLPI,HHN,2022-05-26 00:00:00.320,2022-05-27 00:00:03.610
PLPI,HHZ,2022-05-26 00:00:01.820,2022-05-27 00:00:01.450
PLPI,HHE,2022-05-27 00:00:03.100,2022-05-28 00:00:02.790
PLPI,HHN,2022-05-27 00:00:03.620,2022-05-28 00:00:01.580
PLPI,HHZ,2022-05-27 00:00:01.460,2022-05-28 00:00:01.730
PLPI,HHE,2022-05-28 00:00:02.800,2022-05-28 02:49:31.870
PLPI,HHE,2022-05-28 02:48:38.440,2022-05-28 06:33:44.170
PLPI,HHE,2022-05-28 06:32:09.720,2022-05-28 08:50:21.490
PLPI,HHE,2022-05-28 08:49:42.280,2022-05-29 00:00:01.760
PLPI,HHN,2022-05-28 00:00:01.590,2022-05-28 02:49:32.280
PLPI,HHN,2022-05-28 02:48:39.310,2022-05-28 06:33:45.080
PLPI,HHN,2022-05-28 06:32:08.670,2022-05-28 08:50:20.860
PLPI,HHN,2022-05-28 08:49:41.710,2022-05-29 00:00:02.040
PLPI,HHZ,2022-05-28 00:00:01.740,2022-05-28 02:49:29.190
PLPI,HHZ,2022-05-28 02:48:40.580,2022-05-28 06:33:42.590
PLPI,HHZ,2022-05-28 06:32:11.480,2022-05-28 08:50:20.190
PLPI,HHZ,2022-05-28 08:49:39.420,2022-05-29 00:00:01.770
PLPI,HHE,2022-05-29 00:00:01.770,2022-05-30 00:00:01.440
PLPI,HHN,2022-05-29 00:00:02.050,2022-05-30 00:00:01.190
PLPI,HHZ,2022-05-29 00:00:01.780,2022-05-30 00:00:00.830
PLPI,HHE,2022-05-30 00:00:01.450,2022-05-31 00:00:00.530
PLPI,HHN,2022-05-30 00:00:01.200,2022-05-31 00:00:00.750
PLPI,HHZ,2022-05-30 00:00:00.840,2022-05-31 00:00:00.630
PLPI,HHE,2022-06-01 00:00:01.940,2022-06-02 00:00:01.740
PLPI,HHN,2022-06-01 00:00:01.430,2022-06-02 00:00:02.460
PLPI,HHZ,2022-06-01 00:00:01.440,2022-06-02 00:00:02.670
PLPI,HHE,2022-06-02 00:00:01.750,2022-06-02 13:16:05.140
PLPI,HHE,2022-06-02 13:15:06.610,2022-06-02 15:24:01.120
PLPI,HHE,2022-06-02 15:23:09.630,2022-06-03 00:00:02.890
PLPI,HHN,2022-06-02 00:00:02.470,2022-06-02 13:16:05.170
PLPI,HHN,2022-06-02 13:15:08.220,2022-06-02 15:24:03.130
PLPI,HHN,2022-06-02 15:23:11.640,2022-06-03 00:00:02.890
PLPI,HHZ,2022-06-02 00:00:02.680,2022-06-02 13:16:03.230
PLPI,HHZ,2022-06-02 13:15:07.040,2022-06-02 15:24:01.890
PLPI,HHZ,2022-06-02 15:23:10.400,2022-06-03 00:00:02.730
PLPI,HHE,2022-06-03 00:00:02.900,2022-06-04 00:00:00.920
PLPI,HHN,2022-06-03 00:00:02.900,2022-06-04 00:00:00.690
PLPI,HHZ,2022-06-03 00:00:02.740,2022-06-04 00:00:00.750
PLPI,HHE,2022-06-04 00:00:00.930,2022-06-04 01:56:13.840
PLPI,HHE,2022-06-04 01:56:06.670,2022-06-04 02:10:11.900
PLPI,HHE,2022-06-04 01:58:15.770,2022-06-04 02:01:02.200
PLPI,HHE,2022-06-04 02:00:23.470,2022-06-04 04:24:01.400
PLPI,HHE,2022-06-04 04:23:47.350,2022-06-04 12:16:18.600
PLPI,HHE,2022-06-04 12:15:35.990,2022-06-05 00:00:00.390
PLPI,HHN,2022-06-04 00:00:00.700,2022-06-04 01:56:13.430
PLPI,HHN,2022-06-04 01:56:06.560,2022-06-04 12:16:18.930
PLPI,HHN,2022-06-04 12:15:35.920,2022-06-05 00:00:02.080
PLPI,HHZ,2022-06-04 00:00:00.760,2022-06-04 01:56:12.570
PLPI,HHZ,2022-06-04 01:56:08.460,2022-06-04 02:10:15.030
PLPI,HHZ,2022-06-04 01:58:15.300,2022-06-04 02:01:01.350
PLPI,HHZ,2022-06-04 02:00:21.040,2022-06-04 04:24:00.810
PLPI,HHZ,2022-06-04 04:23:44.440,2022-06-04 12:16:19.770
PLPI,HHZ,2022-06-04 12:15:37.340,2022-06-05 00:00:03.290
PLPI,HHE,2022-06-05 00:00:00.400,2022-06-06 00:00:01.480
PLPI,HHN,2022-06-05 00:00:02.090,2022-06-06 00:00:02.280
PLPI,HHZ,2022-06-05 00:00:03.300,2022-06-06 00:00:02.580
PLPI,HHE,2022-06-06 00:00:01.490,2022-06-07 00:00:01.310
PLPI,HHN,2022-06-06 00:00:02.290,2022-06-07 00:00:02.270
PLPI,HHZ,2022-06-06 00:00:02.590,2022-06-07 00:00:00.150
PLPI,HHE,2022-06-07 00:00:01.320,2022-06-08 00:00:00.050
PLPI,HHN,2022-06-07 00:00:02.280,2022-06-08 00:00:01.560
PLPI,HHZ,2022-06-07 00:00:00.160,2022-06-08 00:00:00.210
PLPI,HHE,2022-06-08 00:00:00.060,2022-06-09 00:00:00.340
PLPI,HHN,2022-06-08 00:00:01.570,2022-06-09 00:00:02.010
PLPI,HHZ,2022-06-08 00:00:00.220,2022-06-09 00:00:01.780
PLPI,HHE,2022-06-09 00:00:00.350,2022-06-10 00:00:01.310
PLPI,HHN,2022-06-09 00:00:02.020,2022-06-10 00:00:01.030
PLPI,HHZ,2022-06-09 00:00:01.790,2022-06-10 00:00:00.510
PLPI,HHE,2022-06-10 00:00:01.320,2022-06-11 00:00:02.050
PLPI,HHN,2022-06-10 00:00:01.040,2022-06-11 00:00:00.530
PLPI,HHZ,2022-06-10 00:00:00.520,2022-06-11 00:00:00.110
PLPI,HHE,2022-06-11 00:00:02.060,2022-06-11 02:46:22.610
PLPI,HHE,2022-06-11 02:46:10.560,2022-06-11 03:28:03.190
PLPI,HHE,2022-06-11 03:27:48.800,2022-06-11 05:05:12.530
PLPI,HHE,2022-06-11 05:04:12.360,2022-06-11 07:08:12.110
PLPI,HHE,2022-06-11 07:07:21.140,2022-06-11 07:41:44.210
PLPI,HHE,2022-06-11 07:40:58.920,2022-06-11 07:43:26.490
PLPI,HHE,2022-06-11 07:40:58.920,2022-06-11 08:19:05.110
PLPI,HHE,2022-06-11 08:04:05.540,2022-06-11 11:22:07.030
PLPI,HHE,2022-06-11 11:21:16.180,2022-06-12 00:00:00.030
PLPI,HHN,2022-06-11 00:00:00.540,2022-06-11 02:46:23.930
PLPI,HHN,2022-06-11 02:46:09.220,2022-06-11 03:28:03.230
PLPI,HHN,2022-06-11 03:27:50.880,2022-06-11 05:05:13.590
PLPI,HHN,2022-06-11 05:04:14.520,2022-06-11 07:08:13.510
PLPI,HHN,2022-06-11 07:07:21.780,2022-06-11 07:41:45.770
PLPI,HHN,2022-06-11 07:41:00.560,2022-06-11 07:43:27.230
PLPI,HHN,2022-06-11 07:41:00.560,2022-06-11 08:19:05.450
PLPI,HHN,2022-06-11 08:04:06.400,2022-06-11 11:22:07.350
PLPI,HHN,2022-06-11 11:21:15.960,2022-06-12 00:00:01.810
PLPI,HHZ,2022-06-11 00:00:00.120,2022-06-11 02:46:20.990
PLPI,HHZ,2022-06-11 02:46:08.600,2022-06-11 03:28:04.590
PLPI,HHZ,2022-06-11 03:27:49.840,2022-06-11 05:05:13.510
PLPI,HHZ,2022-06-11 05:04:13.640,2022-06-11 07:08:12.710
PLPI,HHZ,2022-06-11 07:07:22.860,2022-06-11 07:41:43.970
PLPI,HHZ,2022-06-11 07:40:58.620,2022-06-11 07:43:27.290
PLPI,HHZ,2022-06-11 07:40:58.620,2022-06-11 08:19:06.630
PLPI,HHZ,2022-06-11 08:04:06.620,2022-06-11 11:22:06.430
PLPI,HHZ,2022-06-11 11:21:15.340,2022-06-12 00:00:01.930
PLPI,HHE,2022-06-12 00:00:00.040,2022-06-13 00:00:01.770
PLPI,HHN,2022-06-12 00:00:01.820,2022-06-13 00:00:01.910
PLPI,HHZ,2022-06-12 00:00:01.940,2022-06-13 00:00:02.160
PLPI,HHE,2022-06-13 00:00:01.780,2022-06-14 00:00:01.320
PLPI,HHN,2022-06-13 00:00:01.920,2022-06-14 00:00:00.890
PLPI,HHZ,2022-06-13 00:00:02.170,2022-06-14 00:00:00.660
PLPI,HHE,2022-06-14 00:00:01.330,2022-06-15 00:00:01.540
PLPI,HHN,2022-06-14 00:00:00.900,2022-06-15 00:00:00.750
PLPI,HHZ,2022-06-14 00:00:00.670,2022-06-15 00:00:00.020
PLPI,HHE,2022-06-15 00:00:01.550,2022-06-16 00:00:01.280
PLPI,HHN,2022-06-15 00:00:00.760,2022-06-16 00:00:01.550
PLPI,HHZ,2022-06-15 00:00:00.030,2022-06-16 00:00:01.540
PLPI,HHE,2022-06-16 00:00:01.290,2022-06-17 00:00:03.610
PLPI,HHN,2022-06-16 00:00:01.560,2022-06-17 00:00:02.410
PLPI,HHZ,2022-06-16 00:00:01.550,2022-06-17 00:00:01.800
PLPI,HHE,2022-06-17 00:00:03.620,2022-06-18 00:00:02.430
PLPI,HHN,2022-06-17 00:00:02.420,2022-06-18 00:00:00.120
PLPI,HHZ,2022-06-17 00:00:01.810,2022-06-18 00:00:03.080
PLPI,HHE,2022-06-18 00:00:02.440,2022-06-19 00:00:00.510
PLPI,HHN,2022-06-18 00:00:00.130,2022-06-19 00:00:02.290
PLPI,HHZ,2022-06-18 00:00:03.090,2022-06-19 00:00:01.880
PLPI,HHE,2022-06-19 00:00:00.520,2022-06-20 00:00:00.300
PLPI,HHN,2022-06-19 00:00:02.300,2022-06-20 00:00:02.900
PLPI,HHZ,2022-06-19 00:00:01.890,2022-06-20 00:00:03.710
PLPI,HHE,2022-06-20 00:00:00.310,2022-06-21 00:00:01.340
PLPI,HHN,2022-06-20 00:00:02.910,2022-06-21 00:00:01.420
PLPI,HHZ,2022-06-20 00:00:03.720,2022-06-21 00:00:01.930
PLPI,HHE,2022-06-21 00:00:01.350,2022-06-22 00:00:01.550
PLPI,HHN,2022-06-21 00:00:01.430,2022-06-22 00:00:00.780
PLPI,HHZ,2022-06-21 00:00:01.940,2022-06-22 00:00:03.990
PLPI,HHE,2022-06-22 00:00:01.560,2022-06-23 00:00:01.470
PLPI,HHN,2022-06-22 00:00:00.790,2022-06-23 00:00:01.300
PLPI,HHZ,2022-06-22 00:00:04.000,2022-06-23 00:00:00.490
PLPI,HHE,2022-06-23 00:00:01.480,2022-06-24 00:00:00.450
PLPI,HHN,2022-06-23 00:00:01.310,2022-06-24 00:00:00.020
PLPI,HHZ,2022-06-23 00:00:00.500,2022-06-24 00:00:00.590
PLPI,HHE,2022-06-24 00:00:00.460,2022-06-25 00:00:02.340
PLPI,HHN,2022-06-24 00:00:00.030,2022-06-25 00:00:01.040
PLPI,HHZ,2022-06-24 00:00:00.600,2022-06-25 00:00:01.690
PLPI,HHE,2022-06-25 00:00:02.350,2022-06-25 01:56:06.140
PLPI,HHE,2022-06-25 01:55:29.750,2022-06-25 02:31:53.300
PLPI,HHE,2022-06-25 02:31:46.050,2022-06-25 03:42:22.560
PLPI,HHE,2022-06-25 03:42:12.370,2022-06-26 00:00:00.960
PLPI,HHN,2022-06-25 00:00:01.050,2022-06-25 01:56:04.580
PLPI,HHN,2022-06-25 01:55:26.550,2022-06-25 02:31:54.580
PLPI,HHN,2022-06-25 02:31:44.150,2022-06-25 03:42:22.280
PLPI,HHN,2022-06-25 03:42:14.370,2022-06-26 00:00:00.780
PLPI,HHZ,2022-06-25 00:00:01.700,2022-06-25 01:56:06.350
PLPI,HHZ,2022-06-25 01:55:25.880,2022-06-25 02:31:50.490
PLPI,HHZ,2022-06-25 02:31:46.380,2022-06-25 03:42:25.250
PLPI,HHZ,2022-06-25 03:42:13.640,2022-06-26 00:00:01.030
PLPI,HHE,2022-06-26 00:00:00.970,2022-06-27 00:00:02.600
PLPI,HHN,2022-06-26 00:00:00.790,2022-06-27 00:00:02.680
PLPI,HHZ,2022-06-26 00:00:01.040,2022-06-27 00:00:00.910
PLPI,HHE,2022-06-27 00:00:02.610,2022-06-28 00:00:03.020
PLPI,HHN,2022-06-27 00:00:02.690,2022-06-28 00:00:03.220
PLPI,HHZ,2022-06-27 00:00:00.920,2022-06-28 00:00:01.950
PLPI,HHE,2022-06-28 00:00:03.030,2022-06-29 00:00:02.400
PLPI,HHN,2022-06-28 00:00:03.230,2022-06-29 00:00:00.030
PLPI,HHZ,2022-06-28 00:00:01.960,2022-06-29 00:00:02.670
PLPI,HHE,2022-06-29 00:00:02.410,2022-06-30 00:00:01.540
PLPI,HHN,2022-06-29 00:00:00.040,2022-06-30 00:00:02.460
PLPI,HHZ,2022-06-29 00:00:02.680,2022-06-30 00:00:03.030
PLPI,HHE,2022-06-30 00:00:01.550,2022-07-01 00:00:02.880
PLPI,HHN,2022-06-30 00:00:02.470,2022-07-01 00:00:00.390
PLPI,HHZ,2022-06-30 00:00:03.040,2022-07-01 00:00:01.050
PLPI,HHE,2022-07-01 00:00:02.890,2022-07-02 00:00:01.330
PLPI,HHN,2022-07-01 00:00:00.400,2022-07-02 00:00:02.110
PLPI,HHZ,2022-07-01 00:00:01.060,2022-07-02 00:00:01.790
PLPI,HHE,2022-07-02 00:00:01.340,2022-07-02 01:25:22.910
PLPI,HHE,2022-07-02 01:25:29.080,2022-07-02 01:27:34.330
PLPI,HHE,2022-07-02 01:25:29.080,2022-07-03 00:00:01.570
PLPI,HHN,2022-07-02 00:00:02.120,2022-07-02 01:25:23.750
PLPI,HHN,2022-07-02 01:25:30.120,2022-07-02 01:27:32.630
PLPI,HHN,2022-07-02 01:25:30.120,2022-07-03 00:00:02.780
PLPI,HHZ,2022-07-02 00:00:01.800,2022-07-02 01:25:23.490
PLPI,HHZ,2022-07-02 01:25:31.500,2022-07-02 01:27:33.030
PLPI,HHZ,2022-07-02 01:25:31.500,2022-07-03 00:00:02.790
PLPI,HHE,2022-07-03 00:00:01.580,2022-07-04 00:00:03.060
PLPI,HHN,2022-07-03 00:00:02.790,2022-07-04 00:00:02.220
PLPI,HHZ,2022-07-03 00:00:02.800,2022-07-04 00:00:03.040
PLPI,HHE,2022-07-04 00:00:03.070,2022-07-05 00:00:00.920
PLPI,HHN,2022-07-04 00:00:02.230,2022-07-05 00:00:00.590
PLPI,HHZ,2022-07-04 00:00:03.050,2022-07-05 00:00:02.780
PLPI,HHE,2022-07-05 00:00:00.930,2022-07-06 00:00:00.510
PLPI,HHN,2022-07-05 00:00:00.600,2022-07-06 00:00:01.320
PLPI,HHZ,2022-07-05 00:00:02.790,2022-07-06 00:00:02.660
PLPI,HHE,2022-07-06 00:00:00.520,2022-07-07 00:00:00.610
PLPI,HHN,2022-07-06 00:00:01.330,2022-07-07 00:00:01.210
PLPI,HHZ,2022-07-06 00:00:02.670,2022-07-07 00:00:01.680
PLPI,HHE,2022-07-07 00:00:00.620,2022-07-08 00:00:02.440
PLPI,HHN,2022-07-07 00:00:01.220,2022-07-08 00:00:01.860
PLPI,HHZ,2022-07-07 00:00:01.690,2022-07-08 00:00:03.300
PLPI,HHE,2022-07-08 00:00:02.450,2022-07-09 00:00:02.440
PLPI,HHN,2022-07-08 00:00:01.870,2022-07-09 00:00:02.500
PLPI,HHZ,2022-07-08 00:00:03.310,2022-07-09 00:00:00.960
PLPI,HHE,2022-07-09 00:00:02.450,2022-07-10 00:00:01.120
PLPI,HHN,2022-07-09 00:00:02.510,2022-07-10 00:00:01.960
PLPI,HHZ,2022-07-09 00:00:00.970,2022-07-10 00:00:01.200
PLPI,HHE,2022-07-10 00:00:01.130,2022-07-11 00:00:01.660
PLPI,HHN,2022-07-10 00:00:01.970,2022-07-11 00:00:00.890
PLPI,HHZ,2022-07-10 00:00:01.210,2022-07-11 00:00:00.500
PLPI,HHE,2022-07-11 00:00:01.670,2022-07-12 00:00:01.820
PLPI,HHN,2022-07-11 00:00:00.900,2022-07-12 00:00:00.060
PLPI,HHZ,2022-07-11 00:00:00.510,2022-07-12 00:00:01.540
PLPI,HHE,2022-07-12 00:00:01.830,2022-07-13 00:00:02.700
PLPI,HHN,2022-07-12 00:00:00.070,2022-07-13 00:00:01.430
PLPI,HHZ,2022-07-12 00:00:01.550,2022-07-13 00:00:03.920
PLPI,HHE,2022-07-13 00:00:02.710,2022-07-14 00:00:00.620
PLPI,HHN,2022-07-13 00:00:01.440,2022-07-14 00:00:01.510
PLPI,HHZ,2022-07-13 00:00:03.930,2022-07-14 00:00:02.900
PLPI,HHE,2022-07-14 00:00:00.630,2022-07-15 00:00:02.660
PLPI,HHN,2022-07-14 00:00:01.520,2022-07-15 00:00:00.020
PLPI,HHZ,2022-07-14 00:00:02.910,2022-07-15 00:00:01.000
PLPI,HHE,2022-07-15 00:00:02.670,2022-07-16 00:00:00.520
PLPI,HHN,2022-07-15 00:00:00.030,2022-07-16 00:00:02.090
PLPI,HHZ,2022-07-15 00:00:01.010,2022-07-16 00:00:01.920
PLPI,HHE,2022-07-16 00:00:00.530,2022-07-17 00:00:02.540
PLPI,HHN,2022-07-16 00:00:02.100,2022-07-17 00:00:02.630
PLPI,HHZ,2022-07-16 00:00:01.930,2022-07-17 00:00:00.360
PLPI,HHE,2022-07-17 00:00:02.550,2022-07-18 00:00:01.190
PLPI,HHN,2022-07-17 00:00:02.640,2022-07-18 00:00:02.930
PLPI,HHZ,2022-07-17 00:00:00.370,2022-07-18 00:00:00.900
PLPI,HHE,2022-07-18 00:00:01.200,2022-07-19 00:00:00.150
PLPI,HHN,2022-07-18 00:00:02.940,2022-07-19 00:00:02.100
PLPI,HHZ,2022-07-18 00:00:00.910,2022-07-19 00:00:02.640
PLPI,HHE,2022-07-19 00:00:00.160,2022-07-20 00:00:01.360
PLPI,HHN,2022-07-19 00:00:02.110,2022-07-20 00:00:01.680
PLPI,HHZ,2022-07-19 00:00:02.650,2022-07-20 00:00:00.940
PLPI,HHE,2022-07-20 00:00:01.370,2022-07-21 00:00:01.000
PLPI,HHN,2022-07-20 00:00:01.690,2022-07-21 00:00:00.810
PLPI,HHZ,2022-07-20 00:00:00.950,2022-07-21 00:00:03.760
PLPI,HHE,2022-07-21 00:00:01.010,2022-07-22 00:00:00.500
PLPI,HHN,2022-07-21 00:00:00.820,2022-07-22 00:00:00.920
PLPI,HHZ,2022-07-21 00:00:03.770,2022-07-22 00:00:03.360
PLPI,HHE,2022-07-22 00:00:00.510,2022-07-23 00:00:00.690
PLPI,HHN,2022-07-22 00:00:00.930,2022-07-23 00:00:00.280
PLPI,HHZ,2022-07-22 00:00:03.370,2022-07-23 00:00:00.150
PLPI,HHE,2022-07-23 00:00:00.700,2022-07-24 00:00:02.670
PLPI,HHN,2022-07-23 00:00:00.290,2022-07-24 00:00:00.060
PLPI,HHZ,2022-07-23 00:00:00.160,2022-07-24 00:00:01.070
PLPI,HHE,2022-07-24 00:00:02.680,2022-07-25 00:00:01.030
PLPI,HHN,2022-07-24 00:00:00.070,2022-07-25 00:00:00.480
PLPI,HHZ,2022-07-24 00:00:01.080,2022-07-25 00:00:01.080
PLPI,HHE,2022-07-25 00:00:01.040,2022-07-26 00:00:01.720
PLPI,HHN,2022-07-25 00:00:00.490,2022-07-26 00:00:00.380
PLPI,HHZ,2022-07-25 00:00:01.090,2022-07-26 00:00:00.740
PLPI,HHE,2022-07-26 00:00:01.730,2022-07-27 00:00:00.350
PLPI,HHN,2022-07-26 00:00:00.390,2022-07-27 00:00:00.060
PLPI,HHZ,2022-07-26 00:00:00.750,2022-07-27 00:00:03.210
PLPI,HHE,2022-07-27 00:00:00.360,2022-07-28 00:00:02.410
PLPI,HHN,2022-07-27 00:00:00.070,2022-07-28 00:00:01.760
PLPI,HHZ,2022-07-27 00:00:03.220,2022-07-28 00:00:01.830
PLPI,HHE,2022-07-28 00:00:02.420,2022-07-29 00:00:02.100
PLPI,HHN,2022-07-28 00:00:01.770,2022-07-29 00:00:02.090
PLPI,HHZ,2022-07-28 00:00:01.840,2022-07-29 00:00:01.690
PLPI,HHE,2022-07-29 00:00:02.110,2022-07-30 00:00:01.090
PLPI,HHN,2022-07-29 00:00:02.100,2022-07-30 00:00:00.130
PLPI,HHZ,2022-07-29 00:00:01.700,2022-07-30 00:00:01.230
PLPI,HHE,2022-07-30 00:00:01.100,2022-07-31 00:00:01.190
PLPI,HHN,2022-07-30 00:00:00.140,2022-07-31 00:00:00.180
PLPI,HHZ,2022-07-30 00:00:01.240,2022-07-31 00:00:00.690
PLPI,HHE,2022-08-01 00:00:00.290,2022-08-02 00:00:00.850
PLPI,HHN,2022-08-01 00:00:02.530,2022-08-02 00:00:00.710
PLPI,HHZ,2022-08-01 00:00:00.620,2022-08-02 00:00:00.330
PLPI,HHE,2022-08-02 00:00:00.860,2022-08-03 00:00:02.270
PLPI,HHN,2022-08-02 00:00:00.720,2022-08-03 00:00:01.040
PLPI,HHZ,2022-08-02 00:00:00.340,2022-08-03 00:00:03.550
PLPI,HHE,2022-08-03 00:00:02.280,2022-08-04 00:00:01.620
PLPI,HHN,2022-08-03 00:00:01.050,2022-08-04 00:00:02.880
PLPI,HHZ,2022-08-03 00:00:03.560,2022-08-04 00:00:01.210
PLPI,HHE,2022-08-04 00:00:01.630,2022-08-05 00:00:00.200
PLPI,HHN,2022-08-04 00:00:02.890,2022-08-05 00:00:01.280
PLPI,HHZ,2022-08-04 00:00:01.220,2022-08-05 00:00:01.970
PLPI,HHE,2022-08-05 00:00:00.210,2022-08-06 00:00:01.340
PLPI,HHN,2022-08-05 00:00:01.290,2022-08-06 00:00:02.300
PLPI,HHZ,2022-08-05 00:00:01.980,2022-08-06 00:00:01.230
PLPI,HHE,2022-08-06 00:00:01.350,2022-08-07 00:00:01.220
PLPI,HHN,2022-08-06 00:00:02.310,2022-08-07 00:00:01.260
PLPI,HHZ,2022-08-06 00:00:01.240,2022-08-07 00:00:03.290
PLPI,HHE,2022-08-07 00:00:01.230,2022-08-08 00:00:00.160
PLPI,HHN,2022-08-07 00:00:01.270,2022-08-08 00:00:01.480
PLPI,HHZ,2022-08-07 00:00:03.300,2022-08-08 00:00:02.250
PLPI,HHE,2022-08-08 00:00:00.170,2022-08-09 00:00:00.140
PLPI,HHN,2022-08-08 00:00:01.490,2022-08-09 00:00:01.140
PLPI,HHZ,2022-08-08 00:00:02.260,2022-08-09 00:00:01.130
PLPI,HHE,2022-08-09 00:00:00.150,2022-08-10 00:00:01.320
PLPI,HHN,2022-08-09 00:00:01.150,2022-08-10 00:00:00.440
PLPI,HHZ,2022-08-09 00:00:01.140,2022-08-10 00:00:00.630
PLPI,HHE,2022-08-10 00:00:01.330,2022-08-11 00:00:01.780
PLPI,HHN,2022-08-10 00:00:00.450,2022-08-11 00:00:01.860
PLPI,HHZ,2022-08-10 00:00:00.640,2022-08-11 00:00:00.410
PLPI,HHE,2022-08-11 00:00:01.790,2022-08-12 00:00:01.300
PLPI,HHN,2022-08-11 00:00:01.870,2022-08-12 00:00:02.900
PLPI,HHZ,2022-08-11 00:00:00.420,2022-08-12 00:00:03.210
PLPI,HHE,2022-08-12 00:00:01.310,2022-08-13 00:00:00.610
PLPI,HHN,2022-08-12 00:00:02.910,2022-08-13 00:00:00.950
PLPI,HHZ,2022-08-12 00:00:03.220,2022-08-13 00:00:03.040
PLPI,HHE,2022-08-13 00:00:00.620,2022-08-13 13:50:57.510
PLPI,HHE,2022-08-13 16:15:55.920,2022-08-14 00:00:01.190
PLPI,HHN,2022-08-13 00:00:00.960,2022-08-13 13:50:58.340
PLPI,HHN,2022-08-13 16:15:56.190,2022-08-14 00:00:01.920
PLPI,HHZ,2022-08-13 00:00:03.050,2022-08-13 13:50:56.620
PLPI,HHZ,2022-08-13 16:15:56.270,2022-08-14 00:00:00.820
PLPI,HHE,2022-08-14 00:00:01.200,2022-08-15 00:00:02.910
PLPI,HHN,2022-08-14 00:00:01.930,2022-08-15 00:00:03.440
PLPI,HHZ,2022-08-14 00:00:00.830,2022-08-15 00:00:00.280
PLPI,HHE,2022-08-15 00:00:02.920,2022-08-16 00:00:01.570
PLPI,HHN,2022-08-15 00:00:03.450,2022-08-16 00:00:00.120
PLPI,HHZ,2022-08-15 00:00:00.290,2022-08-16 00:00:03.160
PLPI,HHE,2022-08-16 00:00:01.580,2022-08-17 00:00:01.470
PLPI,HHN,2022-08-16 00:00:00.130,2022-08-17 00:00:02.760
PLPI,HHZ,2022-08-16 00:00:03.170,2022-08-17 00:00:01.320
PLPI,HHE,2022-08-17 00:00:01.480,2022-08-18 00:00:00.750
PLPI,HHN,2022-08-17 00:00:02.770,2022-08-18 00:00:02.780
PLPI,HHZ,2022-08-17 00:00:01.330,2022-08-18 00:00:00.760
PLPI,HHE,2022-08-18 00:00:00.760,2022-08-19 00:00:00.510
PLPI,HHN,2022-08-18 00:00:02.790,2022-08-19 00:00:02.720
PLPI,HHZ,2022-08-18 00:00:00.770,2022-08-19 00:00:01.460
PLPI,HHE,2022-08-19 00:00:00.520,2022-08-20 00:00:00.350
PLPI,HHN,2022-08-19 00:00:02.730,2022-08-20 00:00:00.540
PLPI,HHZ,2022-08-19 00:00:01.470,2022-08-20 00:00:00.940
PLPI,HHE,2022-08-20 00:00:00.360,2022-08-21 00:00:00.410
PLPI,HHN,2022-08-20 00:00:00.550,2022-08-21 00:00:01.500
PLPI,HHZ,2022-08-20 00:00:00.950,2022-08-21 00:00:01.040
PLPI,HHE,2022-08-21 00:00:00.420,2022-08-22 00:00:00.000
PLPI,HHN,2022-08-21 00:00:01.510,2022-08-22 00:00:00.850
PLPI,HHZ,2022-08-21 00:00:01.050,2022-08-22 00:00:01.120
PLPI,HHE,2022-08-22 00:00:00.010,2022-08-23 00:00:01.980
PLPI,HHN,2022-08-22 00:00:00.860,2022-08-23 00:00:01.770
PLPI,HHZ,2022-08-22 00:00:01.130,2022-08-23 00:00:03.100
PLPI,HHE,2022-08-23 00:00:01.990,2022-08-24 00:00:00.080
PLPI,HHN,2022-08-23 00:00:01.780,2022-08-24 00:00:00.850
PLPI,HHZ,2022-08-23 00:00:03.110,2022-08-24 00:00:01.880
PLPI,HHE,2022-08-24 00:00:00.090,2022-08-25 00:00:00.240
PLPI,HHN,2022-08-24 00:00:00.860,2022-08-24 12:28:05.810
PLPI,HHN,2022-08-24 12:33:29.400,2022-08-25 00:00:01.450
PLPI,HHZ,2022-08-24 00:00:01.890,2022-08-25 00:00:02.700
PLPI,HHE,2022-08-25 00:00:00.250,2022-08-26 00:00:00.820
PLPI,HHN,2022-08-25 00:00:01.460,2022-08-26 00:00:01.630
PLPI,HHZ,2022-08-25 00:00:02.710,2022-08-26 00:00:02.000
PLPI,HHE,2022-08-26 00:00:00.830,2022-08-27 00:00:00.180
PLPI,HHN,2022-08-26 00:00:01.640,2022-08-27 00:00:00.050
PLPI,HHZ,2022-08-26 00:00:02.010,2022-08-27 00:00:03.600
PLPI,HHE,2022-08-27 00:00:00.190,2022-08-28 00:00:01.620
PLPI,HHN,2022-08-27 00:00:00.060,2022-08-28 00:00:01.870
PLPI,HHZ,2022-08-27 00:00:03.610,2022-08-28 00:00:02.260
PLPI,HHE,2022-08-28 00:00:01.630,2022-08-29 00:00:00.220
PLPI,HHN,2022-08-28 00:00:01.880,2022-08-29 00:00:02.570
PLPI,HHZ,2022-08-28 00:00:02.270,2022-08-29 00:00:01.720
PLPI,HHE,2022-08-29 00:00:00.230,2022-08-30 00:00:00.230
PLPI,HHN,2022-08-29 00:00:02.580,2022-08-30 00:00:00.760
PLPI,HHZ,2022-08-29 00:00:01.730,2022-08-30 00:00:00.760
PLPI,HHE,2022-08-30 00:00:00.240,2022-08-31 00:00:01.720
PLPI,HHN,2022-08-30 00:00:00.770,2022-08-31 00:00:00.610
PLPI,HHZ,2022-08-30 00:00:00.770,2022-08-31 00:00:00.100
PLPI,HHE,2022-09-01 00:00:03.350,2022-09-02 00:00:01.840
PLPI,HHN,2022-09-01 00:00:03.560,2022-09-02 00:00:02.250
PLPI,HHZ,2022-09-01 00:00:03.670,2022-09-02 00:00:00.240
PLPI,HHE,2022-09-02 00:00:01.850,2022-09-03 00:00:02.980
PLPI,HHN,2022-09-02 00:00:02.260,2022-09-03 00:00:01.310
PLPI,HHZ,2022-09-02 00:00:00.250,2022-09-03 00:00:01.220
PLPI,HHE,2022-09-03 00:00:02.990,2022-09-04 00:00:02.300
PLPI,HHN,2022-09-03 00:00:01.320,2022-09-04 00:00:03.430
PLPI,HHZ,2022-09-03 00:00:01.230,2022-09-04 00:00:00.640
PLPI,HHE,2022-09-04 00:00:02.310,2022-09-05 00:00:00.780
PLPI,HHN,2022-09-04 00:00:03.440,2022-09-05 00:00:00.790
PLPI,HHZ,2022-09-04 00:00:00.650,2022-09-05 00:00:02.440
PLPI,HHE,2022-09-05 00:00:00.790,2022-09-06 00:00:01.420
PLPI,HHN,2022-09-05 00:00:00.800,2022-09-06 00:00:00.490
PLPI,HHZ,2022-09-05 00:00:02.450,2022-09-06 00:00:01.580
PLPI,HHE,2022-09-06 00:00:01.430,2022-09-07 00:00:01.660
PLPI,HHN,2022-09-06 00:00:00.500,2022-09-07 00:00:01.350
PLPI,HHZ,2022-09-06 00:00:01.590,2022-09-07 00:00:00.680
PLPI,HHE,2022-09-07 00:00:01.670,2022-09-08 00:00:00.000
PLPI,HHN,2022-09-07 00:00:01.360,2022-09-08 00:00:00.050
PLPI,HHZ,2022-09-07 00:00:00.690,2022-09-08 00:00:01.440
PLPI,HHE,2022-09-08 00:00:00.010,2022-09-09 00:00:01.800
PLPI,HHN,2022-09-08 00:00:00.060,2022-09-09 00:00:00.890
PLPI,HHZ,2022-09-08 00:00:01.450,2022-09-09 00:00:01.600
PLPI,HHE,2022-09-09 00:00:01.810,2022-09-10 00:00:02.260
PLPI,HHN,2022-09-09 00:00:00.900,2022-09-10 00:00:01.690
PLPI,HHZ,2022-09-09 00:00:01.610,2022-09-10 00:00:01.720
PLPI,HHE,2022-09-10 00:00:02.270,2022-09-11 00:00:00.280
PLPI,HHN,2022-09-10 00:00:01.700,2022-09-11 00:00:02.030
PLPI,HHZ,2022-09-10 00:00:01.730,2022-09-11 00:00:02.840
PLPI,HHE,2022-09-11 00:00:00.290,2022-09-12 00:00:02.070
PLPI,HHN,2022-09-11 00:00:02.040,2022-09-12 00:00:01.440
PLPI,HHZ,2022-09-11 00:00:02.850,2022-09-12 00:00:01.780
PLPI,HHE,2022-09-12 00:00:02.080,2022-09-13 00:00:00.270
PLPI,HHN,2022-09-12 00:00:01.450,2022-09-13 00:00:01.980
PLPI,HHZ,2022-09-12 00:00:01.790,2022-09-13 00:00:01.600
PLPI,HHE,2022-09-13 00:00:00.280,2022-09-14 00:00:00.290
PLPI,HHN,2022-09-13 00:00:01.990,2022-09-14 00:00:02.420
PLPI,HHZ,2022-09-13 00:00:01.610,2022-09-14 00:00:00.140
PLPI,HHE,2022-09-14 00:00:00.300,2022-09-15 00:00:01.710
PLPI,HHN,2022-09-14 00:00:02.430,2022-09-15 00:00:01.120
PLPI,HHZ,2022-09-14 00:00:00.150,2022-09-15 00:00:01.700
PLPI,HHE,2022-09-15 00:00:01.720,2022-09-16 00:00:02.150
PLPI,HHN,2022-09-15 00:00:01.130,2022-09-16 00:00:01.140
PLPI,HHZ,2022-09-15 00:00:01.710,2022-09-16 00:00:03.900
PLPI,HHE,2022-09-16 00:00:02.160,2022-09-17 00:00:00.030
PLPI,HHN,2022-09-16 00:00:01.150,2022-09-17 00:00:02.040
PLPI,HHZ,2022-09-16 00:00:03.910,2022-09-17 00:00:01.540
PLPI,HHE,2022-09-17 00:00:00.040,2022-09-18 00:00:00.550
PLPI,HHN,2022-09-17 00:00:02.050,2022-09-18 00:00:00.440
PLPI,HHZ,2022-09-17 00:00:01.550,2022-09-18 00:00:01.040
PLPI,HHE,2022-09-18 00:00:00.560,2022-09-19 00:00:01.240
PLPI,HHN,2022-09-18 00:00:00.450,2022-09-19 00:00:00.500
PLPI,HHZ,2022-09-18 00:00:01.050,2022-09-19 00:00:00.430
PLPI,HHE,2022-09-19 00:00:01.250,2022-09-20 00:00:00.280
PLPI,HHN,2022-09-19 00:00:00.510,2022-09-20 00:00:00.030
PLPI,HHZ,2022-09-19 00:00:00.440,2022-09-20 00:00:00.010
PLPI,HHE,2022-09-20 00:00:00.290,2022-09-21 00:00:00.440
PLPI,HHN,2022-09-20 00:00:00.040,2022-09-21 00:00:02.340
PLPI,HHZ,2022-09-20 00:00:00.020,2022-09-21 00:00:02.350
PLPI,HHE,2022-09-21 00:00:00.450,2022-09-22 00:00:00.550
PLPI,HHN,2022-09-21 00:00:02.350,2022-09-22 00:00:01.750
PLPI,HHZ,2022-09-21 00:00:02.360,2022-09-22 00:00:01.910
PLPI,HHE,2022-09-22 00:00:00.560,2022-09-23 00:00:00.350
PLPI,HHN,2022-09-22 00:00:01.760,2022-09-23 00:00:00.320
PLPI,HHZ,2022-09-22 00:00:01.920,2022-09-23 00:00:00.360
PLPI,HHE,2022-09-23 00:00:00.360,2022-09-24 00:00:00.110
PLPI,HHN,2022-09-23 00:00:00.330,2022-09-24 00:00:00.530
PLPI,HHZ,2022-09-23 00:00:00.370,2022-09-24 00:00:02.640
PLPI,HHE,2022-09-24 00:00:00.120,2022-09-25 00:00:03.210
PLPI,HHN,2022-09-24 00:00:00.540,2022-09-25 00:00:00.770
PLPI,HHZ,2022-09-24 00:00:02.650,2022-09-25 00:00:03.580
PLPI,HHE,2022-09-25 00:00:03.220,2022-09-26 00:00:02.090
PLPI,HHN,2022-09-25 00:00:00.780,2022-09-26 00:00:00.750
PLPI,HHZ,2022-09-25 00:00:03.590,2022-09-26 00:00:02.900
PLPI,HHE,2022-09-26 00:00:02.100,2022-09-27 00:00:02.330
PLPI,HHN,2022-09-26 00:00:00.760,2022-09-27 00:00:00.790
PLPI,HHZ,2022-09-26 00:00:02.910,2022-09-27 00:00:00.940
PLPI,HHE,2022-09-27 00:00:02.340,2022-09-28 00:00:00.070
PLPI,HHN,2022-09-27 00:00:00.800,2022-09-28 00:00:00.870
PLPI,HHZ,2022-09-27 00:00:00.950,2022-09-28 00:00:02.620
PLPI,HHE,2022-09-28 00:00:00.080,2022-09-29 00:00:01.010
PLPI,HHN,2022-09-28 00:00:00.880,2022-09-29 00:00:01.900
PLPI,HHZ,2022-09-28 00:00:02.630,2022-09-29 00:00:03.040
PLPI,HHE,2022-09-29 00:00:01.020,2022-09-30 00:00:02.740
PLPI,HHN,2022-09-29 00:00:01.910,2022-09-30 00:00:00.830
PLPI,HHZ,2022-09-29 00:00:03.050,2022-09-30 00:00:00.540
PLPI,HHE,2022-09-30 00:00:02.750,2022-10-01 00:00:01.360
PLPI,HHN,2022-09-30 00:00:00.840,2022-10-01 00:00:00.120
PLPI,HHZ,2022-09-30 00:00:00.550,2022-10-01 00:00:01.760
PLPI,HHE,2022-10-01 00:00:01.370,2022-10-02 00:00:01.710
PLPI,HHN,2022-10-01 00:00:00.130,2022-10-02 00:00:00.720
PLPI,HHZ,2022-10-01 00:00:01.770,2022-10-02 00:00:03.700
PLPI,HHE,2022-10-02 00:00:01.720,2022-10-03 00:00:01.820
PLPI,HHN,2022-10-02 00:00:00.730,2022-10-03 00:00:02.360
PLPI,HHZ,2022-10-02 00:00:03.710,2022-10-03 00:00:01.710
PLPI,HHE,2022-10-03 00:00:01.830,2022-10-04 00:00:00.700
PLPI,HHN,2022-10-03 00:00:02.370,2022-10-04 00:00:00.540
PLPI,HHZ,2022-10-03 00:00:01.720,2022-10-04 00:00:03.090
PLPI,HHE,2022-10-04 00:00:00.710,2022-10-05 00:00:02.900
PLPI,HHN,2022-10-04 00:00:00.550,2022-10-05 00:00:03.480
PLPI,HHZ,2022-10-04 00:00:03.100,2022-10-05 00:00:02.000
PLPI,HHE,2022-10-05 00:00:02.910,2022-10-06 00:00:03.560
PLPI,HHN,2022-10-05 00:00:03.490,2022-10-06 00:00:00.100
PLPI,HHZ,2022-10-05 00:00:02.010,2022-10-06 00:00:01.410
PLPI,HHE,2022-10-06 00:00:03.570,2022-10-07 00:00:02.950
PLPI,HHN,2022-10-06 00:00:00.110,2022-10-07 00:00:02.190
PLPI,HHZ,2022-10-06 00:00:01.420,2022-10-07 00:00:00.700
PLPI,HHE,2022-10-07 00:00:02.960,2022-10-08 00:00:01.850
PLPI,HHN,2022-10-07 00:00:02.200,2022-10-08 00:00:02.160
PLPI,HHZ,2022-10-07 00:00:00.710,2022-10-08 00:00:02.480
PLPI,HHE,2022-10-08 00:00:01.860,2022-10-09 00:00:01.340
PLPI,HHN,2022-10-08 00:00:02.170,2022-10-09 00:00:02.380
PLPI,HHZ,2022-10-08 00:00:02.490,2022-10-09 00:00:01.540
PLPI,HHE,2022-10-09 00:00:01.350,2022-10-10 00:00:00.270
PLPI,HHN,2022-10-09 00:00:02.390,2022-10-10 00:00:00.310
PLPI,HHZ,2022-10-09 00:00:01.550,2022-10-10 00:00:03.240
PLPI,HHE,2022-10-10 00:00:00.280,2022-10-11 00:00:00.510
PLPI,HHN,2022-10-10 00:00:00.320,2022-10-11 00:00:02.270
PLPI,HHZ,2022-10-10 00:00:03.250,2022-10-11 00:00:03.540
PLPI,HHE,2022-10-11 00:00:00.520,2022-10-12 00:00:01.870
PLPI,HHN,2022-10-11 00:00:02.280,2022-10-12 00:00:03.560
PLPI,HHZ,2022-10-11 00:00:03.550,2022-10-12 00:00:00.970
PLPI,HHE,2022-10-12 00:00:01.880,2022-10-13 00:00:00.640
PLPI,HHN,2022-10-12 00:00:03.570,2022-10-13 00:00:00.650
PLPI,HHZ,2022-10-12 00:00:00.980,2022-10-13 00:00:03.210
PLPI,HHE,2022-10-13 00:00:00.650,2022-10-14 00:00:01.830
PLPI,HHN,2022-10-13 00:00:00.660,2022-10-14 00:00:01.200
PLPI,HHZ,2022-10-13 00:00:03.220,2022-10-14 00:00:01.540
PLPI,HHE,2022-10-14 00:00:01.840,2022-10-15 00:00:01.250
PLPI,HHN,2022-10-14 00:00:01.210,2022-10-15 00:00:00.950
PLPI,HHZ,2022-10-14 00:00:01.550,2022-10-15 00:00:00.360
PLPI,HHE,2022-10-15 00:00:01.260,2022-10-16 00:00:03.290
PLPI,HHN,2022-10-15 00:00:00.960,2022-10-16 00:00:00.670
PLPI,HHZ,2022-10-15 00:00:00.370,2022-10-16 00:00:01.340
PLPI,HHE,2022-10-16 00:00:03.300,2022-10-17 00:00:02.350
PLPI,HHN,2022-10-16 00:00:00.680,2022-10-17 00:00:03.410
PLPI,HHZ,2022-10-16 00:00:01.350,2022-10-17 00:00:00.140
PLPI,HHE,2022-10-17 00:00:02.360,2022-10-18 00:00:02.150
PLPI,HHN,2022-10-17 00:00:03.420,2022-10-18 00:00:02.040
PLPI,HHZ,2022-10-17 00:00:00.150,2022-10-18 00:00:01.100
PLPI,HHE,2022-10-18 00:00:02.160,2022-10-19 00:00:01.530
PLPI,HHN,2022-10-18 00:00:02.050,2022-10-19 00:00:01.010
PLPI,HHZ,2022-10-18 00:00:01.110,2022-10-19 00:00:00.740
PLPI,HHE,2022-10-19 00:00:01.540,2022-10-20 00:00:00.850
PLPI,HHN,2022-10-19 00:00:01.020,2022-10-20 00:00:00.070
PLPI,HHZ,2022-10-19 00:00:00.750,2022-10-20 00:00:00.480
PLPI,HHE,2022-10-20 00:00:00.860,2022-10-21 00:00:01.810
PLPI,HHN,2022-10-20 00:00:00.080,2022-10-21 00:00:01.430
PLPI,HHZ,2022-10-20 00:00:00.490,2022-10-21 00:00:01.270
PLPI,HHE,2022-10-21 00:00:01.820,2022-10-22 00:00:00.130
PLPI,HHN,2022-10-21 00:00:01.440,2022-10-22 00:00:00.960
PLPI,HHZ,2022-10-21 00:00:01.280,2022-10-22 00:00:02.550
PLPI,HHE,2022-10-22 00:00:00.140,2022-10-23 00:00:00.980
PLPI,HHN,2022-10-22 00:00:00.970,2022-10-23 00:00:02.440
PLPI,HHZ,2022-10-22 00:00:02.560,2022-10-23 00:00:03.370
PLPI,HHE,2022-10-23 00:00:00.990,2022-10-24 00:00:00.350
PLPI,HHN,2022-10-23 00:00:02.450,2022-10-24 00:00:00.780
PLPI,HHZ,2022-10-23 00:00:03.380,2022-10-24 00:00:00.130
PLPI,HHE,2022-10-24 00:00:00.360,2022-10-25 00:00:01.160
PLPI,HHN,2022-10-24 00:00:00.790,2022-10-25 00:00:02.200
PLPI,HHZ,2022-10-24 00:00:00.140,2022-10-25 00:00:01.990
PLPI,HHE,2022-10-25 00:00:01.170,2022-10-26 00:00:00.130
PLPI,HHN,2022-10-25 00:00:02.210,2022-10-26 00:00:02.740
PLPI,HHZ,2022-10-25 00:00:02.000,2022-10-26 00:00:01.220
PLPI,HHE,2022-10-26 00:00:00.140,2022-10-27 00:00:02.350
PLPI,HHN,2022-10-26 00:00:02.750,2022-10-27 00:00:00.840
PLPI,HHZ,2022-10-26 00:00:01.230,2022-10-27 00:00:01.880
PLPI,HHE,2022-10-27 00:00:02.360,2022-10-28 00:00:00.620
PLPI,HHN,2022-10-27 00:00:00.850,2022-10-28 00:00:00.420
PLPI,HHZ,2022-10-27 00:00:01.890,2022-10-28 00:00:02.560
PLPI,HHE,2022-10-28 00:00:00.630,2022-10-29 00:00:01.640
PLPI,HHN,2022-10-28 00:00:00.430,2022-10-29 00:00:01.310
PLPI,HHZ,2022-10-28 00:00:02.570,2022-10-29 00:00:01.500
PLPI,HHE,2022-10-29 00:00:01.650,2022-10-30 00:00:00.360
PLPI,HHN,2022-10-29 00:00:01.320,2022-10-30 00:00:02.230
PLPI,HHZ,2022-10-29 00:00:01.510,2022-10-30 00:00:02.140
PLPI,HHE,2022-10-30 00:00:00.370,2022-10-31 00:00:00.190
PLPI,HHN,2022-10-30 00:00:02.240,2022-10-31 00:00:01.890
PLPI,HHZ,2022-10-30 00:00:02.150,2022-10-31 00:00:03.460
PLPI,HHE,2022-11-01 00:00:02.580,2022-11-02 00:00:00.010
PLPI,HHN,2022-11-01 00:00:00.070,2022-11-02 00:00:01.030
PLPI,HHZ,2022-11-01 00:00:03.170,2022-11-02 00:00:00.440
PLPI,HHE,2022-11-02 00:00:00.020,2022-11-03 00:00:01.140
PLPI,HHN,2022-11-02 00:00:01.040,2022-11-03 00:00:01.480
PLPI,HHZ,2022-11-02 00:00:00.450,2022-11-03 00:00:03.220
PLPI,HHE,2022-11-03 00:00:01.150,2022-11-04 00:00:01.500
PLPI,HHN,2022-11-03 00:00:01.490,2022-11-04 00:00:02.370
PLPI,HHZ,2022-11-03 00:00:03.230,2022-11-04 00:00:02.710
PLPI,HHE,2022-11-04 00:00:01.510,2022-11-05 00:00:00.640
PLPI,HHN,2022-11-04 00:00:02.380,2022-11-05 00:00:01.920
PLPI,HHZ,2022-11-04 00:00:02.720,2022-11-05 00:00:03.440
PLPI,HHE,2022-11-05 00:00:00.650,2022-11-06 00:00:00.240
PLPI,HHN,2022-11-05 00:00:01.930,2022-11-06 00:00:00.780
PLPI,HHZ,2022-11-05 00:00:03.450,2022-11-06 00:00:01.080
PLPI,HHE,2022-11-06 00:00:00.250,2022-11-07 00:00:01.200
PLPI,HHN,2022-11-06 00:00:00.790,2022-11-07 00:00:00.860
PLPI,HHZ,2022-11-06 00:00:01.090,2022-11-07 00:00:02.020
PLPI,HHE,2022-11-07 00:00:01.210,2022-11-08 00:00:00.250
PLPI,HHN,2022-11-07 00:00:00.870,2022-11-08 00:00:01.340
PLPI,HHZ,2022-11-07 00:00:02.030,2022-11-08 00:00:00.520
PLPI,HHE,2022-11-08 00:00:00.260,2022-11-09 00:00:00.260
PLPI,HHN,2022-11-08 00:00:01.350,2022-11-09 00:00:00.100
PLPI,HHZ,2022-11-08 00:00:00.530,2022-11-09 00:00:01.600
PLPI,HHE,2022-11-09 00:00:00.270,2022-11-10 00:00:00.520
PLPI,HHN,2022-11-09 00:00:00.110,2022-11-10 00:00:01.460
PLPI,HHZ,2022-11-09 00:00:01.610,2022-11-10 00:00:01.220
PLPI,HHE,2022-11-10 00:00:00.530,2022-11-11 00:00:02.080
PLPI,HHN,2022-11-10 00:00:01.470,2022-11-11 00:00:01.440
PLPI,HHZ,2022-11-10 00:00:01.230,2022-11-11 00:00:02.500
PLPI,HHE,2022-11-11 00:00:02.090,2022-11-12 00:00:00.480
PLPI,HHN,2022-11-11 00:00:01.450,2022-11-12 00:00:02.270
PLPI,HHZ,2022-11-11 00:00:02.510,2022-11-12 00:00:02.340
PLPI,HHE,2022-11-12 00:00:00.490,2022-11-13 00:00:00.240
PLPI,HHN,2022-11-12 00:00:02.280,2022-11-13 00:00:01.250
PLPI,HHZ,2022-11-12 00:00:02.350,2022-11-13 00:00:00.400
PLPI,HHE,2022-11-13 00:00:00.250,2022-11-14 00:00:00.720
PLPI,HHN,2022-11-13 00:00:01.260,2022-11-14 00:00:00.710
PLPI,HHZ,2022-11-13 00:00:00.410,2022-11-14 00:00:01.820
PLPI,HHE,2022-11-14 00:00:00.730,2022-11-15 00:00:00.150
PLPI,HHN,2022-11-14 00:00:00.720,2022-11-15 00:00:00.020
PLPI,HHZ,2022-11-14 00:00:01.830,2022-11-15 00:00:00.590
PLPI,HHE,2022-11-15 00:00:00.160,2022-11-16 00:00:01.210
PLPI,HHN,2022-11-15 00:00:00.030,2022-11-16 00:00:02.570
PLPI,HHZ,2022-11-15 00:00:00.600,2022-11-16 00:00:02.010
PLPI,HHE,2022-11-16 00:00:01.220,2022-11-17 00:00:02.100
PLPI,HHN,2022-11-16 00:00:02.580,2022-11-17 00:00:00.210
PLPI,HHZ,2022-11-16 00:00:02.020,2022-11-17 00:00:00.340
PLPI,HHE,2022-11-17 00:00:02.110,2022-11-17 23:59:59.990
PLPI,HHN,2022-11-17 00:00:00.220,2022-11-18 00:00:01.370
PLPI,HHZ,2022-11-17 00:00:00.350,2022-11-18 00:00:01.140
PLPI,HHE,2022-11-18 00:00:00.000,2022-11-19 00:00:00.950
PLPI,HHN,2022-11-18 00:00:01.380,2022-11-19 00:00:00.130
PLPI,HHZ,2022-11-18 00:00:01.150,2022-11-19 00:00:02.900
PLPI,HHE,2022-11-19 00:00:00.960,2022-11-20 00:00:00.510
PLPI,HHN,2022-11-19 00:00:00.140,2022-11-20 00:00:01.270
PLPI,HHZ,2022-11-19 00:00:02.910,2022-11-20 00:00:00.800
PLPI,HHE,2022-11-20 00:00:00.520,2022-11-21 00:00:00.670
PLPI,HHN,2022-11-20 00:00:01.280,2022-11-21 00:00:00.630
PLPI,HHZ,2022-11-20 00:00:00.810,2022-11-21 00:00:00.820
PLPI,HHE,2022-11-21 00:00:00.680,2022-11-22 00:00:02.230
PLPI,HHN,2022-11-21 00:00:00.640,2022-11-22 00:00:02.270
PLPI,HHZ,2022-11-21 00:00:00.830,2022-11-22 00:00:02.900
PLPI,HHE,2022-11-22 00:00:02.240,2022-11-23 00:00:02.580
PLPI,HHN,2022-11-22 00:00:02.280,2022-11-23 00:00:01.530
PLPI,HHZ,2022-11-22 00:00:02.910,2022-11-23 00:00:00.980
PLPI,HHE,2022-11-23 00:00:02.590,2022-11-24 00:00:00.040
PLPI,HHN,2022-11-23 00:00:01.540,2022-11-24 00:00:01.130
PLPI,HHZ,2022-11-23 00:00:00.990,2022-11-24 00:00:00.800
PLPI,HHE,2022-11-24 00:00:00.050,2022-11-25 00:00:01.270
PLPI,HHN,2022-11-24 00:00:01.140,2022-11-25 00:00:00.780
PLPI,HHZ,2022-11-24 00:00:00.810,2022-11-25 00:00:01.660
PLPI,HHE,2022-11-25 00:00:01.280,2022-11-26 00:00:00.210
PLPI,HHN,2022-11-25 00:00:00.790,2022-11-26 00:00:01.840
PLPI,HHZ,2022-11-25 00:00:01.670,2022-11-26 00:00:01.820
PLPI,HHE,2022-11-26 00:00:00.220,2022-11-27 00:00:02.090
PLPI,HHN,2022-11-26 00:00:01.850,2022-11-27 00:00:01.600
PLPI,HHZ,2022-11-26 00:00:01.830,2022-11-27 00:00:01.320
PLPI,HHE,2022-11-27 00:00:02.100,2022-11-28 00:00:01.130
PLPI,HHN,2022-11-27 00:00:01.610,2022-11-28 00:00:01.980
PLPI,HHZ,2022-11-27 00:00:01.330,2022-11-28 00:00:01.400
PLPI,HHE,2022-11-28 00:00:01.140,2022-11-29 00:00:01.630
PLPI,HHN,2022-11-28 00:00:01.990,2022-11-29 00:00:01.630
PLPI,HHZ,2022-11-28 00:00:01.410,2022-11-29 00:00:01.460
PLPI,HHE,2022-11-29 00:00:01.640,2022-11-30 00:00:01.330
PLPI,HHN,2022-11-29 00:00:01.640,2022-11-30 00:00:01.480
PLPI,HHZ,2022-11-29 00:00:01.470,2022-11-30 00:00:02.060
PLPI,HHE,2022-11-30 00:00:01.340,2022-12-01 00:00:01.900
PLPI,HHN,2022-11-30 00:00:01.490,2022-12-01 00:00:01.380
PLPI,HHZ,2022-11-30 00:00:02.070,2022-12-01 00:00:00.580
PPMA,HHE,2021-01-01 00:00:03.860,2021-01-02 00:00:02.830
PPMA,HHN,2021-01-01 00:00:02.490,2021-01-02 00:00:00.210
PPMA,HHZ,2021-01-01 00:00:02.540,2021-01-02 00:00:03.520
PPMA,HHE,2021-01-02 00:00:02.840,2021-01-03 00:00:01.890
PPMA,HHN,2021-01-02 00:00:00.220,2021-01-03 00:00:03.950
PPMA,HHZ,2021-01-02 00:00:03.530,2021-01-03 00:00:03.860
PPMA,HHE,2021-01-03 00:00:01.900,2021-01-04 00:00:03.040
PPMA,HHN,2021-01-03 00:00:03.960,2021-01-04 00:00:00.420
PPMA,HHZ,2021-01-03 00:00:03.870,2021-01-04 00:00:00.210
PPMA,HHE,2021-01-04 00:00:03.050,2021-01-05 00:00:01.150
PPMA,HHN,2021-01-04 00:00:00.430,2021-01-05 00:00:00.650
PPMA,HHZ,2021-01-04 00:00:00.220,2021-01-05 00:00:04.160
PPMA,HHE,2021-01-05 00:00:01.160,2021-01-06 00:00:03.830
PPMA,HHN,2021-01-05 00:00:00.660,2021-01-06 00:00:03.240
PPMA,HHZ,2021-01-05 00:00:04.170,2021-01-06 00:00:02.350
PPMA,HHE,2021-01-06 00:00:03.840,2021-01-07 00:00:03.310
PPMA,HHN,2021-01-06 00:00:03.250,2021-01-07 00:00:01.460
PPMA,HHZ,2021-01-06 00:00:02.360,2021-01-07 00:00:00.490
PPMA,HHE,2021-01-07 00:00:03.320,2021-01-08 00:00:01.100
PPMA,HHN,2021-01-07 00:00:01.470,2021-01-08 00:00:02.790
PPMA,HHZ,2021-01-07 00:00:00.500,2021-01-08 00:00:00.720
PPMA,HHE,2021-01-08 00:00:01.110,2021-01-09 00:00:02.780
PPMA,HHN,2021-01-08 00:00:02.800,2021-01-09 00:00:02.630
PPMA,HHZ,2021-01-08 00:00:00.730,2021-01-09 00:00:02.940
PPMA,HHE,2021-01-09 00:00:02.790,2021-01-10 00:00:04.250
PPMA,HHN,2021-01-09 00:00:02.640,2021-01-10 00:00:01.690
PPMA,HHZ,2021-01-09 00:00:02.950,2021-01-10 00:00:00.810
PPMA,HHE,2021-01-10 00:00:04.260,2021-01-11 00:00:00.970
PPMA,HHN,2021-01-10 00:00:01.700,2021-01-11 00:00:00.360
PPMA,HHZ,2021-01-10 00:00:00.820,2021-01-11 00:00:04.120
PPMA,HHE,2021-01-11 00:00:00.980,2021-01-11 08:13:30.960
PPMA,HHE,2021-01-11 08:13:34.000,2021-01-12 00:00:04.090
PPMA,HHN,2021-01-11 00:00:00.370,2021-01-11 08:13:31.110
PPMA,HHN,2021-01-11 08:13:34.000,2021-01-12 00:00:00.340
PPMA,HHZ,2021-01-11 00:00:04.130,2021-01-11 08:13:32.250
PPMA,HHZ,2021-01-11 08:13:34.000,2021-01-12 00:00:00.540
PPMA,HHE,2021-01-12 00:00:04.100,2021-01-12 21:09:01.150
PPMA,HHE,2021-01-12 21:09:03.000,2021-01-13 00:00:02.690
PPMA,HHN,2021-01-12 00:00:00.350,2021-01-12 21:09:00.840
PPMA,HHN,2021-01-12 21:09:03.000,2021-01-13 00:00:00.530
PPMA,HHZ,2021-01-12 00:00:00.550,2021-01-12 21:09:00.030
PPMA,HHZ,2021-01-12 21:09:03.000,2021-01-13 00:00:01.020
PPMA,HHE,2021-01-13 00:00:02.700,2021-01-14 00:00:03.220
PPMA,HHN,2021-01-13 00:00:00.540,2021-01-14 00:00:00.380
PPMA,HHZ,2021-01-13 00:00:01.030,2021-01-14 00:00:02.740
PPMA,HHE,2021-01-14 00:00:03.230,2021-01-15 00:00:01.960
PPMA,HHN,2021-01-14 00:00:00.390,2021-01-15 00:00:01.500
PPMA,HHZ,2021-01-14 00:00:02.750,2021-01-15 00:00:02.950
PPMA,HHE,2021-01-15 00:00:01.970,2021-01-15 08:06:03.890
PPMA,HHE,2021-01-15 08:06:04.000,2021-01-16 00:00:03.610
PPMA,HHN,2021-01-15 00:00:01.510,2021-01-15 08:06:03.720
PPMA,HHN,2021-01-15 08:06:04.000,2021-01-16 00:00:01.550
PPMA,HHZ,2021-01-15 00:00:02.960,2021-01-15 08:06:04.840
PPMA,HHZ,2021-01-15 08:06:04.000,2021-01-16 00:00:01.470
PPMA,HHE,2021-01-16 00:00:03.620,2021-01-17 00:00:01.840
PPMA,HHN,2021-01-16 00:00:01.560,2021-01-17 00:00:00.400
PPMA,HHZ,2021-01-16 00:00:01.480,2021-01-17 00:00:04.020
PPMA,HHE,2021-01-17 00:00:01.850,2021-01-17 08:06:58.770
PPMA,HHE,2021-01-17 09:07:18.150,2021-01-18 00:00:05.830
PPMA,HHN,2021-01-17 00:00:00.410,2021-01-17 08:06:55.760
PPMA,HHN,2021-01-17 09:07:13.160,2021-01-18 00:00:00.170
PPMA,HHZ,2021-01-17 00:00:04.030,2021-01-17 08:06:54.040
PPMA,HHZ,2021-01-17 09:07:15.850,2021-01-18 00:00:00.980
PPMA,HHE,2021-01-18 00:00:05.840,2021-01-19 00:00:00.890
PPMA,HHN,2021-01-18 00:00:00.180,2021-01-19 00:00:03.350
PPMA,HHZ,2021-01-18 00:00:00.990,2021-01-19 00:00:03.730
PPMA,HHE,2021-01-19 00:00:00.900,2021-01-19 08:08:11.410
PPMA,HHE,2021-01-19 08:08:09.000,2021-01-20 00:00:03.990
PPMA,HHN,2021-01-19 00:00:03.360,2021-01-19 08:08:07.740
PPMA,HHN,2021-01-19 08:08:09.000,2021-01-20 00:00:03.290
PPMA,HHZ,2021-01-19 00:00:03.740,2021-01-19 08:08:07.570
PPMA,HHZ,2021-01-19 08:08:09.000,2021-01-20 00:00:02.020
PPMA,HHE,2021-01-20 00:00:04.000,2021-01-21 00:00:02.280
PPMA,HHN,2021-01-20 00:00:03.300,2021-01-21 00:00:03.400
PPMA,HHZ,2021-01-20 00:00:02.030,2021-01-21 00:00:02.990
PPMA,HHE,2021-01-21 00:00:02.290,2021-01-21 08:14:11.260
PPMA,HHE,2021-01-21 08:14:11.000,2021-01-22 00:00:03.900
PPMA,HHN,2021-01-21 00:00:03.410,2021-01-21 08:14:08.390
PPMA,HHN,2021-01-21 08:14:11.000,2021-01-22 00:00:03.310
PPMA,HHZ,2021-01-21 00:00:03.000,2021-01-21 08:14:07.940
PPMA,HHZ,2021-01-21 08:14:11.000,2021-01-22 00:00:02.000
PPMA,HHE,2021-01-22 00:00:03.910,2021-01-23 00:00:00.560
PPMA,HHN,2021-01-22 00:00:03.320,2021-01-23 00:00:00.890
PPMA,HHZ,2021-01-22 00:00:02.010,2021-01-23 00:00:01.720
PPMA,HHE,2021-01-23 00:00:00.570,2021-01-23 08:11:11.970
PPMA,HHE,2021-01-23 08:11:11.000,2021-01-24 00:00:00.540
PPMA,HHN,2021-01-23 00:00:00.900,2021-01-23 08:11:08.890
PPMA,HHN,2021-01-23 08:11:11.000,2021-01-24 00:00:03.110
PPMA,HHZ,2021-01-23 00:00:01.730,2021-01-23 08:11:11.400
PPMA,HHZ,2021-01-23 08:11:11.000,2021-01-24 00:00:00.310
PPMA,HHE,2021-01-24 00:00:00.550,2021-01-25 00:00:01.540
PPMA,HHN,2021-01-24 00:00:03.120,2021-01-25 00:00:01.240
PPMA,HHZ,2021-01-24 00:00:00.320,2021-01-25 00:00:00.340
PPMA,HHE,2021-01-25 00:00:01.550,2021-01-25 08:06:18.670
PPMA,HHE,2021-01-25 08:06:20.000,2021-01-26 00:00:01.080
PPMA,HHN,2021-01-25 00:00:01.250,2021-01-25 08:06:17.120
PPMA,HHN,2021-01-25 08:06:20.000,2021-01-26 00:00:01.420
PPMA,HHZ,2021-01-25 00:00:00.350,2021-01-25 08:06:17.420
PPMA,HHZ,2021-01-25 08:06:20.000,2021-01-26 00:00:03.020
PPMA,HHE,2021-01-26 00:00:01.090,2021-01-27 00:00:03.300
PPMA,HHN,2021-01-26 00:00:01.430,2021-01-27 00:00:02.030
PPMA,HHZ,2021-01-26 00:00:03.030,2021-01-27 00:00:04.140
PPMA,HHE,2021-01-27 00:00:03.310,2021-01-27 08:12:29.890
PPMA,HHE,2021-01-27 08:12:27.000,2021-01-28 00:00:02.680
PPMA,HHN,2021-01-27 00:00:02.040,2021-01-27 08:12:24.780
PPMA,HHN,2021-01-27 08:12:27.000,2021-01-28 00:00:00.880
PPMA,HHZ,2021-01-27 00:00:04.150,2021-01-27 08:12:24.990
PPMA,HHZ,2021-01-27 08:12:27.000,2021-01-28 00:00:01.420
PPMA,HHE,2021-01-28 00:00:02.690,2021-01-29 00:00:00.390
PPMA,HHN,2021-01-28 00:00:00.890,2021-01-29 00:00:02.700
PPMA,HHZ,2021-01-28 00:00:01.430,2021-01-29 00:00:03.520
PPMA,HHE,2021-01-29 00:00:00.400,2021-01-29 08:08:31.260
PPMA,HHE,2021-01-29 08:08:32.000,2021-01-30 00:00:03.630
PPMA,HHN,2021-01-29 00:00:02.710,2021-01-29 08:08:29.110
PPMA,HHN,2021-01-29 08:08:32.000,2021-01-30 00:00:02.350
PPMA,HHZ,2021-01-29 00:00:03.530,2021-01-29 08:08:30.530
PPMA,HHZ,2021-01-29 08:08:32.000,2021-01-30 00:00:00.940
PPMA,HHE,2021-01-30 00:00:03.640,2021-01-31 00:00:01.980
PPMA,HHN,2021-01-30 00:00:02.360,2021-01-31 00:00:01.410
PPMA,HHZ,2021-01-30 00:00:00.950,2021-01-31 00:00:01.030
PPMA,HHE,2021-02-01 00:00:02.920,2021-02-02 00:00:05.340
PPMA,HHN,2021-02-01 00:00:02.800,2021-02-02 00:00:02.790
PPMA,HHZ,2021-02-01 00:00:01.350,2021-02-02 00:00:03.430
PPMA,HHE,2021-02-02 00:00:05.350,2021-02-02 08:10:55.210
PPMA,HHE,2021-02-02 08:10:55.000,2021-02-03 00:00:02.990
PPMA,HHN,2021-02-02 00:00:02.800,2021-02-02 08:10:53.150
PPMA,HHN,2021-02-02 08:10:55.000,2021-02-03 00:00:02.710
PPMA,HHZ,2021-02-02 00:00:03.440,2021-02-02 08:10:53.890
PPMA,HHZ,2021-02-02 08:10:55.000,2021-02-03 00:00:00.750
PPMA,HHE,2021-02-03 00:00:03.000,2021-02-04 00:00:01.190
PPMA,HHN,2021-02-03 00:00:02.720,2021-02-04 00:00:01.160
PPMA,HHZ,2021-02-03 00:00:00.760,2021-02-04 00:00:03.700
PPMA,HHE,2021-02-04 00:00:01.200,2021-02-04 08:06:46.000
PPMA,HHE,2021-02-04 08:06:47.000,2021-02-05 00:00:01.090
PPMA,HHN,2021-02-04 00:00:01.170,2021-02-04 08:06:45.930
PPMA,HHN,2021-02-04 08:06:47.000,2021-02-05 00:00:01.390
PPMA,HHZ,2021-02-04 00:00:03.710,2021-02-04 08:06:44.170
PPMA,HHZ,2021-02-04 08:06:47.000,2021-02-05 00:00:01.480
PPMA,HHE,2021-02-05 00:00:01.100,2021-02-06 00:00:02.920
PPMA,HHN,2021-02-05 00:00:01.400,2021-02-06 00:00:01.400
PPMA,HHZ,2021-02-05 00:00:01.490,2021-02-06 00:00:00.740
PPMA,HHE,2021-02-06 00:00:02.930,2021-02-06 08:05:23.350
PPMA,HHE,2021-02-06 08:05:22.000,2021-02-07 00:00:04.730
PPMA,HHN,2021-02-06 00:00:01.410,2021-02-06 08:05:19.840
PPMA,HHN,2021-02-06 08:05:22.000,2021-02-07 00:00:00.870
PPMA,HHZ,2021-02-06 00:00:00.750,2021-02-06 08:05:21.760
PPMA,HHZ,2021-02-06 08:05:22.000,2021-02-07 00:00:03.300
PPMA,HHE,2021-02-07 00:00:04.740,2021-02-08 00:00:00.270
PPMA,HHN,2021-02-07 00:00:00.880,2021-02-08 00:00:01.590
PPMA,HHZ,2021-02-07 00:00:03.310,2021-02-08 00:00:00.320
PPMA,HHE,2021-02-08 00:00:00.280,2021-02-08 08:11:21.990
PPMA,HHE,2021-02-08 08:11:26.000,2021-02-09 00:00:05.220
PPMA,HHN,2021-02-08 00:00:01.600,2021-02-08 08:11:22.670
PPMA,HHN,2021-02-08 08:11:26.000,2021-02-09 00:00:02.250
PPMA,HHZ,2021-02-08 00:00:00.330,2021-02-08 08:11:23.490
PPMA,HHZ,2021-02-08 08:11:26.000,2021-02-09 00:00:02.570
PPMA,HHE,2021-02-09 00:00:05.230,2021-02-10 00:00:04.100
PPMA,HHN,2021-02-09 00:00:02.260,2021-02-10 00:00:01.470
PPMA,HHZ,2021-02-09 00:00:02.580,2021-02-10 00:00:03.680
PPMA,HHE,2021-02-10 00:00:04.110,2021-02-10 08:07:33.690
PPMA,HHE,2021-02-10 08:07:30.000,2021-02-11 00:00:01.040
PPMA,HHN,2021-02-10 00:00:01.480,2021-02-10 08:07:28.770
PPMA,HHN,2021-02-10 08:07:30.000,2021-02-11 00:00:01.060
PPMA,HHZ,2021-02-10 00:00:03.690,2021-02-10 08:07:28.110
PPMA,HHZ,2021-02-10 08:07:30.000,2021-02-11 00:00:00.070
PPMA,HHE,2021-02-11 00:00:01.050,2021-02-12 00:00:04.210
PPMA,HHN,2021-02-11 00:00:01.070,2021-02-12 00:00:01.190
PPMA,HHZ,2021-02-11 00:00:00.080,2021-02-12 00:00:01.210
PPMA,HHE,2021-02-12 00:00:04.220,2021-02-12 08:13:31.100
PPMA,HHE,2021-02-12 08:13:31.000,2021-02-13 00:00:03.480
PPMA,HHN,2021-02-12 00:00:01.200,2021-02-12 08:13:28.660
PPMA,HHN,2021-02-12 08:13:31.000,2021-02-13 00:00:01.300
PPMA,HHZ,2021-02-12 00:00:01.220,2021-02-12 08:13:28.730
PPMA,HHZ,2021-02-12 08:13:31.000,2021-02-13 00:00:02.290
PPMA,HHE,2021-02-13 00:00:03.490,2021-02-14 00:00:00.380
PPMA,HHN,2021-02-13 00:00:01.310,2021-02-14 00:00:00.040
PPMA,HHZ,2021-02-13 00:00:02.300,2021-02-14 00:00:00.680
PPMA,HHE,2021-02-14 00:00:00.390,2021-02-14 08:05:44.130
PPMA,HHE,2021-02-14 08:05:45.000,2021-02-15 00:00:01.860
PPMA,HHN,2021-02-14 00:00:00.050,2021-02-14 08:05:43.070
PPMA,HHN,2021-02-14 08:05:45.000,2021-02-15 00:00:01.620
PPMA,HHZ,2021-02-14 00:00:00.690,2021-02-14 08:05:41.990
PPMA,HHZ,2021-02-14 08:05:45.000,2021-02-15 00:00:02.480
PPMA,HHE,2021-02-15 00:00:01.870,2021-02-16 00:00:00.050
PPMA,HHN,2021-02-15 00:00:01.630,2021-02-16 00:00:03.470
PPMA,HHZ,2021-02-15 00:00:02.490,2021-02-16 00:00:02.250
PPMA,HHE,2021-02-16 00:00:00.060,2021-02-16 08:11:56.340
PPMA,HHE,2021-02-16 08:11:54.000,2021-02-17 00:00:00.400
PPMA,HHN,2021-02-16 00:00:03.480,2021-02-16 08:11:51.270
PPMA,HHN,2021-02-16 08:11:54.000,2021-02-17 00:00:02.560
PPMA,HHZ,2021-02-16 00:00:02.260,2021-02-16 08:11:51.870
PPMA,HHZ,2021-02-16 08:11:54.000,2021-02-17 00:00:01.620
PPMA,HHE,2021-02-17 00:00:00.410,2021-02-18 00:00:05.350
PPMA,HHN,2021-02-17 00:00:02.570,2021-02-18 00:00:02.570
PPMA,HHZ,2021-02-17 00:00:01.630,2021-02-18 00:00:00.700
PPMA,HHE,2021-02-18 00:00:05.360,2021-02-18 08:07:51.830
PPMA,HHE,2021-02-18 08:07:54.000,2021-02-19 00:00:03.150
PPMA,HHN,2021-02-18 00:00:02.580,2021-02-18 08:07:52.180
PPMA,HHN,2021-02-18 08:07:54.000,2021-02-19 00:00:01.960
PPMA,HHZ,2021-02-18 00:00:00.710,2021-02-18 08:07:52.840
PPMA,HHZ,2021-02-18 08:07:54.000,2021-02-19 00:00:02.230
PPMA,HHE,2021-02-19 00:00:03.160,2021-02-20 00:00:03.050
PPMA,HHN,2021-02-19 00:00:01.970,2021-02-20 00:00:01.410
PPMA,HHZ,2021-02-19 00:00:02.240,2021-02-20 00:00:00.710
PPMA,HHE,2021-02-20 00:00:03.060,2021-02-20 08:13:54.370
PPMA,HHE,2021-02-20 08:13:56.000,2021-02-21 00:00:01.010
PPMA,HHN,2021-02-20 00:00:01.420,2021-02-20 08:13:56.190
PPMA,HHN,2021-02-20 08:13:56.000,2021-02-21 00:00:00.910
PPMA,HHZ,2021-02-20 00:00:00.720,2021-02-20 08:13:53.720
PPMA,HHZ,2021-02-20 08:13:56.000,2021-02-21 00:00:02.530
PPMA,HHE,2021-02-21 00:00:01.020,2021-02-22 00:00:04.850
PPMA,HHN,2021-02-21 00:00:00.920,2021-02-22 00:00:01.530
PPMA,HHZ,2021-02-21 00:00:02.540,2021-02-22 00:00:00.570
PPMA,HHE,2021-02-22 00:00:04.860,2021-02-22 08:10:03.180
PPMA,HHE,2021-02-22 08:10:01.000,2021-02-23 00:00:03.120
PPMA,HHN,2021-02-22 00:00:01.540,2021-02-22 08:09:59.210
PPMA,HHN,2021-02-22 08:10:01.000,2021-02-23 00:00:00.590
PPMA,HHZ,2021-02-22 00:00:00.580,2021-02-22 08:09:58.840
PPMA,HHZ,2021-02-22 08:10:01.000,2021-02-23 00:00:01.300
PPMA,HHE,2021-02-23 00:00:03.130,2021-02-24 00:00:01.720
PPMA,HHN,2021-02-23 00:00:00.600,2021-02-24 00:00:03.780
PPMA,HHZ,2021-02-23 00:00:01.310,2021-02-24 00:00:00.200
PPMA,HHE,2021-02-24 00:00:01.730,2021-02-24 08:06:09.700
PPMA,HHE,2021-02-24 08:06:07.000,2021-02-25 00:00:00.820
PPMA,HHN,2021-02-24 00:00:03.790,2021-02-24 08:06:03.450
PPMA,HHN,2021-02-24 08:06:07.000,2021-02-25 00:00:02.950
PPMA,HHZ,2021-02-24 00:00:00.210,2021-02-24 08:06:05.300
PPMA,HHZ,2021-02-24 08:06:07.000,2021-02-25 00:00:02.800
PPMA,HHE,2021-02-25 00:00:00.830,2021-02-26 00:00:01.390
PPMA,HHN,2021-02-25 00:00:02.960,2021-02-26 00:00:01.450
PPMA,HHZ,2021-02-25 00:00:02.810,2021-02-26 00:00:00.090
PPMA,HHE,2021-02-26 00:00:01.400,2021-02-26 08:14:24.240
PPMA,HHE,2021-02-26 08:14:25.000,2021-02-27 00:00:03.540
PPMA,HHN,2021-02-26 00:00:01.460,2021-02-26 08:14:21.860
PPMA,HHN,2021-02-26 08:14:25.000,2021-02-27 00:00:02.260
PPMA,HHZ,2021-02-26 00:00:00.100,2021-02-26 08:14:23.780
PPMA,HHZ,2021-02-26 08:14:25.000,2021-02-27 00:00:02.650
PPMA,HHE,2021-02-27 00:00:03.550,2021-02-28 00:00:03.940
PPMA,HHN,2021-02-27 00:00:02.270,2021-02-28 00:00:00.030
PPMA,HHZ,2021-02-27 00:00:02.660,2021-02-28 00:00:04.000
PPMA,HHE,2021-02-28 00:00:03.950,2021-02-28 08:09:07.480
PPMA,HHE,2021-02-28 08:09:09.000,2021-03-01 00:00:01.650
PPMA,HHN,2021-02-28 00:00:00.040,2021-02-28 08:09:09.230
PPMA,HHN,2021-02-28 08:09:09.000,2021-03-01 00:00:02.740
PPMA,HHZ,2021-02-28 00:00:04.010,2021-02-28 08:09:09.410
PPMA,HHZ,2021-02-28 08:09:09.000,2021-03-01 00:00:00.750
PPMA,HHE,2021-03-01 00:00:01.660,2021-03-02 00:00:05.160
PPMA,HHN,2021-03-01 00:00:02.750,2021-03-02 00:00:03.610
PPMA,HHZ,2021-03-01 00:00:00.760,2021-03-02 00:00:01.430
PPMA,HHE,2021-03-02 00:00:05.170,2021-03-02 08:05:16.400
PPMA,HHE,2021-03-02 08:05:16.000,2021-03-03 00:00:04.970
PPMA,HHN,2021-03-02 00:00:03.620,2021-03-02 08:05:14.260
PPMA,HHN,2021-03-02 08:05:16.000,2021-03-03 00:00:02.940
PPMA,HHZ,2021-03-02 00:00:01.440,2021-03-02 08:05:12.860
PPMA,HHZ,2021-03-02 08:05:16.000,2021-03-03 00:00:03.570
PPMA,HHE,2021-03-03 00:00:04.980,2021-03-04 00:00:04.330
PPMA,HHN,2021-03-03 00:00:02.950,2021-03-04 00:00:00.010
PPMA,HHZ,2021-03-03 00:00:03.580,2021-03-04 00:00:00.190
PPMA,HHE,2021-03-04 00:00:04.340,2021-03-04 08:10:38.360
PPMA,HHE,2021-03-04 08:10:40.000,2021-03-05 00:00:02.610
PPMA,HHN,2021-03-04 00:00:00.020,2021-03-04 08:10:38.910
PPMA,HHN,2021-03-04 08:10:40.000,2021-03-05 00:00:02.510
PPMA,HHZ,2021-03-04 00:00:00.200,2021-03-04 08:10:38.130
PPMA,HHZ,2021-03-04 08:10:40.000,2021-03-05 00:00:03.070
PPMA,HHE,2021-03-05 00:00:02.620,2021-03-06 00:00:02.710
PPMA,HHN,2021-03-05 00:00:02.520,2021-03-06 00:00:02.860
PPMA,HHZ,2021-03-05 00:00:03.080,2021-03-06 00:00:03.660
PPMA,HHE,2021-03-06 00:00:02.720,2021-03-06 08:06:48.630
PPMA,HHE,2021-03-06 08:06:48.000,2021-03-07 00:00:00.930
PPMA,HHN,2021-03-06 00:00:02.870,2021-03-06 08:06:44.810
PPMA,HHN,2021-03-06 08:06:48.000,2021-03-07 00:00:00.750
PPMA,HHZ,2021-03-06 00:00:03.670,2021-03-06 08:06:46.320
PPMA,HHZ,2021-03-06 08:06:48.000,2021-03-07 00:00:01.160
PPMA,HHE,2021-03-07 00:00:00.940,2021-03-08 00:00:05.000
PPMA,HHN,2021-03-07 00:00:00.760,2021-03-08 00:00:02.480
PPMA,HHZ,2021-03-07 00:00:01.170,2021-03-08 00:00:00.320
PPMA,HHE,2021-03-08 00:00:05.010,2021-03-08 08:12:50.130
PPMA,HHE,2021-03-08 08:12:49.000,2021-03-09 00:00:03.090
PPMA,HHN,2021-03-08 00:00:02.490,2021-03-08 08:12:48.620
PPMA,HHN,2021-03-08 08:12:49.000,2021-03-09 00:00:02.750
PPMA,HHZ,2021-03-08 00:00:00.330,2021-03-08 08:12:48.150
PPMA,HHZ,2021-03-08 08:12:49.000,2021-03-09 00:00:02.370
PPMA,HHE,2021-03-09 00:00:03.100,2021-03-10 00:00:05.780
PPMA,HHN,2021-03-09 00:00:02.760,2021-03-10 00:00:01.080
PPMA,HHZ,2021-03-09 00:00:02.380,2021-03-10 00:00:03.560
PPMA,HHE,2021-03-10 00:00:05.790,2021-03-10 08:08:53.080
PPMA,HHE,2021-03-10 08:08:55.000,2021-03-11 00:00:01.410
PPMA,HHN,2021-03-10 00:00:01.090,2021-03-10 08:08:53.090
PPMA,HHN,2021-03-10 08:08:55.000,2021-03-11 00:00:00.650
PPMA,HHZ,2021-03-10 00:00:03.570,2021-03-10 08:08:53.290
PPMA,HHZ,2021-03-10 08:08:55.000,2021-03-11 00:00:01.590
PPMA,HHE,2021-03-11 00:00:01.420,2021-03-12 00:00:01.950
PPMA,HHN,2021-03-11 00:00:00.660,2021-03-12 00:00:01.470
PPMA,HHZ,2021-03-11 00:00:01.600,2021-03-12 00:00:02.310
PPMA,HHE,2021-03-12 00:00:01.960,2021-03-12 08:05:30.930
PPMA,HHE,2021-03-12 08:05:31.000,2021-03-13 00:00:01.330
PPMA,HHN,2021-03-12 00:00:01.480,2021-03-12 08:05:29.410
PPMA,HHN,2021-03-12 08:05:31.000,2021-03-13 00:00:03.190
PPMA,HHZ,2021-03-12 00:00:02.320,2021-03-12 08:05:28.930
PPMA,HHZ,2021-03-12 08:05:31.000,2021-03-13 00:00:01.120
PPMA,HHE,2021-03-13 00:00:01.340,2021-03-14 00:00:05.910
PPMA,HHN,2021-03-13 00:00:03.200,2021-03-14 00:00:00.280
PPMA,HHZ,2021-03-13 00:00:01.130,2021-03-14 00:00:02.200
PPMA,HHE,2021-03-14 00:00:05.920,2021-03-14 08:09:03.230
PPMA,HHE,2021-03-14 08:09:06.000,2021-03-15 00:00:00.480
PPMA,HHN,2021-03-14 00:00:00.290,2021-03-14 08:09:03.930
PPMA,HHN,2021-03-14 08:09:06.000,2021-03-15 00:00:02.700
PPMA,HHZ,2021-03-14 00:00:02.210,2021-03-14 08:09:03.180
PPMA,HHZ,2021-03-14 08:09:06.000,2021-03-15 00:00:01.810
PPMA,HHE,2021-03-15 00:00:00.490,2021-03-16 00:00:01.040
PPMA,HHN,2021-03-15 00:00:02.710,2021-03-16 00:00:01.770
PPMA,HHZ,2021-03-15 00:00:01.820,2021-03-16 00:00:00.750
PPMA,HHE,2021-03-16 00:00:01.050,2021-03-16 08:05:10.590
PPMA,HHE,2021-03-16 08:05:11.000,2021-03-17 00:00:01.910
PPMA,HHN,2021-03-16 00:00:01.780,2021-03-16 08:05:09.730
PPMA,HHN,2021-03-16 08:05:11.000,2021-03-17 00:00:02.800
PPMA,HHZ,2021-03-16 00:00:00.760,2021-03-16 08:05:09.690
PPMA,HHZ,2021-03-16 08:05:11.000,2021-03-17 00:00:03.950
PPMA,HHE,2021-03-17 00:00:01.920,2021-03-18 00:00:04.430
PPMA,HHN,2021-03-17 00:00:02.810,2021-03-18 00:00:03.170
PPMA,HHZ,2021-03-17 00:00:03.960,2021-03-18 00:00:00.360
PPMA,HHE,2021-03-18 00:00:04.440,2021-03-18 08:11:16.120
PPMA,HHE,2021-03-18 08:11:16.000,2021-03-19 00:00:04.430
PPMA,HHN,2021-03-18 00:00:03.180,2021-03-18 08:11:14.650
PPMA,HHN,2021-03-18 08:11:16.000,2021-03-19 00:00:02.850
PPMA,HHZ,2021-03-18 00:00:00.370,2021-03-18 08:11:14.240
PPMA,HHZ,2021-03-18 08:11:16.000,2021-03-19 00:00:01.220
PPMA,HHE,2021-03-19 00:00:04.440,2021-03-20 00:00:03.550
PPMA,HHN,2021-03-19 00:00:02.860,2021-03-20 00:00:03.070
PPMA,HHZ,2021-03-19 00:00:01.230,2021-03-20 00:00:00.520
PPMA,HHE,2021-03-20 00:00:03.560,2021-03-20 08:07:23.390
PPMA,HHE,2021-03-20 08:07:21.000,2021-03-21 00:00:06.350
PPMA,HHN,2021-03-20 00:00:03.080,2021-03-20 08:07:18.750
PPMA,HHN,2021-03-20 08:07:21.000,2021-03-21 00:00:00.360
PPMA,HHZ,2021-03-20 00:00:00.530,2021-03-20 08:07:19.580
PPMA,HHZ,2021-03-20 08:07:21.000,2021-03-21 00:00:01.260
PPMA,HHE,2021-03-21 00:00:06.360,2021-03-22 00:00:01.310
PPMA,HHN,2021-03-21 00:00:00.370,2021-03-22 00:00:02.670
PPMA,HHZ,2021-03-21 00:00:01.270,2021-03-22 00:00:01.970
PPMA,HHE,2021-03-22 00:00:01.320,2021-03-22 08:13:43.560
PPMA,HHE,2021-03-22 08:13:46.000,2021-03-22 09:46:29.090
PPMA,HHE,2021-03-22 09:47:31.000,2021-03-23 00:00:03.280
PPMA,HHN,2021-03-22 00:00:02.680,2021-03-22 08:13:43.520
PPMA,HHN,2021-03-22 08:13:46.000,2021-03-22 09:46:27.520
PPMA,HHN,2021-03-22 09:47:31.000,2021-03-23 00:00:01.990
PPMA,HHZ,2021-03-22 00:00:01.980,2021-03-22 08:13:43.250
PPMA,HHZ,2021-03-22 08:13:46.000,2021-03-22 09:46:29.870
PPMA,HHZ,2021-03-22 09:47:31.000,2021-03-23 00:00:01.470
PPMA,HHE,2021-03-23 00:00:03.290,2021-03-24 00:00:01.300
PPMA,HHN,2021-03-23 00:00:02.000,2021-03-24 00:00:03.120
PPMA,HHZ,2021-03-23 00:00:01.480,2021-03-24 00:00:00.970
PPMA,HHE,2021-03-24 00:00:01.310,2021-03-25 00:00:03.940
PPMA,HHN,2021-03-24 00:00:03.130,2021-03-25 00:00:03.600
PPMA,HHZ,2021-03-24 00:00:00.980,2021-03-25 00:00:00.720
PPMA,HHE,2021-03-25 00:00:03.950,2021-03-26 00:00:04.190
PPMA,HHN,2021-03-25 00:00:03.610,2021-03-26 00:00:02.710
PPMA,HHZ,2021-03-25 00:00:00.730,2021-03-26 00:00:01.740
PPMA,HHE,2021-03-26 00:00:04.200,2021-03-27 00:00:02.870
PPMA,HHN,2021-03-26 00:00:02.720,2021-03-27 00:00:02.930
PPMA,HHZ,2021-03-26 00:00:01.750,2021-03-27 00:00:01.890
PPMA,HHE,2021-03-27 00:00:02.880,2021-03-28 00:00:02.110
PPMA,HHN,2021-03-27 00:00:02.940,2021-03-28 00:00:02.370
PPMA,HHZ,2021-03-27 00:00:01.900,2021-03-28 00:00:01.770
PPMA,HHE,2021-03-28 00:00:02.120,2021-03-29 00:00:02.760
PPMA,HHN,2021-03-28 00:00:02.380,2021-03-29 00:00:00.850
PPMA,HHZ,2021-03-28 00:00:01.780,2021-03-29 00:00:03.700
PPMA,HHE,2021-03-29 00:00:02.770,2021-03-30 00:00:02.970
PPMA,HHN,2021-03-29 00:00:00.860,2021-03-30 00:00:02.820
PPMA,HHZ,2021-03-29 00:00:03.710,2021-03-30 00:00:02.620
PPMA,HHE,2021-03-30 00:00:02.980,2021-03-30 11:31:28.340
PPMA,HHE,2021-03-30 19:40:05.230,2021-03-31 00:00:02.740
PPMA,HHN,2021-03-30 00:00:02.830,2021-03-30 11:31:29.330
PPMA,HHN,2021-03-30 19:40:03.090,2021-03-31 00:00:02.930
PPMA,HHZ,2021-03-30 00:00:02.630,2021-03-30 11:31:26.950
PPMA,HHZ,2021-03-30 19:40:04.320,2021-03-31 00:00:04.160
PPMA,HHE,2021-04-01 00:00:01.510,2021-04-02 00:00:03.830
PPMA,HHN,2021-04-01 00:00:01.950,2021-04-02 00:00:00.740
PPMA,HHZ,2021-04-01 00:00:02.250,2021-04-02 00:00:02.870
PPMA,HHE,2021-04-02 00:00:03.840,2021-04-03 00:00:03.130
PPMA,HHN,2021-04-02 00:00:00.750,2021-04-03 00:00:00.770
PPMA,HHZ,2021-04-02 00:00:02.880,2021-04-03 00:00:01.520
PPMA,HHE,2021-04-03 00:00:03.140,2021-04-04 00:00:03.830
PPMA,HHN,2021-04-03 00:00:00.780,2021-04-04 00:00:01.870
PPMA,HHZ,2021-04-03 00:00:01.530,2021-04-04 00:00:02.200
PPMA,HHE,2021-04-04 00:00:03.840,2021-04-05 00:00:00.490
PPMA,HHN,2021-04-04 00:00:01.880,2021-04-05 00:00:03.390
PPMA,HHZ,2021-04-04 00:00:02.210,2021-04-05 00:00:03.530
PPMA,HHE,2021-04-05 00:00:00.500,2021-04-06 00:00:03.150
PPMA,HHN,2021-04-05 00:00:03.400,2021-04-06 00:00:00.200
PPMA,HHZ,2021-04-05 00:00:03.540,2021-04-06 00:00:00.270
PPMA,HHE,2021-04-06 00:00:03.160,2021-04-07 00:00:01.340
PPMA,HHN,2021-04-06 00:00:00.210,2021-04-07 00:00:00.550
PPMA,HHZ,2021-04-06 00:00:00.280,2021-04-07 00:00:03.260
PPMA,HHE,2021-04-07 00:00:01.350,2021-04-08 00:00:01.380
PPMA,HHN,2021-04-07 00:00:00.560,2021-04-08 00:00:02.840
PPMA,HHZ,2021-04-07 00:00:03.270,2021-04-08 00:00:02.730
PPMA,HHE,2021-04-08 00:00:01.390,2021-04-09 00:00:00.940
PPMA,HHN,2021-04-08 00:00:02.850,2021-04-09 00:00:02.900
PPMA,HHZ,2021-04-08 00:00:02.740,2021-04-09 00:00:01.220
PPMA,HHE,2021-04-09 00:00:00.950,2021-04-10 00:00:00.920
PPMA,HHN,2021-04-09 00:00:02.910,2021-04-10 00:00:04.060
PPMA,HHZ,2021-04-09 00:00:01.230,2021-04-10 00:00:02.330
PPMA,HHE,2021-04-10 00:00:00.930,2021-04-11 00:00:01.480
PPMA,HHN,2021-04-10 00:00:04.070,2021-04-11 00:00:00.050
PPMA,HHZ,2021-04-10 00:00:02.340,2021-04-11 00:00:00.490
PPMA,HHE,2021-04-11 00:00:01.490,2021-04-12 00:00:01.040
PPMA,HHN,2021-04-11 00:00:00.060,2021-04-12 00:00:03.530
PPMA,HHZ,2021-04-11 00:00:00.500,2021-04-12 00:00:01.580
PPMA,HHE,2021-04-12 00:00:01.050,2021-04-13 00:00:04.030
PPMA,HHN,2021-04-12 00:00:03.540,2021-04-13 00:00:01.070
PPMA,HHZ,2021-04-12 00:00:01.590,2021-04-13 00:00:02.030
PPMA,HHE,2021-04-13 00:00:04.040,2021-04-13 12:10:17.470
PPMA,HHE,2021-04-13 12:11:57.000,2021-04-14 00:00:00.140
PPMA,HHN,2021-04-13 00:00:01.080,2021-04-13 12:10:15.790
PPMA,HHN,2021-04-13 12:11:57.000,2021-04-14 00:00:02.260
PPMA,HHZ,2021-04-13 00:00:02.040,2021-04-13 12:10:17.630
PPMA,HHZ,2021-04-13 12:11:57.000,2021-04-14 00:00:01.300
PPMA,HHE,2021-04-14 00:00:00.150,2021-04-15 00:00:00.830
PPMA,HHN,2021-04-14 00:00:02.270,2021-04-15 00:00:02.560
PPMA,HHZ,2021-04-14 00:00:01.310,2021-04-15 00:00:00.490
PPMA,HHE,2021-04-15 00:00:00.840,2021-04-16 00:00:03.000
PPMA,HHN,2021-04-15 00:00:02.570,2021-04-16 00:00:03.890
PPMA,HHZ,2021-04-15 00:00:00.500,2021-04-16 00:00:00.430
PPMA,HHE,2021-04-16 00:00:03.010,2021-04-17 00:00:01.270
PPMA,HHN,2021-04-16 00:00:03.900,2021-04-17 00:00:00.280
PPMA,HHZ,2021-04-16 00:00:00.440,2021-04-17 00:00:00.450
PPMA,HHE,2021-04-17 00:00:01.280,2021-04-18 00:00:04.360
PPMA,HHN,2021-04-17 00:00:00.290,2021-04-18 00:00:02.920
PPMA,HHZ,2021-04-17 00:00:00.460,2021-04-18 00:00:02.960
PPMA,HHE,2021-04-18 00:00:04.370,2021-04-19 00:00:03.070
PPMA,HHN,2021-04-18 00:00:02.930,2021-04-19 00:00:00.930
PPMA,HHZ,2021-04-18 00:00:02.970,2021-04-19 00:00:00.720
PPMA,HHE,2021-04-19 00:00:03.080,2021-04-20 00:00:01.430
PPMA,HHN,2021-04-19 00:00:00.940,2021-04-20 00:00:02.890
PPMA,HHZ,2021-04-19 00:00:00.730,2021-04-20 00:00:02.860
PPMA,HHE,2021-04-20 00:00:01.440,2021-04-21 00:00:00.830
PPMA,HHN,2021-04-20 00:00:02.900,2021-04-21 00:00:00.750
PPMA,HHZ,2021-04-20 00:00:02.870,2021-04-21 00:00:02.480
PPMA,HHE,2021-04-21 00:00:00.840,2021-04-22 00:00:01.110
PPMA,HHN,2021-04-21 00:00:00.760,2021-04-22 00:00:03.020
PPMA,HHZ,2021-04-21 00:00:02.490,2021-04-22 00:00:01.830
PPMA,HHE,2021-04-22 00:00:01.120,2021-04-23 00:00:02.340
PPMA,HHN,2021-04-22 00:00:03.030,2021-04-23 00:00:00.790
PPMA,HHZ,2021-04-22 00:00:01.840,2021-04-23 00:00:03.120
PPMA,HHE,2021-04-23 00:00:02.350,2021-04-24 00:00:00.020
PPMA,HHN,2021-04-23 00:00:00.800,2021-04-24 00:00:01.900
PPMA,HHZ,2021-04-23 00:00:03.130,2021-04-24 00:00:02.630
PPMA,HHE,2021-04-24 00:00:00.030,2021-04-25 00:00:01.290
PPMA,HHN,2021-04-24 00:00:01.910,2021-04-25 00:00:01.750
PPMA,HHZ,2021-04-24 00:00:02.640,2021-04-25 00:00:01.080
PPMA,HHE,2021-04-25 00:00:01.300,2021-04-26 00:00:02.970
PPMA,HHN,2021-04-25 00:00:01.760,2021-04-26 00:00:00.990
PPMA,HHZ,2021-04-25 00:00:01.090,2021-04-26 00:00:03.480
PPMA,HHE,2021-04-26 00:00:02.980,2021-04-27 00:00:01.600
PPMA,HHN,2021-04-26 00:00:01.000,2021-04-27 00:00:00.230
PPMA,HHZ,2021-04-26 00:00:03.490,2021-04-27 00:00:03.500
PPMA,HHE,2021-04-27 00:00:01.610,2021-04-27 23:02:25.410
PPMA,HHE,2021-04-27 23:02:34.090,2021-04-28 00:00:04.060
PPMA,HHN,2021-04-27 00:00:00.240,2021-04-27 23:02:26.240
PPMA,HHN,2021-04-27 23:02:34.490,2021-04-28 00:00:01.530
PPMA,HHZ,2021-04-27 00:00:03.510,2021-04-27 23:02:29.660
PPMA,HHZ,2021-04-27 23:02:38.480,2021-04-28 00:00:01.300
PPMA,HHE,2021-04-28 00:00:04.070,2021-04-29 00:00:01.770
PPMA,HHN,2021-04-28 00:00:01.540,2021-04-29 00:00:00.350
PPMA,HHZ,2021-04-28 00:00:01.310,2021-04-29 00:00:03.170
PPMA,HHE,2021-04-29 00:00:01.780,2021-04-30 00:00:01.820
PPMA,HHN,2021-04-29 00:00:00.360,2021-04-30 00:00:01.740
PPMA,HHZ,2021-04-29 00:00:03.180,2021-04-30 00:00:01.280
PPMA,HHE,2021-04-30 00:00:01.830,2021-05-01 00:00:00.110
PPMA,HHN,2021-04-30 00:00:01.750,2021-05-01 00:00:00.430
PPMA,HHZ,2021-04-30 00:00:01.290,2021-05-01 00:00:01.030
PPMA,HHE,2021-05-01 00:00:00.120,2021-05-02 00:00:01.900
PPMA,HHN,2021-05-01 00:00:00.440,2021-05-02 00:00:02.450
PPMA,HHZ,2021-05-01 00:00:01.040,2021-05-02 00:00:03.600
PPMA,HHE,2021-05-02 00:00:01.910,2021-05-03 00:00:01.360
PPMA,HHN,2021-05-02 00:00:02.460,2021-05-03 00:00:00.720
PPMA,HHZ,2021-05-02 00:00:03.610,2021-05-03 00:00:00.060
PPMA,HHE,2021-05-03 00:00:01.370,2021-05-04 00:00:03.400
PPMA,HHN,2021-05-03 00:00:00.730,2021-05-04 00:00:01.390
PPMA,HHZ,2021-05-03 00:00:00.070,2021-05-04 00:00:01.390
PPMA,HHE,2021-05-04 00:00:03.410,2021-05-05 00:00:00.850
PPMA,HHN,2021-05-04 00:00:01.400,2021-05-05 00:00:02.800
PPMA,HHZ,2021-05-04 00:00:01.400,2021-05-05 00:00:04.330
PPMA,HHE,2021-05-05 00:00:00.860,2021-05-06 00:00:02.050
PPMA,HHN,2021-05-05 00:00:02.810,2021-05-06 00:00:00.060
PPMA,HHZ,2021-05-05 00:00:04.340,2021-05-06 00:00:01.740
PPMA,HHE,2021-05-06 00:00:02.060,2021-05-07 00:00:00.100
PPMA,HHN,2021-05-06 00:00:00.070,2021-05-07 00:00:00.540
PPMA,HHZ,2021-05-06 00:00:01.750,2021-05-07 00:00:00.770
PPMA,HHE,2021-05-07 00:00:00.110,2021-05-08 00:00:02.740
PPMA,HHN,2021-05-07 00:00:00.550,2021-05-08 00:00:01.430
PPMA,HHZ,2021-05-07 00:00:00.780,2021-05-08 00:00:00.650
PPMA,HHE,2021-05-08 00:00:02.750,2021-05-09 00:00:02.890
PPMA,HHN,2021-05-08 00:00:01.440,2021-05-09 00:00:02.830
PPMA,HHZ,2021-05-08 00:00:00.660,2021-05-09 00:00:00.430
PPMA,HHE,2021-05-09 00:00:02.900,2021-05-10 00:00:02.030
PPMA,HHN,2021-05-09 00:00:02.840,2021-05-10 00:00:00.440
PPMA,HHZ,2021-05-09 00:00:00.440,2021-05-10 00:00:02.090
PPMA,HHE,2021-05-10 00:00:02.040,2021-05-11 00:00:00.750
PPMA,HHN,2021-05-10 00:00:00.450,2021-05-11 00:00:00.650
PPMA,HHZ,2021-05-10 00:00:02.100,2021-05-11 00:00:01.700
PPMA,HHE,2021-05-11 00:00:00.760,2021-05-12 00:00:02.900
PPMA,HHN,2021-05-11 00:00:00.660,2021-05-12 00:00:01.800
PPMA,HHZ,2021-05-11 00:00:01.710,2021-05-12 00:00:02.790
PPMA,HHE,2021-05-12 00:00:02.910,2021-05-13 00:00:04.060
PPMA,HHN,2021-05-12 00:00:01.810,2021-05-13 00:00:02.880
PPMA,HHZ,2021-05-12 00:00:02.800,2021-05-13 00:00:02.460
PPMA,HHE,2021-05-13 00:00:04.070,2021-05-14 00:00:01.160
PPMA,HHN,2021-05-13 00:00:02.890,2021-05-14 00:00:00.680
PPMA,HHZ,2021-05-13 00:00:02.470,2021-05-14 00:00:01.760
PPMA,HHE,2021-05-14 00:00:01.170,2021-05-15 00:00:00.540
PPMA,HHN,2021-05-14 00:00:00.690,2021-05-15 00:00:00.430
PPMA,HHZ,2021-05-14 00:00:01.770,2021-05-15 00:00:01.560
PPMA,HHE,2021-05-15 00:00:00.550,2021-05-16 00:00:01.850
PPMA,HHN,2021-05-15 00:00:00.440,2021-05-16 00:00:02.420
PPMA,HHZ,2021-05-15 00:00:01.570,2021-05-16 00:00:01.400
PPMA,HHE,2021-05-16 00:00:01.860,2021-05-17 00:00:01.750
PPMA,HHN,2021-05-16 00:00:02.430,2021-05-17 00:00:01.820
PPMA,HHZ,2021-05-16 00:00:01.410,2021-05-17 00:00:01.770
PPMA,HHE,2021-05-17 00:00:01.760,2021-05-18 00:00:03.120
PPMA,HHN,2021-05-17 00:00:01.830,2021-05-18 00:00:00.300
PPMA,HHZ,2021-05-17 00:00:01.780,2021-05-18 00:00:01.110
PPMA,HHE,2021-05-18 00:00:03.130,2021-05-19 00:00:01.240
PPMA,HHN,2021-05-18 00:00:00.310,2021-05-19 00:00:02.440
PPMA,HHZ,2021-05-18 00:00:01.120,2021-05-19 00:00:03.040
PPMA,HHE,2021-05-19 00:00:01.250,2021-05-20 00:00:02.650
PPMA,HHN,2021-05-19 00:00:02.450,2021-05-20 00:00:01.920
PPMA,HHZ,2021-05-19 00:00:03.050,2021-05-20 00:00:00.970
PPMA,HHE,2021-05-20 00:00:02.660,2021-05-21 00:00:02.020
PPMA,HHN,2021-05-20 00:00:01.930,2021-05-21 00:00:01.190
PPMA,HHZ,2021-05-20 00:00:00.980,2021-05-21 00:00:01.290
PPMA,HHE,2021-05-21 00:00:02.030,2021-05-22 00:00:01.450
PPMA,HHN,2021-05-21 00:00:01.200,2021-05-22 00:00:01.200
PPMA,HHZ,2021-05-21 00:00:01.300,2021-05-22 00:00:03.180
PPMA,HHE,2021-05-22 00:00:01.460,2021-05-23 00:00:02.110
PPMA,HHN,2021-05-22 00:00:01.210,2021-05-23 00:00:02.020
PPMA,HHZ,2021-05-22 00:00:03.190,2021-05-23 00:00:00.570
PPMA,HHE,2021-05-23 00:00:02.120,2021-05-24 00:00:02.580
PPMA,HHN,2021-05-23 00:00:02.030,2021-05-24 00:00:02.100
PPMA,HHZ,2021-05-23 00:00:00.580,2021-05-24 00:00:00.500
PPMA,HHE,2021-05-24 00:00:02.590,2021-05-25 00:00:00.310
PPMA,HHN,2021-05-24 00:00:02.110,2021-05-25 00:00:00.910
PPMA,HHZ,2021-05-24 00:00:00.510,2021-05-25 00:00:03.190
PPMA,HHE,2021-05-25 00:00:00.320,2021-05-26 00:00:03.490
PPMA,HHN,2021-05-25 00:00:00.920,2021-05-26 00:00:02.170
PPMA,HHZ,2021-05-25 00:00:03.200,2021-05-26 00:00:00.870
PPMA,HHE,2021-05-26 00:00:03.500,2021-05-27 00:00:00.690
PPMA,HHN,2021-05-26 00:00:02.180,2021-05-27 00:00:00.120
PPMA,HHZ,2021-05-26 00:00:00.880,2021-05-27 00:00:01.650
PPMA,HHE,2021-05-27 00:00:00.700,2021-05-27 13:28:39.650
PPMA,HHE,2021-05-27 13:28:45.280,2021-05-28 00:00:03.900
PPMA,HHN,2021-05-27 00:00:00.130,2021-05-27 13:28:39.850
PPMA,HHN,2021-05-27 13:28:47.690,2021-05-28 00:00:02.230
PPMA,HHZ,2021-05-27 00:00:01.660,2021-05-27 13:28:40.560
PPMA,HHZ,2021-05-27 13:28:45.840,2021-05-28 00:00:01.640
PPMA,HHE,2021-05-28 00:00:03.910,2021-05-29 00:00:03.400
PPMA,HHN,2021-05-28 00:00:02.240,2021-05-29 00:00:02.530
PPMA,HHZ,2021-05-28 00:00:01.650,2021-05-29 00:00:01.670
PPMA,HHE,2021-05-29 00:00:03.410,2021-05-30 00:00:01.350
PPMA,HHN,2021-05-29 00:00:02.540,2021-05-30 00:00:00.440
PPMA,HHZ,2021-05-29 00:00:01.680,2021-05-30 00:00:02.490
PPMA,HHE,2021-05-30 00:00:01.360,2021-05-31 00:00:00.450
PPMA,HHN,2021-05-30 00:00:00.450,2021-05-31 00:00:03.160
PPMA,HHZ,2021-05-30 00:00:02.500,2021-05-31 00:00:03.610
PPMA,HHE,2021-06-01 00:00:03.080,2021-06-02 00:00:04.200
PPMA,HHN,2021-06-01 00:00:04.100,2021-06-02 00:00:01.880
PPMA,HHZ,2021-06-01 00:00:01.510,2021-06-02 00:00:00.980
PPMA,HHE,2021-06-02 00:00:04.210,2021-06-03 00:00:04.500
PPMA,HHN,2021-06-02 00:00:01.890,2021-06-03 00:00:04.410
PPMA,HHZ,2021-06-02 00:00:00.990,2021-06-03 00:00:04.440
PPMA,HHE,2021-06-03 00:00:04.510,2021-06-04 00:00:01.400
PPMA,HHN,2021-06-03 00:00:04.420,2021-06-04 00:00:02.470
PPMA,HHZ,2021-06-03 00:00:04.450,2021-06-04 00:00:01.600
PPMA,HHE,2021-06-04 00:00:01.410,2021-06-05 00:00:02.920
PPMA,HHN,2021-06-04 00:00:02.480,2021-06-05 00:00:01.390
PPMA,HHZ,2021-06-04 00:00:01.610,2021-06-05 00:00:00.800
PPMA,HHE,2021-06-05 00:00:02.930,2021-06-06 00:00:00.760
PPMA,HHN,2021-06-05 00:00:01.400,2021-06-06 00:00:02.060
PPMA,HHZ,2021-06-05 00:00:00.810,2021-06-06 00:00:03.790
PPMA,HHE,2021-06-06 00:00:00.770,2021-06-07 00:00:00.100
PPMA,HHN,2021-06-06 00:00:02.070,2021-06-07 00:00:00.700
PPMA,HHZ,2021-06-06 00:00:03.800,2021-06-07 00:00:00.620
PPMA,HHE,2021-06-07 00:00:00.110,2021-06-07 08:01:22.870
PPMA,HHE,2021-06-07 14:04:55.900,2021-06-08 00:00:00.260
PPMA,HHN,2021-06-07 00:00:00.710,2021-06-07 08:01:22.930
PPMA,HHN,2021-06-07 14:04:54.600,2021-06-08 00:00:00.580
PPMA,HHZ,2021-06-07 00:00:00.630,2021-06-07 08:01:21.170
PPMA,HHZ,2021-06-07 14:04:55.330,2021-06-08 00:00:01.420
PPMA,HHE,2021-06-08 00:00:00.270,2021-06-09 00:00:00.750
PPMA,HHN,2021-06-08 00:00:00.590,2021-06-09 00:00:00.390
PPMA,HHZ,2021-06-08 00:00:01.430,2021-06-09 00:00:04.150
PPMA,HHE,2021-06-09 00:00:00.760,2021-06-10 00:00:01.400
PPMA,HHN,2021-06-09 00:00:00.400,2021-06-10 00:00:01.700
PPMA,HHZ,2021-06-09 00:00:04.160,2021-06-10 00:00:03.070
PPMA,HHE,2021-06-10 00:00:01.410,2021-06-11 00:00:00.940
PPMA,HHN,2021-06-10 00:00:01.710,2021-06-11 00:00:02.670
PPMA,HHZ,2021-06-10 00:00:03.080,2021-06-11 00:00:03.170
PPMA,HHE,2021-06-11 00:00:00.950,2021-06-12 00:00:00.610
PPMA,HHN,2021-06-11 00:00:02.680,2021-06-12 00:00:03.080
PPMA,HHZ,2021-06-11 00:00:03.180,2021-06-12 00:00:00.430
PPMA,HHE,2021-06-12 00:00:00.620,2021-06-13 00:00:00.930
PPMA,HHN,2021-06-12 00:00:03.090,2021-06-13 00:00:02.570
PPMA,HHZ,2021-06-12 00:00:00.440,2021-06-13 00:00:00.950
PPMA,HHE,2021-06-13 00:00:00.940,2021-06-14 00:00:01.030
PPMA,HHN,2021-06-13 00:00:02.580,2021-06-14 00:00:00.720
PPMA,HHZ,2021-06-13 00:00:00.960,2021-06-14 00:00:02.360
PPMA,HHE,2021-06-14 00:00:01.040,2021-06-15 00:00:01.280
PPMA,HHN,2021-06-14 00:00:00.730,2021-06-15 00:00:04.210
PPMA,HHZ,2021-06-14 00:00:02.370,2021-06-15 00:00:02.960
PPMA,HHE,2021-06-15 00:00:01.290,2021-06-16 00:00:04.190
PPMA,HHN,2021-06-15 00:00:04.220,2021-06-16 00:00:01.750
PPMA,HHZ,2021-06-15 00:00:02.970,2021-06-16 00:00:01.710
PPMA,HHE,2021-06-16 00:00:04.200,2021-06-17 00:00:02.700
PPMA,HHN,2021-06-16 00:00:01.760,2021-06-17 00:00:03.830
PPMA,HHZ,2021-06-16 00:00:01.720,2021-06-17 00:00:03.180
PPMA,HHE,2021-06-17 00:00:02.710,2021-06-18 00:00:00.270
PPMA,HHN,2021-06-17 00:00:03.840,2021-06-18 00:00:02.290
PPMA,HHZ,2021-06-17 00:00:03.190,2021-06-18 00:00:00.920
PPMA,HHE,2021-06-18 00:00:00.280,2021-06-19 00:00:04.370
PPMA,HHN,2021-06-18 00:00:02.300,2021-06-19 00:00:03.580
PPMA,HHZ,2021-06-18 00:00:00.930,2021-06-19 00:00:01.670
PPMA,HHE,2021-06-19 00:00:04.380,2021-06-20 00:00:02.210
PPMA,HHN,2021-06-19 00:00:03.590,2021-06-20 00:00:01.150
PPMA,HHZ,2021-06-19 00:00:01.680,2021-06-20 00:00:02.310
PPMA,HHE,2021-06-20 00:00:02.220,2021-06-21 00:00:00.130
PPMA,HHN,2021-06-20 00:00:01.160,2021-06-21 00:00:02.650
PPMA,HHZ,2021-06-20 00:00:02.320,2021-06-21 00:00:00.890
PPMA,HHE,2021-06-21 00:00:00.140,2021-06-22 00:00:03.440
PPMA,HHN,2021-06-21 00:00:02.660,2021-06-22 00:00:02.760
PPMA,HHZ,2021-06-21 00:00:00.900,2021-06-22 00:00:03.140
PPMA,HHE,2021-06-22 00:00:03.450,2021-06-23 00:00:00.270
PPMA,HHN,2021-06-22 00:00:02.770,2021-06-23 00:00:01.440
PPMA,HHZ,2021-06-22 00:00:03.150,2021-06-23 00:00:00.630
PPMA,HHE,2021-06-23 00:00:00.280,2021-06-24 00:00:03.340
PPMA,HHN,2021-06-23 00:00:01.450,2021-06-24 00:00:02.280
PPMA,HHZ,2021-06-23 00:00:00.640,2021-06-24 00:00:03.810
PPMA,HHE,2021-06-24 00:00:03.350,2021-06-25 00:00:01.180
PPMA,HHN,2021-06-24 00:00:02.290,2021-06-25 00:00:01.620
PPMA,HHZ,2021-06-24 00:00:03.820,2021-06-25 00:00:00.520
PPMA,HHE,2021-06-25 00:00:01.190,2021-06-26 00:00:02.720
PPMA,HHN,2021-06-25 00:00:01.630,2021-06-26 00:00:03.070
PPMA,HHZ,2021-06-25 00:00:00.530,2021-06-26 00:00:02.020
PPMA,HHE,2021-06-26 00:00:02.730,2021-06-27 00:00:02.670
PPMA,HHN,2021-06-26 00:00:03.080,2021-06-27 00:00:00.130
PPMA,HHZ,2021-06-26 00:00:02.030,2021-06-27 00:00:03.800
PPMA,HHE,2021-06-27 00:00:02.680,2021-06-28 00:00:02.440
PPMA,HHN,2021-06-27 00:00:00.140,2021-06-28 00:00:01.780
PPMA,HHZ,2021-06-27 00:00:03.810,2021-06-28 00:00:02.430
PPMA,HHE,2021-06-28 00:00:02.450,2021-06-29 00:00:00.390
PPMA,HHN,2021-06-28 00:00:01.790,2021-06-29 00:00:02.280
PPMA,HHZ,2021-06-28 00:00:02.440,2021-06-29 00:00:00.710
PPMA,HHE,2021-06-29 00:00:00.400,2021-06-30 00:00:02.570
PPMA,HHN,2021-06-29 00:00:02.290,2021-06-30 00:00:01.460
PPMA,HHZ,2021-06-29 00:00:00.720,2021-06-30 00:00:00.380
PPMA,HHE,2021-06-30 00:00:02.580,2021-07-01 00:00:03.910
PPMA,HHN,2021-06-30 00:00:01.470,2021-07-01 00:00:03.330
PPMA,HHZ,2021-06-30 00:00:00.390,2021-07-01 00:00:03.030
PPMA,HHE,2021-07-01 00:00:03.920,2021-07-02 00:00:03.310
PPMA,HHN,2021-07-01 00:00:03.340,2021-07-02 00:00:02.070
PPMA,HHZ,2021-07-01 00:00:03.040,2021-07-02 00:00:03.680
PPMA,HHE,2021-07-02 00:00:03.320,2021-07-03 00:00:04.030
PPMA,HHN,2021-07-02 00:00:02.080,2021-07-03 00:00:03.030
PPMA,HHZ,2021-07-02 00:00:03.690,2021-07-03 00:00:03.610
PPMA,HHE,2021-07-03 00:00:04.040,2021-07-04 00:00:01.630
PPMA,HHN,2021-07-03 00:00:03.040,2021-07-04 00:00:02.660
PPMA,HHZ,2021-07-03 00:00:03.620,2021-07-04 00:00:03.600
PPMA,HHE,2021-07-04 00:00:01.640,2021-07-05 00:00:01.120
PPMA,HHN,2021-07-04 00:00:02.670,2021-07-05 00:00:01.720
PPMA,HHZ,2021-07-04 00:00:03.610,2021-07-04 23:59:59.990
PPMA,HHE,2021-07-05 00:00:01.130,2021-07-06 00:00:01.580
PPMA,HHN,2021-07-05 00:00:01.730,2021-07-06 00:00:02.170
PPMA,HHZ,2021-07-05 00:00:00.000,2021-07-06 00:00:04.090
PPMA,HHE,2021-07-06 00:00:01.590,2021-07-07 00:00:02.050
PPMA,HHN,2021-07-06 00:00:02.180,2021-07-07 00:00:02.920
PPMA,HHZ,2021-07-06 00:00:04.100,2021-07-07 00:00:00.030
PPMA,HHE,2021-07-07 00:00:02.060,2021-07-08 00:00:01.660
PPMA,HHN,2021-07-07 00:00:02.930,2021-07-08 00:00:02.870
PPMA,HHZ,2021-07-07 00:00:00.040,2021-07-08 00:00:02.080
PPMA,HHE,2021-07-08 00:00:01.670,2021-07-09 00:00:03.220
PPMA,HHN,2021-07-08 00:00:02.880,2021-07-09 00:00:03.340
PPMA,HHZ,2021-07-08 00:00:02.090,2021-07-09 00:00:03.370
PPMA,HHE,2021-07-09 00:00:03.230,2021-07-10 00:00:03.660
PPMA,HHN,2021-07-09 00:00:03.350,2021-07-10 00:00:02.150
PPMA,HHZ,2021-07-09 00:00:03.380,2021-07-10 00:00:03.940
PPMA,HHE,2021-07-10 00:00:03.670,2021-07-11 00:00:01.050
PPMA,HHN,2021-07-10 00:00:02.160,2021-07-11 00:00:01.710
PPMA,HHZ,2021-07-10 00:00:03.950,2021-07-11 00:00:03.340
PPMA,HHE,2021-07-11 00:00:01.060,2021-07-12 00:00:00.550
PPMA,HHN,2021-07-11 00:00:01.720,2021-07-12 00:00:03.480
PPMA,HHZ,2021-07-11 00:00:03.350,2021-07-12 00:00:01.310
PPMA,HHE,2021-07-12 00:00:00.560,2021-07-13 00:00:00.220
PPMA,HHN,2021-07-12 00:00:03.490,2021-07-13 00:00:00.290
PPMA,HHZ,2021-07-12 00:00:01.320,2021-07-13 00:00:04.100
PPMA,HHE,2021-07-13 00:00:00.230,2021-07-14 00:00:01.950
PPMA,HHN,2021-07-13 00:00:00.300,2021-07-14 00:00:02.150
PPMA,HHZ,2021-07-13 00:00:04.110,2021-07-14 00:00:01.450
PPMA,HHE,2021-07-14 00:00:01.960,2021-07-15 00:00:03.780
PPMA,HHN,2021-07-14 00:00:02.160,2021-07-15 00:00:02.290
PPMA,HHZ,2021-07-14 00:00:01.460,2021-07-15 00:00:01.140
PPMA,HHE,2021-07-15 00:00:03.790,2021-07-16 00:00:01.030
PPMA,HHN,2021-07-15 00:00:02.300,2021-07-16 00:00:02.470
PPMA,HHZ,2021-07-15 00:00:01.150,2021-07-16 00:00:03.300
PPMA,HHE,2021-07-16 00:00:01.040,2021-07-17 00:00:03.060
PPMA,HHN,2021-07-16 00:00:02.480,2021-07-17 00:00:02.800
PPMA,HHZ,2021-07-16 00:00:03.310,2021-07-17 00:00:00.940
PPMA,HHE,2021-07-17 00:00:03.070,2021-07-18 00:00:01.080
PPMA,HHN,2021-07-17 00:00:02.810,2021-07-18 00:00:03.020
PPMA,HHZ,2021-07-17 00:00:00.950,2021-07-18 00:00:03.030
PPMA,HHE,2021-07-18 00:00:01.090,2021-07-19 00:00:01.910
PPMA,HHN,2021-07-18 00:00:03.030,2021-07-19 00:00:03.030
PPMA,HHZ,2021-07-18 00:00:03.040,2021-07-19 00:00:00.400
PPMA,HHE,2021-07-19 00:00:01.920,2021-07-20 00:00:01.070
PPMA,HHN,2021-07-19 00:00:03.040,2021-07-20 00:00:03.740
PPMA,HHZ,2021-07-19 00:00:00.410,2021-07-20 00:00:00.490
PPMA,HHE,2021-07-20 00:00:01.080,2021-07-21 00:00:00.070
PPMA,HHN,2021-07-20 00:00:03.750,2021-07-21 00:00:03.680
PPMA,HHZ,2021-07-20 00:00:00.500,2021-07-21 00:00:01.610
PPMA,HHE,2021-07-21 00:00:00.080,2021-07-22 00:00:02.930
PPMA,HHN,2021-07-21 00:00:03.690,2021-07-22 00:00:02.620
PPMA,HHZ,2021-07-21 00:00:01.620,2021-07-22 00:00:02.580
PPMA,HHE,2021-07-22 00:00:02.940,2021-07-23 00:00:01.520
PPMA,HHN,2021-07-22 00:00:02.630,2021-07-23 00:00:01.170
PPMA,HHZ,2021-07-22 00:00:02.590,2021-07-23 00:00:03.290
PPMA,HHE,2021-07-23 00:00:01.530,2021-07-24 00:00:03.430
PPMA,HHN,2021-07-23 00:00:01.180,2021-07-24 00:00:00.140
PPMA,HHZ,2021-07-23 00:00:03.300,2021-07-24 00:00:02.340
PPMA,HHE,2021-07-24 00:00:03.440,2021-07-25 00:00:03.770
PPMA,HHN,2021-07-24 00:00:00.150,2021-07-25 00:00:03.290
PPMA,HHZ,2021-07-24 00:00:02.350,2021-07-25 00:00:00.450
PPMA,HHE,2021-07-25 00:00:03.780,2021-07-26 00:00:01.590
PPMA,HHN,2021-07-25 00:00:03.300,2021-07-26 00:00:03.250
PPMA,HHZ,2021-07-25 00:00:00.460,2021-07-26 00:00:03.830
PPMA,HHE,2021-07-26 00:00:01.600,2021-07-27 00:00:02.980
PPMA,HHN,2021-07-26 00:00:03.260,2021-07-27 00:00:01.970
PPMA,HHZ,2021-07-26 00:00:03.840,2021-07-27 00:00:02.240
PPMA,HHE,2021-07-27 00:00:02.990,2021-07-28 00:00:01.480
PPMA,HHN,2021-07-27 00:00:01.980,2021-07-28 00:00:00.780
PPMA,HHZ,2021-07-27 00:00:02.250,2021-07-28 00:00:02.280
PPMA,HHE,2021-07-28 00:00:01.490,2021-07-29 00:00:03.950
PPMA,HHN,2021-07-28 00:00:00.790,2021-07-29 00:00:03.440
PPMA,HHZ,2021-07-28 00:00:02.290,2021-07-29 00:00:00.250
PPMA,HHE,2021-07-29 00:00:03.960,2021-07-30 00:00:02.110
PPMA,HHN,2021-07-29 00:00:03.450,2021-07-30 00:00:01.420
PPMA,HHZ,2021-07-29 00:00:00.260,2021-07-30 00:00:02.980
PPMA,HHE,2021-07-30 00:00:02.120,2021-07-31 00:00:00.240
PPMA,HHN,2021-07-30 00:00:01.430,2021-07-31 00:00:01.580
PPMA,HHZ,2021-07-30 00:00:02.990,2021-07-31 00:00:01.020
PPMA,HHE,2021-08-01 00:00:02.510,2021-08-02 00:00:03.900
PPMA,HHN,2021-08-01 00:00:00.440,2021-08-02 00:00:02.040
PPMA,HHZ,2021-08-01 00:00:01.400,2021-08-02 00:00:00.840
PPMA,HHE,2021-08-02 00:00:03.910,2021-08-03 00:00:02.800
PPMA,HHN,2021-08-02 00:00:02.050,2021-08-03 00:00:02.120
PPMA,HHZ,2021-08-02 00:00:00.850,2021-08-03 00:00:00.620
PPMA,HHE,2021-08-03 00:00:02.810,2021-08-04 00:00:01.380
PPMA,HHN,2021-08-03 00:00:02.130,2021-08-04 00:00:03.340
PPMA,HHZ,2021-08-03 00:00:00.630,2021-08-04 00:00:01.290
PPMA,HHE,2021-08-04 00:00:01.390,2021-08-05 00:00:02.570
PPMA,HHN,2021-08-04 00:00:03.350,2021-08-05 00:00:01.260
PPMA,HHZ,2021-08-04 00:00:01.300,2021-08-05 00:00:02.090
PPMA,HHE,2021-08-05 00:00:02.580,2021-08-06 00:00:03.180
PPMA,HHN,2021-08-05 00:00:01.270,2021-08-06 00:00:01.560
PPMA,HHZ,2021-08-05 00:00:02.100,2021-08-06 00:00:02.810
PPMA,HHE,2021-08-06 00:00:03.190,2021-08-07 00:00:00.260
PPMA,HHN,2021-08-06 00:00:01.570,2021-08-07 00:00:00.900
PPMA,HHZ,2021-08-06 00:00:02.820,2021-08-07 00:00:01.170
PPMA,HHE,2021-08-07 00:00:00.270,2021-08-08 00:00:02.730
PPMA,HHN,2021-08-07 00:00:00.910,2021-08-08 00:00:01.070
PPMA,HHZ,2021-08-07 00:00:01.180,2021-08-08 00:00:02.690
PPMA,HHE,2021-08-08 00:00:02.740,2021-08-09 00:00:02.960
PPMA,HHN,2021-08-08 00:00:01.080,2021-08-09 00:00:02.790
PPMA,HHZ,2021-08-08 00:00:02.700,2021-08-09 00:00:00.730
PPMA,HHE,2021-08-09 00:00:02.970,2021-08-10 00:00:00.670
PPMA,HHN,2021-08-09 00:00:02.800,2021-08-10 00:00:00.480
PPMA,HHZ,2021-08-09 00:00:00.740,2021-08-10 00:00:03.160
PPMA,HHE,2021-08-10 00:00:00.680,2021-08-11 00:00:00.210
PPMA,HHN,2021-08-10 00:00:00.490,2021-08-11 00:00:02.450
PPMA,HHZ,2021-08-10 00:00:03.170,2021-08-11 00:00:03.490
PPMA,HHE,2021-08-11 00:00:00.220,2021-08-12 00:00:03.870
PPMA,HHN,2021-08-11 00:00:02.460,2021-08-12 00:00:00.530
PPMA,HHZ,2021-08-11 00:00:03.500,2021-08-12 00:00:01.760
PPMA,HHE,2021-08-12 00:00:03.880,2021-08-13 00:00:04.040
PPMA,HHN,2021-08-12 00:00:00.540,2021-08-13 00:00:03.710
PPMA,HHZ,2021-08-12 00:00:01.770,2021-08-13 00:00:00.700
PPMA,HHE,2021-08-13 00:00:04.050,2021-08-14 00:00:02.800
PPMA,HHN,2021-08-13 00:00:03.720,2021-08-14 00:00:02.460
PPMA,HHZ,2021-08-13 00:00:00.710,2021-08-14 00:00:01.520
PPMA,HHE,2021-08-14 00:00:02.810,2021-08-15 00:00:00.820
PPMA,HHN,2021-08-14 00:00:02.470,2021-08-15 00:00:02.080
PPMA,HHZ,2021-08-14 00:00:01.530,2021-08-15 00:00:00.820
PPMA,HHE,2021-08-15 00:00:00.830,2021-08-16 00:00:01.540
PPMA,HHN,2021-08-15 00:00:02.090,2021-08-16 00:00:02.810
PPMA,HHZ,2021-08-15 00:00:00.830,2021-08-16 00:00:00.180
PPMA,HHE,2021-08-16 00:00:01.550,2021-08-17 00:00:02.130
PPMA,HHN,2021-08-16 00:00:02.820,2021-08-17 00:00:00.930
PPMA,HHZ,2021-08-16 00:00:00.190,2021-08-17 00:00:01.970
PPMA,HHE,2021-08-17 00:00:02.140,2021-08-18 00:00:00.790
PPMA,HHN,2021-08-17 00:00:00.940,2021-08-18 00:00:02.160
PPMA,HHZ,2021-08-17 00:00:01.980,2021-08-18 00:00:02.180
PPMA,HHE,2021-08-18 00:00:00.800,2021-08-19 00:00:01.760
PPMA,HHN,2021-08-18 00:00:02.170,2021-08-19 00:00:02.270
PPMA,HHZ,2021-08-18 00:00:02.190,2021-08-19 00:00:02.730
PPMA,HHE,2021-08-19 00:00:01.770,2021-08-20 00:00:01.300
PPMA,HHN,2021-08-19 00:00:02.280,2021-08-20 00:00:02.080
PPMA,HHZ,2021-08-19 00:00:02.740,2021-08-20 00:00:00.750
PPMA,HHE,2021-08-20 00:00:01.310,2021-08-21 00:00:01.600
PPMA,HHN,2021-08-20 00:00:02.090,2021-08-21 00:00:00.140
PPMA,HHZ,2021-08-20 00:00:00.760,2021-08-21 00:00:01.080
PPMA,HHE,2021-08-21 00:00:01.610,2021-08-22 00:00:03.440
PPMA,HHN,2021-08-21 00:00:00.150,2021-08-22 00:00:02.240
PPMA,HHZ,2021-08-21 00:00:01.090,2021-08-22 00:00:00.960
PPMA,HHE,2021-08-22 00:00:03.450,2021-08-23 00:00:03.840
PPMA,HHN,2021-08-22 00:00:02.250,2021-08-23 00:00:02.500
PPMA,HHZ,2021-08-22 00:00:00.970,2021-08-23 00:00:00.300
PPMA,HHE,2021-08-23 00:00:03.850,2021-08-24 00:00:01.900
PPMA,HHN,2021-08-23 00:00:02.510,2021-08-24 00:00:03.670
PPMA,HHZ,2021-08-23 00:00:00.310,2021-08-24 00:00:02.070
PPMA,HHE,2021-08-24 00:00:01.910,2021-08-25 00:00:01.300
PPMA,HHN,2021-08-24 00:00:03.680,2021-08-25 00:00:02.150
PPMA,HHZ,2021-08-24 00:00:02.080,2021-08-25 00:00:01.880
PPMA,HHE,2021-08-25 00:00:01.310,2021-08-26 00:00:00.260
PPMA,HHN,2021-08-25 00:00:02.160,2021-08-26 00:00:03.560
PPMA,HHZ,2021-08-25 00:00:01.890,2021-08-26 00:00:01.010
PPMA,HHE,2021-08-26 00:00:00.270,2021-08-27 00:00:01.850
PPMA,HHN,2021-08-26 00:00:03.570,2021-08-27 00:00:03.620
PPMA,HHZ,2021-08-26 00:00:01.020,2021-08-27 00:00:03.040
PPMA,HHE,2021-08-27 00:00:01.860,2021-08-28 00:00:02.550
PPMA,HHN,2021-08-27 00:00:03.630,2021-08-28 00:00:00.260
PPMA,HHZ,2021-08-27 00:00:03.050,2021-08-28 00:00:00.160
PPMA,HHE,2021-08-28 00:00:02.560,2021-08-29 00:00:03.470
PPMA,HHN,2021-08-28 00:00:00.270,2021-08-29 00:00:03.090
PPMA,HHZ,2021-08-28 00:00:00.170,2021-08-29 00:00:02.800
PPMA,HHE,2021-08-29 00:00:03.480,2021-08-29 12:31:49.480
PPMA,HHE,2021-08-29 12:40:35.120,2021-08-30 00:00:03.160
PPMA,HHN,2021-08-29 00:00:03.100,2021-08-29 12:31:49.130
PPMA,HHN,2021-08-29 12:40:32.500,2021-08-30 00:00:01.390
PPMA,HHZ,2021-08-29 00:00:02.810,2021-08-29 12:31:49.310
PPMA,HHZ,2021-08-29 12:40:33.160,2021-08-30 00:00:01.910
PPMA,HHE,2021-08-30 00:00:03.170,2021-08-31 00:00:03.510
PPMA,HHN,2021-08-30 00:00:01.400,2021-08-31 00:00:00.360
PPMA,HHZ,2021-08-30 00:00:01.920,2021-08-31 00:00:02.240
PPMA,HHE,2021-09-01 00:00:00.220,2021-09-02 00:00:02.030
PPMA,HHN,2021-09-01 00:00:01.640,2021-09-02 00:00:03.320
PPMA,HHZ,2021-09-01 00:00:00.590,2021-09-02 00:00:00.860
PPMA,HHE,2021-09-02 00:00:02.040,2021-09-03 00:00:04.100
PPMA,HHN,2021-09-02 00:00:03.330,2021-09-03 00:00:00.270
PPMA,HHZ,2021-09-02 00:00:00.870,2021-09-03 00:00:01.450
PPMA,HHE,2021-09-03 00:00:04.110,2021-09-04 00:00:02.820
PPMA,HHN,2021-09-03 00:00:00.280,2021-09-04 00:00:01.180
PPMA,HHZ,2021-09-03 00:00:01.460,2021-09-04 00:00:03.400
PPMA,HHE,2021-09-04 00:00:02.830,2021-09-05 00:00:02.240
PPMA,HHN,2021-09-04 00:00:01.190,2021-09-05 00:00:01.400
PPMA,HHZ,2021-09-04 00:00:03.410,2021-09-05 00:00:02.870
PPMA,HHE,2021-09-05 00:00:02.250,2021-09-06 00:00:03.040
PPMA,HHN,2021-09-05 00:00:01.410,2021-09-06 00:00:02.840
PPMA,HHZ,2021-09-05 00:00:02.880,2021-09-06 00:00:01.440
PPMA,HHE,2021-09-06 00:00:03.050,2021-09-06 11:53:10.400
PPMA,HHE,2021-09-06 14:07:03.940,2021-09-07 00:00:00.210
PPMA,HHN,2021-09-06 00:00:02.850,2021-09-06 11:53:10.420
PPMA,HHN,2021-09-06 14:07:02.690,2021-09-07 00:00:00.350
PPMA,HHZ,2021-09-06 00:00:01.450,2021-09-06 11:53:10.040
PPMA,HHZ,2021-09-06 14:07:02.190,2021-09-07 00:00:02.310
PPMA,HHE,2021-09-07 00:00:00.220,2021-09-08 00:00:01.270
PPMA,HHN,2021-09-07 00:00:00.360,2021-09-08 00:00:03.280
PPMA,HHZ,2021-09-07 00:00:02.320,2021-09-08 00:00:01.760
PPMA,HHE,2021-09-08 00:00:01.280,2021-09-09 00:00:01.030
PPMA,HHN,2021-09-08 00:00:03.290,2021-09-09 00:00:03.770
PPMA,HHZ,2021-09-08 00:00:01.770,2021-09-09 00:00:03.530
PPMA,HHE,2021-09-09 00:00:01.040,2021-09-10 00:00:00.950
PPMA,HHN,2021-09-09 00:00:03.780,2021-09-10 00:00:02.080
PPMA,HHZ,2021-09-09 00:00:03.540,2021-09-10 00:00:01.000
PPMA,HHE,2021-09-10 00:00:00.960,2021-09-10 22:33:39.540
PPMA,HHN,2021-09-10 00:00:02.090,2021-09-10 22:33:39.820
PPMA,HHZ,2021-09-10 00:00:01.010,2021-09-10 22:33:40.520
PPMA,HHE,2021-09-11 23:37:40.110,2021-09-12 00:00:00.390
PPMA,HHN,2021-09-11 23:37:36.720,2021-09-12 00:00:01.220
PPMA,HHZ,2021-09-11 23:37:40.830,2021-09-12 00:00:00.640
PPMA,HHE,2021-09-12 00:00:00.400,2021-09-13 00:00:00.650
PPMA,HHN,2021-09-12 00:00:01.230,2021-09-13 00:00:00.160
PPMA,HHZ,2021-09-12 00:00:00.650,2021-09-13 00:00:00.270
PPMA,HHE,2021-09-13 00:00:00.660,2021-09-14 00:00:02.390
PPMA,HHN,2021-09-13 00:00:00.170,2021-09-14 00:00:00.070
PPMA,HHZ,2021-09-13 00:00:00.280,2021-09-14 00:00:03.370
PPMA,HHE,2021-09-14 00:00:02.400,2021-09-15 00:00:01.790
PPMA,HHN,2021-09-14 00:00:00.080,2021-09-15 00:00:02.400
PPMA,HHZ,2021-09-14 00:00:03.380,2021-09-15 00:00:00.540
PPMA,HHE,2021-09-15 00:00:01.800,2021-09-16 00:00:01.940
PPMA,HHN,2021-09-15 00:00:02.410,2021-09-16 00:00:02.620
PPMA,HHZ,2021-09-15 00:00:00.550,2021-09-16 00:00:02.120
PPMA,HHE,2021-09-16 00:00:01.950,2021-09-17 00:00:00.090
PPMA,HHN,2021-09-16 00:00:02.630,2021-09-17 00:00:00.590
PPMA,HHZ,2021-09-16 00:00:02.130,2021-09-17 00:00:01.150
PPMA,HHE,2021-09-17 00:00:00.100,2021-09-18 00:00:00.550
PPMA,HHN,2021-09-17 00:00:00.600,2021-09-18 00:00:01.390
PPMA,HHZ,2021-09-17 00:00:01.160,2021-09-18 00:00:02.550
PPMA,HHE,2021-09-18 00:00:00.560,2021-09-19 00:00:00.300
PPMA,HHN,2021-09-18 00:00:01.400,2021-09-19 00:00:02.530
PPMA,HHZ,2021-09-18 00:00:02.560,2021-09-19 00:00:02.530
PPMA,HHE,2021-09-19 00:00:00.310,2021-09-20 00:00:00.310
PPMA,HHN,2021-09-19 00:00:02.540,2021-09-20 00:00:00.560
PPMA,HHZ,2021-09-19 00:00:02.540,2021-09-20 00:00:00.530
PPMA,HHE,2021-09-20 00:00:00.320,2021-09-21 00:00:01.010
PPMA,HHN,2021-09-20 00:00:00.570,2021-09-21 00:00:00.470
PPMA,HHZ,2021-09-20 00:00:00.540,2021-09-21 00:00:01.100
PPMA,HHE,2021-09-21 00:00:01.020,2021-09-21 10:27:33.440
PPMA,HHE,2021-09-21 10:27:32.050,2021-09-22 00:00:00.140
PPMA,HHN,2021-09-21 00:00:00.480,2021-09-21 10:27:31.390
PPMA,HHN,2021-09-21 10:27:30.000,2021-09-22 00:00:00.990
PPMA,HHZ,2021-09-21 00:00:01.110,2021-09-21 10:27:43.420
PPMA,HHZ,2021-09-21 10:27:42.010,2021-09-22 00:00:01.390
PPMA,HHE,2021-09-22 00:00:00.150,2021-09-23 00:00:00.630
PPMA,HHN,2021-09-22 00:00:01.000,2021-09-23 00:00:00.630
PPMA,HHZ,2021-09-22 00:00:01.400,2021-09-23 00:00:01.180
PPMA,HHE,2021-09-23 00:00:00.640,2021-09-24 00:00:00.220
PPMA,HHN,2021-09-23 00:00:00.640,2021-09-24 00:00:00.370
PPMA,HHZ,2021-09-23 00:00:01.190,2021-09-24 00:00:00.010
PPMA,HHE,2021-09-24 00:00:00.230,2021-09-25 00:00:01.040
PPMA,HHN,2021-09-24 00:00:00.380,2021-09-25 00:00:00.490
PPMA,HHZ,2021-09-24 00:00:00.020,2021-09-25 00:00:00.960
PPMA,HHE,2021-09-25 00:00:01.050,2021-09-26 00:00:00.140
PPMA,HHN,2021-09-25 00:00:00.500,2021-09-26 00:00:00.690
PPMA,HHZ,2021-09-25 00:00:00.970,2021-09-26 00:00:01.120
PPMA,HHE,2021-09-26 00:00:00.150,2021-09-27 00:00:00.420
PPMA,HHN,2021-09-26 00:00:00.700,2021-09-27 00:00:00.030
PPMA,HHZ,2021-09-26 00:00:01.130,2021-09-27 00:00:00.490
PPMA,HHE,2021-09-27 00:00:00.430,2021-09-28 00:00:00.540
PPMA,HHN,2021-09-27 00:00:00.040,2021-09-28 00:00:01.100
PPMA,HHZ,2021-09-27 00:00:00.500,2021-09-28 00:00:00.990
PPMA,HHE,2021-09-28 00:00:00.550,2021-09-28 03:54:20.820
PPMA,HHN,2021-09-28 00:00:01.110,2021-09-28 03:54:20.700
PPMA,HHZ,2021-09-28 00:00:01.000,2021-09-28 03:54:21.200
PPMA,HHE,2021-11-07 12:18:38.540,2021-11-08 00:00:00.070
PPMA,HHN,2021-11-07 12:18:38.560,2021-11-08 00:00:00.510
PPMA,HHZ,2021-11-07 12:18:38.550,2021-11-08 00:00:00.810
PPMA,HHE,2021-11-08 00:00:00.080,2021-11-09 00:00:00.980
PPMA,HHN,2021-11-08 00:00:00.520,2021-11-09 00:00:00.230
PPMA,HHZ,2021-11-08 00:00:00.820,2021-11-09 00:00:00.650
PPMA,HHE,2021-11-09 00:00:00.990,2021-11-10 00:00:00.220
PPMA,HHN,2021-11-09 00:00:00.240,2021-11-10 00:00:00.340
PPMA,HHZ,2021-11-09 00:00:00.660,2021-11-10 00:00:01.300
PPMA,HHE,2021-11-10 00:00:00.230,2021-11-11 00:00:00.190
PPMA,HHN,2021-11-10 00:00:00.350,2021-11-11 00:00:00.630
PPMA,HHZ,2021-11-10 00:00:01.310,2021-11-11 00:00:01.120
PPMA,HHE,2021-11-11 00:00:00.200,2021-11-12 00:00:00.960
PPMA,HHN,2021-11-11 00:00:00.640,2021-11-12 00:00:00.580
PPMA,HHZ,2021-11-11 00:00:01.130,2021-11-12 00:00:01.010
PPMA,HHE,2021-11-12 00:00:00.970,2021-11-13 00:00:00.120
PPMA,HHN,2021-11-12 00:00:00.590,2021-11-13 00:00:00.060
PPMA,HHZ,2021-11-12 00:00:01.020,2021-11-13 00:00:00.080
PPMA,HHE,2021-11-13 00:00:00.130,2021-11-13 11:45:25.790
PPMA,HHN,2021-11-13 00:00:00.070,2021-11-13 11:45:25.870
PPMA,HHZ,2021-11-13 00:00:00.090,2021-11-13 11:45:25.570
PPMA,HHE,2021-11-17 10:18:38.000,2021-11-17 16:32:27.230
PPMA,HHE,2021-11-17 16:34:00.000,2021-11-17 17:56:27.950
PPMA,HHN,2021-11-17 10:18:38.000,2021-11-17 16:32:28.020
PPMA,HHN,2021-11-17 16:34:00.000,2021-11-17 17:56:27.950
PPMA,HHZ,2021-11-17 10:18:38.000,2021-11-17 16:32:28.070
PPMA,HHZ,2021-11-17 16:34:00.000,2021-11-17 17:56:27.280
PPMA,HHE,2021-11-18 10:03:31.000,2021-11-18 13:27:57.860
PPMA,HHN,2021-11-18 10:03:31.000,2021-11-18 13:27:57.250
PPMA,HHZ,2021-11-18 10:03:31.000,2021-11-18 13:27:57.920
PPMA,HHE,2021-11-19 11:08:55.000,2021-11-19 11:49:01.200
PPMA,HHE,2021-11-19 11:55:23.000,2021-11-19 11:55:27.250
PPMA,HHE,2021-11-19 12:01:33.000,2021-11-19 12:47:02.820
PPMA,HHE,2021-11-19 14:08:39.000,2021-11-19 14:09:17.870
PPMA,HHE,2021-11-19 14:30:11.000,2021-11-19 14:31:24.500
PPMA,HHE,2021-11-19 14:37:47.000,2021-11-19 14:39:25.680
PPMA,HHE,2021-11-19 14:43:58.310,2021-11-20 00:00:00.990
PPMA,HHN,2021-11-19 11:08:55.000,2021-11-19 11:49:00.830
PPMA,HHN,2021-11-19 11:55:23.000,2021-11-19 11:55:26.840
PPMA,HHN,2021-11-19 12:01:33.000,2021-11-19 12:47:03.130
PPMA,HHN,2021-11-19 14:08:39.000,2021-11-19 14:09:17.540
PPMA,HHN,2021-11-19 14:30:11.000,2021-11-19 14:31:24.820
PPMA,HHN,2021-11-19 14:37:47.000,2021-11-19 14:39:26.000
PPMA,HHN,2021-11-19 14:43:57.400,2021-11-20 00:00:01.130
PPMA,HHZ,2021-11-19 11:08:55.000,2021-11-19 11:49:01.000
PPMA,HHZ,2021-11-19 11:55:23.000,2021-11-19 11:55:27.380
PPMA,HHZ,2021-11-19 12:01:33.000,2021-11-19 12:47:02.640
PPMA,HHZ,2021-11-19 14:08:39.000,2021-11-19 14:09:17.430
PPMA,HHZ,2021-11-19 14:30:11.000,2021-11-19 14:31:24.730
PPMA,HHZ,2021-11-19 14:37:47.000,2021-11-19 14:39:26.110
PPMA,HHZ,2021-11-19 14:43:57.010,2021-11-20 00:00:01.210
PPMA,HHE,2021-11-20 00:00:01.000,2021-11-20 04:13:38.120
PPMA,HHE,2021-11-20 08:39:46.000,2021-11-21 00:00:00.490
PPMA,HHN,2021-11-20 00:00:01.140,2021-11-20 04:13:37.730
PPMA,HHN,2021-11-20 08:39:46.000,2021-11-21 00:00:00.490
PPMA,HHZ,2021-11-20 00:00:01.220,2021-11-20 04:13:37.060
PPMA,HHZ,2021-11-20 08:39:46.000,2021-11-21 00:00:01.050
PPMA,HHE,2021-11-21 00:00:00.500,2021-11-22 00:00:01.040
PPMA,HHN,2021-11-21 00:00:00.500,2021-11-22 00:00:00.540
PPMA,HHZ,2021-11-21 00:00:01.060,2021-11-22 00:00:01.120
PPMA,HHE,2021-11-22 00:00:01.050,2021-11-22 08:37:56.850
PPMA,HHE,2021-11-22 10:25:39.000,2021-11-23 00:00:00.700
PPMA,HHN,2021-11-22 00:00:00.550,2021-11-22 08:37:56.490
PPMA,HHN,2021-11-22 10:25:39.000,2021-11-23 00:00:00.440
PPMA,HHZ,2021-11-22 00:00:01.130,2021-11-22 08:37:56.410
PPMA,HHZ,2021-11-22 10:25:39.000,2021-11-23 00:00:00.380
PPMA,HHE,2021-11-23 00:00:00.710,2021-11-23 17:09:21.470
PPMA,HHN,2021-11-23 00:00:00.450,2021-11-23 17:09:20.990
PPMA,HHZ,2021-11-23 00:00:00.390,2021-11-23 17:09:21.580
PPMA,HHE,2021-11-24 08:45:08.000,2021-11-24 15:57:35.800
PPMA,HHE,2021-11-24 16:12:16.000,2021-11-24 16:36:39.420
PPMA,HHE,2021-11-24 16:48:21.000,2021-11-24 17:01:57.300
PPMA,HHE,2021-11-24 17:11:58.000,2021-11-24 17:35:37.330
PPMA,HHN,2021-11-24 08:45:08.000,2021-11-24 15:57:36.310
PPMA,HHN,2021-11-24 16:12:16.000,2021-11-24 16:36:39.540
PPMA,HHN,2021-11-24 16:48:21.000,2021-11-24 17:01:56.540
PPMA,HHN,2021-11-24 17:11:58.000,2021-11-24 17:35:36.380
PPMA,HHZ,2021-11-24 08:45:08.000,2021-11-24 15:57:35.890
PPMA,HHZ,2021-11-24 16:12:16.000,2021-11-24 16:36:39.090
PPMA,HHZ,2021-11-24 16:48:21.000,2021-11-24 17:01:56.200
PPMA,HHZ,2021-11-24 17:11:58.000,2021-11-24 17:35:36.250
PPMA,HHE,2021-11-25 12:12:16.000,2021-11-25 12:25:51.460
PPMA,HHE,2021-11-25 12:29:01.000,2021-11-25 13:03:27.360
PPMA,HHE,2021-11-25 14:07:30.000,2021-11-25 14:16:56.880
PPMA,HHE,2021-11-25 14:43:38.000,2021-11-25 14:43:56.210
PPMA,HHE,2021-11-25 15:42:08.000,2021-11-25 15:57:55.970
PPMA,HHN,2021-11-25 12:12:16.000,2021-11-25 12:25:51.090
PPMA,HHN,2021-11-25 12:29:01.000,2021-11-25 13:03:28.180
PPMA,HHN,2021-11-25 14:07:30.000,2021-11-25 14:16:56.950
PPMA,HHN,2021-11-25 14:43:38.000,2021-11-25 14:43:57.180
PPMA,HHN,2021-11-25 15:42:08.000,2021-11-25 15:57:55.290
PPMA,HHZ,2021-11-25 12:12:16.000,2021-11-25 12:25:51.240
PPMA,HHZ,2021-11-25 12:29:01.000,2021-11-25 13:03:27.950
PPMA,HHZ,2021-11-25 14:07:30.000,2021-11-25 14:16:56.400
PPMA,HHZ,2021-11-25 14:43:38.000,2021-11-25 14:43:55.950
PPMA,HHZ,2021-11-25 15:42:08.000,2021-11-25 15:57:54.940
PPMA,HHE,2021-11-26 08:43:09.000,2021-11-26 08:51:52.060
PPMA,HHE,2021-11-26 08:58:19.000,2021-11-26 09:40:12.610
PPMA,HHE,2021-11-26 13:55:13.000,2021-11-26 14:02:33.040
PPMA,HHE,2021-11-26 14:07:38.000,2021-11-26 16:42:59.050
PPMA,HHE,2021-11-26 16:52:28.000,2021-11-26 16:53:45.700
PPMA,HHN,2021-11-26 08:43:09.000,2021-11-26 08:51:52.230
PPMA,HHN,2021-11-26 08:58:19.000,2021-11-26 09:40:12.520
PPMA,HHN,2021-11-26 13:55:13.000,2021-11-26 14:02:33.500
PPMA,HHN,2021-11-26 14:07:38.000,2021-11-26 16:42:58.990
PPMA,HHN,2021-11-26 16:52:28.000,2021-11-26 16:53:45.170
PPMA,HHZ,2021-11-26 08:43:09.000,2021-11-26 08:51:51.430
PPMA,HHZ,2021-11-26 08:58:19.000,2021-11-26 09:40:13.480
PPMA,HHZ,2021-11-26 13:55:13.000,2021-11-26 14:02:33.850
PPMA,HHZ,2021-11-26 14:07:38.000,2021-11-26 16:42:59.280
PPMA,HHZ,2021-11-26 16:52:28.000,2021-11-26 16:53:46.180
PPMA,HHE,2021-11-27 08:52:39.000,2021-11-27 08:53:41.770
PPMA,HHE,2021-11-27 09:01:01.000,2021-11-27 09:02:49.280
PPMA,HHE,2021-11-27 09:07:55.000,2021-11-27 09:08:11.680
PPMA,HHE,2021-11-27 09:23:04.000,2021-11-27 09:23:29.780
PPMA,HHE,2021-11-27 09:32:26.000,2021-11-27 09:32:36.710
PPMA,HHE,2021-11-27 09:32:47.000,2021-11-27 09:40:32.380
PPMA,HHE,2021-11-27 09:49:34.000,2021-11-27 09:57:32.260
PPMA,HHE,2021-11-27 09:59:48.000,2021-11-27 11:10:20.150
PPMA,HHE,2021-11-27 11:11:22.000,2021-11-27 11:21:19.850
PPMA,HHE,2021-11-27 11:23:04.000,2021-11-27 11:36:55.480
PPMA,HHE,2021-11-27 11:38:17.000,2021-11-27 11:58:40.560
PPMA,HHE,2021-11-27 12:11:55.000,2021-11-27 12:15:41.820
PPMA,HHE,2021-11-27 12:19:47.000,2021-11-27 12:22:30.040
PPMA,HHN,2021-11-27 08:52:39.000,2021-11-27 08:53:41.960
PPMA,HHN,2021-11-27 09:01:01.000,2021-11-27 09:02:48.870
PPMA,HHN,2021-11-27 09:07:55.000,2021-11-27 09:08:10.680
PPMA,HHN,2021-11-27 09:23:04.000,2021-11-27 09:23:30.200
PPMA,HHN,2021-11-27 09:32:26.000,2021-11-27 09:32:37.310
PPMA,HHN,2021-11-27 09:32:47.000,2021-11-27 09:40:32.170
PPMA,HHN,2021-11-27 09:49:34.000,2021-11-27 09:57:32.010
PPMA,HHN,2021-11-27 09:59:48.000,2021-11-27 11:10:19.890
PPMA,HHN,2021-11-27 11:11:22.000,2021-11-27 11:21:20.210
PPMA,HHN,2021-11-27 11:23:04.000,2021-11-27 11:36:55.260
PPMA,HHN,2021-11-27 11:38:17.000,2021-11-27 11:58:40.070
PPMA,HHN,2021-11-27 12:11:55.000,2021-11-27 12:15:42.020
PPMA,HHN,2021-11-27 12:19:47.000,2021-11-27 12:22:29.880
PPMA,HHZ,2021-11-27 08:52:39.000,2021-11-27 08:53:42.510
PPMA,HHZ,2021-11-27 09:01:01.000,2021-11-27 09:02:48.660
PPMA,HHZ,2021-11-27 09:07:55.000,2021-11-27 09:08:11.930
PPMA,HHZ,2021-11-27 09:23:04.000,2021-11-27 09:23:30.050
PPMA,HHZ,2021-11-27 09:32:26.000,2021-11-27 09:32:36.920
PPMA,HHZ,2021-11-27 09:32:47.000,2021-11-27 09:40:33.090
PPMA,HHZ,2021-11-27 09:49:34.000,2021-11-27 09:57:31.110
PPMA,HHZ,2021-11-27 09:59:48.000,2021-11-27 11:10:19.810
PPMA,HHZ,2021-11-27 11:11:22.000,2021-11-27 11:21:20.460
PPMA,HHZ,2021-11-27 11:23:04.000,2021-11-27 11:36:54.430
PPMA,HHZ,2021-11-27 11:38:17.000,2021-11-27 11:58:39.860
PPMA,HHZ,2021-11-27 12:11:55.000,2021-11-27 12:15:42.330
PPMA,HHZ,2021-11-27 12:19:47.000,2021-11-27 12:22:29.150
PPMA,HHE,2022-01-19 09:19:33.000,2022-01-19 09:26:14.800
PPMA,HHE,2022-01-19 09:27:24.000,2022-01-20 00:00:01.300
PPMA,HHN,2022-01-19 09:19:33.000,2022-01-19 09:26:13.060
PPMA,HHN,2022-01-19 09:27:24.000,2022-01-20 00:00:01.690
PPMA,HHZ,2022-01-19 09:19:33.000,2022-01-19 09:26:12.990
PPMA,HHZ,2022-01-19 09:27:24.000,2022-01-20 00:00:00.850
PPMA,HHE,2022-01-20 00:00:01.310,2022-01-21 00:00:03.650
PPMA,HHN,2022-01-20 00:00:01.700,2022-01-21 00:00:01.170
PPMA,HHZ,2022-01-20 00:00:00.860,2022-01-21 00:00:00.740
PPMA,HHE,2022-01-21 00:00:03.660,2022-01-22 00:00:03.550
PPMA,HHN,2022-01-21 00:00:01.180,2022-01-22 00:00:03.140
PPMA,HHZ,2022-01-21 00:00:00.750,2022-01-22 00:00:01.760
PPMA,HHE,2022-01-22 00:00:03.560,2022-01-23 00:00:00.410
PPMA,HHN,2022-01-22 00:00:03.150,2022-01-23 00:00:03.920
PPMA,HHZ,2022-01-22 00:00:01.770,2022-01-23 00:00:02.610
PPMA,HHE,2022-01-23 00:00:00.420,2022-01-24 00:00:02.100
PPMA,HHN,2022-01-23 00:00:03.930,2022-01-24 00:00:03.170
PPMA,HHZ,2022-01-23 00:00:02.620,2022-01-24 00:00:02.330
PPMA,HHE,2022-01-24 00:00:02.110,2022-01-25 00:00:02.890
PPMA,HHN,2022-01-24 00:00:03.180,2022-01-25 00:00:01.440
PPMA,HHZ,2022-01-24 00:00:02.340,2022-01-25 00:00:02.840
PPMA,HHE,2022-01-25 00:00:02.900,2022-01-26 00:00:01.350
PPMA,HHN,2022-01-25 00:00:01.450,2022-01-26 00:00:02.280
PPMA,HHZ,2022-01-25 00:00:02.850,2022-01-26 00:00:00.020
PPMA,HHE,2022-01-26 00:00:01.360,2022-01-27 00:00:00.560
PPMA,HHN,2022-01-26 00:00:02.290,2022-01-27 00:00:02.380
PPMA,HHZ,2022-01-26 00:00:00.030,2022-01-27 00:00:01.700
PPMA,HHE,2022-01-27 00:00:00.570,2022-01-28 00:00:02.410
PPMA,HHN,2022-01-27 00:00:02.390,2022-01-28 00:00:00.050
PPMA,HHZ,2022-01-27 00:00:01.710,2022-01-28 00:00:01.180
PPMA,HHE,2022-01-28 00:00:02.420,2022-01-29 00:00:02.170
PPMA,HHN,2022-01-28 00:00:00.060,2022-01-29 00:00:01.180
PPMA,HHZ,2022-01-28 00:00:01.190,2022-01-29 00:00:00.720
PPMA,HHE,2022-01-29 00:00:02.180,2022-01-30 00:00:00.840
PPMA,HHN,2022-01-29 00:00:01.190,2022-01-30 00:00:00.840
PPMA,HHZ,2022-01-29 00:00:00.730,2022-01-30 00:00:02.480
PPMA,HHE,2022-01-30 00:00:00.850,2022-01-31 00:00:00.390
PPMA,HHN,2022-01-30 00:00:00.850,2022-01-31 00:00:00.550
PPMA,HHZ,2022-01-30 00:00:02.490,2022-01-31 00:00:00.570
PPMA,HHE,2022-02-01 00:00:01.030,2022-02-02 00:00:03.620
PPMA,HHN,2022-02-01 00:00:02.020,2022-02-02 00:00:00.080
PPMA,HHZ,2022-02-01 00:00:04.870,2022-02-02 00:00:01.950
PPMA,HHE,2022-02-02 00:00:03.630,2022-02-03 00:00:01.210
PPMA,HHN,2022-02-02 00:00:00.090,2022-02-03 00:00:01.210
PPMA,HHZ,2022-02-02 00:00:01.960,2022-02-03 00:00:01.590
PPMA,HHE,2022-02-03 00:00:01.220,2022-02-04 00:00:03.450
PPMA,HHN,2022-02-03 00:00:01.220,2022-02-04 00:00:01.690
PPMA,HHZ,2022-02-03 00:00:01.600,2022-02-04 00:00:00.550
PPMA,HHE,2022-02-04 00:00:03.460,2022-02-05 00:00:03.050
PPMA,HHN,2022-02-04 00:00:01.700,2022-02-05 00:00:00.630
PPMA,HHZ,2022-02-04 00:00:00.560,2022-02-05 00:00:02.000
PPMA,HHE,2022-02-05 00:00:03.060,2022-02-05 18:31:36.950
PPMA,HHN,2022-02-05 00:00:00.640,2022-02-05 18:31:38.020
PPMA,HHZ,2022-02-05 00:00:02.010,2022-02-05 18:31:36.070
PPMA,HHE,2022-02-06 08:53:58.000,2022-02-06 09:18:34.680
PPMA,HHE,2022-02-06 09:24:46.000,2022-02-06 18:23:02.980
PPMA,HHN,2022-02-06 08:53:58.000,2022-02-06 09:18:32.670
PPMA,HHN,2022-02-06 09:24:46.000,2022-02-06 18:23:03.150
PPMA,HHZ,2022-02-06 08:53:58.000,2022-02-06 09:18:32.690
PPMA,HHZ,2022-02-06 09:24:46.000,2022-02-06 18:23:03.180
PPMA,HHE,2022-02-07 08:49:36.000,2022-02-07 16:27:23.520
PPMA,HHE,2022-02-07 16:34:47.000,2022-02-07 16:36:06.350
PPMA,HHE,2022-02-07 16:38:32.270,2022-02-08 00:00:01.100
PPMA,HHN,2022-02-07 08:49:36.000,2022-02-07 16:27:23.130
PPMA,HHN,2022-02-07 16:34:47.000,2022-02-07 16:36:07.100
PPMA,HHN,2022-02-07 16:38:32.230,2022-02-08 00:00:00.610
PPMA,HHZ,2022-02-07 08:49:36.000,2022-02-07 16:27:24.080
PPMA,HHZ,2022-02-07 16:34:47.000,2022-02-07 16:36:05.750
PPMA,HHZ,2022-02-07 16:38:31.170,2022-02-08 00:00:02.320
PPMA,HHE,2022-02-08 00:00:01.110,2022-02-09 00:00:03.280
PPMA,HHN,2022-02-08 00:00:00.620,2022-02-09 00:00:00.420
PPMA,HHZ,2022-02-08 00:00:02.330,2022-02-08 23:59:59.990
PPMA,HHE,2022-02-09 00:00:03.290,2022-02-10 00:00:00.480
PPMA,HHN,2022-02-09 00:00:00.430,2022-02-10 00:00:01.140
PPMA,HHZ,2022-02-09 00:00:00.000,2022-02-10 00:00:00.020
PPMA,HHE,2022-02-10 00:00:00.490,2022-02-11 00:00:01.860
PPMA,HHN,2022-02-10 00:00:01.150,2022-02-11 00:00:01.980
PPMA,HHZ,2022-02-10 00:00:00.030,2022-02-11 00:00:03.560
PPMA,HHE,2022-02-11 00:00:01.870,2022-02-12 00:00:03.110
PPMA,HHN,2022-02-11 00:00:01.990,2022-02-12 00:00:03.210
PPMA,HHZ,2022-02-11 00:00:03.570,2022-02-12 00:00:00.450
PPMA,HHE,2022-02-12 00:00:03.120,2022-02-13 00:00:03.900
PPMA,HHN,2022-02-12 00:00:03.220,2022-02-13 00:00:03.310
PPMA,HHZ,2022-02-12 00:00:00.460,2022-02-13 00:00:03.720
PPMA,HHE,2022-02-13 00:00:03.910,2022-02-14 00:00:02.000
PPMA,HHN,2022-02-13 00:00:03.320,2022-02-14 00:00:00.400
PPMA,HHZ,2022-02-13 00:00:03.730,2022-02-14 00:00:03.750
PPMA,HHE,2022-02-14 00:00:02.010,2022-02-15 00:00:03.380
PPMA,HHN,2022-02-14 00:00:00.410,2022-02-15 00:00:00.560
PPMA,HHZ,2022-02-14 00:00:03.760,2022-02-15 00:00:02.620
PPMA,HHE,2022-02-15 00:00:03.390,2022-02-16 00:00:01.720
PPMA,HHN,2022-02-15 00:00:00.570,2022-02-16 00:00:01.140
PPMA,HHZ,2022-02-15 00:00:02.630,2022-02-16 00:00:00.810
PPMA,HHE,2022-02-16 00:00:01.730,2022-02-17 00:00:01.810
PPMA,HHN,2022-02-16 00:00:01.150,2022-02-17 00:00:03.360
PPMA,HHZ,2022-02-16 00:00:00.820,2022-02-17 00:00:04.120
PPMA,HHE,2022-02-17 00:00:01.820,2022-02-18 00:00:01.500
PPMA,HHN,2022-02-17 00:00:03.370,2022-02-18 00:00:00.590
PPMA,HHZ,2022-02-17 00:00:04.130,2022-02-18 00:00:03.890
PPMA,HHE,2022-02-18 00:00:01.510,2022-02-19 00:00:00.610
PPMA,HHN,2022-02-18 00:00:00.600,2022-02-19 00:00:02.440
PPMA,HHZ,2022-02-18 00:00:03.900,2022-02-19 00:00:00.830
PPMA,HHE,2022-02-19 00:00:00.620,2022-02-20 00:00:01.910
PPMA,HHN,2022-02-19 00:00:02.450,2022-02-20 00:00:01.530
PPMA,HHZ,2022-02-19 00:00:00.840,2022-02-20 00:00:01.720
PPMA,HHE,2022-02-20 00:00:01.920,2022-02-21 00:00:01.550
PPMA,HHN,2022-02-20 00:00:01.540,2022-02-21 00:00:01.810
PPMA,HHZ,2022-02-20 00:00:01.730,2022-02-21 00:00:02.950
PPMA,HHE,2022-02-21 00:00:01.560,2022-02-22 00:00:01.290
PPMA,HHN,2022-02-21 00:00:01.820,2022-02-22 00:00:03.360
PPMA,HHZ,2022-02-21 00:00:02.960,2022-02-22 00:00:00.120
PPMA,HHE,2022-02-22 00:00:01.300,2022-02-23 00:00:03.690
PPMA,HHN,2022-02-22 00:00:03.370,2022-02-23 00:00:02.770
PPMA,HHZ,2022-02-22 00:00:00.130,2022-02-23 00:00:02.490
PPMA,HHE,2022-02-23 00:00:03.700,2022-02-24 00:00:01.710
PPMA,HHN,2022-02-23 00:00:02.780,2022-02-24 00:00:02.890
PPMA,HHZ,2022-02-23 00:00:02.500,2022-02-24 00:00:03.460
PPMA,HHE,2022-02-24 00:00:01.720,2022-02-25 00:00:02.550
PPMA,HHN,2022-02-24 00:00:02.900,2022-02-25 00:00:02.950
PPMA,HHZ,2022-02-24 00:00:03.470,2022-02-25 00:00:00.070
PPMA,HHE,2022-02-25 00:00:02.560,2022-02-26 00:00:02.150
PPMA,HHN,2022-02-25 00:00:02.960,2022-02-26 00:00:03.010
PPMA,HHZ,2022-02-25 00:00:00.080,2022-02-26 00:00:01.090
PPMA,HHE,2022-02-26 00:00:02.160,2022-02-27 00:00:00.740
PPMA,HHN,2022-02-26 00:00:03.020,2022-02-27 00:00:00.340
PPMA,HHZ,2022-02-26 00:00:01.100,2022-02-27 00:00:01.170
PPMA,HHE,2022-02-27 00:00:00.750,2022-02-28 00:00:01.570
PPMA,HHN,2022-02-27 00:00:00.350,2022-02-28 00:00:03.230
PPMA,HHZ,2022-02-27 00:00:01.180,2022-02-28 00:00:00.790
PPMA,HHE,2022-02-28 00:00:01.580,2022-03-01 00:00:00.430
PPMA,HHN,2022-02-28 00:00:03.240,2022-03-01 00:00:02.740
PPMA,HHZ,2022-02-28 00:00:00.800,2022-03-01 00:00:03.020
PPMA,HHE,2022-03-01 00:00:00.440,2022-03-02 00:00:01.740
PPMA,HHN,2022-03-01 00:00:02.750,2022-03-02 00:00:00.980
PPMA,HHZ,2022-03-01 00:00:03.030,2022-03-02 00:00:01.420
PPMA,HHE,2022-03-02 00:00:01.750,2022-03-03 00:00:02.170
PPMA,HHN,2022-03-02 00:00:00.990,2022-03-03 00:00:02.400
PPMA,HHZ,2022-03-02 00:00:01.430,2022-03-03 00:00:01.400
PPMA,HHE,2022-03-03 00:00:02.180,2022-03-04 00:00:01.930
PPMA,HHN,2022-03-03 00:00:02.410,2022-03-04 00:00:00.600
PPMA,HHZ,2022-03-03 00:00:01.410,2022-03-04 00:00:00.540
PPMA,HHE,2022-03-04 00:00:01.940,2022-03-05 00:00:02.650
PPMA,HHN,2022-03-04 00:00:00.610,2022-03-05 00:00:00.150
PPMA,HHZ,2022-03-04 00:00:00.550,2022-03-05 00:00:02.030
PPMA,HHE,2022-03-05 00:00:02.660,2022-03-06 00:00:01.780
PPMA,HHN,2022-03-05 00:00:00.160,2022-03-06 00:00:03.170
PPMA,HHZ,2022-03-05 00:00:02.040,2022-03-06 00:00:00.080
PPMA,HHE,2022-03-06 00:00:01.790,2022-03-07 00:00:00.720
PPMA,HHN,2022-03-06 00:00:03.180,2022-03-07 00:00:04.030
PPMA,HHZ,2022-03-06 00:00:00.090,2022-03-07 00:00:02.490
PPMA,HHE,2022-03-07 00:00:00.730,2022-03-08 00:00:02.890
PPMA,HHN,2022-03-07 00:00:04.040,2022-03-08 00:00:01.100
PPMA,HHZ,2022-03-07 00:00:02.500,2022-03-08 00:00:04.490
PPMA,HHE,2022-03-08 00:00:02.900,2022-03-09 00:00:00.860
PPMA,HHN,2022-03-08 00:00:01.110,2022-03-09 00:00:02.080
PPMA,HHZ,2022-03-08 00:00:04.500,2022-03-09 00:00:00.010
PPMA,HHE,2022-03-09 00:00:00.870,2022-03-10 00:00:00.610
PPMA,HHN,2022-03-09 00:00:02.090,2022-03-10 00:00:00.040
PPMA,HHZ,2022-03-09 00:00:00.020,2022-03-10 00:00:01.150
PPMA,HHE,2022-03-10 00:00:00.620,2022-03-11 00:00:00.850
PPMA,HHN,2022-03-10 00:00:00.050,2022-03-11 00:00:02.610
PPMA,HHZ,2022-03-10 00:00:01.160,2022-03-11 00:00:02.340
PPMA,HHE,2022-03-11 00:00:00.860,2022-03-12 00:00:01.660
PPMA,HHN,2022-03-11 00:00:02.620,2022-03-12 00:00:01.840
PPMA,HHZ,2022-03-11 00:00:02.350,2022-03-12 00:00:00.920
PPMA,HHE,2022-03-12 00:00:01.670,2022-03-13 00:00:02.020
PPMA,HHN,2022-03-12 00:00:01.850,2022-03-13 00:00:02.520
PPMA,HHZ,2022-03-12 00:00:00.930,2022-03-13 00:00:02.830
PPMA,HHE,2022-03-13 00:00:02.030,2022-03-14 00:00:00.470
PPMA,HHN,2022-03-13 00:00:02.530,2022-03-14 00:00:00.700
PPMA,HHZ,2022-03-13 00:00:02.840,2022-03-14 00:00:00.810
PPMA,HHE,2022-03-14 00:00:00.480,2022-03-15 00:00:01.260
PPMA,HHN,2022-03-14 00:00:00.710,2022-03-15 00:00:00.940
PPMA,HHZ,2022-03-14 00:00:00.820,2022-03-15 00:00:02.100
PPMA,HHE,2022-03-15 00:00:01.270,2022-03-16 00:00:01.500
PPMA,HHN,2022-03-15 00:00:00.950,2022-03-16 00:00:00.420
PPMA,HHZ,2022-03-15 00:00:02.110,2022-03-16 00:00:00.650
PPMA,HHE,2022-03-16 00:00:01.510,2022-03-17 00:00:00.630
PPMA,HHN,2022-03-16 00:00:00.430,2022-03-17 00:00:00.460
PPMA,HHZ,2022-03-16 00:00:00.660,2022-03-17 00:00:02.360
PPMA,HHE,2022-03-17 00:00:00.640,2022-03-18 00:00:00.500
PPMA,HHN,2022-03-17 00:00:00.470,2022-03-18 00:00:03.470
PPMA,HHZ,2022-03-17 00:00:02.370,2022-03-18 00:00:02.220
PPMA,HHE,2022-03-18 00:00:00.510,2022-03-19 00:00:00.150
PPMA,HHN,2022-03-18 00:00:03.480,2022-03-19 00:00:00.300
PPMA,HHZ,2022-03-18 00:00:02.230,2022-03-19 00:00:01.490
PPMA,HHE,2022-03-19 00:00:00.160,2022-03-20 00:00:00.660
PPMA,HHN,2022-03-19 00:00:00.310,2022-03-20 00:00:02.090
PPMA,HHZ,2022-03-19 00:00:01.500,2022-03-20 00:00:02.530
PPMA,HHE,2022-03-20 00:00:00.670,2022-03-21 00:00:00.670
PPMA,HHN,2022-03-20 00:00:02.100,2022-03-21 00:00:00.710
PPMA,HHZ,2022-03-20 00:00:02.540,2022-03-21 00:00:00.390
PPMA,HHE,2022-03-21 00:00:00.680,2022-03-22 00:00:00.870
PPMA,HHN,2022-03-21 00:00:00.720,2022-03-22 00:00:00.160
PPMA,HHZ,2022-03-21 00:00:00.400,2022-03-22 00:00:02.650
PPMA,HHE,2022-03-22 00:00:00.880,2022-03-23 00:00:01.040
PPMA,HHN,2022-03-22 00:00:00.170,2022-03-23 00:00:02.380
PPMA,HHZ,2022-03-22 00:00:02.660,2022-03-23 00:00:03.230
PPMA,HHE,2022-03-23 00:00:01.050,2022-03-24 00:00:00.390
PPMA,HHN,2022-03-23 00:00:02.390,2022-03-24 00:00:02.360
PPMA,HHZ,2022-03-23 00:00:03.240,2022-03-24 00:00:02.080
PPMA,HHE,2022-03-24 00:00:00.400,2022-03-25 00:00:01.290
PPMA,HHN,2022-03-24 00:00:02.370,2022-03-25 00:00:02.040
PPMA,HHZ,2022-03-24 00:00:02.090,2022-03-25 00:00:03.500
PPMA,HHE,2022-03-25 00:00:01.300,2022-03-26 00:00:01.730
PPMA,HHN,2022-03-25 00:00:02.050,2022-03-26 00:00:01.960
PPMA,HHZ,2022-03-25 00:00:03.510,2022-03-26 00:00:02.650
PPMA,HHE,2022-03-26 00:00:01.740,2022-03-27 00:00:00.790
PPMA,HHN,2022-03-26 00:00:01.970,2022-03-27 00:00:01.040
PPMA,HHZ,2022-03-26 00:00:02.660,2022-03-27 00:00:00.800
PPMA,HHE,2022-03-27 00:00:00.800,2022-03-28 00:00:03.180
PPMA,HHN,2022-03-27 00:00:01.050,2022-03-28 00:00:02.220
PPMA,HHZ,2022-03-27 00:00:00.810,2022-03-28 00:00:01.100
PPMA,HHE,2022-03-28 00:00:03.190,2022-03-29 00:00:02.770
PPMA,HHN,2022-03-28 00:00:02.230,2022-03-29 00:00:02.780
PPMA,HHZ,2022-03-28 00:00:01.110,2022-03-29 00:00:03.720
PPMA,HHE,2022-03-29 00:00:02.780,2022-03-30 00:00:01.520
PPMA,HHN,2022-03-29 00:00:02.790,2022-03-30 00:00:01.020
PPMA,HHZ,2022-03-29 00:00:03.730,2022-03-30 00:00:02.800
PPMA,HHE,2022-03-30 00:00:01.530,2022-03-31 00:00:00.760
PPMA,HHN,2022-03-30 00:00:01.030,2022-03-31 00:00:02.280
PPMA,HHZ,2022-03-30 00:00:02.810,2022-03-31 00:00:02.740
PPMA,HHE,2022-04-01 00:00:00.710,2022-04-02 00:00:00.110
PPMA,HHN,2022-04-01 00:00:03.950,2022-04-02 00:00:00.790
PPMA,HHZ,2022-04-01 00:00:00.570,2022-04-02 00:00:01.830
PPMA,HHE,2022-04-02 00:00:00.120,2022-04-03 00:00:01.450
PPMA,HHN,2022-04-02 00:00:00.800,2022-04-03 00:00:02.240
PPMA,HHZ,2022-04-02 00:00:01.840,2022-04-03 00:00:01.270
PPMA,HHE,2022-04-03 00:00:01.460,2022-04-04 00:00:02.310
PPMA,HHN,2022-04-03 00:00:02.250,2022-04-04 00:00:02.040
PPMA,HHZ,2022-04-03 00:00:01.280,2022-04-04 00:00:01.900
PPMA,HHE,2022-04-04 00:00:02.320,2022-04-05 00:00:01.790
PPMA,HHN,2022-04-04 00:00:02.050,2022-04-05 00:00:01.190
PPMA,HHZ,2022-04-04 00:00:01.910,2022-04-05 00:00:01.570
PPMA,HHE,2022-04-05 00:00:01.800,2022-04-06 00:00:02.460
PPMA,HHN,2022-04-05 00:00:01.200,2022-04-06 00:00:02.050
PPMA,HHZ,2022-04-05 00:00:01.580,2022-04-06 00:00:03.180
PPMA,HHE,2022-04-06 00:00:02.470,2022-04-07 00:00:00.970
PPMA,HHN,2022-04-06 00:00:02.060,2022-04-07 00:00:01.450
PPMA,HHZ,2022-04-06 00:00:03.190,2022-04-07 00:00:00.600
PPMA,HHE,2022-04-07 00:00:00.980,2022-04-08 00:00:03.480
PPMA,HHN,2022-04-07 00:00:01.460,2022-04-08 00:00:02.480
PPMA,HHZ,2022-04-07 00:00:00.610,2022-04-08 00:00:00.780
PPMA,HHE,2022-04-08 00:00:03.490,2022-04-09 00:00:03.200
PPMA,HHN,2022-04-08 00:00:02.490,2022-04-09 00:00:01.360
PPMA,HHZ,2022-04-08 00:00:00.790,2022-04-09 00:00:01.210
PPMA,HHE,2022-04-09 00:00:03.210,2022-04-10 00:00:02.840
PPMA,HHN,2022-04-09 00:00:01.370,2022-04-10 00:00:04.200
PPMA,HHZ,2022-04-09 00:00:01.220,2022-04-10 00:00:03.340
PPMA,HHE,2022-04-10 00:00:02.850,2022-04-11 00:00:03.460
PPMA,HHN,2022-04-10 00:00:04.210,2022-04-11 00:00:00.540
PPMA,HHZ,2022-04-10 00:00:03.350,2022-04-11 00:00:02.490
PPMA,HHE,2022-04-11 00:00:03.470,2022-04-12 00:00:00.450
PPMA,HHN,2022-04-11 00:00:00.550,2022-04-12 00:00:02.120
PPMA,HHZ,2022-04-11 00:00:02.500,2022-04-12 00:00:02.680
PPMA,HHE,2022-04-12 00:00:00.460,2022-04-13 00:00:00.820
PPMA,HHN,2022-04-12 00:00:02.130,2022-04-13 00:00:03.280
PPMA,HHZ,2022-04-12 00:00:02.690,2022-04-13 00:00:00.000
PPMA,HHE,2022-04-13 00:00:00.830,2022-04-13 18:02:12.740
PPMA,HHE,2022-04-13 18:01:30.870,2022-04-13 19:15:23.040
PPMA,HHE,2022-04-13 19:14:37.200,2022-04-14 00:00:00.850
PPMA,HHN,2022-04-13 00:00:03.290,2022-04-13 18:02:13.980
PPMA,HHN,2022-04-13 18:01:29.670,2022-04-13 19:15:23.090
PPMA,HHN,2022-04-13 19:14:34.910,2022-04-14 00:00:00.800
PPMA,HHZ,2022-04-13 00:00:00.010,2022-04-13 18:02:10.830
PPMA,HHZ,2022-04-13 18:01:32.640,2022-04-13 19:15:25.260
PPMA,HHZ,2022-04-13 19:14:38.780,2022-04-14 00:00:02.410
PPMA,HHE,2022-04-14 00:00:00.860,2022-04-15 00:00:01.850
PPMA,HHN,2022-04-14 00:00:00.810,2022-04-15 00:00:01.380
PPMA,HHZ,2022-04-14 00:00:02.420,2022-04-15 00:00:00.810
PPMA,HHE,2022-04-15 00:00:01.860,2022-04-16 00:00:02.790
PPMA,HHN,2022-04-15 00:00:01.390,2022-04-16 00:00:00.480
PPMA,HHZ,2022-04-15 00:00:00.820,2022-04-16 00:00:01.430
PPMA,HHE,2022-04-16 00:00:02.800,2022-04-16 01:27:23.950
PPMA,HHE,2022-04-16 01:28:38.510,2022-04-17 00:00:01.450
PPMA,HHN,2022-04-16 00:00:00.490,2022-04-16 01:27:24.500
PPMA,HHN,2022-04-16 01:28:39.340,2022-04-17 00:00:01.380
PPMA,HHZ,2022-04-16 00:00:01.440,2022-04-16 01:27:24.750
PPMA,HHZ,2022-04-16 01:28:37.110,2022-04-17 00:00:00.400
PPMA,HHE,2022-04-17 00:00:01.460,2022-04-18 00:00:01.320
PPMA,HHN,2022-04-17 00:00:01.390,2022-04-18 00:00:01.350
PPMA,HHZ,2022-04-17 00:00:00.410,2022-04-18 00:00:02.040
PPMA,HHE,2022-04-18 00:00:01.330,2022-04-19 00:00:01.730
PPMA,HHN,2022-04-18 00:00:01.360,2022-04-19 00:00:00.180
PPMA,HHZ,2022-04-18 00:00:02.050,2022-04-19 00:00:02.090
PPMA,HHE,2022-04-19 00:00:01.740,2022-04-20 00:00:00.070
PPMA,HHN,2022-04-19 00:00:00.190,2022-04-20 00:00:00.680
PPMA,HHZ,2022-04-19 00:00:02.100,2022-04-20 00:00:01.100
PPMA,HHE,2022-04-20 00:00:00.080,2022-04-21 00:00:01.520
PPMA,HHN,2022-04-20 00:00:00.690,2022-04-21 00:00:00.420
PPMA,HHZ,2022-04-20 00:00:01.110,2022-04-21 00:00:00.590
PPMA,HHE,2022-04-21 00:00:01.530,2022-04-22 00:00:02.740
PPMA,HHN,2022-04-21 00:00:00.430,2022-04-22 00:00:01.690
PPMA,HHZ,2022-04-21 00:00:00.600,2022-04-22 00:00:01.460
PPMA,HHE,2022-04-22 00:00:02.750,2022-04-23 00:00:00.070
PPMA,HHN,2022-04-22 00:00:01.700,2022-04-23 00:00:00.230
PPMA,HHZ,2022-04-22 00:00:01.470,2022-04-23 00:00:02.590
PPMA,HHE,2022-04-23 00:00:00.080,2022-04-24 00:00:00.980
PPMA,HHN,2022-04-23 00:00:00.240,2022-04-24 00:00:03.920
PPMA,HHZ,2022-04-23 00:00:02.600,2022-04-24 00:00:00.450
PPMA,HHE,2022-04-24 00:00:00.990,2022-04-25 00:00:00.210
PPMA,HHN,2022-04-24 00:00:03.930,2022-04-25 00:00:02.810
PPMA,HHZ,2022-04-24 00:00:00.460,2022-04-25 00:00:00.480
PPMA,HHE,2022-04-25 00:00:00.220,2022-04-26 00:00:02.140
PPMA,HHN,2022-04-25 00:00:02.820,2022-04-26 00:00:00.850
PPMA,HHZ,2022-04-25 00:00:00.490,2022-04-26 00:00:00.470
PPMA,HHE,2022-04-26 00:00:02.150,2022-04-27 00:00:02.400
PPMA,HHN,2022-04-26 00:00:00.860,2022-04-27 00:00:00.070
PPMA,HHZ,2022-04-26 00:00:00.480,2022-04-27 00:00:03.590
PPMA,HHE,2022-04-27 00:00:02.410,2022-04-28 00:00:01.390
PPMA,HHN,2022-04-27 00:00:00.080,2022-04-28 00:00:02.460
PPMA,HHZ,2022-04-27 00:00:03.600,2022-04-28 00:00:03.880
PPMA,HHE,2022-04-28 00:00:01.400,2022-04-29 00:00:00.730
PPMA,HHN,2022-04-28 00:00:02.470,2022-04-29 00:00:02.700
PPMA,HHZ,2022-04-28 00:00:03.890,2022-04-29 00:00:03.340
PPMA,HHE,2022-04-29 00:00:00.740,2022-04-29 13:11:52.260
PPMA,HHE,2022-04-29 13:11:12.030,2022-04-30 00:00:00.710
PPMA,HHN,2022-04-29 00:00:02.710,2022-04-29 13:11:52.190
PPMA,HHN,2022-04-29 13:11:14.520,2022-04-30 00:00:01.180
PPMA,HHZ,2022-04-29 00:00:03.350,2022-04-29 13:11:50.030
PPMA,HHZ,2022-04-29 13:11:12.640,2022-04-30 00:00:03.680
PPMA,HHE,2022-04-30 00:00:00.720,2022-04-30 01:56:02.510
PPMA,HHE,2022-04-30 01:54:38.920,2022-04-30 01:59:23.160
PPMA,HHE,2022-04-30 01:54:38.920,2022-04-30 02:05:12.350
PPMA,HHE,2022-04-30 01:54:38.920,2022-04-30 02:29:36.730
PPMA,HHE,2022-04-30 02:14:36.460,2022-04-30 02:43:24.690
PPMA,HHE,2022-04-30 02:28:24.890,2022-04-30 03:59:15.810
PPMA,HHE,2022-04-30 03:45:18.910,2022-04-30 04:29:14.300
PPMA,HHE,2022-04-30 04:14:13.540,2022-04-30 04:19:02.640
PPMA,HHE,2022-04-30 04:11:55.860,2022-04-30 04:27:46.040
PPMA,HHE,2022-04-30 04:19:45.230,2022-04-30 04:59:15.620
PPMA,HHE,2022-04-30 04:44:17.390,2022-04-30 08:30:20.240
PPMA,HHE,2022-04-30 08:21:56.110,2022-04-30 10:06:15.950
PPMA,HHE,2022-04-30 09:53:55.290,2022-04-30 09:57:20.180
PPMA,HHE,2022-04-30 09:53:55.290,2022-05-01 00:00:01.750
PPMA,HHN,2022-04-30 00:00:01.190,2022-04-30 01:55:59.900
PPMA,HHN,2022-04-30 01:54:38.960,2022-04-30 01:59:22.740
PPMA,HHN,2022-04-30 01:54:38.960,2022-04-30 02:05:12.130
PPMA,HHN,2022-04-30 01:54:38.960,2022-04-30 02:29:40.150
PPMA,HHN,2022-04-30 02:14:41.070,2022-04-30 02:43:25.200
PPMA,HHN,2022-04-30 02:28:26.110,2022-04-30 03:59:14.520
PPMA,HHN,2022-04-30 03:45:20.980,2022-04-30 04:29:17.570
PPMA,HHN,2022-04-30 04:14:17.630,2022-04-30 04:19:03.870
PPMA,HHN,2022-04-30 04:11:55.860,2022-04-30 04:27:48.380
PPMA,HHN,2022-04-30 04:19:49.260,2022-04-30 04:59:14.640
PPMA,HHN,2022-04-30 04:44:16.290,2022-04-30 08:30:21.660
PPMA,HHN,2022-04-30 08:21:55.560,2022-04-30 10:06:15.120
PPMA,HHN,2022-04-30 09:53:55.770,2022-04-30 09:57:20.030
PPMA,HHN,2022-04-30 09:53:55.770,2022-05-01 00:00:02.560
PPMA,HHZ,2022-04-30 00:00:03.690,2022-04-30 01:56:01.740
PPMA,HHZ,2022-04-30 01:54:38.540,2022-04-30 01:59:25.120
PPMA,HHZ,2022-04-30 01:54:38.540,2022-04-30 02:05:09.070
PPMA,HHZ,2022-04-30 01:54:38.540,2022-04-30 02:29:38.240
PPMA,HHZ,2022-04-30 02:14:37.530,2022-04-30 02:43:25.020
PPMA,HHZ,2022-04-30 02:28:26.440,2022-04-30 03:59:13.310
PPMA,HHZ,2022-04-30 03:45:19.730,2022-04-30 04:29:13.500
PPMA,HHZ,2022-04-30 04:14:12.710,2022-04-30 04:19:03.850
PPMA,HHZ,2022-04-30 04:11:52.380,2022-04-30 04:27:47.920
PPMA,HHZ,2022-04-30 04:19:48.410,2022-04-30 04:59:16.750
PPMA,HHZ,2022-04-30 04:44:17.140,2022-04-30 07:20:20.430
PPMA,HHZ,2022-04-30 07:15:55.570,2022-04-30 08:30:21.750
PPMA,HHZ,2022-04-30 08:21:55.470,2022-04-30 10:06:13.730
PPMA,HHZ,2022-04-30 09:53:56.980,2022-04-30 09:57:21.860
PPMA,HHZ,2022-04-30 09:53:56.980,2022-05-01 00:00:01.350
PPMA,HHE,2022-05-01 00:00:01.760,2022-05-02 00:00:01.080
PPMA,HHN,2022-05-01 00:00:02.570,2022-05-02 00:00:01.630
PPMA,HHZ,2022-05-01 00:00:01.360,2022-05-02 00:00:03.710
PPMA,HHE,2022-05-02 00:00:01.090,2022-05-03 00:00:03.720
PPMA,HHN,2022-05-02 00:00:01.640,2022-05-03 00:00:00.290
PPMA,HHZ,2022-05-02 00:00:03.720,2022-05-03 00:00:00.630
PPMA,HHE,2022-05-03 00:00:03.730,2022-05-04 00:00:00.150
PPMA,HHN,2022-05-03 00:00:00.300,2022-05-04 00:00:01.520
PPMA,HHZ,2022-05-03 00:00:00.640,2022-05-04 00:00:00.740
PPMA,HHE,2022-05-04 00:00:00.160,2022-05-05 00:00:02.250
PPMA,HHN,2022-05-04 00:00:01.530,2022-05-05 00:00:00.860
PPMA,HHZ,2022-05-04 00:00:00.750,2022-05-05 00:00:03.620
PPMA,HHE,2022-05-05 00:00:02.260,2022-05-06 00:00:01.840
PPMA,HHN,2022-05-05 00:00:00.870,2022-05-06 00:00:03.530
PPMA,HHZ,2022-05-05 00:00:03.630,2022-05-06 00:00:00.020
PPMA,HHE,2022-05-06 00:00:01.850,2022-05-07 00:00:02.070
PPMA,HHN,2022-05-06 00:00:03.540,2022-05-07 00:00:02.930
PPMA,HHZ,2022-05-06 00:00:00.030,2022-05-07 00:00:01.340
PPMA,HHE,2022-05-07 00:00:02.080,2022-05-07 02:16:29.670
PPMA,HHE,2022-05-07 02:15:33.890,2022-05-07 04:36:04.510
PPMA,HHE,2022-05-07 04:35:42.750,2022-05-08 00:00:03.150
PPMA,HHN,2022-05-07 00:00:02.940,2022-05-07 02:16:29.140
PPMA,HHN,2022-05-07 02:15:38.150,2022-05-07 04:36:05.550
PPMA,HHN,2022-05-07 04:35:43.920,2022-05-08 00:00:01.920
PPMA,HHZ,2022-05-07 00:00:01.350,2022-05-07 02:16:33.670
PPMA,HHZ,2022-05-07 02:15:35.580,2022-05-07 04:36:04.690
PPMA,HHZ,2022-05-07 04:35:46.690,2022-05-08 00:00:00.160
PPMA,HHE,2022-05-08 00:00:03.160,2022-05-09 00:00:01.750
PPMA,HHN,2022-05-08 00:00:01.930,2022-05-09 00:00:01.480
PPMA,HHZ,2022-05-08 00:00:00.170,2022-05-09 00:00:02.290
PPMA,HHE,2022-05-09 00:00:01.760,2022-05-10 00:00:00.210
PPMA,HHN,2022-05-09 00:00:01.490,2022-05-10 00:00:02.470
PPMA,HHZ,2022-05-09 00:00:02.300,2022-05-10 00:00:01.840
PPMA,HHE,2022-05-10 00:00:00.220,2022-05-11 00:00:01.520
PPMA,HHN,2022-05-10 00:00:02.480,2022-05-11 00:00:00.900
PPMA,HHZ,2022-05-10 00:00:01.850,2022-05-11 00:00:01.210
PPMA,HHE,2022-05-11 00:00:01.530,2022-05-12 00:00:03.880
PPMA,HHN,2022-05-11 00:00:00.910,2022-05-12 00:00:00.000
PPMA,HHZ,2022-05-11 00:00:01.220,2022-05-12 00:00:00.180
PPMA,HHE,2022-05-12 00:00:03.890,2022-05-13 00:00:01.630
PPMA,HHN,2022-05-12 00:00:00.010,2022-05-13 00:00:02.810
PPMA,HHZ,2022-05-12 00:00:00.190,2022-05-13 00:00:00.470
PPMA,HHE,2022-05-13 00:00:01.640,2022-05-14 00:00:02.380
PPMA,HHN,2022-05-13 00:00:02.820,2022-05-14 00:00:02.540
PPMA,HHZ,2022-05-13 00:00:00.480,2022-05-14 00:00:02.700
PPMA,HHE,2022-05-14 00:00:02.390,2022-05-14 01:58:39.120
PPMA,HHE,2022-05-14 01:57:44.640,2022-05-14 02:57:22.180
PPMA,HHE,2022-05-14 02:56:51.430,2022-05-15 00:00:04.040
PPMA,HHN,2022-05-14 00:00:02.550,2022-05-14 01:58:43.130
PPMA,HHN,2022-05-14 01:57:46.150,2022-05-14 02:57:21.520
PPMA,HHN,2022-05-14 02:56:49.370,2022-05-15 00:00:03.980
PPMA,HHZ,2022-05-14 00:00:02.710,2022-05-14 01:58:40.100
PPMA,HHZ,2022-05-14 01:57:47.630,2022-05-14 02:57:20.150
PPMA,HHZ,2022-05-14 02:56:54.090,2022-05-15 00:00:04.180
PPMA,HHE,2022-05-15 00:00:04.050,2022-05-16 00:00:01.430
PPMA,HHN,2022-05-15 00:00:03.990,2022-05-16 00:00:00.180
PPMA,HHZ,2022-05-15 00:00:04.190,2022-05-16 00:00:01.330
PPMA,HHE,2022-05-16 00:00:01.440,2022-05-17 00:00:01.880
PPMA,HHN,2022-05-16 00:00:00.190,2022-05-17 00:00:01.940
PPMA,HHZ,2022-05-16 00:00:01.340,2022-05-17 00:00:01.580
PPMA,HHE,2022-05-17 00:00:01.890,2022-05-18 00:00:01.940
PPMA,HHN,2022-05-17 00:00:01.950,2022-05-18 00:00:01.200
PPMA,HHZ,2022-05-17 00:00:01.590,2022-05-18 00:00:01.460
PPMA,HHE,2022-05-18 00:00:01.950,2022-05-19 00:00:01.090
PPMA,HHN,2022-05-18 00:00:01.210,2022-05-19 00:00:00.780
PPMA,HHZ,2022-05-18 00:00:01.470,2022-05-19 00:00:03.390
PPMA,HHE,2022-05-19 00:00:01.100,2022-05-20 00:00:00.020
PPMA,HHN,2022-05-19 00:00:00.790,2022-05-20 00:00:01.270
PPMA,HHZ,2022-05-19 00:00:03.400,2022-05-20 00:00:02.770
PPMA,HHE,2022-05-20 00:00:00.030,2022-05-21 00:00:00.830
PPMA,HHN,2022-05-20 00:00:01.280,2022-05-21 00:00:01.450
PPMA,HHZ,2022-05-20 00:00:02.780,2022-05-21 00:00:03.980
PPMA,HHE,2022-05-21 00:00:00.840,2022-05-21 00:35:05.180
PPMA,HHE,2022-05-21 00:33:14.550,2022-05-21 01:54:59.650
PPMA,HHE,2022-05-21 01:40:01.680,2022-05-21 06:57:51.270
PPMA,HHE,2022-05-21 06:57:21.560,2022-05-21 08:06:59.560
PPMA,HHE,2022-05-21 08:02:41.670,2022-05-21 10:14:08.390
PPMA,HHE,2022-05-21 10:13:44.990,2022-05-21 10:44:39.550
PPMA,HHE,2022-05-21 10:43:57.640,2022-05-21 10:58:06.540
PPMA,HHE,2022-05-21 10:53:27.800,2022-05-22 00:00:03.310
PPMA,HHN,2022-05-21 00:00:01.460,2022-05-21 00:35:09.340
PPMA,HHN,2022-05-21 00:33:16.490,2022-05-21 01:54:59.530
PPMA,HHN,2022-05-21 01:39:58.980,2022-05-21 06:57:52.990
PPMA,HHN,2022-05-21 06:57:24.600,2022-05-21 08:07:00.270
PPMA,HHN,2022-05-21 08:02:39.980,2022-05-21 10:14:09.010
PPMA,HHN,2022-05-21 10:13:43.160,2022-05-21 10:44:40.400
PPMA,HHN,2022-05-21 10:43:59.770,2022-05-21 10:58:09.370
PPMA,HHN,2022-05-21 10:53:24.980,2022-05-22 00:00:03.410
PPMA,HHZ,2022-05-21 00:00:03.990,2022-05-21 00:35:08.330
PPMA,HHZ,2022-05-21 00:33:14.090,2022-05-21 01:54:58.970
PPMA,HHZ,2022-05-21 01:40:01.240,2022-05-21 06:57:52.920
PPMA,HHZ,2022-05-21 06:57:22.150,2022-05-21 08:06:58.780
PPMA,HHZ,2022-05-21 08:02:39.040,2022-05-21 10:14:09.580
PPMA,HHZ,2022-05-21 10:13:42.260,2022-05-21 10:44:41.870
PPMA,HHZ,2022-05-21 10:43:59.020,2022-05-21 10:58:09.430
PPMA,HHZ,2022-05-21 10:53:26.280,2022-05-22 00:00:00.650
PPMA,HHE,2022-05-22 00:00:03.320,2022-05-23 00:00:00.090
PPMA,HHN,2022-05-22 00:00:03.420,2022-05-23 00:00:00.850
PPMA,HHZ,2022-05-22 00:00:00.660,2022-05-23 00:00:04.100
PPMA,HHE,2022-05-23 00:00:00.100,2022-05-24 00:00:02.910
PPMA,HHN,2022-05-23 00:00:00.860,2022-05-24 00:00:02.820
PPMA,HHZ,2022-05-23 00:00:04.110,2022-05-24 00:00:01.360
PPMA,HHE,2022-05-24 00:00:02.920,2022-05-25 00:00:00.490
PPMA,HHN,2022-05-24 00:00:02.830,2022-05-25 00:00:00.430
PPMA,HHZ,2022-05-24 00:00:01.370,2022-05-25 00:00:01.350
PPMA,HHE,2022-05-25 00:00:00.500,2022-05-26 00:00:02.130
PPMA,HHN,2022-05-25 00:00:00.440,2022-05-26 00:00:03.690
PPMA,HHZ,2022-05-25 00:00:01.360,2022-05-26 00:00:01.510
PPMA,HHE,2022-05-26 00:00:02.140,2022-05-27 00:00:03.630
PPMA,HHN,2022-05-26 00:00:03.700,2022-05-27 00:00:01.370
PPMA,HHZ,2022-05-26 00:00:01.520,2022-05-27 00:00:00.170
PPMA,HHE,2022-05-27 00:00:03.640,2022-05-27 04:58:00.360
PPMA,HHE,2022-05-27 07:47:39.000,2022-05-28 00:00:03.650
PPMA,HHN,2022-05-27 00:00:01.380,2022-05-27 04:58:01.480
PPMA,HHN,2022-05-27 07:47:39.000,2022-05-28 00:00:04.150
PPMA,HHZ,2022-05-27 00:00:00.180,2022-05-27 04:57:59.350
PPMA,HHZ,2022-05-27 07:47:39.000,2022-05-28 00:00:03.860
PPMA,HHE,2022-05-28 00:00:03.660,2022-05-28 02:49:57.930
PPMA,HHE,2022-05-28 02:49:36.130,2022-05-28 06:33:19.670
PPMA,HHE,2022-05-28 06:33:04.270,2022-05-28 06:40:32.010
PPMA,HHE,2022-05-28 06:33:04.270,2022-05-28 08:50:46.190
PPMA,HHE,2022-05-28 08:50:36.210,2022-05-29 00:00:03.390
PPMA,HHN,2022-05-28 00:00:04.160,2022-05-28 02:49:56.970
PPMA,HHN,2022-05-28 02:49:39.370,2022-05-28 06:33:19.520
PPMA,HHN,2022-05-28 06:33:08.230,2022-05-28 06:40:33.420
PPMA,HHN,2022-05-28 06:33:08.230,2022-05-28 08:50:45.150
PPMA,HHN,2022-05-28 08:50:38.660,2022-05-29 00:00:00.790
PPMA,HHZ,2022-05-28 00:00:03.870,2022-05-28 02:49:55.550
PPMA,HHZ,2022-05-28 02:49:37.130,2022-05-28 06:33:17.510
PPMA,HHZ,2022-05-28 06:33:05.550,2022-05-28 06:40:35.390
PPMA,HHZ,2022-05-28 06:33:05.550,2022-05-28 08:50:44.930
PPMA,HHZ,2022-05-28 08:50:38.060,2022-05-29 00:00:01.580
PPMA,HHE,2022-05-29 00:00:03.400,2022-05-30 00:00:01.840
PPMA,HHN,2022-05-29 00:00:00.800,2022-05-30 00:00:03.920
PPMA,HHZ,2022-05-29 00:00:01.590,2022-05-30 00:00:04.010
PPMA,HHE,2022-05-30 00:00:01.850,2022-05-31 00:00:00.180
PPMA,HHN,2022-05-30 00:00:03.930,2022-05-31 00:00:03.100
PPMA,HHZ,2022-05-30 00:00:04.020,2022-05-31 00:00:00.350
PPMA,HHE,2022-06-01 00:00:00.140,2022-06-02 00:00:01.980
PPMA,HHN,2022-06-01 00:00:01.310,2022-06-02 00:00:00.910
PPMA,HHZ,2022-06-01 00:00:02.970,2022-06-02 00:00:03.240
PPMA,HHE,2022-06-02 00:00:01.990,2022-06-03 00:00:02.770
PPMA,HHN,2022-06-02 00:00:00.920,2022-06-03 00:00:01.720
PPMA,HHZ,2022-06-02 00:00:03.250,2022-06-03 00:00:03.590
PPMA,HHE,2022-06-03 00:00:02.780,2022-06-04 00:00:03.690
PPMA,HHN,2022-06-03 00:00:01.730,2022-06-04 00:00:03.610
PPMA,HHZ,2022-06-03 00:00:03.600,2022-06-04 00:00:03.320
PPMA,HHE,2022-06-04 00:00:03.700,2022-06-04 12:16:32.490
PPMA,HHE,2022-06-04 12:16:02.920,2022-06-05 00:00:02.360
PPMA,HHN,2022-06-04 00:00:03.620,2022-06-04 12:16:35.500
PPMA,HHN,2022-06-04 12:16:03.830,2022-06-05 00:00:03.030
PPMA,HHZ,2022-06-04 00:00:03.330,2022-06-04 12:16:34.070
PPMA,HHZ,2022-06-04 12:16:00.780,2022-06-05 00:00:01.450
PPMA,HHE,2022-06-05 00:00:02.370,2022-06-06 00:00:03.400
PPMA,HHN,2022-06-05 00:00:03.040,2022-06-06 00:00:03.440
PPMA,HHZ,2022-06-05 00:00:01.460,2022-06-06 00:00:00.410
PPMA,HHE,2022-06-06 00:00:03.410,2022-06-07 00:00:03.160
PPMA,HHN,2022-06-06 00:00:03.450,2022-06-07 00:00:02.700
PPMA,HHZ,2022-06-06 00:00:00.420,2022-06-07 00:00:02.670
PPMA,HHE,2022-06-07 00:00:03.170,2022-06-08 00:00:02.840
PPMA,HHN,2022-06-07 00:00:02.710,2022-06-08 00:00:02.110
PPMA,HHZ,2022-06-07 00:00:02.680,2022-06-08 00:00:00.130
PPMA,HHE,2022-06-08 00:00:02.850,2022-06-09 00:00:02.460
PPMA,HHN,2022-06-08 00:00:02.120,2022-06-09 00:00:02.490
PPMA,HHZ,2022-06-08 00:00:00.140,2022-06-09 00:00:01.440
PPMA,HHE,2022-06-09 00:00:02.470,2022-06-10 00:00:02.170
PPMA,HHN,2022-06-09 00:00:02.500,2022-06-10 00:00:03.340
PPMA,HHZ,2022-06-09 00:00:01.450,2022-06-10 00:00:01.030
PPMA,HHE,2022-06-10 00:00:02.180,2022-06-11 00:00:01.520
PPMA,HHN,2022-06-10 00:00:03.350,2022-06-11 00:00:01.710
PPMA,HHZ,2022-06-10 00:00:01.040,2022-06-11 00:00:02.110
PPMA,HHE,2022-06-11 00:00:01.530,2022-06-11 03:36:42.440
PPMA,HHE,2022-06-11 03:28:45.640,2022-06-11 05:05:55.770
PPMA,HHE,2022-06-11 05:05:12.120,2022-06-11 06:29:15.450
PPMA,HHE,2022-06-11 06:28:32.790,2022-06-11 07:08:35.360
PPMA,HHE,2022-06-11 07:08:17.050,2022-06-11 07:42:08.680
PPMA,HHE,2022-06-11 07:41:56.330,2022-06-11 07:59:25.730
PPMA,HHE,2022-06-11 07:59:22.630,2022-06-11 08:20:32.680
PPMA,HHE,2022-06-11 08:19:49.360,2022-06-11 11:23:03.550
PPMA,HHE,2022-06-11 11:21:50.680,2022-06-12 00:00:02.120
PPMA,HHN,2022-06-11 00:00:01.720,2022-06-11 03:36:43.200
PPMA,HHN,2022-06-11 03:28:46.030,2022-06-11 05:05:57.710
PPMA,HHN,2022-06-11 05:05:10.780,2022-06-11 06:29:18.270
PPMA,HHN,2022-06-11 06:28:30.210,2022-06-11 07:08:36.210
PPMA,HHN,2022-06-11 07:08:19.230,2022-06-11 07:42:08.450
PPMA,HHN,2022-06-11 07:41:53.510,2022-06-11 07:59:26.010
PPMA,HHN,2022-06-11 07:59:19.890,2022-06-11 08:20:30.310
PPMA,HHN,2022-06-11 08:19:48.530,2022-06-11 11:23:04.650
PPMA,HHN,2022-06-11 11:21:51.290,2022-06-12 00:00:03.270
PPMA,HHZ,2022-06-11 00:00:02.120,2022-06-11 03:36:46.400
PPMA,HHZ,2022-06-11 03:28:48.050,2022-06-11 05:05:59.570
PPMA,HHZ,2022-06-11 05:05:09.630,2022-06-11 06:29:18.420
PPMA,HHZ,2022-06-11 06:28:30.430,2022-06-11 07:08:35.450
PPMA,HHZ,2022-06-11 07:08:16.560,2022-06-11 07:42:07.240
PPMA,HHZ,2022-06-11 07:41:54.720,2022-06-11 07:59:28.890
PPMA,HHZ,2022-06-11 07:59:22.350,2022-06-11 08:20:32.580
PPMA,HHZ,2022-06-11 08:19:51.200,2022-06-11 11:23:03.620
PPMA,HHZ,2022-06-11 11:21:52.450,2022-06-12 00:00:01.680
PPMA,HHE,2022-06-12 00:00:02.130,2022-06-13 00:00:03.570
PPMA,HHN,2022-06-12 00:00:03.280,2022-06-13 00:00:01.220
PPMA,HHZ,2022-06-12 00:00:01.690,2022-06-13 00:00:02.450
PPMA,HHE,2022-06-13 00:00:03.580,2022-06-14 00:00:02.130
PPMA,HHN,2022-06-13 00:00:01.230,2022-06-14 00:00:00.610
PPMA,HHZ,2022-06-13 00:00:02.460,2022-06-14 00:00:00.870
PPMA,HHE,2022-06-14 00:00:02.140,2022-06-15 00:00:01.880
PPMA,HHN,2022-06-14 00:00:00.620,2022-06-15 00:00:02.550
PPMA,HHZ,2022-06-14 00:00:00.880,2022-06-15 00:00:02.330
PPMA,HHE,2022-06-15 00:00:01.890,2022-06-16 00:00:02.240
PPMA,HHN,2022-06-15 00:00:02.560,2022-06-16 00:00:02.620
PPMA,HHZ,2022-06-15 00:00:02.340,2022-06-16 00:00:03.060
PPMA,HHE,2022-06-16 00:00:02.250,2022-06-17 00:00:03.190
PPMA,HHN,2022-06-16 00:00:02.630,2022-06-17 00:00:00.630
PPMA,HHZ,2022-06-16 00:00:03.070,2022-06-17 00:00:04.070
PPMA,HHE,2022-06-17 00:00:03.200,2022-06-18 00:00:02.000
PPMA,HHN,2022-06-17 00:00:00.640,2022-06-18 00:00:02.220
PPMA,HHZ,2022-06-17 00:00:04.080,2022-06-18 00:00:03.450
PPMA,HHE,2022-06-18 00:00:02.010,2022-06-18 08:05:37.960
PPMA,HHN,2022-06-18 00:00:02.230,2022-06-18 08:05:39.060
PPMA,HHZ,2022-06-18 00:00:03.460,2022-06-18 08:05:38.560
PPMA,HHE,2022-06-21 02:07:43.610,2022-06-22 00:00:02.540
PPMA,HHN,2022-06-21 02:07:43.900,2022-06-22 00:00:03.650
PPMA,HHZ,2022-06-21 02:07:46.970,2022-06-22 00:00:02.870
PPMA,HHE,2022-06-22 00:00:02.550,2022-06-23 00:00:03.630
PPMA,HHN,2022-06-22 00:00:03.660,2022-06-23 00:00:01.910
PPMA,HHZ,2022-06-22 00:00:02.880,2022-06-23 00:00:04.050
PPMA,HHE,2022-06-23 00:00:03.640,2022-06-24 00:00:04.010
PPMA,HHN,2022-06-23 00:00:01.920,2022-06-24 00:00:02.760
PPMA,HHZ,2022-06-23 00:00:04.060,2022-06-24 00:00:02.870
PPMA,HHE,2022-06-24 00:00:04.020,2022-06-25 00:00:02.080
PPMA,HHN,2022-06-24 00:00:02.770,2022-06-25 00:00:03.480
PPMA,HHZ,2022-06-24 00:00:02.880,2022-06-25 00:00:00.210
PPMA,HHE,2022-06-25 00:00:02.090,2022-06-25 02:39:04.540
PPMA,HHE,2022-06-25 02:38:20.270,2022-06-26 00:00:04.050
PPMA,HHN,2022-06-25 00:00:03.490,2022-06-25 02:39:04.530
PPMA,HHN,2022-06-25 02:38:20.490,2022-06-26 00:00:02.330
PPMA,HHZ,2022-06-25 00:00:00.220,2022-06-25 02:39:04.200
PPMA,HHZ,2022-06-25 02:38:17.700,2022-06-26 00:00:01.000
PPMA,HHE,2022-06-26 00:00:04.060,2022-06-27 00:00:00.810
PPMA,HHN,2022-06-26 00:00:02.340,2022-06-27 00:00:01.430
PPMA,HHZ,2022-06-26 00:00:01.010,2022-06-27 00:00:00.160
PPMA,HHE,2022-06-27 00:00:00.820,2022-06-28 00:00:00.230
PPMA,HHN,2022-06-27 00:00:01.440,2022-06-28 00:00:00.270
PPMA,HHZ,2022-06-27 00:00:00.170,2022-06-28 00:00:03.440
PPMA,HHE,2022-06-28 00:00:00.240,2022-06-29 00:00:02.960
PPMA,HHN,2022-06-28 00:00:00.280,2022-06-29 00:00:00.910
PPMA,HHZ,2022-06-28 00:00:03.450,2022-06-29 00:00:02.330
PPMA,HHE,2022-06-29 00:00:02.970,2022-06-30 00:00:00.270
PPMA,HHN,2022-06-29 00:00:00.920,2022-06-30 00:00:02.480
PPMA,HHZ,2022-06-29 00:00:02.340,2022-06-30 00:00:01.510
PPMA,HHE,2022-06-30 00:00:00.280,2022-07-01 00:00:01.520
PPMA,HHN,2022-06-30 00:00:02.490,2022-07-01 00:00:03.740
PPMA,HHZ,2022-06-30 00:00:01.520,2022-07-01 00:00:01.400
PPMA,HHE,2022-07-01 00:00:01.530,2022-07-02 00:00:01.890
PPMA,HHN,2022-07-01 00:00:03.750,2022-07-02 00:00:00.430
PPMA,HHZ,2022-07-01 00:00:01.410,2022-07-02 00:00:02.490
PPMA,HHE,2022-07-02 00:00:01.900,2022-07-02 01:25:47.140
PPMA,HHE,2022-07-02 01:25:55.660,2022-07-02 01:30:34.650
PPMA,HHE,2022-07-02 01:25:55.660,2022-07-03 00:00:00.290
PPMA,HHN,2022-07-02 00:00:00.440,2022-07-02 01:25:47.500
PPMA,HHN,2022-07-02 01:25:55.810,2022-07-02 01:30:32.870
PPMA,HHN,2022-07-02 01:25:55.810,2022-07-03 00:00:03.210
PPMA,HHZ,2022-07-02 00:00:02.500,2022-07-02 01:25:46.840
PPMA,HHZ,2022-07-02 01:25:55.540,2022-07-02 01:30:33.810
PPMA,HHZ,2022-07-02 01:25:55.540,2022-07-03 00:00:02.510
PPMA,HHE,2022-07-03 00:00:00.300,2022-07-04 00:00:03.470
PPMA,HHN,2022-07-03 00:00:03.220,2022-07-04 00:00:03.550
PPMA,HHZ,2022-07-03 00:00:02.520,2022-07-04 00:00:00.640
PPMA,HHE,2022-07-04 00:00:03.480,2022-07-05 00:00:00.530
PPMA,HHN,2022-07-04 00:00:03.560,2022-07-05 00:00:00.240
PPMA,HHZ,2022-07-04 00:00:00.650,2022-07-05 00:00:02.480
PPMA,HHE,2022-07-05 00:00:00.540,2022-07-06 00:00:03.040
PPMA,HHN,2022-07-05 00:00:00.250,2022-07-06 00:00:02.350
PPMA,HHZ,2022-07-05 00:00:02.490,2022-07-06 00:00:01.810
PPMA,HHE,2022-07-06 00:00:03.050,2022-07-07 00:00:02.780
PPMA,HHN,2022-07-06 00:00:02.360,2022-07-07 00:00:03.160
PPMA,HHZ,2022-07-06 00:00:01.820,2022-07-07 00:00:02.270
PPMA,HHE,2022-07-07 00:00:02.790,2022-07-08 00:00:03.250
PPMA,HHN,2022-07-07 00:00:03.170,2022-07-08 00:00:00.500
PPMA,HHZ,2022-07-07 00:00:02.280,2022-07-08 00:00:00.480
PPMA,HHE,2022-07-08 00:00:03.260,2022-07-09 00:00:03.450
PPMA,HHN,2022-07-08 00:00:00.510,2022-07-09 00:00:00.330
PPMA,HHZ,2022-07-08 00:00:00.490,2022-07-09 00:00:03.440
PPMA,HHE,2022-07-09 00:00:03.460,2022-07-10 00:00:03.380
PPMA,HHN,2022-07-09 00:00:00.340,2022-07-10 00:00:03.760
PPMA,HHZ,2022-07-09 00:00:03.450,2022-07-10 00:00:00.290
PPMA,HHE,2022-07-10 00:00:03.390,2022-07-11 00:00:00.170
PPMA,HHN,2022-07-10 00:00:03.770,2022-07-11 00:00:03.150
PPMA,HHZ,2022-07-10 00:00:00.300,2022-07-11 00:00:02.860
PPMA,HHE,2022-07-11 00:00:00.180,2022-07-12 00:00:02.430
PPMA,HHN,2022-07-11 00:00:03.160,2022-07-12 00:00:03.600
PPMA,HHZ,2022-07-11 00:00:02.870,2022-07-12 00:00:04.020
PPMA,HHE,2022-07-12 00:00:02.440,2022-07-13 00:00:01.270
PPMA,HHN,2022-07-12 00:00:03.610,2022-07-13 00:00:02.450
PPMA,HHZ,2022-07-12 00:00:04.030,2022-07-13 00:00:02.260
PPMA,HHE,2022-07-13 00:00:01.280,2022-07-14 00:00:00.200
PPMA,HHN,2022-07-13 00:00:02.460,2022-07-14 00:00:04.050
PPMA,HHZ,2022-07-13 00:00:02.270,2022-07-14 00:00:04.040
PPMA,HHE,2022-07-14 00:00:00.210,2022-07-15 00:00:03.580
PPMA,HHN,2022-07-14 00:00:04.060,2022-07-15 00:00:00.230
PPMA,HHZ,2022-07-14 00:00:04.050,2022-07-15 00:00:01.330
PPMA,HHE,2022-07-15 00:00:03.590,2022-07-16 00:00:00.880
PPMA,HHN,2022-07-15 00:00:00.240,2022-07-16 00:00:03.060
PPMA,HHZ,2022-07-15 00:00:01.340,2022-07-16 00:00:02.330
PPMA,HHE,2022-07-16 00:00:00.890,2022-07-17 00:00:00.390
PPMA,HHN,2022-07-16 00:00:03.070,2022-07-17 00:00:00.090
PPMA,HHZ,2022-07-16 00:00:02.340,2022-07-17 00:00:00.070
PPMA,HHE,2022-07-17 00:00:00.400,2022-07-18 00:00:03.950
PPMA,HHN,2022-07-17 00:00:00.100,2022-07-18 00:00:00.390
PPMA,HHZ,2022-07-17 00:00:00.080,2022-07-18 00:00:00.850
PPMA,HHE,2022-07-18 00:00:03.960,2022-07-19 00:00:01.750
PPMA,HHN,2022-07-18 00:00:00.400,2022-07-19 00:00:03.570
PPMA,HHZ,2022-07-18 00:00:00.860,2022-07-19 00:00:03.040
PPMA,HHE,2022-07-19 00:00:01.760,2022-07-20 00:00:00.640
PPMA,HHN,2022-07-19 00:00:03.580,2022-07-20 00:00:03.850
PPMA,HHZ,2022-07-19 00:00:03.050,2022-07-20 00:00:00.800
PPMA,HHE,2022-07-20 00:00:00.650,2022-07-21 00:00:02.310
PPMA,HHN,2022-07-20 00:00:03.860,2022-07-21 00:00:00.620
PPMA,HHZ,2022-07-20 00:00:00.810,2022-07-21 00:00:03.830
PPMA,HHE,2022-07-21 00:00:02.320,2022-07-22 00:00:02.870
PPMA,HHN,2022-07-21 00:00:00.630,2022-07-22 00:00:01.820
PPMA,HHZ,2022-07-21 00:00:03.840,2022-07-22 00:00:03.180
PPMA,HHE,2022-07-22 00:00:02.880,2022-07-23 00:00:02.920
PPMA,HHN,2022-07-22 00:00:01.830,2022-07-23 00:00:02.610
PPMA,HHZ,2022-07-22 00:00:03.190,2022-07-23 00:00:02.360
PPMA,HHE,2022-07-23 00:00:02.930,2022-07-24 00:00:01.130
PPMA,HHN,2022-07-23 00:00:02.620,2022-07-24 00:00:01.880
PPMA,HHZ,2022-07-23 00:00:02.370,2022-07-24 00:00:00.360
PPMA,HHE,2022-07-24 00:00:01.140,2022-07-25 00:00:01.140
PPMA,HHN,2022-07-24 00:00:01.890,2022-07-25 00:00:03.200
PPMA,HHZ,2022-07-24 00:00:00.370,2022-07-25 00:00:03.170
PPMA,HHE,2022-07-25 00:00:01.150,2022-07-26 00:00:01.790
PPMA,HHN,2022-07-25 00:00:03.210,2022-07-26 00:00:01.770
PPMA,HHZ,2022-07-25 00:00:03.180,2022-07-26 00:00:00.870
PPMA,HHE,2022-07-26 00:00:01.800,2022-07-26 04:00:44.680
PPMA,HHE,2022-07-26 08:10:39.000,2022-07-26 08:10:50.300
PPMA,HHE,2022-07-26 08:15:31.740,2022-07-26 08:16:02.110
PPMA,HHE,2022-07-26 08:21:37.000,2022-07-26 08:22:27.930
PPMA,HHE,2022-07-26 08:28:29.000,2022-07-27 00:00:03.160
PPMA,HHN,2022-07-26 00:00:01.780,2022-07-26 04:00:46.590
PPMA,HHN,2022-07-26 08:10:39.000,2022-07-26 08:10:49.470
PPMA,HHN,2022-07-26 08:15:31.110,2022-07-26 08:16:02.490
PPMA,HHN,2022-07-26 08:21:37.000,2022-07-26 08:22:28.310
PPMA,HHN,2022-07-26 08:28:29.000,2022-07-27 00:00:00.710
PPMA,HHZ,2022-07-26 00:00:00.880,2022-07-26 04:00:46.260
PPMA,HHZ,2022-07-26 08:10:39.000,2022-07-26 08:10:48.210
PPMA,HHZ,2022-07-26 08:15:32.260,2022-07-26 08:16:02.860
PPMA,HHZ,2022-07-26 08:21:37.000,2022-07-26 08:22:29.300
PPMA,HHZ,2022-07-26 08:28:29.000,2022-07-27 00:00:01.700
PPMA,HHE,2022-07-27 00:00:03.170,2022-07-28 00:00:03.840
PPMA,HHN,2022-07-27 00:00:00.720,2022-07-28 00:00:03.380
PPMA,HHZ,2022-07-27 00:00:01.710,2022-07-28 00:00:03.440
PPMA,HHE,2022-07-28 00:00:03.850,2022-07-29 00:00:02.660
PPMA,HHN,2022-07-28 00:00:03.390,2022-07-29 00:00:02.830
PPMA,HHZ,2022-07-28 00:00:03.450,2022-07-29 00:00:00.980
PPMA,HHE,2022-07-29 00:00:02.670,2022-07-30 00:00:01.770
PPMA,HHN,2022-07-29 00:00:02.840,2022-07-30 00:00:01.430
PPMA,HHZ,2022-07-29 00:00:00.990,2022-07-30 00:00:03.540
PPMA,HHE,2022-07-30 00:00:01.780,2022-07-31 00:00:03.790
PPMA,HHN,2022-07-30 00:00:01.440,2022-07-31 00:00:01.290
PPMA,HHZ,2022-07-30 00:00:03.550,2022-07-31 00:00:00.010
PPMA,HHE,2022-08-01 00:00:01.800,2022-08-02 00:00:01.120
PPMA,HHN,2022-08-01 00:00:02.170,2022-08-02 00:00:02.250
PPMA,HHZ,2022-08-01 00:00:01.580,2022-08-02 00:00:03.190
PPMA,HHE,2022-08-02 00:00:01.130,2022-08-03 00:00:00.490
PPMA,HHN,2022-08-02 00:00:02.260,2022-08-03 00:00:00.990
PPMA,HHZ,2022-08-02 00:00:03.200,2022-08-03 00:00:03.610
PPMA,HHE,2022-08-03 00:00:00.500,2022-08-04 00:00:01.420
PPMA,HHN,2022-08-03 00:00:01.000,2022-08-04 00:00:01.830
PPMA,HHZ,2022-08-03 00:00:03.620,2022-08-04 00:00:03.940
PPMA,HHE,2022-08-04 00:00:01.430,2022-08-05 00:00:01.980
PPMA,HHN,2022-08-04 00:00:01.840,2022-08-05 00:00:02.160
PPMA,HHZ,2022-08-04 00:00:03.950,2022-08-05 00:00:02.220
PPMA,HHE,2022-08-05 00:00:01.990,2022-08-06 00:00:01.800
PPMA,HHN,2022-08-05 00:00:02.170,2022-08-06 00:00:03.250
PPMA,HHZ,2022-08-05 00:00:02.230,2022-08-06 00:00:00.210
PPMA,HHE,2022-08-06 00:00:01.810,2022-08-07 00:00:03.480
PPMA,HHN,2022-08-06 00:00:03.260,2022-08-07 00:00:03.730
PPMA,HHZ,2022-08-06 00:00:00.220,2022-08-07 00:00:02.760
PPMA,HHE,2022-08-07 00:00:03.490,2022-08-08 00:00:03.640
PPMA,HHN,2022-08-07 00:00:03.740,2022-08-08 00:00:02.030
PPMA,HHZ,2022-08-07 00:00:02.770,2022-08-08 00:00:02.990
PPMA,HHE,2022-08-08 00:00:03.650,2022-08-09 00:00:00.910
PPMA,HHN,2022-08-08 00:00:02.040,2022-08-09 00:00:00.040
PPMA,HHZ,2022-08-08 00:00:03.000,2022-08-09 00:00:01.400
PPMA,HHE,2022-08-09 00:00:00.920,2022-08-10 00:00:02.410
PPMA,HHN,2022-08-09 00:00:00.050,2022-08-10 00:00:02.390
PPMA,HHZ,2022-08-09 00:00:01.410,2022-08-10 00:00:03.650
PPMA,HHE,2022-08-10 00:00:02.420,2022-08-11 00:00:03.700
PPMA,HHN,2022-08-10 00:00:02.400,2022-08-11 00:00:02.590
PPMA,HHZ,2022-08-10 00:00:03.660,2022-08-11 00:00:01.550
PPMA,HHE,2022-08-11 00:00:03.710,2022-08-12 00:00:02.680
PPMA,HHN,2022-08-11 00:00:02.600,2022-08-12 00:00:01.740
PPMA,HHZ,2022-08-11 00:00:01.560,2022-08-12 00:00:04.450
PPMA,HHE,2022-08-12 00:00:02.690,2022-08-13 00:00:02.200
PPMA,HHN,2022-08-12 00:00:01.750,2022-08-13 00:00:00.420
PPMA,HHZ,2022-08-12 00:00:04.460,2022-08-13 00:00:01.530
PPMA,HHE,2022-08-13 00:00:02.210,2022-08-14 00:00:03.550
PPMA,HHN,2022-08-13 00:00:00.430,2022-08-14 00:00:02.850
PPMA,HHZ,2022-08-13 00:00:01.540,2022-08-14 00:00:03.850
PPMA,HHE,2022-08-14 00:00:03.560,2022-08-15 00:00:03.340
PPMA,HHN,2022-08-14 00:00:02.860,2022-08-15 00:00:00.750
PPMA,HHZ,2022-08-14 00:00:03.860,2022-08-15 00:00:03.660
PPMA,HHE,2022-08-15 00:00:03.350,2022-08-16 00:00:03.860
PPMA,HHN,2022-08-15 00:00:00.760,2022-08-16 00:00:01.010
PPMA,HHZ,2022-08-15 00:00:03.670,2022-08-16 00:00:00.660
PPMA,HHE,2022-08-16 00:00:03.870,2022-08-17 00:00:03.780
PPMA,HHN,2022-08-16 00:00:01.020,2022-08-17 00:00:00.240
PPMA,HHZ,2022-08-16 00:00:00.670,2022-08-17 00:00:01.830
PPMA,HHE,2022-08-17 00:00:03.790,2022-08-18 00:00:00.830
PPMA,HHN,2022-08-17 00:00:00.250,2022-08-18 00:00:02.370
PPMA,HHZ,2022-08-17 00:00:01.840,2022-08-18 00:00:03.510
PPMA,HHE,2022-08-18 00:00:00.840,2022-08-18 08:19:28.430
PPMA,HHE,2022-08-18 09:40:39.590,2022-08-19 00:00:03.900
PPMA,HHN,2022-08-18 00:00:02.380,2022-08-18 08:19:28.680
PPMA,HHN,2022-08-18 09:40:40.630,2022-08-19 00:00:02.880
PPMA,HHZ,2022-08-18 00:00:03.520,2022-08-18 08:19:29.190
PPMA,HHZ,2022-08-18 09:40:41.900,2022-08-19 00:00:03.890
PPMA,HHE,2022-08-19 00:00:03.910,2022-08-20 00:00:01.880
PPMA,HHN,2022-08-19 00:00:02.890,2022-08-20 00:00:02.850
PPMA,HHZ,2022-08-19 00:00:03.900,2022-08-20 00:00:00.640
PPMA,HHE,2022-08-20 00:00:01.890,2022-08-21 00:00:01.010
PPMA,HHN,2022-08-20 00:00:02.860,2022-08-21 00:00:03.390
PPMA,HHZ,2022-08-20 00:00:00.650,2022-08-21 00:00:03.050
PPMA,HHE,2022-08-21 00:00:01.020,2022-08-22 00:00:00.370
PPMA,HHN,2022-08-21 00:00:03.400,2022-08-22 00:00:01.060
PPMA,HHZ,2022-08-21 00:00:03.060,2022-08-22 00:00:01.630
PPMA,HHE,2022-08-22 00:00:00.380,2022-08-23 00:00:00.720
PPMA,HHN,2022-08-22 00:00:01.070,2022-08-23 00:00:00.470
PPMA,HHZ,2022-08-22 00:00:01.640,2022-08-23 00:00:00.270
PPMA,HHE,2022-08-23 00:00:00.730,2022-08-24 00:00:01.190
PPMA,HHN,2022-08-23 00:00:00.480,2022-08-24 00:00:01.080
PPMA,HHZ,2022-08-23 00:00:00.280,2022-08-24 00:00:03.390
PPMA,HHE,2022-08-24 00:00:01.200,2022-08-25 00:00:02.600
PPMA,HHN,2022-08-24 00:00:01.090,2022-08-25 00:00:01.480
PPMA,HHZ,2022-08-24 00:00:03.400,2022-08-25 00:00:03.890
PPMA,HHE,2022-08-25 00:00:02.610,2022-08-26 00:00:01.460
PPMA,HHN,2022-08-25 00:00:01.490,2022-08-26 00:00:01.030
PPMA,HHZ,2022-08-25 00:00:03.900,2022-08-26 00:00:00.590
PPMA,HHE,2022-08-26 00:00:01.470,2022-08-27 00:00:01.560
PPMA,HHN,2022-08-26 00:00:01.040,2022-08-27 00:00:03.480
PPMA,HHZ,2022-08-26 00:00:00.600,2022-08-27 00:00:02.080
PPMA,HHE,2022-08-27 00:00:01.570,2022-08-28 00:00:04.090
PPMA,HHN,2022-08-27 00:00:03.490,2022-08-28 00:00:00.470
PPMA,HHZ,2022-08-27 00:00:02.090,2022-08-28 00:00:03.690
PPMA,HHE,2022-08-28 00:00:04.100,2022-08-28 06:00:39.530
PPMA,HHE,2022-08-28 08:30:32.000,2022-08-28 09:14:46.590
PPMA,HHE,2022-08-28 09:49:59.000,2022-08-29 00:00:02.680
PPMA,HHN,2022-08-28 00:00:00.480,2022-08-28 06:00:39.560
PPMA,HHN,2022-08-28 08:30:32.000,2022-08-28 09:14:47.950
PPMA,HHN,2022-08-28 09:49:59.000,2022-08-29 00:00:02.580
PPMA,HHZ,2022-08-28 00:00:03.700,2022-08-28 06:00:37.710
PPMA,HHZ,2022-08-28 08:30:32.000,2022-08-28 09:14:45.780
PPMA,HHZ,2022-08-28 09:49:59.000,2022-08-29 00:00:02.760
PPMA,HHE,2022-08-29 00:00:02.690,2022-08-29 01:24:41.330
PPMA,HHE,2022-08-29 09:25:08.000,2022-08-30 00:00:03.370
PPMA,HHN,2022-08-29 00:00:02.590,2022-08-29 01:24:38.510
PPMA,HHN,2022-08-29 09:25:08.000,2022-08-30 00:00:02.040
PPMA,HHZ,2022-08-29 00:00:02.770,2022-08-29 01:24:41.990
PPMA,HHZ,2022-08-29 09:25:08.000,2022-08-30 00:00:00.980
PPMA,HHE,2022-08-30 00:00:03.380,2022-08-30 03:20:26.560
PPMA,HHE,2022-08-30 09:13:33.000,2022-08-31 00:00:00.770
PPMA,HHN,2022-08-30 00:00:02.050,2022-08-30 03:20:28.490
PPMA,HHN,2022-08-30 09:13:33.000,2022-08-31 00:00:01.100
PPMA,HHZ,2022-08-30 00:00:00.990,2022-08-30 03:20:28.410
PPMA,HHZ,2022-08-30 09:13:33.000,2022-08-31 00:00:03.880
PPMA,HHE,2022-09-06 11:22:34.000,2022-09-07 00:00:01.320
PPMA,HHN,2022-09-06 11:22:34.000,2022-09-07 00:00:00.320
PPMA,HHZ,2022-09-06 11:22:34.000,2022-09-07 00:00:02.090
PPMA,HHE,2022-09-07 00:00:01.330,2022-09-08 00:00:01.560
PPMA,HHN,2022-09-07 00:00:00.330,2022-09-08 00:00:02.640
PPMA,HHZ,2022-09-07 00:00:02.100,2022-09-08 00:00:01.500
PPMA,HHE,2022-09-08 00:00:01.570,2022-09-09 00:00:02.100
PPMA,HHN,2022-09-08 00:00:02.650,2022-09-09 00:00:01.390
PPMA,HHZ,2022-09-08 00:00:01.510,2022-09-08 23:59:59.990
PPMA,HHE,2022-09-09 00:00:02.110,2022-09-10 00:00:01.000
PPMA,HHN,2022-09-09 00:00:01.400,2022-09-10 00:00:02.020
PPMA,HHZ,2022-09-09 00:00:00.000,2022-09-10 00:00:03.820
PPMA,HHE,2022-09-10 00:00:01.010,2022-09-11 00:00:03.690
PPMA,HHN,2022-09-10 00:00:02.030,2022-09-11 00:00:01.290
PPMA,HHZ,2022-09-10 00:00:03.830,2022-09-11 00:00:00.350
PPMA,HHE,2022-09-11 00:00:03.700,2022-09-12 00:00:00.050
PPMA,HHN,2022-09-11 00:00:01.300,2022-09-12 00:00:03.700
PPMA,HHZ,2022-09-11 00:00:00.360,2022-09-12 00:00:03.150
PPMA,HHE,2022-09-12 00:00:00.060,2022-09-13 00:00:01.870
PPMA,HHN,2022-09-12 00:00:03.710,2022-09-13 00:00:01.170
PPMA,HHZ,2022-09-12 00:00:03.160,2022-09-13 00:00:03.070
PPMA,HHE,2022-09-13 00:00:01.880,2022-09-14 00:00:00.940
PPMA,HHN,2022-09-13 00:00:01.180,2022-09-14 00:00:02.540
PPMA,HHZ,2022-09-13 00:00:03.080,2022-09-14 00:00:01.890
PPMA,HHE,2022-09-14 00:00:00.950,2022-09-15 00:00:02.130
PPMA,HHN,2022-09-14 00:00:02.550,2022-09-15 00:00:01.110
PPMA,HHZ,2022-09-14 00:00:01.900,2022-09-15 00:00:03.940
PPMA,HHE,2022-09-15 00:00:02.140,2022-09-16 00:00:03.920
PPMA,HHN,2022-09-15 00:00:01.120,2022-09-16 00:00:03.310
PPMA,HHZ,2022-09-15 00:00:03.950,2022-09-16 00:00:02.570
PPMA,HHE,2022-09-16 00:00:03.930,2022-09-17 00:00:03.200
PPMA,HHN,2022-09-16 00:00:03.320,2022-09-17 00:00:00.160
PPMA,HHZ,2022-09-16 00:00:02.580,2022-09-17 00:00:01.140
PPMA,HHE,2022-09-17 00:00:03.210,2022-09-18 00:00:00.150
PPMA,HHN,2022-09-17 00:00:00.170,2022-09-18 00:00:03.620
PPMA,HHZ,2022-09-17 00:00:01.150,2022-09-18 00:00:01.460
PPMA,HHE,2022-09-18 00:00:00.160,2022-09-19 00:00:01.890
PPMA,HHN,2022-09-18 00:00:03.630,2022-09-19 00:00:01.690
PPMA,HHZ,2022-09-18 00:00:01.470,2022-09-19 00:00:02.180
PPMA,HHE,2022-09-19 00:00:01.900,2022-09-20 00:00:00.360
PPMA,HHN,2022-09-19 00:00:01.700,2022-09-20 00:00:02.000
PPMA,HHZ,2022-09-19 00:00:02.190,2022-09-20 00:00:02.690
PPMA,HHE,2022-09-20 00:00:00.370,2022-09-21 00:00:01.910
PPMA,HHN,2022-09-20 00:00:02.010,2022-09-21 00:00:00.290
PPMA,HHZ,2022-09-20 00:00:02.700,2022-09-21 00:00:03.200
PPMA,HHE,2022-09-21 00:00:01.920,2022-09-22 00:00:00.810
PPMA,HHN,2022-09-21 00:00:00.300,2022-09-22 00:00:04.010
PPMA,HHZ,2022-09-21 00:00:03.210,2022-09-22 00:00:01.920
PPMA,HHE,2022-09-22 00:00:00.820,2022-09-23 00:00:00.500
PPMA,HHN,2022-09-22 00:00:04.020,2022-09-23 00:00:01.090
PPMA,HHZ,2022-09-22 00:00:01.930,2022-09-23 00:00:02.660
PPMA,HHE,2022-09-23 00:00:00.510,2022-09-24 00:00:03.630
PPMA,HHN,2022-09-23 00:00:01.100,2022-09-24 00:00:03.830
PPMA,HHZ,2022-09-23 00:00:02.670,2022-09-24 00:00:02.300
PPMA,HHE,2022-09-24 00:00:03.640,2022-09-25 00:00:02.720
PPMA,HHN,2022-09-24 00:00:03.840,2022-09-25 00:00:02.610
PPMA,HHZ,2022-09-24 00:00:02.310,2022-09-25 00:00:03.580
PPMA,HHE,2022-09-25 00:00:02.730,2022-09-26 00:00:03.270
PPMA,HHN,2022-09-25 00:00:02.620,2022-09-26 00:00:00.870
PPMA,HHZ,2022-09-25 00:00:03.590,2022-09-26 00:00:02.240
PPMA,HHE,2022-09-26 00:00:03.280,2022-09-27 00:00:01.520
PPMA,HHN,2022-09-26 00:00:00.880,2022-09-27 00:00:00.530
PPMA,HHZ,2022-09-26 00:00:02.250,2022-09-27 00:00:00.650
PPMA,HHE,2022-09-27 00:00:01.530,2022-09-28 00:00:03.620
PPMA,HHN,2022-09-27 00:00:00.540,2022-09-28 00:00:02.630
PPMA,HHZ,2022-09-27 00:00:00.660,2022-09-28 00:00:00.440
PPMA,HHE,2022-09-28 00:00:03.630,2022-09-29 00:00:00.610
PPMA,HHN,2022-09-28 00:00:02.640,2022-09-29 00:00:00.390
PPMA,HHZ,2022-09-28 00:00:00.450,2022-09-29 00:00:00.310
PPMA,HHE,2022-09-29 00:00:00.620,2022-09-30 00:00:03.830
PPMA,HHN,2022-09-29 00:00:00.400,2022-09-30 00:00:01.810
PPMA,HHZ,2022-09-29 00:00:00.320,2022-09-30 00:00:02.020
PPMA,HHE,2022-09-30 00:00:03.840,2022-10-01 00:00:00.310
PPMA,HHN,2022-09-30 00:00:01.820,2022-10-01 00:00:01.360
PPMA,HHZ,2022-09-30 00:00:02.030,2022-10-01 00:00:02.900
PPMA,HHE,2022-10-01 00:00:00.320,2022-10-02 00:00:02.420
PPMA,HHN,2022-10-01 00:00:01.370,2022-10-02 00:00:02.330
PPMA,HHZ,2022-10-01 00:00:02.910,2022-10-02 00:00:00.230
PPMA,HHE,2022-10-02 00:00:02.430,2022-10-03 00:00:00.110
PPMA,HHN,2022-10-02 00:00:02.340,2022-10-03 00:00:04.240
PPMA,HHZ,2022-10-02 00:00:00.240,2022-10-03 00:00:02.840
PPMA,HHE,2022-10-03 00:00:00.120,2022-10-04 00:00:03.550
PPMA,HHN,2022-10-03 00:00:04.250,2022-10-04 00:00:02.970
PPMA,HHZ,2022-10-03 00:00:02.850,2022-10-04 00:00:03.310
PPMA,HHE,2022-10-04 00:00:03.560,2022-10-05 00:00:02.250
PPMA,HHN,2022-10-04 00:00:02.980,2022-10-05 00:00:03.100
PPMA,HHZ,2022-10-04 00:00:03.320,2022-10-05 00:00:03.590
PPMA,HHE,2022-10-05 00:00:02.260,2022-10-06 00:00:03.280
PPMA,HHN,2022-10-05 00:00:03.110,2022-10-06 00:00:02.020
PPMA,HHZ,2022-10-05 00:00:03.600,2022-10-06 00:00:04.220
PPMA,HHE,2022-10-06 00:00:03.290,2022-10-07 00:00:00.950
PPMA,HHN,2022-10-06 00:00:02.030,2022-10-07 00:00:03.380
PPMA,HHZ,2022-10-06 00:00:04.230,2022-10-07 00:00:03.270
PPMA,HHE,2022-10-07 00:00:00.960,2022-10-08 00:00:01.050
PPMA,HHN,2022-10-07 00:00:03.390,2022-10-08 00:00:00.770
PPMA,HHZ,2022-10-07 00:00:03.280,2022-10-08 00:00:03.660
PPMA,HHE,2022-10-08 00:00:01.060,2022-10-09 00:00:01.860
PPMA,HHN,2022-10-08 00:00:00.780,2022-10-09 00:00:00.450
PPMA,HHZ,2022-10-08 00:00:03.670,2022-10-09 00:00:02.820
PPMA,HHE,2022-10-09 00:00:01.870,2022-10-10 00:00:04.020
PPMA,HHN,2022-10-09 00:00:00.460,2022-10-10 00:00:02.010
PPMA,HHZ,2022-10-09 00:00:02.830,2022-10-10 00:00:00.290
PPMA,HHE,2022-10-10 00:00:04.030,2022-10-11 00:00:01.250
PPMA,HHN,2022-10-10 00:00:02.020,2022-10-11 00:00:00.240
PPMA,HHZ,2022-10-10 00:00:00.300,2022-10-11 00:00:02.230
PPMA,HHE,2022-10-11 00:00:01.260,2022-10-12 00:00:01.500
PPMA,HHN,2022-10-11 00:00:00.250,2022-10-12 00:00:02.210
PPMA,HHZ,2022-10-11 00:00:02.240,2022-10-12 00:00:00.130
PPMA,HHE,2022-10-12 00:00:01.510,2022-10-13 00:00:00.290
PPMA,HHN,2022-10-12 00:00:02.220,2022-10-13 00:00:02.320
PPMA,HHZ,2022-10-12 00:00:00.140,2022-10-13 00:00:00.710
PPMA,HHE,2022-10-13 00:00:00.300,2022-10-14 00:00:03.100
PPMA,HHN,2022-10-13 00:00:02.330,2022-10-14 00:00:00.050
PPMA,HHZ,2022-10-13 00:00:00.720,2022-10-14 00:00:03.010
PPMA,HHE,2022-10-14 00:00:03.110,2022-10-15 00:00:03.510
PPMA,HHN,2022-10-14 00:00:00.060,2022-10-15 00:00:02.290
PPMA,HHZ,2022-10-14 00:00:03.020,2022-10-15 00:00:02.520
PPMA,HHE,2022-10-15 00:00:03.520,2022-10-16 00:00:03.410
PPMA,HHN,2022-10-15 00:00:02.300,2022-10-16 00:00:03.280
PPMA,HHZ,2022-10-15 00:00:02.530,2022-10-16 00:00:04.070
PPMA,HHE,2022-10-16 00:00:03.420,2022-10-17 00:00:02.770
PPMA,HHN,2022-10-16 00:00:03.290,2022-10-17 00:00:01.110
PPMA,HHZ,2022-10-16 00:00:04.080,2022-10-17 00:00:03.570
PPMA,HHE,2022-10-17 00:00:02.780,2022-10-18 00:00:01.060
PPMA,HHN,2022-10-17 00:00:01.120,2022-10-18 00:00:02.370
PPMA,HHZ,2022-10-17 00:00:03.580,2022-10-18 00:00:00.460
PPMA,HHE,2022-10-18 00:00:01.070,2022-10-19 00:00:02.850
PPMA,HHN,2022-10-18 00:00:02.380,2022-10-19 00:00:01.850
PPMA,HHZ,2022-10-18 00:00:00.470,2022-10-19 00:00:04.520
PPMA,HHE,2022-10-19 00:00:02.860,2022-10-20 00:00:01.800
PPMA,HHN,2022-10-19 00:00:01.860,2022-10-20 00:00:02.590
PPMA,HHZ,2022-10-19 00:00:04.530,2022-10-20 00:00:00.940
PPMA,HHE,2022-10-20 00:00:01.810,2022-10-21 00:00:00.310
PPMA,HHN,2022-10-20 00:00:02.600,2022-10-21 00:00:03.740
PPMA,HHZ,2022-10-20 00:00:00.950,2022-10-21 00:00:03.510
PPMA,HHE,2022-10-21 00:00:00.320,2022-10-22 00:00:00.240
PPMA,HHN,2022-10-21 00:00:03.750,2022-10-22 00:00:00.880
PPMA,HHZ,2022-10-21 00:00:03.520,2022-10-22 00:00:01.490
PPMA,HHE,2022-10-22 00:00:00.250,2022-10-23 00:00:03.110
PPMA,HHN,2022-10-22 00:00:00.890,2022-10-23 00:00:03.060
PPMA,HHZ,2022-10-22 00:00:01.500,2022-10-23 00:00:00.120
PPMA,HHE,2022-10-23 00:00:03.120,2022-10-24 00:00:02.030
PPMA,HHN,2022-10-23 00:00:03.070,2022-10-24 00:00:01.580
PPMA,HHZ,2022-10-23 00:00:00.130,2022-10-24 00:00:03.620
PPMA,HHE,2022-10-24 00:00:02.040,2022-10-25 00:00:01.100
PPMA,HHN,2022-10-24 00:00:01.590,2022-10-25 00:00:00.770
PPMA,HHZ,2022-10-24 00:00:03.630,2022-10-25 00:00:00.310
PPMA,HHE,2022-10-25 00:00:01.110,2022-10-26 00:00:01.890
PPMA,HHN,2022-10-25 00:00:00.780,2022-10-26 00:00:01.920
PPMA,HHZ,2022-10-25 00:00:00.320,2022-10-26 00:00:01.230
PPMA,HHE,2022-10-26 00:00:01.900,2022-10-27 00:00:00.950
PPMA,HHN,2022-10-26 00:00:01.930,2022-10-27 00:00:03.780
PPMA,HHZ,2022-10-26 00:00:01.240,2022-10-27 00:00:02.860
PPMA,HHE,2022-10-27 00:00:00.960,2022-10-28 00:00:01.120
PPMA,HHN,2022-10-27 00:00:03.790,2022-10-28 00:00:01.550
PPMA,HHZ,2022-10-27 00:00:02.870,2022-10-28 00:00:03.520
PPMA,HHE,2022-10-28 00:00:01.130,2022-10-29 00:00:00.980
PPMA,HHN,2022-10-28 00:00:01.560,2022-10-29 00:00:00.770
PPMA,HHZ,2022-10-28 00:00:03.530,2022-10-29 00:00:01.490
PPMA,HHE,2022-10-29 00:00:00.990,2022-10-30 00:00:02.460
PPMA,HHN,2022-10-29 00:00:00.780,2022-10-30 00:00:03.490
PPMA,HHZ,2022-10-29 00:00:01.500,2022-10-30 00:00:03.350
PPMA,HHE,2022-10-30 00:00:02.470,2022-10-31 00:00:02.910
PPMA,HHN,2022-10-30 00:00:03.500,2022-10-31 00:00:00.290
PPMA,HHZ,2022-10-30 00:00:03.360,2022-10-31 00:00:01.190
PPMA,HHE,2022-11-01 00:00:02.680,2022-11-02 00:00:03.150
PPMA,HHN,2022-11-01 00:00:01.970,2022-11-02 00:00:00.750
PPMA,HHZ,2022-11-01 00:00:03.760,2022-11-02 00:00:01.240
PPMA,HHE,2022-11-02 00:00:03.160,2022-11-03 00:00:00.060
PPMA,HHN,2022-11-02 00:00:00.760,2022-11-03 00:00:00.080
PPMA,HHZ,2022-11-02 00:00:01.250,2022-11-03 00:00:02.540
PPMA,HHE,2022-11-03 00:00:00.070,2022-11-04 00:00:02.720
PPMA,HHN,2022-11-03 00:00:00.090,2022-11-04 00:00:00.740
PPMA,HHZ,2022-11-03 00:00:02.550,2022-11-04 00:00:00.090
PPMA,HHE,2022-11-04 00:00:02.730,2022-11-05 00:00:03.530
PPMA,HHN,2022-11-04 00:00:00.750,2022-11-05 00:00:02.090
PPMA,HHZ,2022-11-04 00:00:00.100,2022-11-05 00:00:03.770
PPMA,HHE,2022-11-05 00:00:03.540,2022-11-06 00:00:00.820
PPMA,HHN,2022-11-05 00:00:02.100,2022-11-06 00:00:02.190
PPMA,HHZ,2022-11-05 00:00:03.780,2022-11-06 00:00:02.200
PPMA,HHE,2022-11-06 00:00:00.830,2022-11-07 00:00:00.560
PPMA,HHN,2022-11-06 00:00:02.200,2022-11-07 00:00:01.790
PPMA,HHZ,2022-11-06 00:00:02.210,2022-11-07 00:00:03.030
PPMA,HHE,2022-11-07 00:00:00.570,2022-11-08 00:00:00.470
PPMA,HHN,2022-11-07 00:00:01.800,2022-11-08 00:00:00.770
PPMA,HHZ,2022-11-07 00:00:03.040,2022-11-08 00:00:03.290
PPMA,HHE,2022-11-08 00:00:00.480,2022-11-09 00:00:02.750
PPMA,HHN,2022-11-08 00:00:00.780,2022-11-09 00:00:01.850
PPMA,HHZ,2022-11-08 00:00:03.300,2022-11-09 00:00:03.080
PPMA,HHE,2022-11-09 00:00:02.760,2022-11-10 00:00:03.850
PPMA,HHN,2022-11-09 00:00:01.860,2022-11-10 00:00:03.710
PPMA,HHZ,2022-11-09 00:00:03.090,2022-11-10 00:00:01.000
PPMA,HHE,2022-11-10 00:00:03.860,2022-11-11 00:00:00.900
PPMA,HHN,2022-11-10 00:00:03.720,2022-11-11 00:00:00.000
PPMA,HHZ,2022-11-10 00:00:01.010,2022-11-11 00:00:00.390
PPMA,HHE,2022-11-11 00:00:00.910,2022-11-12 00:00:01.170
PPMA,HHN,2022-11-11 00:00:00.010,2022-11-12 00:00:00.450
PPMA,HHZ,2022-11-11 00:00:00.400,2022-11-12 00:00:03.640
PPMA,HHE,2022-11-12 00:00:01.180,2022-11-13 00:00:01.460
PPMA,HHN,2022-11-12 00:00:00.460,2022-11-13 00:00:02.680
PPMA,HHZ,2022-11-12 00:00:03.650,2022-11-13 00:00:00.640
PPMA,HHE,2022-11-13 00:00:01.470,2022-11-14 00:00:02.580
PPMA,HHN,2022-11-13 00:00:02.690,2022-11-14 00:00:02.740
PPMA,HHZ,2022-11-13 00:00:00.650,2022-11-14 00:00:00.050
PPMA,HHE,2022-11-14 00:00:02.590,2022-11-15 00:00:00.090
PPMA,HHN,2022-11-14 00:00:02.750,2022-11-15 00:00:03.330
PPMA,HHZ,2022-11-14 00:00:00.060,2022-11-15 00:00:01.020
PPMA,HHE,2022-11-15 00:00:00.100,2022-11-16 00:00:02.030
PPMA,HHN,2022-11-15 00:00:03.340,2022-11-16 00:00:00.880
PPMA,HHZ,2022-11-15 00:00:01.030,2022-11-16 00:00:02.810
PPMA,HHE,2022-11-16 00:00:02.040,2022-11-17 00:00:02.040
PPMA,HHN,2022-11-16 00:00:00.890,2022-11-17 00:00:03.510
PPMA,HHZ,2022-11-16 00:00:02.820,2022-11-17 00:00:01.630
PPMA,HHE,2022-11-17 00:00:02.050,2022-11-18 00:00:03.240
PPMA,HHN,2022-11-17 00:00:03.520,2022-11-18 00:00:03.710
PPMA,HHZ,2022-11-17 00:00:01.640,2022-11-18 00:00:04.090
PPMA,HHE,2022-11-18 00:00:03.250,2022-11-19 00:00:01.890
PPMA,HHN,2022-11-18 00:00:03.720,2022-11-19 00:00:01.140
PPMA,HHZ,2022-11-18 00:00:04.100,2022-11-19 00:00:00.040
PPMA,HHE,2022-11-19 00:00:01.900,2022-11-20 00:00:01.950
PPMA,HHN,2022-11-19 00:00:01.150,2022-11-20 00:00:00.490
PPMA,HHZ,2022-11-19 00:00:00.050,2022-11-20 00:00:02.020
PPMA,HHE,2022-11-20 00:00:01.960,2022-11-21 00:00:02.330
PPMA,HHN,2022-11-20 00:00:00.500,2022-11-21 00:00:00.180
PPMA,HHZ,2022-11-20 00:00:02.030,2022-11-21 00:00:02.450
PPMA,HHE,2022-11-21 00:00:02.340,2022-11-22 00:00:01.280
PPMA,HHN,2022-11-21 00:00:00.190,2022-11-22 00:00:02.470
PPMA,HHZ,2022-11-21 00:00:02.460,2022-11-22 00:00:02.770
PPMA,HHE,2022-11-22 00:00:01.290,2022-11-23 00:00:00.370
PPMA,HHN,2022-11-22 00:00:02.480,2022-11-23 00:00:00.340
PPMA,HHZ,2022-11-22 00:00:02.780,2022-11-23 00:00:00.750
PPMA,HHE,2022-11-23 00:00:00.380,2022-11-24 00:00:01.680
PPMA,HHN,2022-11-23 00:00:00.350,2022-11-24 00:00:03.830
PPMA,HHZ,2022-11-23 00:00:00.760,2022-11-24 00:00:01.270
PPMA,HHE,2022-11-24 00:00:01.690,2022-11-25 00:00:00.880
PPMA,HHN,2022-11-24 00:00:03.840,2022-11-25 00:00:00.710
PPMA,HHZ,2022-11-24 00:00:01.280,2022-11-25 00:00:00.370
PPMA,HHE,2022-11-25 00:00:00.890,2022-11-26 00:00:00.560
PPMA,HHN,2022-11-25 00:00:00.720,2022-11-26 00:00:01.570
PPMA,HHZ,2022-11-25 00:00:00.380,2022-11-26 00:00:00.860
PPMA,HHE,2022-11-26 00:00:00.570,2022-11-27 00:00:00.770
PPMA,HHN,2022-11-26 00:00:01.580,2022-11-27 00:00:00.220
PPMA,HHZ,2022-11-26 00:00:00.870,2022-11-27 00:00:00.710
PPMA,HHE,2022-11-27 00:00:00.780,2022-11-28 00:00:01.050
PPMA,HHN,2022-11-27 00:00:00.230,2022-11-28 00:00:01.890
PPMA,HHZ,2022-11-27 00:00:00.720,2022-11-28 00:00:00.130
PPMA,HHE,2022-11-28 00:00:01.060,2022-11-29 00:00:00.790
PPMA,HHN,2022-11-28 00:00:01.900,2022-11-29 00:00:02.020
PPMA,HHZ,2022-11-28 00:00:00.140,2022-11-29 00:00:00.730
PPMA,HHE,2022-11-29 00:00:00.800,2022-11-30 00:00:00.100
PPMA,HHN,2022-11-29 00:00:02.030,2022-11-29 23:59:59.990
PPMA,HHZ,2022-11-29 00:00:00.740,2022-11-30 00:00:01.500
PPMA,HHE,2022-11-30 00:00:00.110,2022-12-01 00:00:02.330
PPMA,HHN,2022-11-30 00:00:00.000,2022-12-01 00:00:00.580
PPMA,HHZ,2022-11-30 00:00:01.510,2022-12-01 00:00:01.480
